{"type":"FeatureCollection","features":[{"type":"Feature","id":1,"geometry":{"type":"Polygon","coordinates":[[[-82.338474080742756,28.545305682620047],[-82.338458391821661,28.545349050610582],[-82.338199394940759,28.546269579306852],[-82.338009415209058,28.547203032744072],[-82.337966722839994,28.547537880267111],[-82.338042644271553,28.547736732066081],[-82.338208369232959,28.54799794553362],[-82.338637871157857,28.548316602108898],[-82.338999686562275,28.54822803213462],[-82.338833206729987,28.547792518700117],[-82.338699348743461,28.547269600331646],[-82.338829171043017,28.546774902637928],[-82.338959643773649,28.546483728419805],[-82.338990663498095,28.546018155717139],[-82.338791576174316,28.545611945849487],[-82.338474080742756,28.545305682620047]]]},"properties":{"OBJECTID":1,"GIS_LANDUSE_ALLFLU_AREA":0,"PERIMETER":15411.83007813,"ALLFLU_":122,"ALLFLU_ID":95,"FLU":"con","ACREAGE":160.90000000000001,"LABEL":"Conservation","Id":null,"PARCEL_KEY":null,"OWNER_NAME":null,"MAIL_ADDR1":null,"MAIL_ADDR2":null,"MAIL_ADDR3":null,"MAIL_ADDR4":null,"EXIST_FLU":null,"EXIST_LBL":null,"EXIST_FLU_":null,"EXIST_LBL_":null,"Amend_Date":null,"Change_Type":null,"Feat_Type":null,"ZONING":null,"SITUS_ADDRESS":null,"SPLIT_ZONE1":null,"SPLIT_ZONE2":null,"Shape_Length":2456.5930032257602,"Shape_Area":225953.25801967987}},{"type":"Feature","id":2,"geometry":{"type":"Polygon","coordinates":[[[-82.372387293052896,28.540291343296133],[-82.372554912883587,28.540178163693675],[-82.372698301518113,28.540083740311204],[-82.372889914121231,28.539961352323612],[-82.373186923830048,28.53978205601204],[-82.373387688701968,28.539667080463406],[-82.373721467033647,28.539494332205475],[-82.374098761141084,28.539311955345273],[-82.374408747383853,28.539171123985081],[-82.374773799613664,28.539021492905388],[-82.375306619925269,28.538796561985851],[-82.375503868214395,28.538736272514562],[-82.375877627923884,28.53863072570325],[-82.376494027038717,28.538497347206867],[-82.377042293613812,28.538418472898062],[-82.377558236593728,28.538382357742918],[-82.377770714617185,28.538378443084085],[-82.377313745930763,28.538039682253455],[-82.376445623300725,28.537477228199037],[-82.375537539208196,28.536965907407456],[-82.374593382831975,28.536507907263235],[-82.373617193345453,28.536105187913403],[-82.373373048427396,28.536021125477056],[-82.373399889948615,28.539142810407522],[-82.373403177418481,28.539412678332447],[-82.373334216756462,28.539453435418494],[-82.373268364516576,28.539492464964415],[-82.373202317569493,28.539531495013595],[-82.373136465232037,28.539570524496018],[-82.373070612845851,28.539609553946736],[-82.3730047616218,28.539648927154726],[-82.372938909137886,28.539687956542057],[-82.372873056605215,28.539726985897673],[-82.372764079298022,28.539791574230673],[-82.37267843069921,28.539847503651171],[-82.372614728898327,28.539889277318085],[-82.372551027047038,28.539931050955339],[-82.372487130486007,28.539972825096832],[-82.372411969020376,28.540021849738732],[-82.372363050248154,28.540060488616916],[-82.372303647625159,28.540107063442171],[-82.372244440817937,28.54015398149701],[-82.372185232749899,28.540200555737222],[-82.372087976402355,28.540277144135711],[-82.372011473654567,28.540332360492599],[-82.371254785685224,28.540876935466507],[-82.370819254231549,28.541190288825796],[-82.370754360045211,28.541225532824761],[-82.370686550703866,28.541262159919338],[-82.370618934773859,28.541298442660029],[-82.370551125338466,28.541335069687452],[-82.370483510517829,28.541371696150183],[-82.37041570098819,28.541408323110456],[-82.370348084871026,28.541444605717235],[-82.370280275247367,28.541481232610348],[-82.370212660238707,28.541517858939169],[-82.370144850520759,28.541554485765143],[-82.370077234216467,28.541590768238002],[-82.3700094244045,28.541627394996819],[-82.369941809207816,28.541664021191721],[-82.369873999301575,28.541700647883388],[-82.36980638281014,28.541736930222321],[-82.369738572809865,28.541773556846838],[-82.369670762762453,28.541810183437729],[-82.369603147330636,28.541846809465184],[-82.369535335989184,28.541883092199928],[-82.369467525800559,28.541919718690028],[-82.369399910227756,28.541956344616995],[-82.369332294607943,28.541992970510499],[-82.369264483079064,28.54202925311094],[-82.369196867365346,28.542065878937503],[-82.369129056941304,28.542102505259781],[-82.369061245271894,28.542138787759434],[-82.368993629417176,28.542175413485502],[-82.368925818851949,28.542212039706992],[-82.368869277168443,28.54224244702435],[-82.367678522818522,28.542919165356338],[-82.367213667224974,28.542640920101764],[-82.367183025436205,28.539867286335255],[-82.366571665079675,28.539887502738033],[-82.366415144754129,28.539883799631792],[-82.36585486549221,28.539870870901549],[-82.36484802713791,28.541381453168629],[-82.364880663090361,28.544751217606521],[-82.367284360298811,28.544781866843881],[-82.367224386620435,28.545731582940782],[-82.371713596643659,28.545679849691165],[-82.371685537943549,28.545181818593239],[-82.371549895244186,28.545152748839829],[-82.3714560012194,28.545121104574111],[-82.371393901217203,28.545098443896062],[-82.371323382249571,28.54507270933318],[-82.371220994323807,28.545034352556598],[-82.371152821723499,28.545007984413022],[-82.371107116543513,28.544990305029117],[-82.371032564180481,28.544961469331202],[-82.370951162971039,28.544928745448956],[-82.370899600843529,28.544908018119692],[-82.370863309924246,28.544893429069322],[-82.370747804074398,28.544838443469654],[-82.370636259082161,28.544785343316491],[-82.370452863641603,28.544697463076311],[-82.370401996182991,28.544672249236651],[-82.370298002648028,28.544619891421593],[-82.370206301931333,28.544573465492697],[-82.370071001527947,28.544502084885234],[-82.36988661909615,28.544403338603484],[-82.369798753858277,28.544356280371517],[-82.369679346266921,28.544292331502017],[-82.369634131188008,28.544268115481582],[-82.369410223376747,28.544146875234585],[-82.369168948832311,28.544015898878541],[-82.369074355855673,28.543965531928222],[-82.368990042029907,28.543921136840464],[-82.368622610413212,28.543728249740788],[-82.368264836731612,28.543542836986841],[-82.367948205088751,28.543379989713397],[-82.367805450631081,28.543309346226959],[-82.367565649224929,28.543190680378778],[-82.367710399997037,28.543078846172889],[-82.367753668142754,28.543045416908786],[-82.367876624849757,28.54297875533954],[-82.36798900603965,28.542918507227895],[-82.368081714911511,28.5428694677192],[-82.368157204801449,28.542829535819969],[-82.368331119604733,28.54273903876463],[-82.368431364089787,28.542688659791029],[-82.368612190760558,28.54259797722834],[-82.368762881724024,28.542522624138684],[-82.368987762189775,28.542410253288391],[-82.369197528464184,28.542305508591891],[-82.369295549761006,28.542258237408021],[-82.369356498978789,28.542228845177071],[-82.369491530290389,28.542162497225391],[-82.3696001950522,28.542107480788609],[-82.369713449526287,28.542048565541922],[-82.369806368373574,28.541999007224437],[-82.369931210326072,28.541930645833833],[-82.370045249863708,28.541861638557684],[-82.370135558938742,28.541812700452574],[-82.370281958808562,28.541722640319954],[-82.370431212838184,28.541628086442991],[-82.370601944380397,28.541516431320805],[-82.370800177101202,28.541381933596227],[-82.370908789654436,28.541306211713088],[-82.371204739449837,28.54110195367581],[-82.371665587973908,28.54079125538437],[-82.371845636424453,28.540672254552973],[-82.371921092904188,28.540622775610668],[-82.372028457370448,28.540544204151324],[-82.372387293052896,28.540291343296133]]]},"properties":{"OBJECTID":2,"GIS_LANDUSE_ALLFLU_AREA":0,"PERIMETER":18568.080078129999,"ALLFLU_":130,"ALLFLU_ID":109,"FLU":"com","ACREAGE":188.19999999999999,"LABEL":"Commercial","Id":null,"PARCEL_KEY":null,"OWNER_NAME":null,"MAIL_ADDR1":null,"MAIL_ADDR2":null,"MAIL_ADDR3":null,"MAIL_ADDR4":null,"EXIST_FLU":null,"EXIST_LBL":null,"EXIST_FLU_":null,"EXIST_LBL_":null,"Amend_Date":null,"Change_Type":null,"Feat_Type":null,"ZONING":null,"SITUS_ADDRESS":null,"SPLIT_ZONE1":null,"SPLIT_ZONE2":null,"Shape_Length":16636.449938617854,"Shape_Area":3124997.9190178034}},{"type":"Feature","id":3,"geometry":{"type":"Polygon","coordinates":[[[-82.366415144754129,28.539883799631792],[-82.366571665079675,28.539887502738033],[-82.367183025436205,28.539867286335255],[-82.367213667224974,28.542640920101764],[-82.367678522818522,28.542919165356338],[-82.368869277168443,28.54224244702435],[-82.368925818851949,28.542212039706992],[-82.368993629417176,28.542175413485502],[-82.369061245271894,28.542138787759434],[-82.369129056941304,28.542102505259781],[-82.369196867365346,28.542065878937503],[-82.369264483079064,28.54202925311094],[-82.369332294607943,28.541992970510499],[-82.369399910227756,28.541956344616995],[-82.369467525800559,28.541919718690028],[-82.369535335989184,28.541883092199928],[-82.369603147330636,28.541846809465184],[-82.369670762762453,28.541810183437729],[-82.369738572809865,28.541773556846838],[-82.36980638281014,28.541736930222321],[-82.369873999301575,28.541700647883388],[-82.369941809207816,28.541664021191721],[-82.3700094244045,28.541627394996819],[-82.370077234216467,28.541590768238002],[-82.370144850520759,28.541554485765143],[-82.370212660238707,28.541517858939169],[-82.370280275247367,28.541481232610348],[-82.370348084871026,28.541444605717235],[-82.37041570098819,28.541408323110456],[-82.370483510517829,28.541371696150183],[-82.370551125338466,28.541335069687452],[-82.370618934773859,28.541298442660029],[-82.370686550703866,28.541262159919338],[-82.370754360045211,28.541225532824761],[-82.370819254231549,28.541190288825796],[-82.371254785685224,28.540876935466507],[-82.372011473654567,28.540332360492599],[-82.372087976402355,28.540277144135711],[-82.372185232749899,28.540200555737222],[-82.372244440817937,28.54015398149701],[-82.372303647625159,28.540107063442171],[-82.372363050248154,28.540060488616916],[-82.372411969020376,28.540021849738732],[-82.372487130486007,28.539972825096832],[-82.372551027047038,28.539931050955339],[-82.372614728898327,28.539889277318085],[-82.37267843069921,28.539847503651171],[-82.372764079298022,28.539791574230673],[-82.372873056605215,28.539726985897673],[-82.372938909137886,28.539687956542057],[-82.3730047616218,28.539648927154726],[-82.373070612845851,28.539609553946736],[-82.373136465232037,28.539570524496018],[-82.373202317569493,28.539531495013595],[-82.373268364516576,28.539492464964415],[-82.373334216756462,28.539453435418494],[-82.373403177418481,28.539412678332447],[-82.373399889948615,28.539142810407522],[-82.373373048427396,28.536021125477056],[-82.372613153685364,28.535759475423923],[-82.371585557827714,28.535472248131303],[-82.370538809250959,28.535244733908392],[-82.369477385153331,28.53507791027226],[-82.368405828640221,28.534972486536343],[-82.367328728571323,28.534928918998069],[-82.36706649856616,28.534927699972158],[-82.366879719848001,28.534928138628928],[-82.366692835240357,28.534928578689918],[-82.366692383652008,28.534928579909135],[-82.36650590236917,28.534929022749477],[-82.36613255666596,28.534929893567995],[-82.366131743802129,28.534929894384085],[-82.365758256427597,28.534930779682472],[-82.365571697247603,28.534931217324402],[-82.36557164274555,28.534931217471105],[-82.365528492641801,28.53493131848111],[-82.365529868180374,28.534932821966294],[-82.3657489020312,28.535172887181016],[-82.365753197448214,28.535233039332368],[-82.365783894586528,28.535667166798465],[-82.36572059398496,28.536219812041988],[-82.365558314955663,28.536801946036537],[-82.365528209395478,28.537441481277],[-82.365662287494359,28.537993594979199],[-82.36574542226063,28.538110948162416],[-82.365966857521911,28.538424234206101],[-82.366093029005086,28.538602666249911],[-82.366359497989663,28.53932872496647],[-82.366415144754129,28.539883799631792]]]},"properties":{"OBJECTID":3,"GIS_LANDUSE_ALLFLU_AREA":0,"PERIMETER":24080.73046875,"ALLFLU_":141,"ALLFLU_ID":117,"FLU":"con","ACREAGE":499.5,"LABEL":"Conservation","Id":null,"PARCEL_KEY":null,"OWNER_NAME":null,"MAIL_ADDR1":null,"MAIL_ADDR2":null,"MAIL_ADDR3":null,"MAIL_ADDR4":null,"EXIST_FLU":null,"EXIST_LBL":null,"EXIST_FLU_":null,"EXIST_LBL_":null,"Amend_Date":null,"Change_Type":null,"Feat_Type":null,"ZONING":null,"SITUS_ADDRESS":null,"SPLIT_ZONE1":null,"SPLIT_ZONE2":null,"Shape_Length":9372.5700627529095,"Shape_Area":5166998.1918962123}},{"type":"Feature","id":4,"geometry":{"type":"Polygon","coordinates":[[[-82.373470903555443,28.548955815941198],[-82.372197932981095,28.548963436974393],[-82.371096079758971,28.54896989090615],[-82.37110824204035,28.551606053219114],[-82.371476972974961,28.551495719053595],[-82.374261784987667,28.550636155080714],[-82.374257236503794,28.549349698883336],[-82.373475999694151,28.549351850089622],[-82.373470903555443,28.548955815941198]]]},"properties":{"OBJECTID":4,"GIS_LANDUSE_ALLFLU_AREA":0,"PERIMETER":3655.5849609400002,"ALLFLU_":306,"ALLFLU_ID":91,"FLU":"ind","ACREAGE":17.5,"LABEL":"Industrial","Id":null,"PARCEL_KEY":null,"OWNER_NAME":null,"MAIL_ADDR1":null,"MAIL_ADDR2":null,"MAIL_ADDR3":null,"MAIL_ADDR4":null,"EXIST_FLU":null,"EXIST_LBL":null,"EXIST_FLU_":null,"EXIST_LBL_":null,"Amend_Date":null,"Change_Type":null,"Feat_Type":null,"ZONING":null,"SITUS_ADDRESS":null,"SPLIT_ZONE1":null,"SPLIT_ZONE2":null,"Shape_Length":3655.5845999501607,"Shape_Area":760873.453125}},{"type":"Feature","id":5,"geometry":{"type":"Polygon","coordinates":[[[-82.354537237649581,28.534797000263335],[-82.353459203201538,28.534815372870813],[-82.352384840820804,28.53489570914342],[-82.351318750619257,28.535037661736858],[-82.350265497660203,28.535240625006079],[-82.349229587063249,28.535503729563647],[-82.348215456277643,28.535825849167871],[-82.347227442428391,28.536205604922824],[-82.346269779255408,28.536641372150608],[-82.345346566009738,28.537131284583598],[-82.344461751940443,28.537673245390526],[-82.34361912854925,28.538264934056588],[-82.342822303171701,28.538903818810496],[-82.342074686545288,28.539587162139203],[-82.341379480421836,28.540312041429363],[-82.340739663563426,28.541075353110497],[-82.340157974653977,28.541873827807546],[-82.339636906115302,28.542704048216734],[-82.339178690109662,28.54356246012625],[-82.3387852892225,28.544445387551491],[-82.338474080742756,28.545305682620047],[-82.338791576174316,28.545611945849487],[-82.338990663498095,28.546018155717139],[-82.338959643773649,28.546483728419805],[-82.338829171043017,28.546774902637928],[-82.338699348743461,28.547269600331646],[-82.338833206729987,28.547792518700117],[-82.338999686562275,28.54822803213462],[-82.338637871157857,28.548316602108898],[-82.338208369232959,28.54799794553362],[-82.338042644271553,28.547736732066081],[-82.337966722839994,28.547537880267111],[-82.337889260835553,28.548145415690207],[-82.337839454971174,28.549092690889783],[-82.33783872591097,28.549427884921794],[-82.337885585203693,28.553696700613767],[-82.337907068409152,28.55430961779793],[-82.337998299998986,28.555254505839663],[-82.338159616120592,28.556192124622836],[-82.338390334453237,28.557118457348196],[-82.338689461229166,28.558029538774946],[-82.339055722378333,28.558921464776898],[-82.339446674799291,28.559708166056225],[-82.339494711733423,28.558958958929455],[-82.339854972955791,28.556678028502706],[-82.339751547448344,28.555512144416888],[-82.33986178026241,28.554917795588249],[-82.34042754240734,28.554492826055462],[-82.343796322383625,28.553981025010202],[-82.344658649712372,28.553819318970309],[-82.34516974623169,28.553892279583778],[-82.345893515284629,28.55422597860138],[-82.34683760566665,28.554300579360348],[-82.347861674340336,28.554066930928581],[-82.348586928272098,28.553902800791178],[-82.349260251165106,28.554049588431393],[-82.349881917831397,28.55364643856149],[-82.350449687659463,28.552960140305462],[-82.351100759205693,28.552034344933389],[-82.351427789352329,28.551084632490209],[-82.351752091859538,28.550253190750102],[-82.351865138313613,28.549590066423836],[-82.351785759238496,28.549136466344432],[-82.351789621646631,28.548424118731916],[-82.351709695575622,28.547805499623163],[-82.351711394059066,28.547379192719447],[-82.351959502956845,28.546118894538758],[-82.352205845506703,28.545265650562115],[-82.352370799571318,28.54429160232479],[-82.352725350616922,28.543198796782256],[-82.352999824222195,28.542320724941764],[-82.353046898787753,28.541843286428158],[-82.352030378610195,28.541830923644621],[-82.352011091991812,28.541830687604875],[-82.352129404817603,28.540365873634155],[-82.352004285904144,28.540366042611083],[-82.350138713865775,28.540368359877998],[-82.350130452851701,28.538612099244446],[-82.350130425036355,28.538603686018096],[-82.350130412951827,28.538600030843931],[-82.35013040237672,28.538596832222705],[-82.350130393283763,28.538594081903518],[-82.350130373511163,28.538588101334465],[-82.350130356557372,28.538582973364331],[-82.350130337066645,28.538577078055177],[-82.350130323463617,28.538572963577643],[-82.350130320985798,28.538572214115682],[-82.350130316900689,28.538571449530956],[-82.350130283962983,28.538565726152854],[-82.350130238992406,28.538559660388106],[-82.350130236812475,28.538558530002902],[-82.35013023385963,28.538557165840569],[-82.350130230804623,28.538555299740963],[-82.350130224962399,28.538553532660892],[-82.350130214180183,28.538551684458429],[-82.35013020795607,28.538549801864932],[-82.350130202116034,28.538548506468594],[-82.352247741197488,28.538901565267601],[-82.353256148758362,28.539066848842634],[-82.353349365438291,28.539082126516185],[-82.353364964480107,28.538804839082392],[-82.353341254157286,28.538232829609598],[-82.353395727516997,28.537756878647262],[-82.353400139359735,28.537212299343246],[-82.353563140652454,28.536593047974414],[-82.353832839509948,28.53621554862066],[-82.354105402619496,28.535763781990671],[-82.35450925685717,28.53545744035689],[-82.354943847353681,28.535030002097471],[-82.355401194870467,28.534888538601518],[-82.355527431402564,28.534827538393433],[-82.355005590963529,28.534808354201548],[-82.354537237649581,28.534797000263335]]]},"properties":{"OBJECTID":5,"GIS_LANDUSE_ALLFLU_AREA":0,"PERIMETER":690563.875,"ALLFLU_":345,"ALLFLU_ID":332,"FLU":"rur","ACREAGE":55712.699999999997,"LABEL":"Rural","Id":null,"PARCEL_KEY":null,"OWNER_NAME":null,"MAIL_ADDR1":null,"MAIL_ADDR2":null,"MAIL_ADDR3":null,"MAIL_ADDR4":null,"EXIST_FLU":null,"EXIST_LBL":null,"EXIST_FLU_":null,"EXIST_LBL_":null,"Amend_Date":null,"Change_Type":null,"Feat_Type":null,"ZONING":null,"SITUS_ADDRESS":null,"SPLIT_ZONE1":null,"SPLIT_ZONE2":null,"Shape_Length":28059.518033665165,"Shape_Area":26719534.4169816}},{"type":"Feature","id":6,"geometry":{"type":"Polygon","coordinates":[[[-82.377086869679331,28.545395464012806],[-82.377087043636195,28.54540407758012],[-82.377555795958472,28.545399680888757],[-82.377556243447643,28.545525163691433],[-82.377999302383486,28.545515422869496],[-82.378307480203929,28.545508647271671],[-82.378658458763169,28.545508286421516],[-82.379615388118367,28.545500514018897],[-82.37961874547473,28.545459593400953],[-82.379656498844369,28.545459487848142],[-82.379885235172182,28.545458848110869],[-82.381516741612728,28.545446366672504],[-82.381513092586488,28.545027982262329],[-82.381662208566169,28.545027563218746],[-82.381673644947512,28.545445925732146],[-82.381942186933927,28.545438638592099],[-82.38212063311336,28.545438136537374],[-82.382428859737345,28.545437268795645],[-82.382945813674709,28.545435811858983],[-82.382783526355524,28.544942129228545],[-82.382416952527947,28.544050318158586],[-82.381984844906555,28.543181497459045],[-82.381489052747952,28.542339389389337],[-82.380931701863403,28.541527598482499],[-82.380315180540691,28.540749600598168],[-82.379642128559993,28.540008725091784],[-82.378915426244845,28.539308145235868],[-82.378138191269983,28.538650858993897],[-82.377770714617185,28.538378443084085],[-82.377428959341074,28.538384738582931],[-82.376963682714106,28.538427629721784],[-82.376572036615528,28.538483723022207],[-82.376107323415837,28.538575428174386],[-82.375899829504093,28.538629733263825],[-82.375578926551952,28.53871371983454],[-82.375317401800388,28.538814387385827],[-82.374975922964254,28.538945828729883],[-82.37432695058898,28.53920702410921],[-82.374045214419667,28.539337621853143],[-82.373643463563369,28.539532956691929],[-82.373259127624465,28.539740141820932],[-82.37295752919124,28.539919541653287],[-82.372554912883587,28.540178163693675],[-82.371921092904188,28.540622775610668],[-82.371665587973908,28.54079125538437],[-82.371287172955391,28.541045724560639],[-82.370908789654436,28.541306211713088],[-82.370431212838184,28.541628086442991],[-82.369931210326072,28.541930645833833],[-82.369491530290389,28.542162497225391],[-82.368762881724024,28.542522624138684],[-82.368535566518219,28.542636292509194],[-82.368157204801449,28.542829535819969],[-82.367524421781653,28.543170025540849],[-82.367805450631081,28.543309346226959],[-82.367970674098117,28.543391108951671],[-82.368264836731612,28.543542836986841],[-82.368622610413212,28.543728249740788],[-82.368990042029907,28.543921136840464],[-82.369298527355852,28.544086241205093],[-82.369679346266921,28.544292331502017],[-82.370071001527947,28.544502084885234],[-82.370374484458637,28.5446586124757],[-82.370741860552727,28.544830702372703],[-82.370951162971039,28.544928745448956],[-82.372161456939551,28.545329907807069],[-82.373889633629204,28.545551605033577],[-82.373894538099393,28.545212131315708],[-82.377082791449681,28.545194032520737],[-82.377086283833862,28.54536652798593],[-82.377085105303166,28.545189112620807],[-82.37643177470899,28.545195210394464],[-82.376428728159283,28.544837686207018],[-82.376117272575556,28.544840584509267],[-82.376112298122379,28.54425744456843],[-82.375489389683665,28.544263062955846],[-82.375485636409209,28.543823030542963],[-82.375480185994746,28.543183707909741],[-82.37752192576184,28.543181193347507],[-82.377523861247695,28.5433186992746],[-82.37752579051147,28.543456205216135],[-82.377527726011721,28.543593711137518],[-82.377529661538759,28.543731222556641],[-82.37753159703378,28.543868722971691],[-82.377533532555589,28.544006228884509],[-82.377535468064963,28.54414372929384],[-82.377537403601181,28.544281235200927],[-82.377539339144576,28.544418741105176],[-82.377541274695162,28.544556247006547],[-82.37754321027252,28.54469375840571],[-82.377545145817876,28.544831258800766],[-82.377547075160606,28.544968764710919],[-82.377552923537138,28.545384218239459],[-82.377086869679331,28.545395464012806]]]},"properties":{"OBJECTID":6,"GIS_LANDUSE_ALLFLU_AREA":0,"PERIMETER":11250.110351560001,"ALLFLU_":326,"ALLFLU_ID":274,"FLU":"pdev","ACREAGE":148.19999999999999,"LABEL":"Planned Development","Id":null,"PARCEL_KEY":null,"OWNER_NAME":null,"MAIL_ADDR1":null,"MAIL_ADDR2":null,"MAIL_ADDR3":null,"MAIL_ADDR4":null,"EXIST_FLU":null,"EXIST_LBL":null,"EXIST_FLU_":null,"EXIST_LBL_":null,"Amend_Date":null,"Change_Type":null,"Feat_Type":null,"ZONING":null,"SITUS_ADDRESS":null,"SPLIT_ZONE1":null,"SPLIT_ZONE2":null,"Shape_Length":15500.657146536229,"Shape_Area":7585878.5746982517}},{"type":"Feature","id":7,"geometry":{"type":"Polygon","coordinates":[[[-82.353087244309037,28.541842839114171],[-82.353040371783123,28.542318230861945],[-82.352765898521255,28.543196302781698],[-82.352411347903441,28.544289108426735],[-82.352246394216053,28.545263156710366],[-82.352000051999411,28.546116400757953],[-82.351751943590685,28.547376699008893],[-82.35175024527048,28.547803005911838],[-82.351830171576111,28.548421624994894],[-82.351826309440781,28.549133972606395],[-82.351905688687424,28.549587572660755],[-82.351792642490238,28.550250697018768],[-82.351468340310063,28.551082138853189],[-82.351141310535851,28.552031851391106],[-82.350490239361591,28.552957646954777],[-82.349922469811588,28.553643945378219],[-82.34930080331641,28.554047095432473],[-82.348627480385304,28.5539003079937],[-82.347902226535894,28.554064438347108],[-82.346878157979191,28.554298087083872],[-82.345934067593959,28.554223486606936],[-82.345210298432676,28.553889787806359],[-82.344699201899161,28.553816827345663],[-82.343836874655466,28.553978533642514],[-82.340468094965502,28.554490335691881],[-82.339902332998449,28.554915305392345],[-82.339792100414911,28.555509654252155],[-82.339895526366092,28.55667553830374],[-82.339535266026957,28.558956468831461],[-82.339482452945589,28.559780161507852],[-82.339487549560033,28.559790418515178],[-82.339983095725103,28.560632675911478],[-82.340540238287403,28.561444631781441],[-82.340542174588933,28.56144711185123],[-82.340535216016335,28.561191361908829],[-82.341118375302145,28.561080228042968],[-82.343522941051361,28.560605575676174],[-82.345784446572694,28.560150841446724],[-82.346770322576134,28.559948927220919],[-82.347583046134787,28.559787329186239],[-82.348606707701151,28.559591836938917],[-82.350267698491024,28.559246863482553],[-82.350174509140714,28.55650295733432],[-82.356289146864668,28.556431008825616],[-82.356266806393847,28.554537118148634],[-82.355984752259872,28.55437804293442],[-82.355505528958659,28.554304345183208],[-82.35522871568098,28.554231481801178],[-82.35496761416006,28.554111979210969],[-82.354736949595321,28.553950583232218],[-82.354561002341072,28.553772067513862],[-82.354364809343465,28.553534323666167],[-82.354317373116714,28.549286997885165],[-82.358456260649859,28.54943909692517],[-82.360490005093112,28.549434405503977],[-82.363497483439673,28.549427415749481],[-82.367110574359188,28.549418937777851],[-82.367110677148531,28.549418937499922],[-82.367172101622558,28.549418787906429],[-82.367203565705026,28.552862424459448],[-82.367212690806483,28.553853092035105],[-82.36627120110478,28.554141994614017],[-82.366271529507699,28.554142828454268],[-82.366394120214252,28.554453702030187],[-82.366393672128893,28.554453839381029],[-82.366394283630811,28.554454116889517],[-82.367086600783253,28.554241520229194],[-82.367218347037166,28.554467437988432],[-82.367232859416291,28.55604320894922],[-82.365708377385701,28.555880464366663],[-82.365709660670262,28.55603502275159],[-82.365713557346325,28.556322493557932],[-82.366275432987933,28.55631023317294],[-82.366309769798491,28.559930265128646],[-82.367396368828892,28.559927328512586],[-82.367430600870136,28.56356145373017],[-82.371507003893527,28.563525260732369],[-82.371486229702384,28.561656812553341],[-82.375591071654796,28.561645516292685],[-82.374305678393569,28.551579072573389],[-82.374302335155676,28.55063365462998],[-82.371517523547737,28.551493219431258],[-82.371148792665366,28.551603553706475],[-82.371136629375172,28.548967391405544],[-82.372238482564896,28.548960937144976],[-82.373470903555443,28.548955815941198],[-82.373439261212482,28.54682998065293],[-82.372582976210566,28.546831983689774],[-82.372560389000185,28.545671938892959],[-82.372649971695751,28.545663825735314],[-82.372732379050618,28.545663087988903],[-82.372738524446504,28.545663973229825],[-82.372744676091258,28.545664863953967],[-82.372750821448591,28.545665738193087],[-82.372756973035465,28.545666612414831],[-82.372763124622438,28.545667486636262],[-82.372769276190169,28.545668355356828],[-82.372775427738588,28.545669218576482],[-82.372781579287107,28.545670081795873],[-82.37278773081637,28.545670939514316],[-82.37279388855579,28.545671791714803],[-82.372800040065869,28.545672643932104],[-82.372806197786105,28.545673490631422],[-82.372812349257643,28.545674331846918],[-82.372818513188122,28.545675173027931],[-82.37282466464049,28.545676008742266],[-82.372830822303001,28.545676838938569],[-82.372836979965612,28.545677669134609],[-82.372843143838367,28.545678493812645],[-82.372849301443026,28.545679307506273],[-82.372855459086537,28.545680132200857],[-82.372861622920823,28.545680945876825],[-82.372867780506397,28.545681754068983],[-82.372873944321512,28.545682562243762],[-82.372880108117315,28.545683364917636],[-82.372886271893847,28.545684162090634],[-82.372892435651096,28.545684953762692],[-82.37289859940843,28.54568574543449],[-82.372904769395277,28.545686537088891],[-82.372910933114056,28.54568731775889],[-82.372917096832893,28.545688098428617],[-82.372923266761902,28.545688873580328],[-82.372929436690995,28.545689648731777],[-82.372935600371363,28.545690418399396],[-82.37294177026186,28.545691182549039],[-82.372947940133088,28.545691941197745],[-82.372954110004386,28.5456926998462],[-82.3729602798564,28.545693452993756],[-82.372966449727869,28.545694211641628],[-82.372972625770714,28.545694953770266],[-82.372978795564833,28.545695690415119],[-82.372984971607877,28.545696432543195],[-82.372991141402167,28.545697169187477],[-82.372997317406586,28.545697900313737],[-82.37300349341109,28.545698631439727],[-82.373009669396325,28.545699357064844],[-82.373015845381616,28.545700082689624],[-82.373022021308842,28.545700791812298],[-82.37302819725555,28.5457015064353],[-82.373034373182932,28.545702215557423],[-82.37304054909103,28.54570291917863],[-82.373046731228627,28.545703622782455],[-82.373052900888069,28.54570432091958],[-82.373059089235866,28.545705019005087],[-82.373065271315554,28.545705706106219],[-82.373071447165898,28.54570639322414],[-82.373077629245756,28.545707080324679],[-82.373083811286904,28.54570775642372],[-82.373089993328136,28.545708432522446],[-82.373096175369454,28.545709108620919],[-82.373102363582092,28.54570976820013],[-82.373108545604168,28.545710438797411],[-82.373114727606932,28.545711103893762],[-82.373120915800428,28.545711757971507],[-82.373127097764581,28.545712412066095],[-82.373133285958218,28.545713066143254],[-82.373139467883718,28.545713709236033],[-82.373145656038744,28.545714352311411],[-82.373151844174444,28.54571498988587],[-82.373158032290817,28.545715621959438],[-82.373164220426673,28.545716259533332],[-82.373170408523791,28.545716886105716],[-82.373176596621008,28.545717512677822],[-82.37318279092834,28.545718133731913],[-82.373188978986903,28.545718749302196],[-82.37319516702614,28.545719359371606],[-82.373201361294903,28.545719969423594],[-82.373207549314898,28.545720573991822],[-82.373213743564392,28.545721178542614],[-82.373219937794573,28.545721777592515],[-82.373226132005428,28.545722371141526],[-82.373232319967499,28.545722959206742],[-82.373238514159098,28.545723547254571],[-82.373244708331356,28.545724129801489],[-82.373250908733112,28.545724712331005],[-82.3732571028861,28.545725289376733],[-82.373263297019776,28.545725860921571],[-82.37326949113411,28.545726426965498],[-82.373275691477957,28.545726992992016],[-82.373281885573022,28.545727553534753],[-82.373288085878201,28.545728108559484],[-82.373294279953996,28.545728663601043],[-82.373300480239905,28.545729213124563],[-82.37330668050646,28.545729757147175],[-82.373312880773085,28.545730301169531],[-82.373319074790956,28.545730839708099],[-82.3733252750189,28.545731372728657],[-82.373331469017472,28.545731905766022],[-82.37333767543619,28.545732427767639],[-82.373343881874376,28.545732955269582],[-82.373350082063766,28.545733477287751],[-82.373356282233829,28.545733993805019],[-82.373362488613964,28.545734504804248],[-82.37336868874533,28.54573501031971],[-82.373374888876768,28.545735515834888],[-82.37338109523769,28.545736021332665],[-82.373387301559859,28.545736515828903],[-82.373393501652657,28.545737010342016],[-82.373399707955542,28.545737499337037],[-82.37340591425847,28.545737988331808],[-82.373412120542056,28.545738471825683],[-82.373418326806316,28.545738949818666],[-82.3734288138766,28.545739751579564],[-82.373435020102178,28.545740218570526],[-82.373528161872017,28.54574681071745],[-82.373627593675437,28.545752901433733],[-82.373727096883471,28.545758040264396],[-82.373814204603221,28.54576175546924],[-82.373886818345198,28.545764289379242],[-82.373889633629204,28.545551605033577],[-82.373322485862488,28.545503062634069],[-82.372973042373673,28.545463971156302],[-82.372756798809817,28.545430906341917],[-82.372491453767367,28.545386526237564],[-82.372387876805377,28.545367639113717],[-82.372299825812092,28.545350230278224],[-82.372152847614629,28.545315675035081],[-82.372063806714792,28.545294419663275],[-82.371963885032528,28.545266216436001],[-82.371853534162881,28.545227498281161],[-82.371778208453165,28.545206939500858],[-82.371685537943549,28.545181818593239],[-82.371690566977207,28.545271068369647],[-82.371713596643659,28.545679849691165],[-82.367264935102241,28.545729084605846],[-82.367324908415526,28.544779368494048],[-82.364921211260508,28.544748719974049],[-82.364906836257362,28.543264612953973],[-82.363891171225447,28.543267338481769],[-82.364417556406295,28.542497663811293],[-82.363884095428716,28.542212602552254],[-82.364229291563817,28.541709124178524],[-82.364240180013027,28.541714469136164],[-82.364245621151824,28.541717149873971],[-82.364251062290904,28.54171983061153],[-82.364256497201026,28.541722511365588],[-82.364261938340647,28.541725192102703],[-82.364267373270252,28.541727878356937],[-82.364272808200127,28.541730564610972],[-82.364278243130286,28.54173325086477],[-82.36428367807963,28.541735942618953],[-82.364289113029258,28.541738634372937],[-82.364294541749942,28.541741326143427],[-82.364299964260638,28.541744023431018],[-82.364305405440291,28.541746715167623],[-82.364310834199657,28.541749417938671],[-82.364316256711177,28.541752115225613],[-82.364321679241868,28.541754818012926],[-82.364327108002058,28.541757520783346],[-82.364332536762532,28.541760223553538],[-82.364337959312991,28.541762931840836],[-82.364343375634519,28.541765640144611],[-82.364348798185517,28.541768348431482],[-82.364354220755743,28.541771062218746],[-82.364359637097039,28.54177377602252],[-82.36436505343859,28.541776489826049],[-82.36437046979934,28.541779209130016],[-82.364375886141445,28.541781922933101],[-82.364381302521707,28.541784647737245],[-82.364386712654081,28.541787367057253],[-82.364392129034883,28.54179009186095],[-82.36439753918674,28.541792816681138],[-82.364402949338867,28.54179554150112],[-82.364408359510222,28.541798271821499],[-82.364413763452632,28.541801002158383],[-82.364419173624526,28.541803732478328],[-82.364424577586448,28.541806468315404],[-82.364429981529696,28.54180919865162],[-82.364435385511072,28.541811939988882],[-82.364440789492733,28.541814681325917],[-82.36444618722652,28.541817417178823],[-82.364451591208734,28.541820158515442],[-82.364456988980962,28.541822905369177],[-82.364462386734516,28.54182564672206],[-82.364467784507298,28.541828393575354],[-82.364473176070078,28.541831145945757],[-82.364478573843414,28.541833892798628],[-82.364483959177534,28.541836645185338],[-82.364489356970338,28.541839397538368],[-82.364494748553156,28.541842155408567],[-82.364500140136272,28.541844913278517],[-82.364505531719644,28.541847671148268],[-82.364510917074085,28.54185042903449],[-82.36451630244774,28.541853192421161],[-82.364521694050907,28.541855955790876],[-82.364527073214859,28.541858724694453],[-82.364532458589352,28.541861488080457],[-82.364537850212287,28.541864256950145],[-82.364543223128919,28.541867020369146],[-82.364548602331851,28.541869800273112],[-82.364553981516124,28.541872574676237],[-82.364559360700682,28.541875349079117],[-82.364562430966416,28.541876936033255],[-82.364564746133667,28.541878128965685],[-82.364570112860392,28.541880903401598],[-82.364575492083659,28.5418836888051],[-82.364580865040111,28.541886463223847],[-82.364586238072619,28.541889259644901],[-82.364591604819367,28.54189203958056],[-82.364596977814543,28.541894824999925],[-82.364602344599732,28.541897615936396],[-82.364607723843633,28.54190040683924],[-82.364613078189905,28.54190320330936],[-82.364618438708831,28.541905983260694],[-82.364623811762272,28.541908785180837],[-82.364629178567796,28.541911581616883],[-82.364634539163347,28.541914383570067],[-82.364639899740226,28.541917180022399],[-82.364645260336331,28.541919981975141],[-82.364650620951664,28.541922789428305],[-82.364655975300195,28.54192558589672],[-82.36466133593504,28.541928398850061],[-82.364666696570154,28.541931211803227],[-82.364672044728167,28.541934019288977],[-82.364677399134649,28.541936832258411],[-82.364682753541402,28.541939645227639],[-82.364688101738182,28.54194246371398],[-82.364693456145488,28.541945276682782],[-82.364698804361794,28.541948100669348],[-82.364704152559383,28.54195091915506],[-82.3647094883178,28.541953743174652],[-82.36471484276413,28.54195656714386],[-82.364720184752329,28.541959391146275],[-82.364725532970027,28.541962215131768],[-82.364730874977738,28.541965044634413],[-82.364736216985705,28.541967874136816],[-82.364741552783727,28.541970709156384],[-82.364746894811233,28.541973544158996],[-82.364752230609781,28.541976379178127],[-82.364757566408642,28.541979214197056],[-82.364762902226715,28.541982054716399],[-82.364768238045087,28.541984895235512],[-82.364895108057539,28.542053542510359],[-82.364888574019417,28.541378955556436],[-82.365895411768449,28.539868372993677],[-82.366455691020107,28.53988130155674],[-82.366400044044795,28.539326226909751],[-82.366133574789657,28.538600168274971],[-82.366007403241611,28.538421736269349],[-82.365785967866486,28.538108450292714],[-82.365702833057568,28.537991097134686],[-82.365568754751109,28.537438983474214],[-82.36559886006583,28.536799448226787],[-82.36576113886801,28.536217314185638],[-82.365824439256457,28.535664668924987],[-82.365793741952899,28.535230541469389],[-82.365789446513006,28.535170389319514],[-82.365571228529973,28.534931218586014],[-82.365197966889042,28.534932092109859],[-82.365197470141752,28.534932093445555],[-82.365010800396263,28.534932533364643],[-82.365010605746065,28.534932533887766],[-82.364635578225389,28.534933414737296],[-82.364635506594112,28.534933414929608],[-82.364310228591435,28.534934177809724],[-82.364310128930526,28.534934178077052],[-82.364216910056697,28.534934396460216],[-82.364216794823776,28.534934396769241],[-82.363905475560017,28.534935121246871],[-82.36390463155665,28.534935123508255],[-82.363811629138397,28.534935343783641],[-82.363453898962163,28.534936176410561],[-82.363453585964578,28.534936177248149],[-82.363406869856647,28.534936287126794],[-82.363406567754751,28.534936286559955],[-82.363251143269125,28.53493665420633],[-82.363024292933162,28.534937180976399],[-82.363024159013776,28.534937181334346],[-82.362919552292198,28.534937425139248],[-82.362919404358024,28.534937425534544],[-82.362639258725835,28.534938080309367],[-82.362359095935432,28.534938729051444],[-82.362172215889288,28.534939162879876],[-82.362171638167311,28.534939164420418],[-82.362032653054015,28.534939490959871],[-82.361183643598721,28.53494146123478],[-82.360731753843936,28.534942508180407],[-82.360731621481719,28.534942508531959],[-82.3604467543136,28.534943165823943],[-82.360446614165369,28.53494316619588],[-82.358778731407767,28.534947015756551],[-82.358201774746775,28.534925818041863],[-82.358201698434527,28.534925815492777],[-82.355560311387052,28.534828746357334],[-82.355441739523144,28.534886043827765],[-82.354984392072794,28.535027507459702],[-82.354549801751517,28.535454945847459],[-82.354145947641882,28.535761287600806],[-82.353873384712529,28.536213054310739],[-82.353603686006707,28.536590553743814],[-82.353440684955274,28.537209805159414],[-82.353436273321009,28.537754384463103],[-82.353381800144874,28.53823033544024],[-82.353405510685903,28.538802344904234],[-82.353389226713659,28.539091815388716],[-82.353441796842375,28.539097274152859],[-82.354356246256387,28.539247150087036],[-82.354356204593486,28.539258899655373],[-82.354522432742058,28.539286150753984],[-82.355747372385693,28.539486764296377],[-82.356569232181698,28.539619555768802],[-82.356882652407407,28.539670195494075],[-82.357039618942466,28.53969555635318],[-82.35777556610374,28.539814459846752],[-82.357853307898537,28.539827020720214],[-82.357861349454666,28.539828319693441],[-82.357931049706622,28.539839580173837],[-82.358291327623405,28.539897787207405],[-82.358288478266999,28.540105054901598],[-82.358005946883011,28.540225410953482],[-82.357936144839258,28.540255986214387],[-82.357866344307496,28.540286560060416],[-82.357869718303419,28.54029235438804],[-82.357873005226708,28.540298188824966],[-82.357876205068052,28.54030406062093],[-82.357879314712918,28.540309969784037],[-82.357882334156599,28.540315914939267],[-82.357885264951733,28.540321894707262],[-82.357888105541036,28.540327909092181],[-82.35789085435789,28.540333955347801],[-82.357893511406971,28.540340034849294],[-82.35789607823159,28.540346143467097],[-82.357898551721775,28.540352282584568],[-82.357900931872948,28.540358450826542],[-82.357903218675716,28.540364645442725],[-82.357905413687405,28.540370866429015],[-82.357907512236096,28.540377113797728],[-82.3579095189844,28.540383384786242],[-82.357911429255736,28.540389678031712],[-82.357913244607388,28.540395993530034],[-82.357914965034738,28.540402329906055],[-82.357916588980459,28.540408687163911],[-82.357918117987836,28.540415061173988],[-82.357919550504278,28.54042145331556],[-82.357920886525079,28.540427862213473],[-82.357922126040933,28.540434285117438],[-82.357923267494556,28.540440722031544],[-82.357924312443217,28.540447172951684],[-82.357925259320268,28.540453635131641],[-82.357926109678402,28.540460107192196],[-82.357926861960252,28.540466589137392],[-82.357927516161197,28.540473079592125],[-82.357928073833833,28.540479577177106],[-82.357928531858931,28.540486080525426],[-82.357928891793776,28.540492589632937],[-82.357929155186312,28.540499101745255],[-82.357929318917286,28.540505615495377],[-82.357929367893831,28.540509047791335],[-82.357929388811002,28.540513393274324],[-82.357929351341198,28.54051889405423],[-82.357925721045191,28.540786511755758],[-82.357920591029398,28.541063798095564],[-82.357442850923249,28.541065056411409],[-82.357444615991398,28.540962365054089],[-82.357289022830329,28.540951847405086],[-82.356709736897713,28.540912689979063],[-82.356207519621123,28.540878737867992],[-82.356091352579114,28.54087088501673],[-82.355775634020588,28.540849544770388],[-82.355779870440742,28.541277989998729],[-82.354512500666658,28.541270204090427],[-82.354522432742058,28.539286150753984],[-82.354509462694466,28.54186105946631],[-82.354344099870303,28.541859054256435],[-82.353588775800119,28.5418498731872],[-82.353177595831568,28.541844875942289],[-82.353087244309037,28.541842839114171]],[[-82.371256250019954,28.545730318177757],[-82.372200233405223,28.545704554079606],[-82.372201513768402,28.546828898875358],[-82.371251278924191,28.546828183401534],[-82.371256250019954,28.545730318177757]],[[-82.370039890186092,28.546539266936119],[-82.370585145043833,28.546537917411626],[-82.370585245091831,28.546593193392003],[-82.370585634341325,28.546812949674312],[-82.370586030713099,28.547032958960983],[-82.370586420958716,28.547252995760605],[-82.370586665601181,28.547390506378211],[-82.371094191959585,28.547389098229136],[-82.371093085734259,28.547604887080123],[-82.371091973395792,28.547820708945011],[-82.371090867152674,28.548036492281739],[-82.371089754815642,28.548252314133006],[-82.37108904700186,28.548389827328403],[-82.371087853803672,28.548621678342528],[-82.371086660702716,28.548853556851903],[-82.371085467506148,28.549085407850313],[-82.371084280636481,28.549317286326907],[-82.371085400462533,28.549454575854117],[-82.371085402646642,28.549454754619905],[-82.371089743356748,28.550597422873565],[-82.370081813160937,28.550886657106219],[-82.369443219033698,28.551109143631479],[-82.369448800125042,28.552035231976809],[-82.367399067771061,28.552049702601032],[-82.367399060220365,28.55204887339567],[-82.367397060155128,28.55182624198903],[-82.367412634746529,28.551826227345227],[-82.36740522759726,28.551001129131187],[-82.367389653127262,28.551001143773028],[-82.367375432940591,28.549417338528237],[-82.367328713285289,28.549417814226118],[-82.367308377587932,28.546738486439768],[-82.367300972935382,28.545762356965625],[-82.370038426794594,28.545749869402744],[-82.370039890186092,28.546539266936119]],[[-82.358563185995152,28.53994170771799],[-82.358547339698177,28.541349313279635],[-82.358069937346357,28.54134398310276],[-82.35808195796352,28.540442648354215],[-82.358535942511111,28.540242446886847],[-82.35854000706523,28.539937962444153],[-82.358563185995152,28.53994170771799]]]},"properties":{"OBJECTID":7,"GIS_LANDUSE_ALLFLU_AREA":0,"PERIMETER":191222.296875,"ALLFLU_":310,"ALLFLU_ID":269,"FLU":"res","ACREAGE":4304.3999999999996,"LABEL":"Residential","Id":null,"PARCEL_KEY":null,"OWNER_NAME":null,"MAIL_ADDR1":null,"MAIL_ADDR2":null,"MAIL_ADDR3":null,"MAIL_ADDR4":null,"EXIST_FLU":null,"EXIST_LBL":null,"EXIST_FLU_":null,"EXIST_LBL_":null,"Amend_Date":null,"Change_Type":null,"Feat_Type":null,"ZONING":null,"SITUS_ADDRESS":null,"SPLIT_ZONE1":null,"SPLIT_ZONE2":null,"Shape_Length":70972.110858595595,"Shape_Area":43694227.125580072}},{"type":"Feature","id":8,"geometry":{"type":"Polygon","coordinates":[[[-82.367102153004538,28.551951154057587],[-82.365746415214957,28.551968927820415],[-82.365724298430607,28.552059758069422],[-82.365727703555308,28.552067565347709],[-82.365746489463191,28.551990414609897],[-82.366267681423338,28.551983583138135],[-82.367102345889506,28.551972639148648],[-82.367102153004538,28.551951154057587]]]},"properties":{"OBJECTID":8,"GIS_LANDUSE_ALLFLU_AREA":0,"PERIMETER":191222.296875,"ALLFLU_":310,"ALLFLU_ID":269,"FLU":"res","ACREAGE":4304.3999999999996,"LABEL":"Residential","Id":null,"PARCEL_KEY":null,"OWNER_NAME":null,"MAIL_ADDR1":null,"MAIL_ADDR2":null,"MAIL_ADDR3":null,"MAIL_ADDR4":null,"EXIST_FLU":null,"EXIST_LBL":null,"EXIST_FLU_":null,"EXIST_LBL_":null,"Amend_Date":null,"Change_Type":null,"Feat_Type":null,"ZONING":null,"SITUS_ADDRESS":null,"SPLIT_ZONE1":null,"SPLIT_ZONE2":null,"Shape_Length":943.94097008986137,"Shape_Area":3452.5975793545404}},{"type":"Feature","id":9,"geometry":{"type":"Polygon","coordinates":[[[-82.367093574305187,28.550995481348405],[-82.367102153004538,28.551951154057587],[-82.367102345889506,28.551972639148648],[-82.366267681423338,28.551983583138135],[-82.365746779139826,28.551990411079192],[-82.365746489463191,28.551990414609897],[-82.365727703555308,28.552067565347709],[-82.365724372674634,28.55208124485867],[-82.36593105010995,28.552555113780279],[-82.365731274059584,28.552923726592969],[-82.365737383570433,28.553088547291903],[-82.365627828425218,28.553324722043609],[-82.365597977215359,28.5533890749923],[-82.365344161029583,28.553587075485527],[-82.364566571804474,28.553824542157656],[-82.364717277169561,28.554206198648934],[-82.364780187006232,28.554365513238505],[-82.363713708437345,28.554693805160145],[-82.363795746272189,28.554901565590491],[-82.362664717693463,28.555248592517493],[-82.362238541638746,28.555379350837878],[-82.361042947906299,28.555214531625829],[-82.361034904064468,28.55525355000573],[-82.362036311175871,28.555413690528635],[-82.362081766648302,28.555421686909952],[-82.362537166478049,28.555494539388356],[-82.36283899268517,28.555542954369084],[-82.362850716278871,28.55553936272748],[-82.364558862425014,28.555016019868937],[-82.365246766875757,28.554805251380433],[-82.366394120214252,28.554453702030187],[-82.366271529507699,28.554142828454268],[-82.36627120110478,28.554141994614017],[-82.367212690806483,28.553853092035105],[-82.367203565705026,28.552862424459448],[-82.367201398777226,28.552625258009265],[-82.36719995250742,28.552466967812212],[-82.367187818479067,28.551139044254001],[-82.367178792728964,28.550151204730017],[-82.367172101622558,28.549418787906429],[-82.367110677148531,28.549418937499922],[-82.367110574359188,28.549418937777851],[-82.36712453010621,28.5509738941536],[-82.367124722996365,28.550995380622862],[-82.367093692427204,28.550995410895489],[-82.367093574305187,28.550995481348405]]]},"properties":{"OBJECTID":9,"GIS_LANDUSE_ALLFLU_AREA":null,"PERIMETER":null,"ALLFLU_":null,"ALLFLU_ID":null,"FLU":"city","ACREAGE":null,"LABEL":"Brooksville","Id":null,"PARCEL_KEY":1716361,"OWNER_NAME":"HERNANDO COUNTY","MAIL_ADDR1":"20N MAIN ST RM 263","MAIL_ADDR2":"BROOKSVILLE FL 34601-2817","MAIL_ADDR3":null,"MAIL_ADDR4":null,"EXIST_FLU":"res","EXIST_LBL":"Residential","EXIST_FLU_":null,"EXIST_LBL_":null,"Amend_Date":1612137600000,"Change_Type":"Scrivener's Error","Feat_Type":"SE","ZONING":"city","SITUS_ADDRESS":"JASMINE DR","SPLIT_ZONE1":null,"SPLIT_ZONE2":null,"Shape_Length":7743.510746644818,"Shape_Area":671841.87824239768}},{"type":"Feature","id":10,"geometry":{"type":"Polygon","coordinates":[[[-82.367102153004538,28.551951154057587],[-82.365746415214957,28.551968927820415],[-82.365724298430607,28.552059758069422],[-82.365727703555308,28.552067565347709],[-82.365746489463191,28.551990414609897],[-82.36574678381217,28.551990411066601],[-82.366267681423338,28.551983583138135],[-82.367102345889506,28.551972639148648],[-82.367102153004538,28.551951154057587]]]},"properties":{"OBJECTID":10,"GIS_LANDUSE_ALLFLU_AREA":0,"PERIMETER":252894,"ALLFLU_":335,"ALLFLU_ID":272,"FLU":"city","ACREAGE":5760,"LABEL":"Brooksville","Id":null,"PARCEL_KEY":null,"OWNER_NAME":null,"MAIL_ADDR1":null,"MAIL_ADDR2":null,"MAIL_ADDR3":null,"MAIL_ADDR4":null,"EXIST_FLU":null,"EXIST_LBL":null,"EXIST_FLU_":null,"EXIST_LBL_":null,"Amend_Date":null,"Change_Type":null,"Feat_Type":null,"ZONING":null,"SITUS_ADDRESS":null,"SPLIT_ZONE1":null,"SPLIT_ZONE2":null,"Shape_Length":943.94097015897205,"Shape_Area":3452.607139436368}},{"type":"Feature","id":11,"geometry":{"type":"Polygon","coordinates":[[[-82.371085400462533,28.549454575854117],[-82.37108904700186,28.548389827328403],[-82.370043304804213,28.548392983928597],[-82.370045274717981,28.549459063476224],[-82.371085400462533,28.549454575854117]]]},"properties":{"OBJECTID":11,"GIS_LANDUSE_ALLFLU_AREA":null,"PERIMETER":null,"ALLFLU_":null,"ALLFLU_ID":null,"FLU":"city","ACREAGE":null,"LABEL":"Brooksville","Id":null,"PARCEL_KEY":11908,"OWNER_NAME":"BROOKSVILLE CITY OF","MAIL_ADDR1":"201 HOWELL AVE","MAIL_ADDR2":"BROOKSVILLE FL 34601 ","MAIL_ADDR3":null,"MAIL_ADDR4":null,"EXIST_FLU":"res","EXIST_LBL":"Residential","EXIST_FLU_":null,"EXIST_LBL_":null,"Amend_Date":1612137600000,"Change_Type":"Scrivener's Error","Feat_Type":"SE","ZONING":"city","SITUS_ADDRESS":"CHAMPION DR","SPLIT_ZONE1":null,"SPLIT_ZONE2":null,"Shape_Length":1444.4217148156504,"Shape_Area":129704.91577890755}},{"type":"Feature","id":12,"geometry":{"type":"Polygon","coordinates":[[[-82.369448800125042,28.552035231976809],[-82.369443219033698,28.551109143631479],[-82.370081813160937,28.550886657106219],[-82.371089743356748,28.550597422873565],[-82.371087217446359,28.549932449789303],[-82.371085402646642,28.549454754619905],[-82.371085400462533,28.549454575854117],[-82.370045274717981,28.549459063476224],[-82.370045145932764,28.549390145933714],[-82.367375432940591,28.549417338528237],[-82.367380147831909,28.549942531176715],[-82.367382120347955,28.550162195108612],[-82.367386492537008,28.550649196100625],[-82.367389653127262,28.551001143773028],[-82.36740522759726,28.551001129131187],[-82.367412634746529,28.551826227345227],[-82.367397060155128,28.55182624198903],[-82.367399060220365,28.55204887339567],[-82.367399067771061,28.552049702601032],[-82.369448800125042,28.552035231976809]]]},"properties":{"OBJECTID":12,"GIS_LANDUSE_ALLFLU_AREA":null,"PERIMETER":null,"ALLFLU_":null,"ALLFLU_ID":null,"FLU":"city","ACREAGE":null,"LABEL":"Brooksville","Id":null,"PARCEL_KEY":356091,"OWNER_NAME":"BROOKSVILLE CITY OF","MAIL_ADDR1":"201 HOWELL AVE","MAIL_ADDR2":"BROOKSVILLE FL 34601","MAIL_ADDR3":null,"MAIL_ADDR4":null,"EXIST_FLU":"res","EXIST_LBL":"residential","EXIST_FLU_":null,"EXIST_LBL_":null,"Amend_Date":1612137600000,"Change_Type":"Scrivener's Error","Feat_Type":"SE","ZONING":"city","SITUS_ADDRESS":"JAMSINE DR","SPLIT_ZONE1":null,"SPLIT_ZONE2":null,"Shape_Length":4154.239042133785,"Shape_Area":901628.54549866053}},{"type":"Feature","id":13,"geometry":{"type":"Polygon","coordinates":[[[-82.370045145932764,28.549390145933714],[-82.370045022243687,28.549321794945651],[-82.370044161902612,28.548857375705694],[-82.370043304804213,28.548392983928597],[-82.370043054600956,28.548255467840114],[-82.37004225538108,28.547823661840539],[-82.370041462456612,28.54739186679776],[-82.370041206044036,28.547254350705945],[-82.370040396755599,28.5468142991629],[-82.370039890186092,28.546539266936119],[-82.370038426794594,28.545749869402744],[-82.367300972935382,28.545762356965625],[-82.367308377587932,28.546738486439768],[-82.367328713285289,28.549417814226118],[-82.367375432940591,28.549417338528237],[-82.370045145932764,28.549390145933714]]]},"properties":{"OBJECTID":13,"GIS_LANDUSE_ALLFLU_AREA":null,"PERIMETER":null,"ALLFLU_":null,"ALLFLU_ID":null,"FLU":"city","ACREAGE":null,"LABEL":"Brooksville","Id":null,"PARCEL_KEY":357116,"OWNER_NAME":"BROOKSVILLE CITY OF","MAIL_ADDR1":"201 HOWELL AVE","MAIL_ADDR2":"BROOKSVILLE FL 34601","MAIL_ADDR3":null,"MAIL_ADDR4":null,"EXIST_FLU":"res","EXIST_LBL":"Residential","EXIST_FLU_":null,"EXIST_LBL_":null,"Amend_Date":1612137600000,"Change_Type":"Scrivener's Error","Feat_Type":"SE","ZONING":"city","SITUS_ADDRESS":"OLMES RD","SPLIT_ZONE1":null,"SPLIT_ZONE2":null,"Shape_Length":4403.7493245484629,"Shape_Area":1161230.7943396345}},{"type":"Feature","id":14,"geometry":{"type":"Polygon","coordinates":[[[-82.37108904700186,28.548389827328403],[-82.370043304804213,28.548392983928597],[-82.370315880473996,28.548392174776925],[-82.37058845613312,28.548391365078071],[-82.37108904700186,28.548389827328403]]]},"properties":{"OBJECTID":14,"GIS_LANDUSE_ALLFLU_AREA":0,"PERIMETER":191222.296875,"ALLFLU_":310,"ALLFLU_ID":269,"FLU":"res","ACREAGE":4304.3999999999996,"LABEL":"Residential","Id":null,"PARCEL_KEY":null,"OWNER_NAME":null,"MAIL_ADDR1":null,"MAIL_ADDR2":null,"MAIL_ADDR3":null,"MAIL_ADDR4":null,"EXIST_FLU":null,"EXIST_LBL":null,"EXIST_FLU_":null,"EXIST_LBL_":null,"Amend_Date":null,"Change_Type":null,"Feat_Type":null,"ZONING":null,"SITUS_ADDRESS":null,"SPLIT_ZONE1":null,"SPLIT_ZONE2":null,"Shape_Length":671.46803656365955,"Shape_Area":1.5684835517939035}},{"type":"Feature","id":15,"geometry":{"type":"Polygon","coordinates":[[[-82.37108904700186,28.548389827328403],[-82.371089754815642,28.548252314133006],[-82.371090867152674,28.548036492281739],[-82.371091973395792,28.547820708945011],[-82.371093085734259,28.547604887080123],[-82.371094191959585,28.547389098229136],[-82.370586665601181,28.547390506378211],[-82.370314067139049,28.547391184102814],[-82.370041462456612,28.54739186679776],[-82.37004225538108,28.547823661840539],[-82.370043054600956,28.548255467840114],[-82.370043304804213,28.548392983928597],[-82.37108904700186,28.548389827328403]]]},"properties":{"OBJECTID":15,"GIS_LANDUSE_ALLFLU_AREA":null,"PERIMETER":null,"ALLFLU_":null,"ALLFLU_ID":null,"FLU":"city","ACREAGE":null,"LABEL":"Brooksville","Id":null,"PARCEL_KEY":11891,"OWNER_NAME":"BROOOKSVILLE CITY OF","MAIL_ADDR1":"201 HOWELL AVE","MAIL_ADDR2":"BROOKSVILLE FL 34601","MAIL_ADDR3":null,"MAIL_ADDR4":null,"EXIST_FLU":"res","EXIST_LBL":"Residential","EXIST_FLU_":null,"EXIST_LBL_":null,"Amend_Date":1612137600000,"Change_Type":"Scrivener's Error","Feat_Type":"SE","ZONING":"city","SITUS_ADDRESS":"CHAMPION DR","SPLIT_ZONE1":null,"SPLIT_ZONE2":null,"Shape_Length":1401.5770179108988,"Shape_Area":122586.78903286452}},{"type":"Feature","id":16,"geometry":{"type":"Polygon","coordinates":[[[-82.370586665601181,28.547390506378211],[-82.370585145043833,28.546537917411626],[-82.370039890186092,28.546539266936119],[-82.370041462456612,28.54739186679776],[-82.370586665601181,28.547390506378211]]]},"properties":{"OBJECTID":16,"GIS_LANDUSE_ALLFLU_AREA":null,"PERIMETER":null,"ALLFLU_":null,"ALLFLU_ID":null,"FLU":"city","ACREAGE":null,"LABEL":"Brooksville","Id":null,"PARCEL_KEY":11873,"OWNER_NAME":"BROOKSVILLE CITY OF","MAIL_ADDR1":"201 HOWELL AVE","MAIL_ADDR2":"BROOKSVILLE FL 34601","MAIL_ADDR3":null,"MAIL_ADDR4":null,"EXIST_FLU":"res","EXIST_LBL":"Residential","EXIST_FLU_":null,"EXIST_LBL_":null,"Amend_Date":1612137600000,"Change_Type":"Scrivener's Error","Feat_Type":"SE","ZONING":"city","SITUS_ADDRESS":"CHAMPION DR","SPLIT_ZONE1":null,"SPLIT_ZONE2":null,"Shape_Length":970.09069899821588,"Shape_Area":54264.242033442169}},{"type":"Feature","id":17,"geometry":{"type":"MultiPolygon","coordinates":[[[[-82.360809397992881,28.556002394404956],[-82.358721731332636,28.556635003155858],[-82.358917309823937,28.563669149132132],[-82.359007281542219,28.56929677378405],[-82.356918343460634,28.569315774005052],[-82.357945964598215,28.569488172723709],[-82.358666488142674,28.569594553606972],[-82.359660246851703,28.569692361498028],[-82.359685721416909,28.569695873536361],[-82.359870280278031,28.569720373748986],[-82.360942171992903,28.569825862594431],[-82.362019616048585,28.569869480145183],[-82.363097997482484,28.569851040605965],[-82.364172697557805,28.569770622368047],[-82.365239112510963,28.569628572083655],[-82.365582938487066,28.569562298535921],[-82.365574863206007,28.569474858495933],[-82.365551729244629,28.569091250096275],[-82.365491379789859,28.56836223194237],[-82.365469240665234,28.568266373869676],[-82.36512146338363,28.568260777918887],[-82.363252342647456,28.568297766153382],[-82.363198183541542,28.565170443096527],[-82.363156611433297,28.563610085807646],[-82.363373899946822,28.563609504264249],[-82.365279173899154,28.563578605813891],[-82.365284191396341,28.562945328787059],[-82.365283750520149,28.561746185854314],[-82.364877975418452,28.56174108899452],[-82.364204336436146,28.561749086399697],[-82.364165473845972,28.559961475299808],[-82.36383955233984,28.559962349283509],[-82.363593306478407,28.559976073167835],[-82.363296177528824,28.559970336683282],[-82.363264310265137,28.559081377141347],[-82.365227328205705,28.559050669173018],[-82.365225848489303,28.558621965157581],[-82.365225473522187,28.558513328049095],[-82.365224237094708,28.558155100609458],[-82.364340569814303,28.558170195499681],[-82.36405069449917,28.558177505243385],[-82.363413269733741,28.558179213208291],[-82.363253816187225,28.558179639992357],[-82.363218784041536,28.556368295698789],[-82.360819916303541,28.556403571387779],[-82.360809397992881,28.556002394404956]]],[[[-82.343559016180734,28.563560718453548],[-82.342574971206432,28.563580384258636],[-82.342576345509144,28.563744075151096],[-82.342928268255079,28.56408093292157],[-82.343705472313658,28.564738414443664],[-82.343815827248804,28.56482505372038],[-82.343848861482172,28.564850755783379],[-82.34402632664181,28.564644197498122],[-82.344336874820414,28.564282428784264],[-82.344798909842382,28.563743909490135],[-82.343619827151812,28.563759963698203],[-82.343559016180734,28.563560718453548]]],[[[-82.350420236567587,28.563741889622243],[-82.348622208580835,28.563764396906294],[-82.348346483444189,28.564112334323124],[-82.348113737301375,28.565155307452212],[-82.348071346082023,28.565467922663558],[-82.34813282114537,28.565570214864724],[-82.348906196904196,28.565568228962761],[-82.349320150527276,28.565569226936063],[-82.349337648038528,28.565915036123204],[-82.349358286569796,28.566327532745035],[-82.349379118853534,28.566739685047558],[-82.349399952453155,28.567152181108941],[-82.349418086916998,28.567513802965891],[-82.349421174518653,28.567564332349619],[-82.349436484636598,28.567813615935826],[-82.349704036855158,28.567905930613186],[-82.349830508297686,28.567945496848939],[-82.349849502294362,28.567951427107275],[-82.350877346546071,28.568238815278846],[-82.351254760244913,28.568327437892862],[-82.351184567291952,28.563893245195178],[-82.350840334478477,28.563895166792523],[-82.350418811078399,28.563899349831793],[-82.350420467711047,28.563752890355179],[-82.350420236567587,28.563741889622243]]]]},"properties":{"OBJECTID":17,"GIS_LANDUSE_ALLFLU_AREA":0,"PERIMETER":191222.296875,"ALLFLU_":310,"ALLFLU_ID":269,"FLU":"res","ACREAGE":4304.3999999999996,"LABEL":"Residential","Id":null,"PARCEL_KEY":null,"OWNER_NAME":null,"MAIL_ADDR1":null,"MAIL_ADDR2":null,"MAIL_ADDR3":null,"MAIL_ADDR4":null,"EXIST_FLU":null,"EXIST_LBL":null,"EXIST_FLU_":null,"EXIST_LBL_":null,"Amend_Date":null,"Change_Type":null,"Feat_Type":null,"ZONING":null,"SITUS_ADDRESS":null,"SPLIT_ZONE1":null,"SPLIT_ZONE2":null,"Shape_Length":24695.816900775877,"Shape_Area":9417588.9989748951}},{"type":"Feature","id":18,"geometry":{"type":"Polygon","coordinates":[[[-82.375480185994746,28.543183707909741],[-82.375485636409209,28.543823030542963],[-82.375489389683665,28.544263062955846],[-82.376112298122379,28.54425744456843],[-82.376117272575556,28.544840584509267],[-82.376428728159283,28.544837686207018],[-82.37643177470899,28.545195210394464],[-82.377085105303166,28.545189112620807],[-82.377086283833862,28.54536652798593],[-82.37708647569346,28.545395471982768],[-82.377086869679331,28.545395464012806],[-82.377552923537138,28.545384218239459],[-82.377547075160606,28.544968764710919],[-82.377545145817876,28.544831258800766],[-82.37754321027252,28.54469375840571],[-82.377541274695162,28.544556247006547],[-82.377539339144576,28.544418741105176],[-82.377537403601181,28.544281235200927],[-82.377535468064963,28.54414372929384],[-82.377533532555589,28.544006228884509],[-82.37753159703378,28.543868722971691],[-82.377529661538759,28.543731222556641],[-82.377527726011721,28.543593711137518],[-82.37752579051147,28.543456205216135],[-82.377523861247695,28.5433186992746],[-82.37752192576184,28.543181193347507],[-82.375480185994746,28.543183707909741]]]},"properties":{"OBJECTID":18,"GIS_LANDUSE_ALLFLU_AREA":null,"PERIMETER":null,"ALLFLU_":null,"ALLFLU_ID":null,"FLU":"city","ACREAGE":null,"LABEL":"Brooksville","Id":null,"PARCEL_KEY":357562,"OWNER_NAME":"EXCLUSA JULIAN, SEIDEN DALE GREGORY","MAIL_ADDR1":"10352 LIGHTNER BRIDGE DR","MAIL_ADDR2":"TAMPA FL 33626-1809","MAIL_ADDR3":null,"MAIL_ADDR4":null,"EXIST_FLU":"pdev","EXIST_LBL":"planned development","EXIST_FLU_":null,"EXIST_LBL_":null,"Amend_Date":1612310400000,"Change_Type":"Scrivener's Error","Feat_Type":"SE","ZONING":"city","SITUS_ADDRESS":"1572 E JEFFERSON ST","SPLIT_ZONE1":null,"SPLIT_ZONE2":null,"Shape_Length":2925.6956193864048,"Shape_Area":410457.82548812724}},{"type":"Feature","id":19,"geometry":{"type":"Polygon","coordinates":[[[-82.3734288138766,28.545739751579564],[-82.373434108173583,28.546262295314492],[-82.373888853613082,28.546259454211825],[-82.373886818345198,28.545764289379242],[-82.373876451299282,28.545763960381045],[-82.373870227314683,28.545763757491407],[-82.373864003310672,28.545763549100869],[-82.37385777930669,28.545763340710042],[-82.373851549034427,28.545763121334868],[-82.373845325011075,28.545762907442828],[-82.373839100948871,28.545762682549299],[-82.373832876886695,28.545762457655478],[-82.373826659034577,28.545762227243618],[-82.373820428704178,28.545761991365154],[-82.373814204603221,28.54576175546924],[-82.373807986712293,28.545761514055261],[-82.373801762572583,28.545761267157548],[-82.373795544662315,28.545761020242402],[-82.373789314273779,28.545760767860635],[-82.373783090114699,28.545760515461449],[-82.373776872146237,28.545760252043593],[-82.373770647948362,28.545759988642573],[-82.373764417521102,28.545759725258439],[-82.373758205743329,28.545759450821347],[-82.3737519815067,28.545759176418258],[-82.373745757270115,28.545758902014871],[-82.373739539224147,28.545758616592831],[-82.37373331494878,28.545758331187628],[-82.373727096883471,28.545758040264396],[-82.373720872588748,28.545757749358014],[-82.37371465450407,28.545757452933579],[-82.373708436400022,28.545757151008271],[-82.373702218295989,28.545756849082686],[-82.373695993923732,28.545756536172664],[-82.373689775800358,28.545756228745866],[-82.373683557618776,28.545755904816929],[-82.373677339476032,28.545755591888938],[-82.373671121294521,28.545755267959418],[-82.373664896864199,28.545754938546153],[-82.37365868489276,28.54575460909831],[-82.373652466672524,28.545754274166711],[-82.373646248452303,28.545753939234828],[-82.373640030193314,28.545753593301395],[-82.373633811953795,28.545753252868344],[-82.373627593675437,28.545752901433733],[-82.373621381626577,28.545752549981714],[-82.373615163328907,28.545752193045939],[-82.373608945011867,28.545751830609234],[-82.373602732924283,28.545751468155121],[-82.373596514587931,28.545751100217256],[-82.373590302461622,28.545750726761312],[-82.373584084105914,28.545750353322251],[-82.373577871940881,28.545749968864531],[-82.373571653565847,28.545749589924263],[-82.373565441381473,28.54574919996535],[-82.373559229197141,28.545748810006138],[-82.373553016993455,28.545748414546043],[-82.373546804789797,28.54574801908565],[-82.373540586337342,28.545747618141498],[-82.373534374094959,28.545747211679299],[-82.373528161872017,28.54574681071745],[-82.373521949571526,28.545746387752828],[-82.373515743539315,28.545745975772039],[-82.373509531238881,28.545745552806839],[-82.373503312709062,28.545745129858513],[-82.373497106618785,28.545744701375],[-82.373490900489713,28.545744261889961],[-82.373484688170095,28.545743833423025],[-82.37347847581168,28.545743393954545],[-82.373472269702177,28.545742959969285],[-82.373466057285668,28.545742503998394],[-82.373459851118042,28.545742053510711],[-82.373453644950459,28.545741603022734],[-82.373447432534093,28.545741147050993],[-82.373441226327827,28.545740685561213],[-82.373435020102178,28.545740218570526],[-82.3734288138766,28.545739751579564]]]},"properties":{"OBJECTID":19,"GIS_LANDUSE_ALLFLU_AREA":null,"PERIMETER":null,"ALLFLU_":0,"ALLFLU_ID":0,"FLU":"com","ACREAGE":null,"LABEL":"Commercial","Id":0,"PARCEL_KEY":357241,"OWNER_NAME":"VETERANS OF FOREIGN WARS OF","MAIL_ADDR1":"1681 E JEFFERSON ST","MAIL_ADDR2":"BROOKSVILLE FL 34601","MAIL_ADDR3":" ","MAIL_ADDR4":" ","EXIST_FLU":"res","EXIST_LBL":"Residential","EXIST_FLU_":" ","EXIST_LBL_":" ","Amend_Date":1592265600000,"Change_Type":"CPAM 2006","Feat_Type":"FR","ZONING":"C2","SITUS_ADDRESS":"1681 E JEFFERSON ST","SPLIT_ZONE1":null,"SPLIT_ZONE2":null,"Shape_Length":663.37277539715058,"Shape_Area":27013.499042256848}},{"type":"Feature","id":20,"geometry":{"type":"Polygon","coordinates":[[[-82.372649971695751,28.545663825735314],[-82.372560389000185,28.545671938892959],[-82.372582976210566,28.546831983689774],[-82.373439261212482,28.54682998065293],[-82.373437225624954,28.546605671640148],[-82.373434108173583,28.546262295314492],[-82.3734288138766,28.545739751579564],[-82.373418326806316,28.545738949818666],[-82.373412120542056,28.545738471825683],[-82.37340591425847,28.545737988331808],[-82.373399707955542,28.545737499337037],[-82.373393501652657,28.545737010342016],[-82.373387301559859,28.545736515828903],[-82.37338109523769,28.545736021332665],[-82.373374888876768,28.545735515834888],[-82.37336868874533,28.54573501031971],[-82.373362488613964,28.545734504804248],[-82.373356282233829,28.545733993805019],[-82.373350082063766,28.545733477287751],[-82.373343881874376,28.545732955269582],[-82.37333767543619,28.545732427767639],[-82.373331469017472,28.545731905766022],[-82.3733252750189,28.545731372728657],[-82.373319074790956,28.545730839708099],[-82.373312880773085,28.545730301169531],[-82.37330668050646,28.545729757147175],[-82.373300480239905,28.545729213124563],[-82.373294279953996,28.545728663601043],[-82.373288085878201,28.545728108559484],[-82.373281885573022,28.545727553534753],[-82.373275691477957,28.545726992992016],[-82.37326949113411,28.545726426965498],[-82.373263297019776,28.545725860921571],[-82.3732571028861,28.545725289376733],[-82.373250908733112,28.545724712331005],[-82.373244708331356,28.545724129801489],[-82.373238514159098,28.545723547254571],[-82.373232319967499,28.545722959206742],[-82.373226132005428,28.545722371141526],[-82.373219937794573,28.545721777592515],[-82.373213743564392,28.545721178542614],[-82.373207549314898,28.545720573991822],[-82.373201361294903,28.545719969423594],[-82.37319516702614,28.545719359371606],[-82.373188978986903,28.545718749302196],[-82.37318279092834,28.545718133731913],[-82.373176596621008,28.545717512677822],[-82.373170408523791,28.545716886105716],[-82.373164220426673,28.545716259533332],[-82.373158032290817,28.545715621959438],[-82.373151844174444,28.54571498988587],[-82.373145656038744,28.545714352311411],[-82.373139467883718,28.545713709236033],[-82.373133285958218,28.545713066143254],[-82.373127097764581,28.545712412066095],[-82.373120915800428,28.545711757971507],[-82.373114727606932,28.545711103893762],[-82.373108545604168,28.545710438797411],[-82.373102363582092,28.54570976820013],[-82.373096175369454,28.545709108620919],[-82.373089993328136,28.545708432522446],[-82.373083811286904,28.54570775642372],[-82.373077629245756,28.545707080324679],[-82.373071447165898,28.54570639322414],[-82.373065271315554,28.545705706106219],[-82.373059089235866,28.545705019005087],[-82.373052900888069,28.54570432091958],[-82.373046731228627,28.545703622782455],[-82.37304054909103,28.54570291917863],[-82.373034373182932,28.545702215557423],[-82.37302819725555,28.5457015064353],[-82.373022021308842,28.545700791812298],[-82.373015845381616,28.545700082689624],[-82.373009669396325,28.545699357064844],[-82.37300349341109,28.545698631439727],[-82.372997317406586,28.545697900313737],[-82.372991141402167,28.545697169187477],[-82.372984971607877,28.545696432543195],[-82.372978795564833,28.545695690415119],[-82.372972625770714,28.545694953770266],[-82.372966449727869,28.545694211641628],[-82.3729602798564,28.545693452993756],[-82.372954110004386,28.5456926998462],[-82.372947940133088,28.545691941197745],[-82.37294177026186,28.545691182549039],[-82.372935600371363,28.545690418399396],[-82.372929436690995,28.545689648731777],[-82.372923266761902,28.545688873580328],[-82.372917096832893,28.545688098428617],[-82.372910933114056,28.54568731775889],[-82.372904769395277,28.545686537088891],[-82.37289859940843,28.54568574543449],[-82.372892435651096,28.545684953762692],[-82.372886271893847,28.545684162090634],[-82.372880108117315,28.545683364917636],[-82.372873944321512,28.545682562243762],[-82.372867780506397,28.545681754068983],[-82.372861622920823,28.545680945876825],[-82.372855459086537,28.545680132200857],[-82.372849301443026,28.545679307506273],[-82.372843143838367,28.545678493812645],[-82.372836979965612,28.545677669134609],[-82.372830822303001,28.545676838938569],[-82.37282466464049,28.545676008742266],[-82.372818513188122,28.545675173027931],[-82.372812349257643,28.545674331846918],[-82.372806197786105,28.545673490631422],[-82.372800040065869,28.545672643932104],[-82.37279388855579,28.545671791714803],[-82.37278773081637,28.545670939514316],[-82.372781579287107,28.545670081795873],[-82.372775427738588,28.545669218576482],[-82.372769276190169,28.545668355356828],[-82.372763124622438,28.545667486636262],[-82.372756973035465,28.545666612414831],[-82.372750821448591,28.545665738193087],[-82.372744676091258,28.545664863953967],[-82.372738524446504,28.545663973229825],[-82.372732379050618,28.545663087988903],[-82.372649971695751,28.545663825735314]]]},"properties":{"OBJECTID":20,"GIS_LANDUSE_ALLFLU_AREA":null,"PERIMETER":null,"ALLFLU_":0,"ALLFLU_ID":0,"FLU":"com","ACREAGE":null,"LABEL":"Commercial","Id":0,"PARCEL_KEY":759708,"OWNER_NAME":"D & R ENTERPRISES OF HERNANDO LLC","MAIL_ADDR1":"1691 E JEFFERSON ST","MAIL_ADDR2":"BROOKSVILLE FL 34601","MAIL_ADDR3":" ","MAIL_ADDR4":" ","EXIST_FLU":"res","EXIST_LBL":"Residential","EXIST_FLU_":" ","EXIST_LBL_":" ","Amend_Date":1592265600000,"Change_Type":"CPAM 2006","Feat_Type":"FR","ZONING":"","SITUS_ADDRESS":"1691 E JEFFERSON ST","SPLIT_ZONE1":"C2","SPLIT_ZONE2":"AG","Shape_Length":1373.924880236551,"Shape_Area":114057.21388131074}},{"type":"Feature","id":21,"geometry":{"type":"Polygon","coordinates":[[[-82.371251278924191,28.546828183401534],[-82.372201513768402,28.546828898875358],[-82.372200233405223,28.545704554079606],[-82.371256250019954,28.545730318177757],[-82.371251278924191,28.546828183401534]]]},"properties":{"OBJECTID":21,"GIS_LANDUSE_ALLFLU_AREA":null,"PERIMETER":null,"ALLFLU_":0,"ALLFLU_ID":0,"FLU":"com","ACREAGE":null,"LABEL":"Commercial","Id":0,"PARCEL_KEY":1125847,"OWNER_NAME":"FREDERICK JOSEPH N, FREDERICK ANNE J","MAIL_ADDR1":"13521 TEABERRY LN","MAIL_ADDR2":"SPRING HILL FL 34609-0580","MAIL_ADDR3":" ","MAIL_ADDR4":" ","EXIST_FLU":"res","EXIST_LBL":"Residential","EXIST_FLU_":" ","EXIST_LBL_":" ","Amend_Date":1592265600000,"Change_Type":"CPAM 2006","Feat_Type":"FR","ZONING":"C1","SITUS_ADDRESS":"CHAMPION DR","SPLIT_ZONE1":null,"SPLIT_ZONE2":null,"Shape_Length":1416.2744827797078,"Shape_Area":122839.7246014141}},{"type":"Feature","id":22,"geometry":{"type":"Polygon","coordinates":[[[-82.364417556406295,28.542497663811293],[-82.363891171225447,28.543267338481769],[-82.364871022475455,28.543264709189135],[-82.364857760840806,28.542033334358049],[-82.364768238045087,28.541984895235512],[-82.364417556406295,28.542497663811293]]]},"properties":{"OBJECTID":22,"GIS_LANDUSE_ALLFLU_AREA":null,"PERIMETER":null,"ALLFLU_":0,"ALLFLU_ID":0,"FLU":"com","ACREAGE":null,"LABEL":"Commercial","Id":0,"PARCEL_KEY":828466,"OWNER_NAME":"BUCKNER BROTHERS INC","MAIL_ADDR1":"11 N MAIN ST","MAIL_ADDR2":"BROOKSVILLE FL 34601-2808","MAIL_ADDR3":" ","MAIL_ADDR4":" ","EXIST_FLU":"res","EXIST_LBL":"Residential","EXIST_FLU_":" ","EXIST_LBL_":" ","Amend_Date":1592265600000,"Change_Type":"CPAM 2006","Feat_Type":"FR","ZONING":null,"SITUS_ADDRESS":"CORTEZ BLVD","SPLIT_ZONE1":"C2","SPLIT_ZONE2":"AG","Shape_Length":1340.7637494997653,"Shape_Area":79607.754263408962}},{"type":"Feature","id":23,"geometry":{"type":"Polygon","coordinates":[[[-82.364229291563817,28.541709124178524],[-82.363884095428716,28.542212602552254],[-82.364417556406295,28.542497663811293],[-82.364768238045087,28.541984895235512],[-82.364762902226715,28.541982054716399],[-82.364757566408642,28.541979214197056],[-82.364752230609781,28.541976379178127],[-82.364746894811233,28.541973544158996],[-82.364741552783727,28.541970709156384],[-82.364736216985705,28.541967874136816],[-82.364730874977738,28.541965044634413],[-82.364725532970027,28.541962215131768],[-82.364720184752329,28.541959391146275],[-82.36471484276413,28.54195656714386],[-82.3647094883178,28.541953743174652],[-82.364704152559383,28.54195091915506],[-82.364698804361794,28.541948100669348],[-82.364693456145488,28.541945276682782],[-82.364688101738182,28.54194246371398],[-82.364682753541402,28.541939645227639],[-82.364677399134649,28.541936832258411],[-82.364672044728167,28.541934019288977],[-82.364666696570154,28.541931211803227],[-82.36466133593504,28.541928398850061],[-82.364655975300195,28.54192558589672],[-82.364650620951664,28.541922789428305],[-82.364645260336331,28.541919981975141],[-82.364639899740226,28.541917180022399],[-82.364634539163347,28.541914383570067],[-82.364629178567796,28.541911581616883],[-82.364623811762272,28.541908785180837],[-82.364618438708831,28.541905983260694],[-82.364613078189905,28.54190320330936],[-82.364607723843633,28.54190040683924],[-82.364602344599732,28.541897615936396],[-82.364596977814543,28.541894824999925],[-82.364591604819367,28.54189203958056],[-82.364586238072619,28.541889259644901],[-82.364580865040111,28.541886463223847],[-82.364575492083659,28.5418836888051],[-82.364570112860392,28.541880903401598],[-82.364564746133667,28.541878128965685],[-82.364562430966416,28.541876936033255],[-82.364559360700682,28.541875349079117],[-82.364553981516124,28.541872574676237],[-82.364548602331851,28.541869800273112],[-82.364543223128919,28.541867020369146],[-82.364537850212287,28.541864256950145],[-82.364532458589352,28.541861488080457],[-82.364527073214859,28.541858724694453],[-82.364521694050907,28.541855955790876],[-82.36451630244774,28.541853192421161],[-82.364510917074085,28.54185042903449],[-82.364505531719644,28.541847671148268],[-82.364500140136272,28.541844913278517],[-82.364494748553156,28.541842155408567],[-82.364489356970338,28.541839397538368],[-82.364483959177534,28.541836645185338],[-82.364478573843414,28.541833892798628],[-82.364473176070078,28.541831145945757],[-82.364467784507298,28.541828393575354],[-82.364462386734516,28.54182564672206],[-82.364456988980962,28.541822905369177],[-82.364451591208734,28.541820158515442],[-82.36444618722652,28.541817417178823],[-82.364440789492733,28.541814681325917],[-82.364435385511072,28.541811939988882],[-82.364429981529696,28.54180919865162],[-82.364424577586448,28.541806468315404],[-82.364419173624526,28.541803732478328],[-82.364413763452632,28.541801002158383],[-82.364408359510222,28.541798271821499],[-82.364402949338867,28.54179554150112],[-82.36439753918674,28.541792816681138],[-82.364392129034883,28.54179009186095],[-82.364386712654081,28.541787367057253],[-82.364381302521707,28.541784647737245],[-82.364375886141445,28.541781922933101],[-82.36437046979934,28.541779209130016],[-82.36436505343859,28.541776489826049],[-82.364359637097039,28.54177377602252],[-82.364354220755743,28.541771062218746],[-82.364348798185517,28.541768348431482],[-82.364343375634519,28.541765640144611],[-82.364337959312991,28.541762931840836],[-82.364332536762532,28.541760223553538],[-82.364327108002058,28.541757520783346],[-82.364321679241868,28.541754818012926],[-82.364316256711177,28.541752115225613],[-82.364310834199657,28.541749417938671],[-82.364305405440291,28.541746715167623],[-82.364299964260638,28.541744023431018],[-82.364294541749942,28.541741326143427],[-82.364289113029258,28.541738634372937],[-82.36428367807963,28.541735942618953],[-82.364278243130286,28.54173325086477],[-82.364272808200127,28.541730564610972],[-82.364267373270252,28.541727878356937],[-82.364261938340647,28.541725192102703],[-82.364256497201026,28.541722511365588],[-82.364251062290904,28.54171983061153],[-82.364245621151824,28.541717149873971],[-82.364240180013027,28.541714469136164],[-82.364229291563817,28.541709124178524]]]},"properties":{"OBJECTID":23,"GIS_LANDUSE_ALLFLU_AREA":null,"PERIMETER":null,"ALLFLU_":0,"ALLFLU_ID":0,"FLU":"com","ACREAGE":null,"LABEL":"Commercial","Id":0,"PARCEL_KEY":670802,"OWNER_NAME":"BUCKNER BROTHERS INC","MAIL_ADDR1":"11 N MAIN ST","MAIL_ADDR2":"BROOKSVILLE FL 34601-2808","MAIL_ADDR3":" ","MAIL_ADDR4":" ","EXIST_FLU":"res","EXIST_LBL":"Residential","EXIST_FLU_":" ","EXIST_LBL_":" ","Amend_Date":1592265600000,"Change_Type":"CPAM 2006","Feat_Type":"FR","ZONING":"C2","SITUS_ADDRESS":"CORTEZ BLVD","SPLIT_ZONE1":null,"SPLIT_ZONE2":null,"Shape_Length":831.99099134725259,"Shape_Area":43313.33023047827}},{"type":"Feature","id":24,"geometry":{"type":"Polygon","coordinates":[[[-82.357453046383824,28.540503536550315],[-82.357929367893831,28.540509047791335],[-82.357929318917286,28.540505615495377],[-82.357929155186312,28.540499101745255],[-82.357928891793776,28.540492589632937],[-82.357928531858931,28.540486080525426],[-82.357928073833833,28.540479577177106],[-82.357927516161197,28.540473079592125],[-82.357926861960252,28.540466589137392],[-82.357926109678402,28.540460107192196],[-82.357925259320268,28.540453635131641],[-82.357924312443217,28.540447172951684],[-82.357923267494556,28.540440722031544],[-82.357922126040933,28.540434285117438],[-82.357920886525079,28.540427862213473],[-82.357919550504278,28.54042145331556],[-82.357918117987836,28.540415061173988],[-82.357916588980459,28.540408687163911],[-82.357914965034738,28.540402329906055],[-82.357913244607388,28.540395993530034],[-82.357911429255736,28.540389678031712],[-82.3579095189844,28.540383384786242],[-82.357907512236096,28.540377113797728],[-82.357905413687405,28.540370866429015],[-82.357903218675716,28.540364645442725],[-82.357900931872948,28.540358450826542],[-82.357898551721775,28.540352282584568],[-82.35789607823159,28.540346143467097],[-82.357893511406971,28.540340034849294],[-82.35789085435789,28.540333955347801],[-82.357888105541036,28.540327909092181],[-82.357885264951733,28.540321894707262],[-82.357882334156599,28.540315914939267],[-82.357879314712918,28.540309969784037],[-82.357876205068052,28.54030406062093],[-82.357873005226708,28.540298188824966],[-82.357869718303419,28.54029235438804],[-82.357866344307496,28.540286560060416],[-82.357936144839258,28.540255986214387],[-82.357909213922653,28.540208806340811],[-82.357899762073188,28.540193874898193],[-82.357897000814262,28.540189214847107],[-82.357894320408676,28.540184517453277],[-82.357891722422977,28.540179785462961],[-82.357889206852477,28.540175017500932],[-82.357886773711158,28.540170217692701],[-82.357884424551628,28.540165384659023],[-82.357882157821251,28.540160519779153],[-82.35787997820114,28.540155625791108],[-82.357877881019434,28.540150702707209],[-82.357875870952654,28.540145751890261],[-82.357873946448109,28.540140774719589],[-82.357872109067742,28.540135772566202],[-82.357870357254271,28.54013074543424],[-82.357868692574229,28.540125696069918],[-82.357867116580266,28.540120623093955],[-82.357865629286266,28.540115530631855],[-82.357864229134989,28.540110418687696],[-82.357862917688337,28.540105288632589],[-82.357861696503562,28.540100140462354],[-82.357860564032677,28.540094976931471],[-82.3578595202803,28.540089799415099],[-82.357858566803728,28.540084607909087],[-82.357857703607564,28.54007940378866],[-82.357856930696471,28.540074188428932],[-82.357856248079699,28.540068964580254],[-82.357855657309898,28.540063730863341],[-82.357855155281783,28.540058490036699],[-82.357854745114523,28.540053243467323],[-82.357854425250835,28.540047991159337],[-82.357854197257311,28.540042735858876],[-82.35785405957661,28.540037477570092],[-82.357854013775309,28.540032219039201],[-82.357854058291494,28.540026958895137],[-82.357854194696344,28.54002170125926],[-82.357853307898537,28.539827020720214],[-82.35777556610374,28.539814459846752],[-82.357039618942466,28.53969555635318],[-82.357000792696283,28.540185219116978],[-82.357453046383824,28.540503536550315]]]},"properties":{"OBJECTID":24,"GIS_LANDUSE_ALLFLU_AREA":null,"PERIMETER":null,"ALLFLU_":null,"ALLFLU_ID":null,"FLU":"com","ACREAGE":null,"LABEL":"commercial","Id":null,"PARCEL_KEY":664338,"OWNER_NAME":"WESLEYAN BIBLE CONFERENCE ASSN INC","MAIL_ADDR1":"8225 WESLEY DR","MAIL_ADDR2":"BROOKSVILLE FL 34601-2798","MAIL_ADDR3":" ","MAIL_ADDR4":" ","EXIST_FLU":"res","EXIST_LBL":"residential","EXIST_FLU_":null,"EXIST_LBL_":null,"Amend_Date":null,"Change_Type":"CPAM 2006","Feat_Type":"FR","ZONING":"C2","SITUS_ADDRESS":"CORTEZ BLVD","SPLIT_ZONE1":null,"SPLIT_ZONE2":null,"Shape_Length":1053.115625499149,"Shape_Area":67140.241397238977}},{"type":"Feature","id":25,"geometry":{"type":"Polygon","coordinates":[[[-82.358085159907233,28.540510848357446],[-82.358556715942726,28.54051630395502],[-82.358559789660973,28.540242994500712],[-82.358563185995152,28.53994170771799],[-82.35854000706523,28.539937962444153],[-82.358535942511111,28.540242446886847],[-82.35808195796352,28.540442648354215],[-82.358082571028774,28.540448945017605],[-82.358083056758488,28.540454427915975],[-82.358083492655211,28.5404599109457],[-82.358083878756062,28.540465405108094],[-82.358084208776148,28.540470893917682],[-82.358084501458634,28.540476393827085],[-82.358084738060327,28.540481888383667],[-82.358084924847546,28.540487388572284],[-82.358085061783072,28.540492883391636],[-82.358085148904124,28.540498383843055],[-82.3580851924212,28.540503884409429],[-82.358085159907233,28.540510848357446]]]},"properties":{"OBJECTID":25,"GIS_LANDUSE_ALLFLU_AREA":null,"PERIMETER":null,"ALLFLU_":null,"ALLFLU_ID":null,"FLU":"com","ACREAGE":null,"LABEL":"commercial","Id":null,"PARCEL_KEY":1355562,"OWNER_NAME":"STENHOLM JOYCE TTEE, STENHOLM RICHARD A","MAIL_ADDR1":"PO BOX 577","MAIL_ADDR2":"BROOKSVILLE FL 34605","MAIL_ADDR3":" ","MAIL_ADDR4":" ","EXIST_FLU":"res","EXIST_LBL":"residential","EXIST_FLU_":null,"EXIST_LBL_":null,"Amend_Date":null,"Change_Type":"CPAM 2006","Feat_Type":"FR","ZONING":"C2","SITUS_ADDRESS":"REDBUD LN","SPLIT_ZONE1":null,"SPLIT_ZONE2":null,"Shape_Length":666.38152316925698,"Shape_Area":10583.597353868807}},{"type":"Feature","id":26,"geometry":{"type":"Polygon","coordinates":[[[-82.357444615991398,28.540962365054089],[-82.357442850923249,28.541065056411409],[-82.357920591029398,28.541063798095564],[-82.357925721045191,28.540786511755758],[-82.357448581729159,28.540780843142926],[-82.357444615991398,28.540962365054089]]]},"properties":{"OBJECTID":26,"GIS_LANDUSE_ALLFLU_AREA":null,"PERIMETER":null,"ALLFLU_":null,"ALLFLU_ID":null,"FLU":"com","ACREAGE":null,"LABEL":"commercial","Id":null,"PARCEL_KEY":664043,"OWNER_NAME":"WESLEYAN BIBLE CONFERENCE ASSN INC","MAIL_ADDR1":"8225 WESLEY DR","MAIL_ADDR2":"BROOKSVILLE FL 34601-2798","MAIL_ADDR3":" ","MAIL_ADDR4":" ","EXIST_FLU":"res","EXIST_LBL":"residential","EXIST_FLU_":null,"EXIST_LBL_":null,"Amend_Date":null,"Change_Type":"CPAM 2006","Feat_Type":"FR","ZONING":"C2","SITUS_ADDRESS":"REDBUD LN","SPLIT_ZONE1":null,"SPLIT_ZONE2":null,"Shape_Length":510.78403669635742,"Shape_Area":15654.21377120434}},{"type":"Feature","id":27,"geometry":{"type":"Polygon","coordinates":[[[-82.354512500666658,28.541270204090427],[-82.355779870440742,28.541277989998729],[-82.355775634020588,28.540849544770388],[-82.355747372385693,28.539486764296377],[-82.354522432742058,28.539286150753984],[-82.354512500666658,28.541270204090427]]]},"properties":{"OBJECTID":27,"GIS_LANDUSE_ALLFLU_AREA":null,"PERIMETER":null,"ALLFLU_":null,"ALLFLU_ID":null,"FLU":"com","ACREAGE":null,"LABEL":"commercial","Id":null,"PARCEL_KEY":904150,"OWNER_NAME":"MATTHEWS FAMILY LIMITED PARTNERSHIP LTD","MAIL_ADDR1":"6134 BEAR TRL","MAIL_ADDR2":"WEEKI WACHEE FL 34607","MAIL_ADDR3":" ","MAIL_ADDR4":" ","EXIST_FLU":"res","EXIST_LBL":"residential","EXIST_FLU_":null,"EXIST_LBL_":null,"Amend_Date":null,"Change_Type":"CPAM 2006","Feat_Type":"FR","ZONING":null,"SITUS_ADDRESS":"23091 CORTEZ BLVD","SPLIT_ZONE1":"C2","SPLIT_ZONE2":"AG","Shape_Length":2179.6845882992261,"Shape_Area":274836.62994432286}},{"type":"Feature","id":28,"geometry":{"type":"Polygon","coordinates":[[[-82.357854194696344,28.54002170125926],[-82.357854058291494,28.540026958895137],[-82.357854013775309,28.540032219039201],[-82.35785405957661,28.540037477570092],[-82.357854197257311,28.540042735858876],[-82.357854425250835,28.540047991159337],[-82.357854745114523,28.540053243467323],[-82.357855155281783,28.540058490036699],[-82.357855657309898,28.540063730863341],[-82.357856248079699,28.540068964580254],[-82.357856930696471,28.540074188428932],[-82.357857703607564,28.54007940378866],[-82.357858566803728,28.540084607909087],[-82.3578595202803,28.540089799415099],[-82.357860564032677,28.540094976931471],[-82.357861696503562,28.540100140462354],[-82.357862917688337,28.540105288632589],[-82.357864229134989,28.540110418687696],[-82.357865629286266,28.540115530631855],[-82.357867116580266,28.540120623093955],[-82.357868692574229,28.540125696069918],[-82.357870357254271,28.54013074543424],[-82.357872109067742,28.540135772566202],[-82.357873946448109,28.540140774719589],[-82.357875870952654,28.540145751890261],[-82.357877881019434,28.540150702707209],[-82.35787997820114,28.540155625791108],[-82.357882157821251,28.540160519779153],[-82.357884424551628,28.540165384659023],[-82.357886773711158,28.540170217692701],[-82.357889206852477,28.540175017500932],[-82.357891722422977,28.540179785462961],[-82.357894320408676,28.540184517453277],[-82.357897000814262,28.540189214847107],[-82.357899762073188,28.540193874898193],[-82.357909213922653,28.540208806340811],[-82.357936144839258,28.540255986214387],[-82.358005946883011,28.540225410953482],[-82.358288478266999,28.540105054901598],[-82.358291327623405,28.539897787207405],[-82.357931049706622,28.539839580173837],[-82.357861349454666,28.539828319693441],[-82.357853307898537,28.539827020720214],[-82.357854194696344,28.54002170125926]]]},"properties":{"OBJECTID":28,"GIS_LANDUSE_ALLFLU_AREA":null,"PERIMETER":null,"ALLFLU_":null,"ALLFLU_ID":null,"FLU":"com","ACREAGE":null,"LABEL":"commercial","Id":null,"PARCEL_KEY":664356,"OWNER_NAME":"WESLEYAN BIBLE CONFERENCE ASSN INC","MAIL_ADDR1":"8225 WESLEY DR","MAIL_ADDR2":"BROOKSVILLE FL 34601-2798","MAIL_ADDR3":" ","MAIL_ADDR4":" ","EXIST_FLU":"res","EXIST_LBL":"residential","EXIST_FLU_":null,"EXIST_LBL_":null,"Amend_Date":null,"Change_Type":"CPAM 2006","Feat_Type":"FR","ZONING":"C2","SITUS_ADDRESS":"CORTEZ BLVD","SPLIT_ZONE1":null,"SPLIT_ZONE2":null,"Shape_Length":505.30326224203424,"Shape_Area":16146.47520426695}},{"type":"Feature","id":29,"geometry":{"type":"Polygon","coordinates":[[[-82.358069937346357,28.54134398310276],[-82.358547339698177,28.541349313279635],[-82.358550466967728,28.541071575669431],[-82.358077206835134,28.541065811020836],[-82.358069937346357,28.54134398310276]]]},"properties":{"OBJECTID":29,"GIS_LANDUSE_ALLFLU_AREA":null,"PERIMETER":null,"ALLFLU_":null,"ALLFLU_ID":null,"FLU":"com","ACREAGE":null,"LABEL":"commercial","Id":null,"PARCEL_KEY":664445,"OWNER_NAME":"STENHOLM JOYCE TTEE, STENHOLM RICHARD A","MAIL_ADDR1":"PO BOX 577","MAIL_ADDR2":"BROOKSVILLE FL 34605-0577","MAIL_ADDR3":" ","MAIL_ADDR4":" ","EXIST_FLU":"res","EXIST_LBL":"residential","EXIST_FLU_":null,"EXIST_LBL_":null,"Amend_Date":null,"Change_Type":"CPAM 2006","Feat_Type":"FR","ZONING":"C2","SITUS_ADDRESS":"REDBUD LN","SPLIT_ZONE1":null,"SPLIT_ZONE2":null,"Shape_Length":507.41091500547611,"Shape_Area":15426.879881894367}},{"type":"Feature","id":30,"geometry":{"type":"Polygon","coordinates":[[[-82.356709736897713,28.540912689979063],[-82.357289022830329,28.540951847405086],[-82.357444615991398,28.540962365054089],[-82.357448581729159,28.540780843142926],[-82.357453046383824,28.540503536550315],[-82.357000792696283,28.540185219116978],[-82.357039618942466,28.53969555635318],[-82.356882652407407,28.539670195494075],[-82.356569232181698,28.539619555768802],[-82.355747372385693,28.539486764296377],[-82.355775634020588,28.540849544770388],[-82.356091352579114,28.54087088501673],[-82.356207519621123,28.540878737867992],[-82.356709736897713,28.540912689979063]]]},"properties":{"OBJECTID":30,"GIS_LANDUSE_ALLFLU_AREA":null,"PERIMETER":null,"ALLFLU_":null,"ALLFLU_ID":null,"FLU":"com","ACREAGE":null,"LABEL":"commercial","Id":null,"PARCEL_KEY":665177,"OWNER_NAME":"WESLEYAN BIBLE CONFERENCE ASSOC INC","MAIL_ADDR1":"8225 WESLEY DR","MAIL_ADDR2":"BROOKSVILLE FL 34601-2798","MAIL_ADDR3":" ","MAIL_ADDR4":" ","EXIST_FLU":"res","EXIST_LBL":"residential","EXIST_FLU_":null,"EXIST_LBL_":null,"Amend_Date":null,"Change_Type":"CPAM 2006","Feat_Type":"FR","ZONING":"C2","SITUS_ADDRESS":"23053 CORTEZ BLVD","SPLIT_ZONE1":null,"SPLIT_ZONE2":null,"Shape_Length":1985.8105631435994,"Shape_Area":221028.92029668795}},{"type":"Feature","id":31,"geometry":{"type":"Polygon","coordinates":[[[-82.352129404817603,28.540365873634155],[-82.353194520782523,28.540432977322652],[-82.353256148758362,28.539066848842634],[-82.352247741197488,28.538901565267601],[-82.352129404817603,28.540365873634155]]]},"properties":{"OBJECTID":31,"GIS_LANDUSE_ALLFLU_AREA":null,"PERIMETER":null,"ALLFLU_":null,"ALLFLU_ID":null,"FLU":"com","ACREAGE":null,"LABEL":"commercial","Id":null,"PARCEL_KEY":1386253,"OWNER_NAME":"SBA TOWERS VIII LLC","MAIL_ADDR1":"8051 CONGRESS AVE","MAIL_ADDR2":"BOCA RATON FL 33487","MAIL_ADDR3":" ","MAIL_ADDR4":" ","EXIST_FLU":"rur","EXIST_LBL":"rural","EXIST_FLU_":null,"EXIST_LBL_":null,"Amend_Date":null,"Change_Type":"CPAM 2006","Feat_Type":"FR","ZONING":"C4","SITUS_ADDRESS":"CORTEZ BLVD","SPLIT_ZONE1":null,"SPLIT_ZONE2":null,"Shape_Length":1703.0248985135597,"Shape_Area":172506.13230492698}},{"type":"Feature","id":32,"geometry":{"type":"Polygon","coordinates":[[[-82.352011091991812,28.541830687604875],[-82.352030378610195,28.541830923644621],[-82.353177595831568,28.541844875942289],[-82.353209334784239,28.541141069152943],[-82.353162653654053,28.541139424841784],[-82.353194520782523,28.540432977322652],[-82.352129404817603,28.540365873634155],[-82.352011091991812,28.541830687604875]]]},"properties":{"OBJECTID":32,"GIS_LANDUSE_ALLFLU_AREA":null,"PERIMETER":null,"ALLFLU_":null,"ALLFLU_ID":null,"FLU":"com","ACREAGE":null,"LABEL":"commercial","Id":null,"PARCEL_KEY":671035,"OWNER_NAME":"SBA TOWERS VIII LLC","MAIL_ADDR1":"8051 CONGRESS AVE","MAIL_ADDR2":"BOCA RATON FL 33487","MAIL_ADDR3":" ","MAIL_ADDR4":" ","EXIST_FLU":"rur","EXIST_LBL":"rural","EXIST_FLU_":"res","EXIST_LBL_":"residential","Amend_Date":null,"Change_Type":"CPAM 2006","Feat_Type":"FR","ZONING":"C4","SITUS_ADDRESS":"CORTEZ BLVD","SPLIT_ZONE1":null,"SPLIT_ZONE2":null,"Shape_Length":1779.520190905889,"Shape_Area":187670.07187258257}},{"type":"Feature","id":33,"geometry":{"type":"Polygon","coordinates":[[[-82.357448581729159,28.540780843142926],[-82.357925721045191,28.540786511755758],[-82.357929351341198,28.54051889405423],[-82.357929388811002,28.540513393274324],[-82.357929367893831,28.540509047791335],[-82.357453046383824,28.540503536550315],[-82.357448581729159,28.540780843142926]]]},"properties":{"OBJECTID":33,"GIS_LANDUSE_ALLFLU_AREA":null,"PERIMETER":null,"ALLFLU_":null,"ALLFLU_ID":null,"FLU":"com","ACREAGE":null,"LABEL":"commercial","Id":null,"PARCEL_KEY":664141,"OWNER_NAME":"WESLEYAN BIBLE CONFERENCE ASSN INC","MAIL_ADDR1":"8225 WESLEY DR","MAIL_ADDR2":"BROOKSVILLE FL 34601-2798","MAIL_ADDR3":" ","MAIL_ADDR4":" ","EXIST_FLU":"res","EXIST_LBL":"residential","EXIST_FLU_":null,"EXIST_LBL_":null,"Amend_Date":null,"Change_Type":"CPAM 2006","Feat_Type":"FR","ZONING":"C2","SITUS_ADDRESS":"REDBUD LN","SPLIT_ZONE1":null,"SPLIT_ZONE2":null,"Shape_Length":507.88236352908905,"Shape_Area":15441.785434594083}},{"type":"Feature","id":34,"geometry":{"type":"Polygon","coordinates":[[[-82.358081370363692,28.540788362205799],[-82.358553588428492,28.540793964578917],[-82.358556715942726,28.54051630395502],[-82.358085159907233,28.540510848357446],[-82.358085117497794,28.540514885969234],[-82.358085005286398,28.540520386946213],[-82.358081370363692,28.540788362205799]]]},"properties":{"OBJECTID":34,"GIS_LANDUSE_ALLFLU_AREA":null,"PERIMETER":null,"ALLFLU_":null,"ALLFLU_ID":null,"FLU":"com","ACREAGE":null,"LABEL":"commercial","Id":null,"PARCEL_KEY":664392,"OWNER_NAME":"STENHOLM JOYCE TTEE, STENHOLM RICHARD A","MAIL_ADDR1":"PO BOX 577","MAIL_ADDR2":"BROOKSVILLE FL 34605-0577","MAIL_ADDR3":" ","MAIL_ADDR4":" ","EXIST_FLU":"res","EXIST_LBL":"residential","EXIST_FLU_":null,"EXIST_LBL_":null,"Amend_Date":null,"Change_Type":"CPAM 2006","Feat_Type":"FR","ZONING":"C2","SITUS_ADDRESS":"REDBUD LN","SPLIT_ZONE1":null,"SPLIT_ZONE2":null,"Shape_Length":504.91395036421665,"Shape_Area":15294.199006083389}},{"type":"Feature","id":35,"geometry":{"type":"Polygon","coordinates":[[[-82.353588775800119,28.5418498731872],[-82.354344099870303,28.541859054256435],[-82.35434871551594,28.540866801753257],[-82.353361987238202,28.540866319995569],[-82.353349378145651,28.541145990988841],[-82.353209334784239,28.541141069152943],[-82.353177595831568,28.541844875942289],[-82.353588775800119,28.5418498731872]]]},"properties":{"OBJECTID":35,"GIS_LANDUSE_ALLFLU_AREA":null,"PERIMETER":null,"ALLFLU_":null,"ALLFLU_ID":null,"FLU":"com","ACREAGE":null,"LABEL":"commercial","Id":null,"PARCEL_KEY":1052960,"OWNER_NAME":"BUCKNER ROBERT A","MAIL_ADDR1":"11 N MAIN ST","MAIL_ADDR2":"BROOKSVILLE FL 34601-2808","MAIL_ADDR3":" ","MAIL_ADDR4":" ","EXIST_FLU":"res","EXIST_LBL":"residential","EXIST_FLU_":null,"EXIST_LBL_":null,"Amend_Date":null,"Change_Type":"CPAM 2006","Feat_Type":"FR","ZONING":"C4","SITUS_ADDRESS":"CORTEZ BLVD","SPLIT_ZONE1":null,"SPLIT_ZONE2":null,"Shape_Length":1455.0151908762427,"Shape_Area":127400.56803999718}},{"type":"Feature","id":36,"geometry":{"type":"Polygon","coordinates":[[[-82.354344099870303,28.541859054256435],[-82.354509462694466,28.54186105946631],[-82.354522432742058,28.539286150753984],[-82.354356204593486,28.539258899655373],[-82.35434871551594,28.540866801753257],[-82.354344099870303,28.541859054256435]]]},"properties":{"OBJECTID":36,"GIS_LANDUSE_ALLFLU_AREA":null,"PERIMETER":null,"ALLFLU_":null,"ALLFLU_ID":null,"FLU":"com","ACREAGE":null,"LABEL":"commercial","Id":null,"PARCEL_KEY":1403608,"OWNER_NAME":"WESLEYAN BIBLE CONF ASSOC","MAIL_ADDR1":"8225 WESLEY DR","MAIL_ADDR2":"BROOKSVILLE FL 34601-2798","MAIL_ADDR3":" ","MAIL_ADDR4":" ","EXIST_FLU":"res","EXIST_LBL":"residential","EXIST_FLU_":null,"EXIST_LBL_":null,"Amend_Date":null,"Change_Type":"CPAM 2006","Feat_Type":"FR","ZONING":"CPDP","SITUS_ADDRESS":"CORTEZ BLVD","SPLIT_ZONE1":null,"SPLIT_ZONE2":null,"Shape_Length":1989.0141091672094,"Shape_Area":50103.011859742612}},{"type":"Feature","id":37,"geometry":{"type":"Polygon","coordinates":[[[-82.353361987238202,28.540866319995569],[-82.35434871551594,28.540866801753257],[-82.354356204593486,28.539258899655373],[-82.354356246256387,28.539247150087036],[-82.353441796842375,28.539097274152859],[-82.353361987238202,28.540866319995569]]]},"properties":{"OBJECTID":37,"GIS_LANDUSE_ALLFLU_AREA":null,"PERIMETER":null,"ALLFLU_":null,"ALLFLU_ID":null,"FLU":"com","ACREAGE":null,"LABEL":"commercial","Id":null,"PARCEL_KEY":1315918,"OWNER_NAME":"BUCKNER ROBERT A","MAIL_ADDR1":"11 N MAIN ST","MAIL_ADDR2":"BROOKSVILLE FL 34601-2808","MAIL_ADDR3":" ","MAIL_ADDR4":" ","EXIST_FLU":"res","EXIST_LBL":"residential","EXIST_FLU_":null,"EXIST_LBL_":null,"Amend_Date":null,"Change_Type":"CPAM 2006","Feat_Type":"FR","ZONING":"C4","SITUS_ADDRESS":"23163 CORTEZ BLVD","SPLIT_ZONE1":null,"SPLIT_ZONE2":null,"Shape_Length":1848.0494987950992,"Shape_Area":188408.1862869114}},{"type":"Feature","id":38,"geometry":{"type":"Polygon","coordinates":[[[-82.35013020795607,28.538549801864932],[-82.350130214180183,28.538551684458429],[-82.350130224962399,28.538553532660892],[-82.350130230804623,28.538555299740963],[-82.35013023385963,28.538557165840569],[-82.350130236812475,28.538558530002902],[-82.350130238992406,28.538559660388106],[-82.350130283962983,28.538565726152854],[-82.350130316900689,28.538571449530956],[-82.350130320985798,28.538572214115682],[-82.350130323463617,28.538572963577643],[-82.350130337066645,28.538577078055177],[-82.350130356557372,28.538582973364331],[-82.350130373511163,28.538588101334465],[-82.350130393283763,28.538594081903518],[-82.35013040237672,28.538596832222705],[-82.350130412951827,28.538600030843931],[-82.350130425036355,28.538603686018096],[-82.350130452851701,28.538612099244446],[-82.350138713865775,28.540368359877998],[-82.352004285904144,28.540366042611083],[-82.352129404817603,28.540365873634155],[-82.352247741197488,28.538901565267601],[-82.350130202116034,28.538548506468594],[-82.35013020795607,28.538549801864932]]]},"properties":{"OBJECTID":38,"GIS_LANDUSE_ALLFLU_AREA":null,"PERIMETER":null,"ALLFLU_":null,"ALLFLU_ID":null,"FLU":"com","ACREAGE":null,"LABEL":"commercial","Id":null,"PARCEL_KEY":904105,"OWNER_NAME":"DANIEL W CLYDE TTEE, DANIEL DORIS TTEE","MAIL_ADDR1":"5025 BASEBALL POND RD","MAIL_ADDR2":"BROOKSVILLE FL 34602-7966","MAIL_ADDR3":" ","MAIL_ADDR4":" ","EXIST_FLU":"rur","EXIST_LBL":"rural","EXIST_FLU_":null,"EXIST_LBL_":null,"Amend_Date":null,"Change_Type":"CPAM 2006","Feat_Type":"FR","ZONING":null,"SITUS_ADDRESS":"23203 CORTEZ BLVD","SPLIT_ZONE1":"AG","SPLIT_ZONE2":"C2","Shape_Length":2526.5120027122107,"Shape_Area":394895.83985060832}},{"type":"Feature","id":39,"geometry":{"type":"Polygon","coordinates":[[[-82.358077206835134,28.541065811020836],[-82.358550466967728,28.541071575669431],[-82.358553588428492,28.540793964578917],[-82.358081370363692,28.540788362205799],[-82.358077206835134,28.541065811020836]]]},"properties":{"OBJECTID":39,"GIS_LANDUSE_ALLFLU_AREA":null,"PERIMETER":null,"ALLFLU_":null,"ALLFLU_ID":null,"FLU":"com","ACREAGE":null,"LABEL":"commercial","Id":null,"PARCEL_KEY":664427,"OWNER_NAME":"STENHOLM JOYCE TTEE, STENHOLM RICHARD A","MAIL_ADDR1":"PO BOX 577","MAIL_ADDR2":"BROOKSVILLE FL 34605-0577","MAIL_ADDR3":" ","MAIL_ADDR4":" ","EXIST_FLU":"res","EXIST_LBL":"residential","EXIST_FLU_":null,"EXIST_LBL_":null,"Amend_Date":null,"Change_Type":"CPAM 2006","Feat_Type":"FR","ZONING":"C2","SITUS_ADDRESS":"REDBUD LN","SPLIT_ZONE1":null,"SPLIT_ZONE2":null,"Shape_Length":505.42156404170703,"Shape_Area":15318.411519729916}},{"type":"Feature","id":40,"geometry":{"type":"Polygon","coordinates":[[[-82.353194520782523,28.540432977322652],[-82.353162653654053,28.541139424841784],[-82.353209334784239,28.541141069152943],[-82.353349378145651,28.541145990988841],[-82.353361987238202,28.540866319995569],[-82.353441796842375,28.539097274152859],[-82.353256148758362,28.539066848842634],[-82.353194520782523,28.540432977322652]]]},"properties":{"OBJECTID":40,"GIS_LANDUSE_ALLFLU_AREA":null,"PERIMETER":null,"ALLFLU_":null,"ALLFLU_ID":null,"FLU":"com","ACREAGE":null,"LABEL":"commercial","Id":null,"PARCEL_KEY":1386262,"OWNER_NAME":"BUCKNER ROBERT A","MAIL_ADDR1":"11 N MAIN ST","MAIL_ADDR2":"BROOKSVILLE FL 34601-2808","MAIL_ADDR3":" ","MAIL_ADDR4":" ","EXIST_FLU":"rur","EXIST_LBL":"rural","EXIST_FLU_":"res","EXIST_LBL_":"residential","Amend_Date":null,"Change_Type":"CPAM 2006","Feat_Type":"FR","ZONING":"C4","SITUS_ADDRESS":"CORTEZ BLVD","SPLIT_ZONE1":null,"SPLIT_ZONE2":null,"Shape_Length":1620.2843053555439,"Shape_Area":44988.703278567824}}]}