{"type":"FeatureCollection","features":[{"type":"Feature","id":1,"geometry":{"type":"LineString","coordinates":[[-82.249809557650423,28.520229988861615],[-82.249734038515598,28.520230738585095],[-82.249662799273025,28.520204237603526],[-82.249610112218036,28.520177688966314],[-82.249631911799611,28.52009635093809],[-82.249663566784619,28.520037365816215],[-82.249713927810831,28.520009855409391],[-82.249809726598315,28.519981779592943],[-82.249957299466843,28.519917206832705],[-82.250020301802579,28.519898578331077],[-82.250097171625029,28.519893626433944],[-82.250240454901814,28.519896823112557],[-82.25034908374451,28.519945460793156],[-82.25036294449707,28.519958854074417],[-82.250358434839399,28.520040133289481],[-82.250306784281534,28.520108156335802],[-82.250252890757423,28.520117612966498],[-82.250169251396187,28.520145551205566],[-82.249920287746036,28.520188320510428],[-82.249809557650423,28.520229988861615]]},"properties":{"OBJECTID_1":1,"OBJECTID":10028,"QUADNUMBER":0,"ELEVATION":70,"ORGCONT":0,"DEPRESSION":1,"HILLTOP":0,"INTERVAL":0,"UNIT":" ","DATESTAMP":1078790400000,"ShapeSTLen":590.64469130693669,"Shape_Length":590.64469131477438}},{"type":"Feature","id":2,"geometry":{"type":"LineString","coordinates":[[-82.249810204566515,28.529309950955959],[-82.249713050025406,28.529342506710258],[-82.249612126724614,28.529370512467725],[-82.24952136713668,28.529443398468505],[-82.249478537972905,28.529480010463363],[-82.249406833013083,28.529521319846815],[-82.24937327255337,28.529539481643273],[-82.249335214850433,28.5295578556169],[-82.249237348145883,28.529594911441301],[-82.249174893072862,28.529618049408612],[-82.248884306689888,28.529661416562405],[-82.248663001105015,28.529654437059921],[-82.248582434438305,28.52965061058611],[-82.248426412086033,28.529643034773077],[-82.248379683704016,28.529643574106057],[-82.248295974713429,28.529675733397497],[-82.248215722552146,28.529771257256787],[-82.248123087931276,28.529880422811846],[-82.247917300007458,28.530022217104371],[-82.247803628589892,28.530086645468604],[-82.247775245740527,28.530100363291435],[-82.247536389339658,28.530228797616793],[-82.247496840837684,28.530260947218572],[-82.247339745278097,28.530438252204501],[-82.247257004350686,28.530529238512035],[-82.247221433264727,28.530552156098992],[-82.247132018434442,28.530620541659406],[-82.24703592128796,28.53066662246691],[-82.246918355817513,28.530694697999852],[-82.2468350788224,28.530700127184499],[-82.246657223058051,28.530697347999027],[-82.246382391011366,28.530636494405094],[-82.24616815739445,28.530548268734542],[-82.246074854998128,28.530540063109875],[-82.246039364122751,28.530558474824026],[-82.246030171575782,28.530612676515034],[-82.246043989136894,28.530707406953915],[-82.246106316052789,28.530810616390298],[-82.246182413254033,28.530972260294558],[-82.246215612520075,28.531175017050078],[-82.246266897535193,28.531486061439132],[-82.246233991633844,28.531779733060652],[-82.246205743702589,28.531824966581357],[-82.246080134545821,28.532033894412219],[-82.246059930852567,28.532214597102595],[-82.246117371550341,28.532263718761996],[-82.246389510968172,28.532333252004573],[-82.246540176499281,28.53239508444095],[-82.246594003631756,28.532430656498668],[-82.246642773227791,28.532461932621906],[-82.246798946214923,28.532618389290697],[-82.246911359362045,28.532671572335239],[-82.247007223690346,28.53267952817929],[-82.24703986502702,28.532679372264298],[-82.247187734567234,28.532637320072467],[-82.247230335367504,28.532614491668198],[-82.247245774282447,28.532609619768024],[-82.247391077521954,28.532567816562583],[-82.24740459609626,28.532563207115547],[-82.247556802467656,28.53253020889175],[-82.247585667884138,28.532525505583507],[-82.247605592500207,28.532520691337204],[-82.247776427338081,28.532483145369014],[-82.247892197378292,28.532486559760443],[-82.248080723138131,28.532502706848263],[-82.248167401628052,28.532524617201428],[-82.248230974019805,28.53255102010289],[-82.248339384672178,28.532653968286294],[-82.248410504275412,28.532648667788745],[-82.248516853691967,28.532561911124645],[-82.248720563727758,28.532469893209964],[-82.248858342942924,28.532418993024457],[-82.249049941523481,28.532363133988461],[-82.249281594486774,28.532324657977505],[-82.249371985009347,28.532314810777166],[-82.249502128450601,28.532300110769533],[-82.24964125034073,28.532244723563906],[-82.249681805103819,28.53219035211086],[-82.249680688363526,28.532140522966994],[-82.249666986251412,28.532077597737125],[-82.249593619521164,28.53202405647615],[-82.249530403223986,28.532015666202611],[-82.249488681298317,28.531943666992412],[-82.249437787168659,28.531885623163568],[-82.24943490882697,28.531786243972959],[-82.249467917854645,28.531763584075794],[-82.249516993947097,28.531736056272919],[-82.249599435450634,28.531703590862058],[-82.249656683597948,28.531685176131877],[-82.24969274987383,28.531671270543622],[-82.249836873984137,28.531587532129908],[-82.249941876479696,28.531461347876828],[-82.250210456095346,28.531314424161852],[-82.250386021979082,28.531181813888242],[-82.250462858315458,28.531100038713994],[-82.250512375724412,28.531045493472494],[-82.250567031221962,28.530950215820372],[-82.250579127500757,28.530913784711885],[-82.250609186520535,28.530796241887312],[-82.25060497328522,28.530660827242357],[-82.250579084964073,28.530480674517431],[-82.25055449745949,28.530417613337587],[-82.25048450293383,28.530274060821416],[-82.25021451933948,28.529793685063705],[-82.250187608818266,28.529676566671821],[-82.250187371544769,28.529374036302059],[-82.250177498757537,28.529351679887014],[-82.250139328390375,28.529298013607306],[-82.250080355849505,28.529276589481633],[-82.250030994181728,28.529268723452443],[-82.24996072890508,28.529278719033066],[-82.249810204566515,28.529309950955959]]},"properties":{"OBJECTID_1":2,"OBJECTID":11174,"QUADNUMBER":0,"ELEVATION":80,"ORGCONT":0,"DEPRESSION":1,"HILLTOP":0,"INTERVAL":0,"UNIT":" ","DATESTAMP":1078790400000,"ShapeSTLen":4736.9363550288181,"Shape_Length":4736.9363550317366}},{"type":"Feature","id":3,"geometry":{"type":"LineString","coordinates":[[-82.235756334625549,28.519217179862594],[-82.235739769976149,28.519212744684062],[-82.235695830791627,28.519199814456357],[-82.23566582151453,28.519195492826025],[-82.235621465497374,28.519168768185938],[-82.235603570261034,28.519128297284347],[-82.235640913306284,28.519114420268],[-82.235709311148014,28.519118372122076],[-82.235758659869731,28.519113365991853],[-82.235809075635657,28.519121878788976],[-82.235845598725049,28.519157792951617],[-82.235857958179395,28.519184684055116],[-82.235846001972405,28.519211833931671],[-82.235808510388466,28.519234718509427],[-82.235756334625549,28.519217179862594]]},"properties":{"OBJECTID_1":3,"OBJECTID":11187,"QUADNUMBER":0,"ELEVATION":90,"ORGCONT":0,"DEPRESSION":0,"HILLTOP":0,"INTERVAL":0,"UNIT":" ","DATESTAMP":1078790400000,"ShapeSTLen":201.95134363894246,"Shape_Length":201.95134363844093}},{"type":"Feature","id":4,"geometry":{"type":"LineString","coordinates":[[-82.247301616749056,28.497110447318136],[-82.247197834382206,28.497248303338999],[-82.24717742634256,28.497284358710722],[-82.247122582022584,28.497352615739082],[-82.247066408534991,28.497542710652684],[-82.247084459145597,28.497732055238963],[-82.247192679577935,28.497884528219856],[-82.247219612619077,28.497920322441303],[-82.247285916101063,28.497974054169632],[-82.247365387797601,28.498004878271924],[-82.247483384938491,28.498026342484881],[-82.247512035503007,28.498035140581724],[-82.247586824119921,28.498038885395754],[-82.248011536775692,28.498043919597702],[-82.248276598237723,28.498149943864359],[-82.24857839112336,28.498359155598727],[-82.248705224658991,28.49850707253011],[-82.24872221903415,28.498524731129187],[-82.248766910174083,28.498569475449855],[-82.24889617197347,28.498726432920773],[-82.248974338456605,28.498838287797184],[-82.249004115757174,28.498856110634492],[-82.249198125496051,28.499242386400127],[-82.249258826394311,28.499444919702839],[-82.249277642580296,28.499507915323687],[-82.249304336644741,28.499598014849738],[-82.249332904656967,28.499651842735258],[-82.249359462409046,28.499710426082775],[-82.249381358301918,28.499741660498234],[-82.249427121869999,28.499799923450887],[-82.24947565668694,28.499844711907219],[-82.249535787484191,28.499884856313891],[-82.249571818841531,28.499911481705805],[-82.249674527101106,28.499969331401971],[-82.249735525527385,28.499995703346436],[-82.249797719495803,28.50002658301652],[-82.250183539036442,28.500063767661207],[-82.250663601865824,28.499969013450645],[-82.251051236190165,28.499893369539532],[-82.251377855905716,28.499872393515762],[-82.25154750446697,28.499825540917399],[-82.251934971189257,28.49964154410501],[-82.25210604518773,28.499585707971811],[-82.252338596503208,28.499565531214309],[-82.252508040569964,28.49949194655354],[-82.252585990747463,28.499418898083931],[-82.25270968947639,28.499246246940448],[-82.252786580024747,28.499119163936872],[-82.252940435866421,28.498901287507142],[-82.253249652141633,28.498609659334317],[-82.253342022878115,28.498554528615141],[-82.253419971793818,28.498481479665223],[-82.253512335843837,28.498426626766776],[-82.253574635022161,28.498371974269894],[-82.253829832828018,28.498207038167823]]},"properties":{"OBJECTID_1":4,"OBJECTID":11573,"QUADNUMBER":0,"ELEVATION":90,"ORGCONT":0,"DEPRESSION":0,"HILLTOP":0,"INTERVAL":0,"UNIT":" ","DATESTAMP":1078790400000,"ShapeSTLen":31006.213305945534,"Shape_Length":3101.1757922141055}},{"type":"Feature","id":5,"geometry":{"type":"LineString","coordinates":[[-82.268592318197847,28.510105391843574],[-82.268645128399953,28.510163735302807],[-82.268651838144081,28.510384733454217],[-82.268644649728643,28.510434449041803],[-82.268630337111205,28.510529395414043],[-82.268600016237187,28.510664941225656],[-82.268532735243795,28.510751355888264],[-82.268503162790793,28.510760559627471],[-82.26837987186353,28.510748343541536],[-82.268325482442918,28.510708271155899],[-82.268238488792818,28.510587025541877],[-82.268224346352795,28.51055111921697],[-82.268215479704494,28.510424925177166],[-82.268257883143377,28.510293473012101],[-82.268384188071323,28.510157138579643],[-82.268533442371947,28.510106069457901],[-82.268592318197847,28.510105391843574]]},"properties":{"OBJECTID_1":5,"OBJECTID":13123,"QUADNUMBER":0,"ELEVATION":150,"ORGCONT":0,"DEPRESSION":0,"HILLTOP":0,"INTERVAL":0,"UNIT":" ","DATESTAMP":1078790400000,"ShapeSTLen":617.66765570541429,"Shape_Length":617.6676557063189}},{"type":"Feature","id":6,"geometry":{"type":"LineString","coordinates":[[-82.248648715379176,28.535254759179946],[-82.24855881345789,28.535273618549777],[-82.248449314449672,28.53539663004366],[-82.248435437599909,28.53542375198651],[-82.248411447665205,28.535482557563412],[-82.248409703060616,28.535590877507317],[-82.248433659010843,28.535613412199861],[-82.24850839483544,28.535621660978858],[-82.248602207281039,28.535598350428526],[-82.248723373248907,28.535466188411707],[-82.248730070980258,28.53544826547337],[-82.248766252649887,28.535308002556611],[-82.248745838796992,28.53530353272523],[-82.248713210832548,28.535263164653802],[-82.248648715379176,28.535254759179946]]},"properties":{"OBJECTID_1":6,"OBJECTID":13188,"QUADNUMBER":0,"ELEVATION":150,"ORGCONT":0,"DEPRESSION":0,"HILLTOP":0,"INTERVAL":0,"UNIT":" ","DATESTAMP":1078790400000,"ShapeSTLen":392.92021081591412,"Shape_Length":392.92021081509688}},{"type":"Feature","id":7,"geometry":{"type":"LineString","coordinates":[[-82.236201719264685,28.520395454150464],[-82.236145249250129,28.520405156913409],[-82.236106613758537,28.520459543653306],[-82.236116941458647,28.520572238092267],[-82.236121249934271,28.520621822790904],[-82.236222452724789,28.520733694222415],[-82.236336717047664,28.520750893691265],[-82.236401599916206,28.520695988389711],[-82.23641842936803,28.520605587974899],[-82.23639924319032,28.520565102290703],[-82.236375589803828,28.520524840036977],[-82.236312905661563,28.520444126602175],[-82.236273246199346,28.520403955333066],[-82.236201719264685,28.520395454150464]]},"properties":{"OBJECTID_1":7,"OBJECTID":13331,"QUADNUMBER":0,"ELEVATION":80,"ORGCONT":0,"DEPRESSION":0,"HILLTOP":0,"INTERVAL":0,"UNIT":" ","DATESTAMP":1078790400000,"ShapeSTLen":363.05190416149526,"Shape_Length":363.05190416025431}},{"type":"Feature","id":8,"geometry":{"type":"LineString","coordinates":[[-82.235634973303206,28.519046801317387],[-82.235704580564772,28.519055272747377],[-82.235771550709103,28.519068220759465],[-82.235827579134522,28.519085805952663],[-82.235889482284179,28.519134712284576],[-82.235926659287145,28.519170638825173],[-82.23593281766415,28.519224744706055],[-82.235920138945289,28.519256385029628],[-82.235857915417284,28.519266011939468],[-82.235783120764211,28.51926198373399],[-82.2356958034173,28.51924033809393],[-82.235640428789722,28.51922275442017],[-82.235603477886457,28.519173606191856],[-82.235565665499081,28.519137667128781],[-82.235559781100278,28.519106078873946],[-82.23556007106437,28.519088068387603],[-82.235597140291858,28.519051666519939],[-82.235634973303206,28.519046801317387]]},"properties":{"OBJECTID_1":8,"OBJECTID":13332,"QUADNUMBER":0,"ELEVATION":85,"ORGCONT":0,"DEPRESSION":0,"HILLTOP":0,"INTERVAL":0,"UNIT":" ","DATESTAMP":1078790400000,"ShapeSTLen":319.94404453985544,"Shape_Length":319.94404453857879}},{"type":"Feature","id":9,"geometry":{"type":"LineString","coordinates":[[-82.23108368361855,28.532102989745905],[-82.231335570204465,28.53211854877074],[-82.231401766661293,28.532140485773542],[-82.231522410081297,28.532198291199503],[-82.231566060439548,28.53222923227391],[-82.231559346016397,28.532287969391298],[-82.231515557954992,28.532383377035085],[-82.231437286969296,28.532474132268351],[-82.231302045120685,28.532565578229164],[-82.231075854446743,28.532621825745828],[-82.231019529447323,28.53262251620432],[-82.230907667890207,28.532614353387505],[-82.230517927124495,28.532536825189069],[-82.230484662189397,28.532496451063132],[-82.230486509299524,28.532383625628285],[-82.230618941765144,28.532228827823261],[-82.230867549532149,28.532131783030419],[-82.23103240660592,28.532107967696572],[-82.23108368361855,28.532102989745905]]},"properties":{"OBJECTID_1":9,"OBJECTID":13572,"QUADNUMBER":0,"ELEVATION":100,"ORGCONT":0,"DEPRESSION":0,"HILLTOP":0,"INTERVAL":0,"UNIT":" ","DATESTAMP":1078790400000,"ShapeSTLen":865.94622977861764,"Shape_Length":865.9462297803201}},{"type":"Feature","id":10,"geometry":{"type":"MultiLineString","coordinates":[[[-82.235074420177341,28.534855465009201],[-82.234990575435532,28.534856379802243],[-82.234627669223073,28.534976758568416],[-82.234191862382218,28.534976333161843],[-82.23413730586573,28.534985783657483],[-82.234007352049858,28.535027758311617],[-82.233917228143028,28.535060112004903],[-82.233566765731481,28.535320511653104],[-82.23353161221128,28.535356933975571],[-82.233236231208693,28.535535577457491],[-82.232948657380419,28.535790196243642]],[[-82.235322503095176,28.536628108959118],[-82.235399425393268,28.536513170087353],[-82.235472878772782,28.536404343365259],[-82.235603384292389,28.536132166879693],[-82.235656662164885,28.535964828087334],[-82.235670505735186,28.535743524275603],[-82.235606332113079,28.535518427900588],[-82.235510547801397,28.535347807744145],[-82.235476642044901,28.535307700367845],[-82.235394208675558,28.53518199475095],[-82.235376310774754,28.535141523930253],[-82.235158956569023,28.534890861211466],[-82.235143899397968,28.534872938698225],[-82.235074420177341,28.534855465009201]]]},"properties":{"OBJECTID_1":10,"OBJECTID":15291,"QUADNUMBER":0,"ELEVATION":110,"ORGCONT":0,"DEPRESSION":0,"HILLTOP":0,"INTERVAL":0,"UNIT":" ","DATESTAMP":1078790400000,"ShapeSTLen":3521.5309663664179,"Shape_Length":1527.4180499913823}},{"type":"Feature","id":11,"geometry":{"type":"LineString","coordinates":[[-82.234085018523913,28.52110076868928],[-82.234156414857992,28.521117992410119],[-82.234221078078676,28.521194228677718],[-82.23425977796893,28.521293213680156],[-82.234283247285319,28.521423804433446],[-82.234220511672476,28.521464945106356],[-82.234160958826038,28.521388777636378],[-82.234082181932848,28.521236097017365],[-82.234053422247896,28.521155255510255],[-82.234085018523913,28.52110076868928]]},"properties":{"OBJECTID_1":11,"OBJECTID":15294,"QUADNUMBER":0,"ELEVATION":90,"ORGCONT":0,"DEPRESSION":0,"HILLTOP":0,"INTERVAL":0,"UNIT":" ","DATESTAMP":1078790400000,"ShapeSTLen":317.37212149067841,"Shape_Length":317.37212149349762}},{"type":"Feature","id":12,"geometry":{"type":"LineString","coordinates":[[-82.263094243313461,28.510111667214499],[-82.26340915388289,28.510144833913458],[-82.263724815948805,28.510250059121073],[-82.263890175992444,28.510352285576943],[-82.264099721410474,28.510571574333945],[-82.264325803146292,28.510957385269457],[-82.264398080254296,28.511078726102113],[-82.264485590281069,28.511168176207235],[-82.264558183053268,28.511189899718595],[-82.264766720425996,28.511192481249708],[-82.26528139242906,28.511057012177083],[-82.265376034687918,28.511019911391436],[-82.265557518134827,28.510873850969109],[-82.265685963590158,28.510723760348242],[-82.265725007486154,28.510682873470849],[-82.265843356078562,28.510564447821015],[-82.266152821409733,28.510417159834059],[-82.266513691067445,28.510296394147026],[-82.26665362254829,28.510268013278171],[-82.266706096858371,28.510267533120725],[-82.266989010116404,28.510260335391955],[-82.267106970684267,28.510286276218569],[-82.267195832808184,28.510330720878667],[-82.267274024100089,28.510402041274631],[-82.267341332865598,28.510514310874242],[-82.267436137817725,28.510747935568979],[-82.267454615937666,28.510792908365698],[-82.267551835581713,28.510995045263776],[-82.267587013162142,28.511075962711569],[-82.267647507209645,28.511174642655018],[-82.267994507910075,28.511681538084122],[-82.268037071133165,28.51182109079938],[-82.268044803083953,28.511897724658127],[-82.268028994541766,28.512006159502217],[-82.267996281090234,28.512051626599739],[-82.267898632305389,28.512156230814266],[-82.267846934460493,28.512188239773916],[-82.267662618381252,28.512311756400432],[-82.267234952676702,28.512527943622811],[-82.26709399071764,28.512660153161427],[-82.26701078177669,28.512782674262137],[-82.266786382932125,28.513051176619303],[-82.266587279270325,28.513138775759487],[-82.266186945648982,28.513205586313518],[-82.266032430723726,28.513265582875956],[-82.266007748036884,28.513288356846594],[-82.265949425931652,28.513374868177223],[-82.265935296815016,28.513577880950187],[-82.265923886576431,28.513731392772069],[-82.265910933378379,28.513781326117062],[-82.265882260363483,28.513853860664383],[-82.265729200988261,28.514022217971572],[-82.265430959601602,28.514146858459341],[-82.265004463973,28.514209403416896],[-82.264885429044,28.514250982024155],[-82.264818933479248,28.514328399588617],[-82.264774186933408,28.514405513963915],[-82.26468788871891,28.514880322812587],[-82.264589556445614,28.515147299956386],[-82.264477737770079,28.515297312899069],[-82.264247097393962,28.515516212052937],[-82.264031402136482,28.51563990026154],[-82.263719054186438,28.515845969761759],[-82.263422325217988,28.516155510326257],[-82.263206043011891,28.516356009860335],[-82.262993050988555,28.516471005177639],[-82.262720277619266,28.51652306417548],[-82.262586039662196,28.516515215160883],[-82.262527297294142,28.516506888104306],[-82.262419657113867,28.516476280839157],[-82.26209140657248,28.516316873894596],[-82.261528079697896,28.516132589893992],[-82.261401460103471,28.516088530944639],[-82.261353035137248,28.51607555177473],[-82.260834269063864,28.5157868496301],[-82.260656860010215,28.515757070582126],[-82.260612137703774,28.515752854870939],[-82.260523324655679,28.515785240830386],[-82.26044251897963,28.51587626223164],[-82.260396446720222,28.516116025116656],[-82.26032452450869,28.516491103145089],[-82.260303317654291,28.516536429031152],[-82.26011240639572,28.516750467127391],[-82.259928447273737,28.516810659301239],[-82.25973134360666,28.516812433052873],[-82.259347115073766,28.516712264576586],[-82.259239892770296,28.516695172074261],[-82.259070856216439,28.516742038513186],[-82.258783756874934,28.516889032256881],[-82.258696788205199,28.516925947811995],[-82.258499180104579,28.516918708081509],[-82.258463069964364,28.516896589832438],[-82.258433711549145,28.516851759254646],[-82.258434658246955,28.516792952308155],[-82.258518884820916,28.516647944401452],[-82.258909132885478,28.516134140436968],[-82.258930835280083,28.516097826476198],[-82.259024383632649,28.515930135292241],[-82.259114473951783,28.515699089524045],[-82.25924415844446,28.51523326818289],[-82.259483185001343,28.514373400621412],[-82.259572025488922,28.513501832720266],[-82.259609470347826,28.51312238123905],[-82.259758754821178,28.512750791104327],[-82.259932315636647,28.512501084259984],[-82.260003368220481,28.512419231606923],[-82.260239065855856,28.512245428362192],[-82.26025377839521,28.512245325290607],[-82.260967616150765,28.511859636821871],[-82.261286068500752,28.511671659330094],[-82.261476023308674,28.511516418381731],[-82.261961585053399,28.510961575350276],[-82.261969701630591,28.510934378242101],[-82.262214504670766,28.510670349778994],[-82.262342021533513,28.510538258731472],[-82.26250730021242,28.510405793239315],[-82.262595065110361,28.510319360902454],[-82.262680473573084,28.510259911498338],[-82.262898502144893,28.510149480886984],[-82.263094243313461,28.510111667214499]]},"properties":{"OBJECTID_1":12,"OBJECTID":15458,"QUADNUMBER":0,"ELEVATION":150,"ORGCONT":0,"DEPRESSION":0,"HILLTOP":0,"INTERVAL":0,"UNIT":" ","DATESTAMP":1078790400000,"ShapeSTLen":9622.6296585074942,"Shape_Length":9622.6296585142863}},{"type":"Feature","id":13,"geometry":{"type":"LineString","coordinates":[[-82.249842372775916,28.512720316343248],[-82.249916698104656,28.51279655722119],[-82.250144749661942,28.512938983110782],[-82.250280399093256,28.51297838526914],[-82.250799773626312,28.51306845125298],[-82.25124430988447,28.513077652456385],[-82.251363335702024,28.513076602172493],[-82.251383882399466,28.513072080390288],[-82.251502068048907,28.5130437255497],[-82.251681496984361,28.512947460985266],[-82.251866999704376,28.512792183919654],[-82.252021773717388,28.512637361529674],[-82.252136367615762,28.512514408699452],[-82.252239089814736,28.512373575198993],[-82.252303397526518,28.512273631620776],[-82.252420623873221,28.512146192593185],[-82.252540168663529,28.512073112993388],[-82.252872902502219,28.511952589148081],[-82.253305480912402,28.511790826931588],[-82.253574876298529,28.511630115988609],[-82.253747925244298,28.511452721347645],[-82.25382376422975,28.511312118209577],[-82.253869615728775,28.511126663830904],[-82.253864705228381,28.510955225718206],[-82.253805024287416,28.510806741002387],[-82.253743328647701,28.510744339642951],[-82.25360351162719,28.510646350126002],[-82.2533797086204,28.510558015214286],[-82.252990091522904,28.510516572515872],[-82.252896531917557,28.51048585472579],[-82.252430018197344,28.510332011564614],[-82.252125749444062,28.510195109777051],[-82.252033060398773,28.510110098106392],[-82.2519515631719,28.509966396655194],[-82.251930750422375,28.509709490283289],[-82.251937110101949,28.509632739972524],[-82.251943236528945,28.509610021888097],[-82.252063568831716,28.509130575270248],[-82.25210735360281,28.508557028228271],[-82.252211704929181,28.508037146984421],[-82.2522256656476,28.507964717424898],[-82.252199016892646,28.50715727559917],[-82.252249634139844,28.506953880403902],[-82.252396015457364,28.506605059697026],[-82.252544232905478,28.506062086664691],[-82.252552707554116,28.50601237759432],[-82.252564609353996,28.505948926580878],[-82.25256651241925,28.505791074034732],[-82.252529782380464,28.505331060105487],[-82.252489624950911,28.505083195043795],[-82.252477915277922,28.505015791382693],[-82.252438506836512,28.504880782752295],[-82.252411438382225,28.504813187435854],[-82.252220410044373,28.504399938983962],[-82.252059380563978,28.504189116611897],[-82.251932159590396,28.504063988050348],[-82.251875721338308,28.504032892083938],[-82.251817777425487,28.50401556243413],[-82.251622353162702,28.503954033057983],[-82.251447094970644,28.503951276781695],[-82.251405505367799,28.503951606375967],[-82.251311086122655,28.503974914551694],[-82.250941743971723,28.504145339020063],[-82.250407855141177,28.504560801222308],[-82.249933641924258,28.505084236018661],[-82.249830646877385,28.505202551161339],[-82.249734272436314,28.505307157284445],[-82.249687046739254,28.505339217031636],[-82.249461272357166,28.505612182019991],[-82.249398321526982,28.50570735834809],[-82.249367222611141,28.505770850635756],[-82.249196156955719,28.50614243911517],[-82.249098302406651,28.50637817160975],[-82.249044264376138,28.50659503500707],[-82.249013763278228,28.506938543406164],[-82.249018984889844,28.507407729715013],[-82.248931361100162,28.507841711260248],[-82.248928453910139,28.508022347201255],[-82.248972332541641,28.508355804240249],[-82.248981901913282,28.508436972033746],[-82.249116337607816,28.509026822784008],[-82.249102248535536,28.509225601084434],[-82.249050431481194,28.509383960089675],[-82.248866524520523,28.510193554027421],[-82.248859634415922,28.510541015482445],[-82.248887044625903,28.510825028555359],[-82.248910510908814,28.510996423876779],[-82.249322328361728,28.511922086813314],[-82.249384095935866,28.511980264343297],[-82.249442642782981,28.512078925346827],[-82.249600734558967,28.512393271656986],[-82.249784085382942,28.512648836516458],[-82.249842372775916,28.512720316343248]]},"properties":{"OBJECTID_1":13,"OBJECTID":15490,"QUADNUMBER":0,"ELEVATION":150,"ORGCONT":0,"DEPRESSION":0,"HILLTOP":0,"INTERVAL":0,"UNIT":" ","DATESTAMP":1078790400000,"ShapeSTLen":8435.8673026515717,"Shape_Length":8435.8673026599336}},{"type":"Feature","id":14,"geometry":{"type":"LineString","coordinates":[[-82.24938104708788,28.523388627276457],[-82.249245997585177,28.52339003282469],[-82.249111299594446,28.523449701297416],[-82.249003377179704,28.52355472941743],[-82.248933195272414,28.523740433098919],[-82.248910357502368,28.5237674398061],[-82.248818133202519,28.523930916569686],[-82.248734834253611,28.524017397631031],[-82.248688809014368,28.524053976448407],[-82.248586034715984,28.524117981293394],[-82.248380051154257,28.524232755907015],[-82.248105605473128,28.524465435111054],[-82.248019742006321,28.524551884321177],[-82.24800074722161,28.524579224945384],[-82.24783652990898,28.524801748531701],[-82.247719572632775,28.525109839302125],[-82.247553743807941,28.525273804910665],[-82.247424520560912,28.525311030270068],[-82.247067325951903,28.525318937949901],[-82.246952967540636,28.525347065426473],[-82.246862855866212,28.525379427681191],[-82.246799261297809,28.525434063080787],[-82.246681873104436,28.525570496511861],[-82.246527914066689,28.525910489154597],[-82.246483794071111,28.5259876098551],[-82.246390263730731,28.526033443733635],[-82.246337369956564,28.526020398769457],[-82.246298558010011,28.5259667189986],[-82.2462415505439,28.525574554645079],[-82.246185079098865,28.525426109799525],[-82.246161776283131,28.525363342305365],[-82.246036110522454,28.525219935137798],[-82.24593785790583,28.525162135395867],[-82.245833827157256,28.525145076214205],[-82.245761470405739,28.525069030026142],[-82.245742928660093,28.525028558978498],[-82.245748111316715,28.524866245197916],[-82.245716575915438,28.524798588252057],[-82.245708481775821,28.524744737235533],[-82.245679432533208,28.524681616397515],[-82.245577994956108,28.524583259804636],[-82.245446190521378,28.524503374922801],[-82.245327658120488,28.524472908294854],[-82.244982060891545,28.524476174930051],[-82.244772319457084,28.524545598856658],[-82.244649437541526,28.524546870538753],[-82.244594049481776,28.524529290570452],[-82.244376911112369,28.524305661730448],[-82.244351595411644,28.524287895820244],[-82.244273102030519,28.524274816680045],[-82.244218702444059,28.524275538006545],[-82.244118616110953,28.524330563506538],[-82.244105455658584,28.524353194581096],[-82.244097796981194,28.524628613064358],[-82.24404603236141,28.524782465252926],[-82.244046955608596,28.524962857381656],[-82.244098295385015,28.525111532533927],[-82.244212028128118,28.525241277050384],[-82.244300346745774,28.525398295519441],[-82.244307801823808,28.525411894029766],[-82.244278241325688,28.525538447330526],[-82.244092974091345,28.525756754192322],[-82.244003720863844,28.525933495877002],[-82.243999281374983,28.526168143145817],[-82.244056647014048,28.526379924880526],[-82.24408442406498,28.526442748758406],[-82.244112201147033,28.526505571727473],[-82.244178360351711,28.526608831190018],[-82.244207359287685,28.526635650073633],[-82.244275336163909,28.526666609220815],[-82.244388674932196,28.526701797248592],[-82.244441719700561,28.526705843584832],[-82.244675672979753,28.526721712485013],[-82.24480091756179,28.526693452706851],[-82.244817645547201,28.526648075079457],[-82.244798427381724,28.526531045442923],[-82.244701811173044,28.526450755367215],[-82.244618432756667,28.526383865611212],[-82.244524713451,28.526203989802596],[-82.244528509715181,28.526127212126436],[-82.244597594132188,28.52604983595954],[-82.244640205138623,28.526027016457341],[-82.24470520733307,28.526003912073392],[-82.244789276317974,28.525989485469825],[-82.244819348987463,28.525989299534238],[-82.244927358684109,28.525997400121987],[-82.245109808592844,28.526072290754851],[-82.245220256506428,28.526206784870112],[-82.245271957344855,28.526373192729061],[-82.245329961762963,28.526426821890102],[-82.245438177586479,28.526461948813992],[-82.245670651684748,28.526450783437333],[-82.246158317758301,28.526329124113399],[-82.246227364689346,28.52633280237518],[-82.246270720172475,28.526382027157112],[-82.246259388910445,28.526449984549956],[-82.246244872029365,28.526477103852869],[-82.246121045858629,28.526694777788261],[-82.246118158832161,28.526952247148955],[-82.246015143926542,28.527070278536947],[-82.245875255068398,28.527252286259522],[-82.245847506252261,28.527306540498504],[-82.245833403266261,28.527347447778517],[-82.245819858780251,28.527433113190281],[-82.245844165740834,28.52747365859819],[-82.245921240255754,28.527495453351843],[-82.246009488130213,28.527499083423578],[-82.246324462340354,28.527451247679988],[-82.246622820104193,28.527362666999],[-82.246697505948106,28.527334896091567],[-82.246812940872147,28.527279775854296],[-82.246847221523723,28.527256852591481],[-82.246904994424852,28.527206635728422],[-82.246950664975316,28.527152046409771],[-82.247111131021484,28.526884457609135],[-82.247179784589079,28.526834097213044],[-82.247300554803942,28.526765252974659],[-82.247501622063666,28.526677709187645],[-82.247790553995614,28.526498969722034],[-82.247805418099432,28.526489861382203],[-82.24797179928612,28.526370931550968],[-82.248067903536679,28.526284331944598],[-82.248108389751394,28.52623446556451],[-82.248293301776116,28.525998132236779],[-82.248375887907386,28.525757990182857],[-82.248424224610432,28.525459727329469],[-82.248459153810401,28.525238407795385],[-82.248562709055889,28.52500724621839],[-82.248574454235566,28.524993607398169],[-82.2486337106685,28.524929902392955],[-82.248774779076655,28.524793206448617],[-82.249489387068124,28.524208898981943],[-82.249638794234826,28.523990978223527],[-82.249655885537379,28.523765213674178],[-82.249627412475292,28.523666084429706],[-82.249527055602911,28.523500202494393],[-82.249417725668067,28.523415537438364],[-82.24938104708788,28.523388627276457]]},"properties":{"OBJECTID_1":14,"OBJECTID":15805,"QUADNUMBER":0,"ELEVATION":120,"ORGCONT":0,"DEPRESSION":0,"HILLTOP":0,"INTERVAL":0,"UNIT":" ","DATESTAMP":1078790400000,"ShapeSTLen":7222.170228913099,"Shape_Length":7222.170228900427}},{"type":"Feature","id":15,"geometry":{"type":"LineString","coordinates":[[-82.249809994968956,28.524842441917912],[-82.249435101055596,28.525193188449336],[-82.249193613747366,28.525366901337154],[-82.249017561706992,28.525490498389786],[-82.248877501744985,28.525604405742371],[-82.248695950414685,28.525791258899911],[-82.248642064606656,28.525918066995811],[-82.248513085534483,28.526059135104585],[-82.248388934178237,28.52621826738207],[-82.248149203832241,28.526441531218307],[-82.247910900455935,28.526615285628729],[-82.247897312505401,28.526624408795776],[-82.247822845959135,28.526679191735916],[-82.247376236162552,28.526913378999698],[-82.247237865101511,28.527041104639967],[-82.247077922859972,28.527236654621408],[-82.247049897386518,28.527268393329624],[-82.246821264423673,28.527437480244103],[-82.246639822219308,28.527538489217733],[-82.246576731237994,28.527561624442153],[-82.246385130793627,28.527617480000028],[-82.245864779185524,28.527663030347131],[-82.245095479756614,28.527827877192586],[-82.244872827626693,28.527825377689648],[-82.244670252666651,28.5277685239504],[-82.244568296884935,28.527701956391436],[-82.244516072070482,28.527607597178267],[-82.244502155486273,28.527558173581962],[-82.244477062593745,28.527526616728384],[-82.244087527040705,28.5274761496038],[-82.24395314765782,28.527436758988109],[-82.243837534891,28.527383807461181],[-82.243691956268847,28.527245219055921],[-82.243671149126385,28.527186701238644],[-82.243661951209816,28.527083028970353],[-82.243667049992979,28.526965461070247],[-82.243813538145616,28.526810823690489],[-82.243835407079345,28.526724700469767],[-82.243821114318877,28.526580434411098],[-82.243815148125492,28.526553629150236],[-82.243745823331309,28.52621111588028],[-82.243752211736648,28.525895168097502],[-82.243790552034795,28.525700904123227],[-82.243900434784322,28.525514859325401],[-82.243906729754926,28.525442606957029],[-82.243846522996108,28.525366431455161],[-82.243733483642202,28.525313244193288],[-82.243703911857651,28.525281915391822],[-82.243644069614888,28.525223753616796],[-82.243602773326771,28.525165547731426],[-82.243588706538958,28.525125123405573],[-82.243586934376609,28.524958223800706],[-82.243606976978867,28.524827055952546],[-82.243632956393753,28.524763772819547],[-82.243890829922492,28.524368798160982],[-82.243897196224026,28.524292049252967],[-82.24380328863991,28.524243035335871],[-82.243789293298121,28.524198117203738],[-82.243807034162884,28.524130236013576],[-82.243846380013025,28.524071346741891],[-82.243911331350802,28.524011943169949],[-82.244017089219952,28.523961487952604],[-82.244225308539143,28.523946077064966],[-82.244386849737694,28.524007766142681],[-82.244613338664749,28.524167916008771],[-82.244675056297751,28.524190074815518],[-82.244818909436233,28.524197783387208],[-82.245132609090504,28.524109120572533],[-82.245341069600727,28.52403941055422],[-82.24566979020706,28.523932639026754],[-82.245990094507775,28.523713210262066],[-82.246130166570808,28.523558490824652],[-82.246232754770389,28.523467188528318],[-82.246437155150318,28.523370681745355],[-82.246690685725923,28.523323201157403],[-82.247543722181334,28.523319798786748],[-82.247642929726837,28.523318789627233],[-82.247653309755279,28.523309912355355],[-82.247669256159071,28.523075123012596],[-82.247548939869617,28.523076156217673],[-82.246752231269838,28.523078857157941],[-82.24674320395377,28.523043000706533],[-82.246805666926562,28.522979059655494],[-82.247035187883753,28.522873297872025],[-82.247248534440132,28.522817149165267],[-82.247553370396005,28.522841506972561],[-82.247630028180296,28.52284978256548],[-82.248012259292892,28.52299526480142],[-82.248436543015615,28.523072333343901],[-82.248560702988811,28.523071352777773],[-82.248833647140728,28.52301003397001],[-82.24893042568759,28.523000262912127],[-82.24908289557878,28.522989791433648],[-82.249215439600775,28.522984124344578],[-82.24957624925743,28.522989757674637],[-82.24980963474421,28.523001114296434]]},"properties":{"OBJECTID_1":15,"OBJECTID":15806,"QUADNUMBER":0,"ELEVATION":115,"ORGCONT":0,"DEPRESSION":0,"HILLTOP":0,"INTERVAL":0,"UNIT":" ","DATESTAMP":1078790400000,"ShapeSTLen":6525.0681717703474,"Shape_Length":6525.0681717846683}},{"type":"Feature","id":16,"geometry":{"type":"LineString","coordinates":[[-82.251960925644099,28.529673643547905],[-82.251845778056534,28.529710762175739],[-82.251784245517328,28.529756427624655],[-82.25176850084911,28.529819833148348],[-82.251778166657914,28.529855971373518],[-82.251799326100482,28.529932501705805],[-82.251867282055656,28.530003986874217],[-82.251956533462391,28.530025637395052],[-82.252034958298665,28.530042940586494],[-82.252062476617425,28.530042721688094],[-82.25219333980381,28.53002352859939],[-82.252268252950131,28.529941726193055],[-82.252265947330216,28.529806329705433],[-82.252250956997315,28.529783911663181],[-82.252177807739429,28.529716870459406],[-82.252071358120673,28.529690774552314],[-82.25203757847828,28.529681914826412],[-82.251990274705292,28.529718472746644],[-82.251960925644099,28.529673643547905]]},"properties":{"OBJECTID_1":16,"OBJECTID":15936,"QUADNUMBER":0,"ELEVATION":100,"ORGCONT":0,"DEPRESSION":1,"HILLTOP":0,"INTERVAL":0,"UNIT":" ","DATESTAMP":1078790400000,"ShapeSTLen":488.56216166261498,"Shape_Length":488.5621616516616}},{"type":"Feature","id":17,"geometry":{"type":"LineString","coordinates":[[-82.239507751981847,28.520843657794174],[-82.239333385355053,28.520863418801639],[-82.239135157155445,28.520973496152831],[-82.238857008180247,28.521197111895322],[-82.238738643653406,28.521274978766876],[-82.238665101042542,28.521311770401141],[-82.238564822997859,28.521339777658596],[-82.238524290839266,28.521353614152627],[-82.238341806268892,28.521400286251506],[-82.238271874848493,28.521450628223139],[-82.238247900579267,28.521468907634265],[-82.238202842138747,28.52156402289695],[-82.238193620535498,28.521659025689136],[-82.238195594695554,28.521695065638809],[-82.238230411662286,28.521757979497135],[-82.238243487323246,28.521780380831995],[-82.238325898881243,28.521788726487582],[-82.238387697880782,28.52176558922827],[-82.238516629568295,28.521746382936705],[-82.238619598621653,28.521749928823802],[-82.238864562811642,28.521756665710441],[-82.239016975255893,28.521710174854949],[-82.239145376928803,28.521605129386547],[-82.23922007672661,28.521378964980258],[-82.239376128397254,28.521147348699564],[-82.239561961341607,28.520933554349121],[-82.239507751981847,28.520843657794174]]},"properties":{"OBJECTID_1":17,"OBJECTID":15937,"QUADNUMBER":0,"ELEVATION":60,"ORGCONT":0,"DEPRESSION":1,"HILLTOP":0,"INTERVAL":0,"UNIT":" ","DATESTAMP":1078790400000,"ShapeSTLen":1223.3856919356583,"Shape_Length":1223.3856919415939}},{"type":"Feature","id":18,"geometry":{"type":"LineString","coordinates":[[-82.249826672947592,28.515997119495502],[-82.249761975670552,28.515961415182819],[-82.249683848180197,28.515926103676858],[-82.24960922032524,28.515832021126233],[-82.249598934110395,28.515597472612448],[-82.249651707592804,28.515181917049823],[-82.249609384638944,28.515028865273504],[-82.24956539785299,28.514979629085534],[-82.249539524659824,28.514957068248165],[-82.249410432818934,28.514868218142723],[-82.249090636790172,28.514780923174424],[-82.248908499842898,28.514687749208193],[-82.248782188029168,28.514585144312694],[-82.248686337751934,28.51441903848108],[-82.248677248942101,28.514387407023388],[-82.248679849189102,28.514265582422432],[-82.248733382424376,28.51412075485301],[-82.248818778688786,28.513943967265476],[-82.248826944880449,28.513794918512627],[-82.248778829863781,28.513723120057861],[-82.24860492212116,28.513517205516656],[-82.248517973411381,28.513472777681752],[-82.248109834721575,28.513309800348424],[-82.2480248729252,28.513301421031546],[-82.247946725284862,28.513306640265075],[-82.247876606770902,28.513329967591162],[-82.247806493674091,28.513353003412409],[-82.247688916948434,28.513462415581007],[-82.247604118213488,28.513562383491685],[-82.247581918409551,28.513589691132346],[-82.24755665951399,28.513648751697321],[-82.247496313259532,28.513938136750902],[-82.247491468146805,28.513960591513072],[-82.247490445183459,28.514023895882353],[-82.247499900272956,28.514032735218777],[-82.247532171068073,28.514253492118009],[-82.24770081894286,28.514626508302655],[-82.247719809448213,28.514797851440189],[-82.247676042425667,28.514892983776996],[-82.247507596567488,28.515061701534488],[-82.247282717297352,28.515158505313611],[-82.247072730813272,28.515205416026554],[-82.246845324594872,28.51522114039269],[-82.246630086417426,28.515236745741962],[-82.246486448096931,28.515256050456468],[-82.246347139945144,28.515284422996189],[-82.246255978490737,28.515303265963915],[-82.246141504293661,28.515299855860992],[-82.246092226097332,28.515300371929108],[-82.246028742393023,28.515269185301328],[-82.246004150636082,28.515246918341397],[-82.245904748896592,28.515062754654007],[-82.245877005832639,28.514918600438065],[-82.245890161232722,28.514738097771755],[-82.245994667662359,28.51444813540925],[-82.246034889358796,28.514177075377496],[-82.246045647807776,28.514104883295541],[-82.246103381624962,28.513937317153893],[-82.246142525264901,28.51385113776713],[-82.246193613837917,28.513620446236541],[-82.246214273593878,28.512817254683803],[-82.246245069964047,28.512613897743609],[-82.24625704153182,28.512586468086358],[-82.246331846269015,28.512391815733487],[-82.246334283194173,28.512003773049745],[-82.246403421312834,28.511605864941366],[-82.246397607076943,28.5113713737693],[-82.246207257316286,28.510876792617694],[-82.24616741081239,28.510610915272125],[-82.246174588610529,28.510443842139814],[-82.246177027902661,28.51041207681412],[-82.246196031775938,28.510344212754806],[-82.246210698236979,28.510308093094729],[-82.246338370052129,28.510009136117329],[-82.246432295075365,28.50985918387855],[-82.246549258770102,28.509668720288786],[-82.246626373669258,28.50941078803022],[-82.246629147394458,28.509239152438091],[-82.246599406981076,28.509099476621927],[-82.246459895578866,28.508785082083993],[-82.246406368913114,28.508573347976164],[-82.246396861330595,28.508528479618366],[-82.246383037308476,28.508433748906992],[-82.246376945449583,28.50821726722933],[-82.246384181959641,28.508086213030428],[-82.24643823472222,28.507869072760588],[-82.246519570566022,28.507706028494667],[-82.246528104330693,28.507692341508164],[-82.246581669198477,28.507624068170408],[-82.246779838134955,28.507437148484019],[-82.246809067293,28.507409938275615],[-82.246893564683106,28.507327977733532],[-82.246930919412151,28.507273284296083],[-82.246960607547493,28.507178254387721],[-82.246979901484906,28.506934507176144],[-82.246946484911703,28.506587388653614],[-82.24694646108108,28.506113477943448],[-82.246952961541467,28.506027723000784],[-82.246981776158179,28.505828844061764],[-82.247007771427192,28.50572475853118],[-82.247050976869431,28.505584592814099],[-82.247121300947128,28.50538988483444],[-82.247205542655749,28.505244602107382],[-82.247243672975628,28.505181200381283],[-82.247298742027894,28.505099430258667],[-82.247449048971049,28.5049040405457],[-82.247606086034693,28.504767261404893],[-82.247749670406279,28.504671122301659],[-82.248035359346076,28.504451814626691],[-82.248047022964315,28.504442673284213],[-82.248463004152214,28.504118610305934],[-82.248844588826827,28.503744871468736],[-82.248928920789496,28.503712716080685],[-82.248939948867587,28.503703570411165],[-82.249012190627013,28.503666759329963],[-82.249144481902064,28.503557255776034],[-82.249201170262111,28.503493521697433],[-82.249291076683292,28.503393333970813],[-82.249509030188847,28.503089029576],[-82.249644123746393,28.502884714919261],[-82.249809434261365,28.502671213704556],[-82.250181888932261,28.502347166774204],[-82.250469994849666,28.502096363784702],[-82.250678087649518,28.501927575346894],[-82.250896470247781,28.501794662205377],[-82.250963254442112,28.501739776148568],[-82.251036358042029,28.501689463231585],[-82.251386086679688,28.501465319018596],[-82.25160332761395,28.501363901600595],[-82.251893940708726,28.501234986801133],[-82.252374376578715,28.501117714009688],[-82.252865164445112,28.501072614641561],[-82.25309159862266,28.501074874089053],[-82.253363306338784,28.501126666335413],[-82.253579279181807,28.501183385995066],[-82.253814720515109,28.501262297463843],[-82.253875635115449,28.501293452859599],[-82.25406208288419,28.501395399468244],[-82.254088674643086,28.50141317750295],[-82.254223923148928,28.5015158927405],[-82.254392229836824,28.501672203349553],[-82.254432805251597,28.501734907542943],[-82.254541316027542,28.501909891230934],[-82.254600960678061,28.502139427736537],[-82.254612593978152,28.502211613839457],[-82.254616583087497,28.50240105756513],[-82.254615057834386,28.502495873998758],[-82.254577070486107,28.502748957009928],[-82.254562837354754,28.502798872820282],[-82.254470182967864,28.503070408366064],[-82.254321721879947,28.503310864850164],[-82.254110238295326,28.503610754108493],[-82.254073726612873,28.50373299880042],[-82.25405629096268,28.503782590278544],[-82.254052814809825,28.503958711197683],[-82.254095356530271,28.504098265870134],[-82.254168839829035,28.504183321166586],[-82.254347958449245,28.504343989734306],[-82.254395719170361,28.504397774265897],[-82.254537147273638,28.504554313580588],[-82.254650603693008,28.504621020245935],[-82.254784401335897,28.504615362608945],[-82.25530512120838,28.504420921574347],[-82.255342453376613,28.504407028339806],[-82.255886607141107,28.504266618901315],[-82.256276666479252,28.504199998869311],[-82.256350898230977,28.504199231745233],[-82.256393695006182,28.504203419134512],[-82.256608335476898,28.504223817740485],[-82.256888723745632,28.504293436772592],[-82.257153248109148,28.50439494451658],[-82.257214735519582,28.50443032481548],[-82.257560062939845,28.504639210075599],[-82.257590265303918,28.504670537475853],[-82.257855874017778,28.504943436860643],[-82.257962047100975,28.505104883270022],[-82.258240279729094,28.505467992009692],[-82.258325573325294,28.505575427027694],[-82.258408933311159,28.505682840400368],[-82.258426489660323,28.505705289066938],[-82.258513908227812,28.505799246031938],[-82.258840526331525,28.506098510427766],[-82.259082815083431,28.506389689130152],[-82.259138951272448,28.506479316280014],[-82.259405505936911,28.506932892719476],[-82.259564572446962,28.507147902283045],[-82.259658902828875,28.507210141224739],[-82.25968342041736,28.507237180209199],[-82.259777254860822,28.50729039922534],[-82.259902456514794,28.507343175596546],[-82.26000902176861,28.507360255364368],[-82.260143895648113,28.507368122014817],[-82.260213147453968,28.507358568906771],[-82.260242658563456,28.507353594593539],[-82.260400655954143,28.507316153948256],[-82.26075455555636,28.50719109010657],[-82.260829792056938,28.507127016065379],[-82.260857242352216,28.507090777354378],[-82.260970266964804,28.50694527485436],[-82.26116119362824,28.50660966263364],[-82.261235732925854,28.506509566100277],[-82.261393556380142,28.506282445313619],[-82.261789355259467,28.505818510071091],[-82.261867080252713,28.505759250106912],[-82.262008740569556,28.505622552624946],[-82.262044515987185,28.505586127076079],[-82.262094655425187,28.505531311902068],[-82.26218028531764,28.505417834165364],[-82.262214507378786,28.505358885306975],[-82.262224680045534,28.505322706718228],[-82.262228984785864,28.505173604052253],[-82.262168479771901,28.504917050970146],[-82.26203104932911,28.504669947602856],[-82.261958337033661,28.504575898678958],[-82.261791406632568,28.504293256908181],[-82.261775980073153,28.504257325267737],[-82.261705399756579,28.503910593336471],[-82.261711897672257,28.503824554381517],[-82.261712261955168,28.503802041851205],[-82.261769791114801,28.503485600518033],[-82.261984488216711,28.503023364063605],[-82.262177520902114,28.502805805193816]]},"properties":{"OBJECTID_1":18,"OBJECTID":16062,"QUADNUMBER":0,"ELEVATION":120,"ORGCONT":0,"DEPRESSION":0,"HILLTOP":0,"INTERVAL":0,"UNIT":" ","DATESTAMP":1078790400000,"ShapeSTLen":32692.512183638322,"Shape_Length":14942.809545732971}},{"type":"Feature","id":19,"geometry":{"type":"LineString","coordinates":[[-82.249810195569978,28.517057580191921],[-82.249741505534942,28.517071912140374],[-82.249178803251468,28.517167324606522],[-82.248867214180947,28.517165684015392],[-82.248585088736803,28.517123042025332],[-82.248505454851809,28.517101220013192],[-82.248459174760598,28.517074469698152],[-82.248418653775914,28.517047793658659],[-82.24834629769002,28.516971748739451],[-82.248321360483871,28.516931482785527],[-82.248286831040218,28.516850560981798],[-82.248282875014098,28.516778467831763],[-82.248290177837134,28.516485044927705],[-82.248303578004808,28.516408098807652],[-82.248308984653832,28.516389881331428],[-82.248342380275844,28.516263369635315],[-82.248434689377831,28.516054874693541],[-82.248528321486305,28.515724530377064],[-82.248469118544676,28.515666382999559],[-82.248351386300669,28.515626921048099],[-82.248292507207267,28.515627589912448],[-82.248203474949875,28.515632948298563],[-82.248170056936146,28.515642098699157],[-82.248033735965009,28.515684018988068],[-82.247554804379504,28.515941157700574],[-82.247414986830577,28.516001034168138],[-82.247328877285725,28.516024442663568],[-82.247212675386606,28.516048037600299],[-82.247101821936894,28.516058190344491],[-82.246948088845315,28.516068651937456],[-82.246912392255297,28.516059767311816],[-82.246444621637579,28.515982992855871],[-82.246148401974864,28.515981260386962],[-82.245935777713328,28.516032631729082],[-82.245905550617508,28.516042097936648],[-82.245615236922475,28.516189022838468],[-82.245456359988609,28.51624022678471],[-82.245054175925475,28.516262207552217],[-82.244389925728939,28.516385597308108],[-82.243981767723028,28.51642100809099],[-82.243810039189995,28.516436016509974],[-82.24315708915492,28.516414892227488],[-82.242674253629559,28.516320199365111],[-82.242527076052312,28.516280923009916],[-82.242491462406292,28.516267528937533],[-82.242241719617226,28.516161678584258],[-82.24210553074127,28.516036432518938],[-82.24207739733734,28.515996121467975],[-82.242062948251572,28.515860853484948],[-82.242075423065714,28.515802191196077],[-82.242146984277269,28.515729360508903],[-82.242394391889775,28.515663793230278],[-82.243689809047268,28.515760236462118],[-82.243994348365817,28.515762080269461],[-82.244322576647207,28.515763377290266],[-82.244600973716487,28.515720429916673],[-82.244809976498587,28.515654949031443],[-82.244851021292916,28.515609590684974],[-82.24503286277745,28.515404742750782],[-82.24511253678449,28.515304714413819],[-82.245174443570491,28.515195735202784],[-82.245229041073856,28.515064426988292],[-82.245296574811107,28.514766130114563],[-82.245295831084405,28.514179365318114],[-82.245335262083969,28.513917294302097],[-82.245348951379441,28.513822346045114],[-82.24534872357539,28.513361943443947],[-82.245306411650787,28.513208887529061],[-82.245139231815784,28.512903708745217],[-82.245064690858115,28.512448561852242],[-82.244916110777851,28.512219883791026],[-82.244824454936861,28.51207182810905],[-82.244813902354323,28.511814484379148],[-82.24478738022276,28.51147645422845],[-82.244738141691869,28.511079593867944],[-82.244580180004732,28.510837571184645],[-82.244478830192818,28.51057655307055],[-82.244523274653503,28.510400375930455],[-82.244656207588505,28.510290600425627],[-82.244955961071483,28.510152517058255],[-82.245187776582767,28.510100823877959],[-82.245339957839889,28.510027318117935],[-82.245535098015168,28.50979082974758],[-82.24572866608294,28.509531822184272],[-82.245759052358679,28.509472823936498],[-82.245782050257432,28.509395994172451],[-82.245805447291048,28.509215055058949],[-82.245800520924575,28.509084421744593],[-82.245762052414705,28.508773250959599],[-82.245737170875543,28.508570604680195],[-82.245748196685497,28.50824542561147],[-82.245825233034822,28.5079919803763],[-82.245872487701106,28.507878881858009],[-82.245886438414445,28.507846974783732],[-82.245940218272267,28.507765477368206],[-82.246280245009075,28.507351538318463],[-82.24632666181553,28.507211416667786],[-82.246338779560006,28.506818427505308],[-82.246324270294721,28.506647139000339],[-82.246286189955939,28.506232416537557],[-82.246292514985043,28.505880440620061],[-82.246308653714081,28.505713202239768],[-82.246330741064241,28.505613854939522],[-82.24637102185676,28.505496165063249],[-82.2463993070849,28.505369313701173],[-82.246446363383157,28.505229195325629],[-82.246524222071784,28.505043313403394],[-82.246549906915206,28.504998042811607],[-82.246580859677294,28.504943551463764],[-82.246643889323465,28.504843592917929],[-82.246678463116837,28.504802662717694],[-82.246796463937486,28.50466624139635],[-82.246927618174055,28.504547715853331],[-82.247334585904781,28.504187521822551],[-82.24748648909312,28.504091485158373],[-82.247499438176277,28.504082080742336],[-82.247575466188621,28.504009304859007],[-82.247955536961186,28.503689860278477],[-82.248029928441255,28.503639574604023],[-82.24823952270647,28.503457301537683],[-82.248548911947381,28.50315639321968],[-82.248760918764745,28.502824997876409],[-82.248925068163004,28.502485125637271],[-82.248974136090339,28.502259199936791],[-82.24897966818169,28.502114616970957],[-82.248973297783593,28.502033492868946],[-82.248953902907346,28.502006511109897],[-82.248880203652064,28.501934957918667],[-82.248720064120732,28.501828270145452],[-82.24832554702671,28.501655896242742],[-82.248252131992885,28.501606859448238],[-82.248242036440274,28.501598007777876],[-82.248137283154676,28.50150861727073],[-82.248000775347606,28.501324830141225],[-82.247924385411423,28.501221720703416],[-82.247882890809194,28.501177018121602],[-82.247711674439287,28.501043172333578],[-82.247662692811502,28.501025681087192],[-82.247538639028804,28.5010221532862],[-82.247339608865246,28.501105218779532],[-82.247232324730078,28.5012507817978],[-82.247203219155693,28.501508193339397],[-82.247231555946769,28.501774200860897],[-82.247114570479937,28.502005469560174],[-82.246974618701174,28.502114878606388],[-82.246875052299799,28.502179205803976],[-82.246659020329716,28.502284854534736],[-82.246465323097226,28.50235418521417],[-82.245772970583658,28.502559121148344],[-82.245418765262599,28.502742960046678],[-82.245299699759741,28.502865858598994],[-82.245240187608289,28.503024395328612],[-82.245118492181618,28.503309911093979],[-82.245061713453865,28.503418671848664],[-82.244923467556575,28.503658959867828],[-82.244693526138207,28.50403121019465],[-82.244447540213997,28.504326717887963],[-82.244312323977624,28.504458979423582],[-82.243835910307581,28.504761162330201],[-82.243356545709716,28.504968469392313],[-82.243036044620013,28.50512486259391],[-82.242870377235747,28.505279818019087],[-82.242836525999053,28.505316257672032],[-82.242754985134937,28.505452565331851],[-82.242723714758199,28.505565590055252],[-82.24271751616692,28.505592802482038],[-82.242710790901555,28.505692064026341],[-82.242724614532776,28.50626041456476],[-82.242606875997112,28.506577508602035],[-82.242453373854332,28.506732328085256],[-82.242082641533571,28.506947751960443],[-82.241935549277073,28.507061851706293],[-82.241823389472941,28.507153311431178],[-82.241505030796205,28.507413284309688],[-82.241273701830067,28.507632146084024],[-82.241192179814917,28.507727648462062],[-82.241126306309809,28.507805056169328],[-82.241019790944705,28.507981854916036],[-82.240995273678408,28.508112963868534],[-82.24093053188308,28.508357270878378],[-82.240893650900077,28.508461500860022],[-82.240805373177921,28.508696778190565],[-82.240701164904209,28.508968448385367],[-82.240495199483334,28.509241083651258],[-82.240357829792742,28.509386826126487],[-82.240316859647734,28.509427959122299],[-82.240240618547958,28.509473719451712],[-82.240064110872694,28.509547488081576],[-82.240013900438456,28.509565991028197],[-82.239490205580225,28.509783145997627],[-82.23895129826802,28.50999109826866],[-82.238803164449834,28.510051151983706],[-82.238775500932391,28.510060364860138],[-82.238234726234865,28.510304594753791],[-82.237951357242892,28.510379274328898],[-82.237678602222758,28.510390755808057],[-82.237254947203624,28.510317887810324],[-82.236822876788224,28.510132351279186],[-82.236433204400555,28.510054839350747],[-82.236251513076724,28.509975163800103],[-82.23617462531692,28.509903561508125],[-82.236093358645675,28.5097463463769],[-82.236063970217671,28.509507618413771],[-82.236050947388563,28.509403888802261],[-82.23592063418441,28.508958178987548],[-82.235776695592349,28.508720537654568],[-82.23571203893664,28.508644302851454],[-82.235688086310631,28.50862204731617],[-82.23524763030268,28.508206195283819],[-82.235211975118446,28.508116253857121],[-82.235200023458177,28.507868180495969],[-82.235127109220059,28.507787615776483],[-82.23470471930554,28.507637931287604],[-82.234624876613267,28.507629892051888],[-82.234550992997598,28.507648377907408],[-82.23431893998449,28.507754362240611],[-82.234282879775776,28.5077682646623],[-82.234043389485279,28.507820123020881],[-82.233712073714912,28.507813979701591],[-82.233646236104136,28.507810046766899],[-82.23358821307535,28.507797216727578],[-82.23343580124444,28.50776687538665],[-82.233027252959914,28.507630869505469],[-82.232943454482779,28.507590970454569],[-82.232914805580336,28.507582169302069],[-82.232302452007133,28.507271641123037],[-82.232106317989533,28.507214853827339],[-82.231691411565549,28.507155589765105],[-82.231647583611547,28.507097068527582],[-82.231604594305907,28.506790618660819],[-82.23160157301875,28.506700526791899],[-82.231602167560951,28.506664517470778],[-82.231606448516686,28.506637268205171],[-82.231633516299453,28.506546715387685],[-82.231670873156702,28.506492313050138],[-82.231693640165702,28.506469525975035],[-82.23182992238516,28.506351076593269],[-82.232375197453806,28.506066125938826],[-82.232752418315656,28.505728950500362],[-82.232867623056208,28.505687065448651],[-82.232960973414293,28.505690775652226],[-82.232979949089923,28.505704242293721],[-82.233262129389004,28.505859481474207],[-82.2333971220813,28.505898899012177],[-82.233521262168168,28.50589792328179],[-82.233556035739809,28.505884016052864],[-82.233604611262464,28.505847481204363],[-82.233627104380631,28.505802168892615],[-82.233660636912433,28.505707195669025],[-82.233669922277969,28.505648211979711],[-82.233665884198871,28.505345923260975],[-82.233711517230702,28.50509744203239],[-82.233819765372218,28.50489336784964],[-82.233877742661662,28.504829655059716],[-82.233942608557072,28.504775031499406],[-82.234144317415897,28.504646714544336],[-82.234164247038237,28.504601378581071],[-82.234162741840066,28.504497510651348],[-82.23412884247881,28.504457410823775],[-82.234055422783271,28.504408355541077],[-82.233951883704918,28.504323472786076],[-82.233912373754663,28.50427429047161],[-82.233879638435027,28.504202402359191],[-82.233876265927705,28.504134534220036],[-82.233896491932157,28.504071191367409],[-82.233983772040844,28.503975765499678],[-82.234148409370263,28.503884122532828],[-82.234396789840588,28.503678723555709],[-82.23441493885521,28.503664882674094],[-82.234548971446145,28.503487868228685],[-82.234613236426213,28.503351911059525],[-82.234650272535191,28.503238683269789],[-82.23469000240469,28.502723907252857],[-82.234590966081186,28.502440393436867],[-82.234577495651436,28.502363684345198],[-82.234592617567188,28.502142393594987],[-82.23463932662608,28.502024503789865],[-82.234811192273042,28.501842340792173],[-82.235123081074903,28.501704151545471],[-82.235191567035017,28.501663087964509],[-82.235245271493923,28.501626335199273],[-82.235365968583665,28.50152147244544],[-82.235785877754708,28.501075368408546],[-82.235826058081884,28.501043512472144],[-82.236072790225094,28.500860597137329],[-82.23621700976004,28.500764762301237],[-82.236837433438239,28.500537866532238],[-82.23691536892764,28.500505639488367],[-82.236989545421665,28.500468863883881],[-82.237130007049643,28.500368186297028],[-82.237191671284876,28.500313527952994],[-82.237204491726573,28.500272885328535]]},"properties":{"OBJECTID_1":19,"OBJECTID":16063,"QUADNUMBER":0,"ELEVATION":110,"ORGCONT":0,"DEPRESSION":0,"HILLTOP":0,"INTERVAL":0,"UNIT":" ","DATESTAMP":1078790400000,"ShapeSTLen":21615.655561688283,"Shape_Length":21615.655561724991}},{"type":"Feature","id":20,"geometry":{"type":"LineString","coordinates":[[-82.23103497324793,28.532225068174395],[-82.230937679132794,28.532226094470452],[-82.23080815064921,28.532281302785329],[-82.230766090612136,28.532349440120093],[-82.230779085915884,28.532376344087393],[-82.230944416157911,28.532402064220609],[-82.23100465493475,28.532396914955484],[-82.231065625195171,28.532346749917288],[-82.231096370907196,28.532305766229847],[-82.231088293195143,28.532251633714704],[-82.23103497324793,28.532225068174395]]},"properties":{"OBJECTID_1":20,"OBJECTID":16070,"QUADNUMBER":0,"ELEVATION":105,"ORGCONT":0,"DEPRESSION":0,"HILLTOP":0,"INTERVAL":0,"UNIT":" ","DATESTAMP":1078790400000,"ShapeSTLen":273.75225628186485,"Shape_Length":273.75225627824011}},{"type":"Feature","id":21,"geometry":{"type":"LineString","coordinates":[[-82.239700153425986,28.533906421859598],[-82.239549668994115,28.533912127600992],[-82.239491349804723,28.533917307951693],[-82.239277550139292,28.533959649313744],[-82.239240810120734,28.534054868317188],[-82.239275346970075,28.534095265103165],[-82.239375329774106,28.534125788573473],[-82.239427664786916,28.534134318251379],[-82.239497430512273,28.534133790998652],[-82.239555335076574,28.534115102341463],[-82.239676958949957,28.534073569310877],[-82.239846270215054,28.53397269755796],[-82.239851977647362,28.533936470885212],[-82.23982353976487,28.533914158238701],[-82.239700153425986,28.533906421859598]]},"properties":{"OBJECTID_1":21,"OBJECTID":16188,"QUADNUMBER":0,"ELEVATION":120,"ORGCONT":0,"DEPRESSION":0,"HILLTOP":0,"INTERVAL":0,"UNIT":" ","DATESTAMP":1078790400000,"ShapeSTLen":458.44686930002007,"Shape_Length":458.44686929863059}},{"type":"Feature","id":22,"geometry":{"type":"LineString","coordinates":[[-82.250815644283094,28.51855123357333],[-82.250723699088752,28.518579065669325],[-82.250664310586018,28.51861125554181],[-82.250630792598201,28.518665706430863],[-82.250639432163069,28.518764879347106],[-82.250700977756409,28.518877084723428],[-82.250720946718644,28.518908573224156],[-82.250781995225736,28.518971243255013],[-82.250837592439154,28.51901583935657],[-82.250906344332293,28.51903752848877],[-82.251054528774247,28.519054284779003],[-82.251113126176406,28.519031381364989],[-82.251136456063747,28.519013098173133],[-82.25119465634836,28.518935592549219],[-82.251194273206963,28.518800222942726],[-82.25114937460701,28.518687936488835],[-82.251081347232969,28.518620961780027],[-82.250923655336663,28.518559045191626],[-82.250815644283094,28.51855123357333]]},"properties":{"OBJECTID_1":22,"OBJECTID":16605,"QUADNUMBER":0,"ELEVATION":90,"ORGCONT":0,"DEPRESSION":0,"HILLTOP":0,"INTERVAL":0,"UNIT":" ","DATESTAMP":1078790400000,"ShapeSTLen":576.20066465526259,"Shape_Length":576.20066465289915}},{"type":"Feature","id":23,"geometry":{"type":"LineString","coordinates":[[-82.237144286756561,28.52291390220967],[-82.237216459128675,28.522922404465497],[-82.23725027928144,28.522967296797564],[-82.23721468992872,28.523030736287382],[-82.237156652759268,28.523058420598637],[-82.237025806573214,28.523077601873343],[-82.236880376308022,28.523087877909727],[-82.236800820130853,28.523061544406257],[-82.236812159789878,28.522993868359865],[-82.23683229201346,28.522975551686404],[-82.237039523115897,28.522942130931447],[-82.237144286756561,28.52291390220967]]},"properties":{"OBJECTID_1":23,"OBJECTID":18088,"QUADNUMBER":0,"ELEVATION":70,"ORGCONT":0,"DEPRESSION":1,"HILLTOP":0,"INTERVAL":0,"UNIT":" ","DATESTAMP":1078790400000,"ShapeSTLen":343.6093211967106,"Shape_Length":343.60932119420175}},{"type":"Feature","id":24,"geometry":{"type":"LineString","coordinates":[[-82.249810050217263,28.525632092569918],[-82.249574685287641,28.525783096313294],[-82.249351687740585,28.525920737543956],[-82.249171363242553,28.526071295753336],[-82.249127117210449,28.526116615195921],[-82.249059807471866,28.52620301206856],[-82.248894028733218,28.52644381047703],[-82.248796683136334,28.526607217148612],[-82.248772822476937,28.526697535301153],[-82.248586299630404,28.526875319779769],[-82.248219195887856,28.527099806624815],[-82.248138616757601,28.527136503423158],[-82.247925300991682,28.527228963934089],[-82.247795363620128,28.527270671103949],[-82.247756039496707,28.527289037925541],[-82.247718477464971,28.527316423192424],[-82.247277676647244,28.527785390331616],[-82.247052100615349,28.527963520800061],[-82.246840932574571,28.528042212197402],[-82.246772009363667,28.528069766979147],[-82.246602643912368,28.528175149293222],[-82.246443117065922,28.528226345633357],[-82.246334386937377,28.528222738553268],[-82.245925176090779,28.528122784351428],[-82.245689640773961,28.528124898852365],[-82.245608212644058,28.528134571283744],[-82.245364830566075,28.528227211173],[-82.245251509109579,28.528309370618675],[-82.24484192338636,28.528746355657923],[-82.244814900282364,28.528755582138256],[-82.244686743577162,28.528765799326955],[-82.244597427412401,28.528748641430195],[-82.244479611671281,28.528713673706232],[-82.24441100195898,28.528682704084655],[-82.244284259655714,28.528566300959305],[-82.24416357769168,28.528391435458872],[-82.244015398449662,28.528018380716908],[-82.244006733308979,28.52800026631601],[-82.243950942225766,28.52792864523289],[-82.243846233623586,28.527834749066709],[-82.243485695186791,28.527653225347311],[-82.243383473329317,28.527563862266387],[-82.243300472562609,28.527433644280936],[-82.243216214196352,28.527262895939725],[-82.243207900781258,28.527222548814105],[-82.243179856135754,28.527136928330783],[-82.243168737804496,28.52703322968658],[-82.243169683456856,28.526974708040218],[-82.243172152519634,28.526861883991923],[-82.243189814642761,28.526798508468328],[-82.243248644121905,28.526603941793041],[-82.243191665200044,28.526486996675832],[-82.243154443817346,28.526216655849513],[-82.243118425870918,28.526149223797688],[-82.243039335064807,28.526172438353111],[-82.242883829549001,28.526291218200573],[-82.242808950728104,28.52629196836207],[-82.242740907166549,28.526265504994672],[-82.242653427503114,28.526135516562007],[-82.242648563415656,28.52604061360033],[-82.242659184511922,28.525977429378639],[-82.242717779717509,28.525679018427557],[-82.242775123225584,28.525299541838084],[-82.24278011715765,28.525267807263027],[-82.242801484372777,28.52517295306269],[-82.242902802774765,28.52488323826228],[-82.242907617298755,28.524783961451252],[-82.242850400486617,28.524721325295275],[-82.242781149135553,28.524690350552056],[-82.242464221337613,28.524661605598919],[-82.242182893449737,28.524686789341935],[-82.241900728618219,28.524684657211388],[-82.241803742764802,28.524667681651238],[-82.241761006652126,28.524658984181464],[-82.24146144996925,28.524584872006205],[-82.241197333729687,28.524456604994111],[-82.241025866262405,28.524336256353589],[-82.240885485864013,28.524193230507052],[-82.240745859988053,28.523964367305219],[-82.240720645387597,28.523901301754883],[-82.240714109429717,28.523752342869678],[-82.240723320394409,28.523657626007672],[-82.240734711846272,28.523625968591897],[-82.240764543940202,28.523562456283145],[-82.240824942533223,28.52350777701421],[-82.240889447438221,28.523475661775723],[-82.241007358480928,28.523465317476226],[-82.24108600753685,28.523469119386238],[-82.241107763360247,28.523469111456695],[-82.241243409007836,28.523549046094722],[-82.241345201061819,28.523624904376675],[-82.241435349430006,28.523669091001551],[-82.24161666843716,28.523694437744442],[-82.241702371545912,28.523657524532062],[-82.241763484842323,28.523598346273577],[-82.241776303216369,28.523557706063137],[-82.241777635417904,28.523435867737529],[-82.241781735786276,28.523341080491988],[-82.241833744462113,28.523290793900372],[-82.242097269158322,28.523297472950574],[-82.242449259646548,28.523294289788208],[-82.242446837206202,28.523167901296727],[-82.242440470412689,28.523086777116809],[-82.241985501980068,28.523086413408809],[-82.241964203014732,28.52301889162964],[-82.241985857966995,28.52294656233207],[-82.242008347999274,28.522901248752117],[-82.242184247455981,28.522786946154778],[-82.242298440480326,28.52265048434252],[-82.242350651361605,28.522627219813863],[-82.242449355101684,28.52261748061683],[-82.242489595337659,28.522621641714309],[-82.242596587149038,28.522692778627558],[-82.242598797500051,28.522832668437673],[-82.242632629090792,28.522877560302792],[-82.242734352086373,28.5229579122697],[-82.242778351314939,28.523007149686329],[-82.242754059955558,28.52308395314888],[-82.242636309091068,28.523085010806216],[-82.24264205074924,28.523283482865924],[-82.242986146313442,28.523293991109075],[-82.242976857815421,28.523393210074406],[-82.242874974722838,28.523520543937579],[-82.242865221215141,28.523529703965558],[-82.24257117803775,28.523866254726002],[-82.24256744777901,28.523938535860328],[-82.242619556581374,28.523960577408218],[-82.242701337728334,28.523968918817022],[-82.242781556177277,28.523954726825668],[-82.242979201500091,28.5238806525355],[-82.243281918420394,28.523719819465896],[-82.243530507625394,28.523582224381052],[-82.24358684758208,28.523541286708848],[-82.24363207872554,28.523513704738299],[-82.243880621252401,28.523339809435814],[-82.244382871943614,28.523344407603656],[-82.244408893258864,28.523357678548425],[-82.244472008650177,28.523411100397059],[-82.24451721567425,28.523464846809954],[-82.244584867619977,28.523554625969606],[-82.244737526950701,28.523769855221204],[-82.244762188679871,28.523787608704133],[-82.244899573979978,28.523799743132479],[-82.245025394850487,28.52373546579209],[-82.245294156666063,28.52365637815328],[-82.245389619029964,28.523569769836723],[-82.24550785398489,28.523460370302189],[-82.245715542031903,28.523359122235782],[-82.245752473821938,28.52329120156617],[-82.24575401942964,28.523155860996059],[-82.245754463902514,28.523128563259995],[-82.245811216209319,28.523101138388817],[-82.246032452935808,28.523072103700816],[-82.246102799292828,28.52303527598507],[-82.246334647424177,28.522784897249981],[-82.246385456772785,28.522689573999685],[-82.246470642795202,28.522526286670466],[-82.246536307280849,28.522462659362091],[-82.246644145130489,28.522362418485034],[-82.246814132084666,28.522297572932107],[-82.247022197052019,28.52229116619197],[-82.247217031233092,28.522311896064362],[-82.247431848839199,28.522323590145572],[-82.247640421511448,28.522285670634847],[-82.247957292262996,28.522278092260638],[-82.248290606763618,28.522401296500732],[-82.248541360278935,28.522525437829415],[-82.248698719450573,28.522528532763797],[-82.24915071793194,28.522474799020952],[-82.249810179777995,28.522491187421405]]},"properties":{"OBJECTID_1":24,"OBJECTID":18101,"QUADNUMBER":0,"ELEVATION":105,"ORGCONT":0,"DEPRESSION":0,"HILLTOP":0,"INTERVAL":0,"UNIT":" ","DATESTAMP":1078790400000,"ShapeSTLen":9619.3519814338906,"Shape_Length":9619.3519814534484}},{"type":"Feature","id":25,"geometry":{"type":"LineString","coordinates":[[-82.235304740463917,28.51822399996551],[-82.235328846831436,28.518237248013055],[-82.235382380049131,28.518250298899805],[-82.23541002055569,28.518281610351188],[-82.235409563288528,28.518349421776303],[-82.235377736931724,28.518417403048026],[-82.235339524084736,28.518485306943752],[-82.235296404376086,28.518539924114656],[-82.235251724620682,28.518572006902279],[-82.235190216834752,28.518577143982299],[-82.235164771156263,28.518568095054725],[-82.235121397057938,28.518559671796584],[-82.235090629474001,28.518523824175453],[-82.235084609942405,28.518460708955239],[-82.235110108520416,28.518388148451614],[-82.235154654971197,28.518324545983795],[-82.235204102649206,28.518274510859079],[-82.235272600248635,28.518233444565659],[-82.235304740463917,28.51822399996551]]},"properties":{"OBJECTID_1":25,"OBJECTID":18220,"QUADNUMBER":0,"ELEVATION":80,"ORGCONT":0,"DEPRESSION":0,"HILLTOP":0,"INTERVAL":0,"UNIT":" ","DATESTAMP":1078790400000,"ShapeSTLen":361.78521540067783,"Shape_Length":361.78521540346327}},{"type":"Feature","id":26,"geometry":{"type":"LineString","coordinates":[[-82.245596439434308,28.497100087429715],[-82.245502572686974,28.497205147233792],[-82.245485924573018,28.497403896762151],[-82.245523536229015,28.497570405627474],[-82.245537872755676,28.497633344013973],[-82.24563480672056,28.497889800349157],[-82.245721171226592,28.498087596700262],[-82.245833677525283,28.498330179944855],[-82.245913903059815,28.49843333601693],[-82.245971162269214,28.49853198484649],[-82.246107511195021,28.498724772655873],[-82.246189213730233,28.498854964839392],[-82.246370651842881,28.499187342944417],[-82.246542322052179,28.499411242501942],[-82.246674523348162,28.499504922074635],[-82.246713973029728,28.499518082555625],[-82.246914519295586,28.499538876739461],[-82.246927883035042,28.499543266765361],[-82.247109398104897,28.499514299885256],[-82.24737712703724,28.499376660038866],[-82.247626136393507,28.499288596458342],[-82.247749700638622,28.499282820938525],[-82.247852914877555,28.499309157389085],[-82.248024422929404,28.499424715464212],[-82.248190852130065,28.499617317210671],[-82.248216212097944,28.499671100659114],[-82.248247500995774,28.500205580955129],[-82.248168729803183,28.500274149172533],[-82.248700044449009,28.500492693003331],[-82.249201171711618,28.500718175026574],[-82.249294076293083,28.500789414912706],[-82.249454416909714,28.500923396873578],[-82.249501524964359,28.500977178953704],[-82.249667247679028,28.501174269318234],[-82.249809850272683,28.501217977058637]]},"properties":{"OBJECTID_1":26,"OBJECTID":18315,"QUADNUMBER":0,"ELEVATION":105,"ORGCONT":0,"DEPRESSION":0,"HILLTOP":0,"INTERVAL":0,"UNIT":" ","DATESTAMP":1078790400000,"ShapeSTLen":10771.433663384547,"Shape_Length":2438.9609285209403}},{"type":"Feature","id":27,"geometry":{"type":"LineString","coordinates":[[-82.234464327165611,28.512383271950746],[-82.234330586172192,28.51238440679851],[-82.234244762061536,28.512389508670406],[-82.234023446053286,28.512463830353305],[-82.233868419845464,28.512514789461651],[-82.233804842075415,28.512528904239716],[-82.233607598544339,28.512539920072115],[-82.233476684674855,28.512563599847358],[-82.233441267346223,28.512577503645606],[-82.233392263614121,28.512600531871868],[-82.233262829084666,28.512651236988109],[-82.233197958665968,28.512706140820679],[-82.23314986043124,28.512751687352658],[-82.233042583081271,28.512856437485574],[-82.233003806059685,28.512919822777054],[-82.232935804810595,28.513087535514348],[-82.232926111141779,28.513132724668314],[-82.232926903923797,28.51324107657971],[-82.232983624031803,28.513294707959602],[-82.232985393853042,28.513303733837777],[-82.233051012191339,28.513321163898251],[-82.233125540964025,28.513302398923294],[-82.233301611710459,28.513138306708367],[-82.233365277741868,28.513079161145836],[-82.233380782197713,28.513069788880667],[-82.233452621919312,28.513019479486275],[-82.233522322013002,28.512982922835924],[-82.233697483014566,28.512913650594669],[-82.233737306372589,28.512904310455831],[-82.233790010300197,28.512890058311264],[-82.234026657269396,28.51285645441067],[-82.234051617142583,28.512856202076964],[-82.234193675107619,28.512854901573032],[-82.234321101340157,28.512849186590699],[-82.234456118916839,28.512848067594341],[-82.234549994753721,28.512819986886232],[-82.234614371214874,28.512756358443681],[-82.234664106680938,28.512688313888574],[-82.234673860915038,28.512679146313531],[-82.234680081575164,28.512611407895363],[-82.234668582489277,28.51257073357862],[-82.234637053396,28.512503365341352],[-82.234626754090399,28.5124674939619],[-82.234487225826442,28.512392000573293],[-82.234464327165611,28.512383271950746]]},"properties":{"OBJECTID_1":27,"OBJECTID":18523,"QUADNUMBER":0,"ELEVATION":75,"ORGCONT":0,"DEPRESSION":1,"HILLTOP":0,"INTERVAL":0,"UNIT":" ","DATESTAMP":1078790400000,"ShapeSTLen":1448.0351331478826,"Shape_Length":1448.0351331462887}},{"type":"Feature","id":28,"geometry":{"type":"LineString","coordinates":[[-82.241074960115725,28.534132768748449],[-82.241111365320279,28.534137165329302],[-82.241200877810812,28.534181347718508],[-82.241243948249164,28.534248580880579],[-82.241287236280783,28.534302311826792],[-82.241322472225562,28.534378742063115],[-82.241356869033936,28.534428137667053],[-82.24138522400925,28.534495471824734],[-82.241471368714926,28.534589694240719],[-82.241541463387108,28.534647709607285],[-82.241566553392914,28.534678980025529],[-82.241674117856476,28.534754621888347],[-82.241806626222441,28.5348708221515],[-82.241815073071891,28.53490244158262],[-82.241851178339729,28.534965091291269],[-82.2418455039154,28.53507814918931],[-82.241837187643526,28.535236197378335],[-82.241852216484716,28.535335169772139],[-82.241861509857756,28.535393821092637],[-82.241851382085599,28.535466019636953],[-82.241798009515975,28.535520786042763],[-82.241715767316336,28.535580257211372],[-82.24166178549774,28.535594215120931],[-82.241576360722007,28.535613130486485],[-82.241525781866812,28.535654142760986],[-82.241363481131586,28.535836153058412],[-82.241318237366556,28.535863445520164],[-82.24123827929121,28.535900439399391],[-82.241165934255818,28.535941743758226],[-82.240955316118118,28.536024933147242],[-82.240894638578752,28.536057093937828],[-82.240747857466857,28.536189205982009],[-82.240707020612589,28.536221059008753],[-82.240677486364532,28.536266563446741],[-82.240635052076613,28.536357205354076],[-82.240615906177084,28.536393555113229],[-82.240493955778916,28.536493895480739],[-82.240446943321288,28.536512438924845],[-82.240365220092087,28.536540116882577],[-82.240321468318186,28.536554207748914],[-82.240092689343882,28.536533607554468],[-82.239952169389667,28.536516930578848],[-82.239869102446903,28.536508561868775],[-82.239738169652767,28.53653225135551],[-82.239560357040801,28.536565470080475],[-82.239494350091775,28.536570559324481],[-82.239442930258306,28.536584549734201],[-82.23936013248877,28.536598987047192],[-82.239243862652017,28.536586545525321],[-82.239206392702371,28.536568910193157],[-82.239128814761202,28.536537822006885],[-82.239081265969205,28.536470527500128],[-82.239060406840494,28.536375995590145],[-82.23905659076263,28.536335426488435],[-82.239060461853029,28.536254144415079],[-82.239160311877697,28.535977911921091],[-82.23918437458083,28.535914614145575],[-82.239219201000722,28.535819654817452],[-82.23923108763455,28.535797009343067],[-82.239270971149082,28.535665524025546],[-82.239289117356023,28.535494084086231],[-82.239303624881558,28.535349334748435],[-82.239315183001921,28.535268153710732],[-82.239350352258356,28.535191209089639],[-82.23939603932611,28.535136621412246],[-82.239471662969308,28.535090576694362],[-82.239547700906897,28.535058320866458],[-82.239657315988808,28.535007917309539],[-82.23969224545003,28.534984997423354],[-82.239814261715466,28.534879875203519],[-82.239882985890233,28.534825293605344],[-82.239997178258164,28.534729357393346],[-82.240149074963696,28.534597027747303],[-82.240158824206389,28.534588140440178],[-82.240246237940696,28.534564759440492],[-82.2402677992403,28.534537451478165],[-82.240407074042992,28.534473063512618],[-82.240550415897118,28.534394938994986],[-82.240670799371699,28.534272067928626],[-82.240851283891871,28.534153034349266],[-82.240945510685663,28.53414324640368],[-82.241074960115725,28.534132768748449]]},"properties":{"OBJECTID_1":28,"OBJECTID":18960,"QUADNUMBER":0,"ELEVATION":110,"ORGCONT":0,"DEPRESSION":1,"HILLTOP":0,"INTERVAL":0,"UNIT":" ","DATESTAMP":1078790400000,"ShapeSTLen":2830.9243545826166,"Shape_Length":2830.9243545859972}},{"type":"Feature","id":29,"geometry":{"type":"LineString","coordinates":[[-82.246543175151757,28.519781961314703],[-82.246636297935552,28.519839970318493],[-82.246681650472397,28.519884438732284],[-82.246831803371904,28.519937256601995],[-82.246917767646082,28.519963662832037],[-82.246981541810058,28.519976561487539],[-82.247056345894237,28.519980306485614],[-82.247174518090233,28.519992759620632],[-82.247213319720032,28.520046717138097],[-82.247261874531318,28.520091217427286],[-82.247269338823159,28.52010482389003],[-82.247266888991788,28.520177121797882],[-82.247252287191515,28.520249260448161],[-82.24724401870705,28.520443618782959],[-82.247312965826978,28.520533121756152],[-82.247461955885811,28.520657964677113],[-82.247531898659247,28.520725257124049],[-82.247508254919026,28.520802065679383],[-82.247484983624716,28.520856378007675],[-82.247408175226596,28.520897625279378],[-82.247386985878606,28.520902421946698],[-82.247222927631867,28.520917538939837],[-82.247191566009676,28.520917708797189],[-82.246959475759795,28.52090636515026],[-82.246775951448683,28.520899006102155],[-82.246668937553594,28.520868398775459],[-82.24656890419584,28.520842386086443],[-82.246417902663282,28.520762541436429],[-82.246384785101597,28.520713160928246],[-82.246378124256282,28.520650043811514],[-82.246378709064601,28.520613746688984],[-82.24638043911753,28.520546230746262],[-82.246434942283841,28.520459951307039],[-82.246466177348225,28.520270103702519],[-82.24647429938021,28.520202385764371],[-82.24646133623196,28.520094151828616],[-82.246438538001343,28.520040118146273],[-82.246414948124837,28.519995361135393],[-82.246391651874575,28.519932314788356],[-82.246399503972555,28.519842081038561],[-82.246434301583264,28.519787634284711],[-82.246481095875737,28.519782593702825],[-82.246543175151757,28.519781961314703]]},"properties":{"OBJECTID_1":29,"OBJECTID":19449,"QUADNUMBER":0,"ELEVATION":70,"ORGCONT":0,"DEPRESSION":1,"HILLTOP":0,"INTERVAL":0,"UNIT":" ","DATESTAMP":1078790400000,"ShapeSTLen":1350.3319339254776,"Shape_Length":1350.3319339300049}},{"type":"Feature","id":30,"geometry":{"type":"LineString","coordinates":[[-82.237418519493758,28.518836500859884],[-82.237367241054699,28.518841488404888],[-82.23730228815559,28.518900891605249],[-82.237292035074162,28.518941571161164],[-82.237281136281183,28.518982240113232],[-82.237271990191758,28.519072460300226],[-82.237259094488394,28.519117885408935],[-82.23722048794906,28.519249106529234],[-82.237212522393548,28.519267014917965],[-82.237147692802722,28.519357939581205],[-82.237096106357143,28.519421741761281],[-82.237064526067186,28.51943541421435],[-82.236980869099014,28.519503876088226],[-82.236864557560992,28.519613284782672],[-82.236810776398357,28.519654263057571],[-82.236785852714831,28.519731332800998],[-82.236786195383146,28.519749353013001],[-82.236781587911651,28.519875651984144],[-82.236813343787773,28.519929514687899],[-82.23685014872683,28.51998795341629],[-82.236879778453357,28.520014778220219],[-82.236971300635759,28.520013964418293],[-82.237042209928347,28.519981647623293],[-82.237119104637458,28.519935901515939],[-82.237155102304655,28.519885980303936],[-82.237190400957374,28.519840548585634],[-82.237214812536934,28.519794981565038],[-82.237318385775325,28.519721998284766],[-82.237420679053869,28.519648698632878],[-82.237606041610107,28.519660603224605],[-82.237842535667909,28.519676518336961],[-82.238026634492087,28.519688404714973],[-82.238238315523361,28.519695563802657],[-82.238275365840948,28.519699692947981],[-82.238301456094462,28.519708464942287],[-82.238380172853255,28.519707762886707],[-82.238412611913176,28.51968030975538],[-82.238422321975293,28.519594596648627],[-82.238401721035061,28.519563097511273],[-82.238314154294741,28.519478135275211],[-82.238249683401463,28.519429209292984],[-82.238251814898206,28.519415723561007],[-82.238091525761021,28.519317742361736],[-82.238055856284348,28.519268328172185],[-82.237996496062863,28.51921946530058],[-82.237999446476394,28.519156176599562],[-82.23786968501426,28.518990479921939],[-82.237829735909159,28.518968307857701],[-82.237773788040997,28.518946218824105],[-82.237734473435921,28.518924056449343],[-82.237630394248256,28.51887069132971],[-82.237580128878932,28.518853168990915],[-82.237497156831481,28.51884030669034],[-82.237418519493758,28.518836500859884]]},"properties":{"OBJECTID_1":30,"OBJECTID":19554,"QUADNUMBER":0,"ELEVATION":65,"ORGCONT":0,"DEPRESSION":1,"HILLTOP":0,"INTERVAL":0,"UNIT":" ","DATESTAMP":1078790400000,"ShapeSTLen":1554.0265135024169,"Shape_Length":1554.0265135125674}},{"type":"Feature","id":31,"geometry":{"type":"LineString","coordinates":[[-82.243970010496639,28.507345694535189],[-82.244044173237171,28.507349438779556],[-82.244092709278362,28.507394230003467],[-82.244090843039331,28.507430221789861],[-82.244083551464087,28.507525254169508],[-82.244077751277402,28.50760651039543],[-82.244078104323677,28.507624530597411],[-82.244082479444813,28.507710133215301],[-82.244076792606421,28.507863716211943],[-82.244064612398489,28.507904371817453],[-82.244046883524646,28.507972252266864],[-82.244025959875401,28.507999565177403],[-82.243981008899098,28.508049661348782],[-82.243906337918347,28.508077428954437],[-82.24381355938705,28.508078233396439],[-82.243745447764326,28.508056275066139],[-82.243681551890433,28.508011569918128],[-82.243669190760016,28.507984679487972],[-82.243656923345483,28.507912768833183],[-82.243657140930623,28.507898985946316],[-82.243655549502776,28.507799901724635],[-82.243661693784048,28.507736656713245],[-82.243669900360246,28.507664442251642],[-82.243690043635752,28.507605591848723],[-82.243759909186934,28.507519228942325],[-82.243875431175226,28.507378276708852],[-82.243948823692619,28.50735049066024],[-82.243970010496639,28.507345694535189]]},"properties":{"OBJECTID_1":31,"OBJECTID":20625,"QUADNUMBER":0,"ELEVATION":90,"ORGCONT":0,"DEPRESSION":1,"HILLTOP":0,"INTERVAL":0,"UNIT":" ","DATESTAMP":1078790400000,"ShapeSTLen":682.84027822232349,"Shape_Length":682.84027823193401}},{"type":"Feature","id":32,"geometry":{"type":"MultiLineString","coordinates":[[[-82.266497049210258,28.523748779347841],[-82.266424084088641,28.523749560419777],[-82.266343799680797,28.523768269199223],[-82.26629216511877,28.52379577199796],[-82.266099123405425,28.523982781820653],[-82.26607550571741,28.524059590754693],[-82.266070997754454,28.524140872189452],[-82.266109596139245,28.524208329152206],[-82.266156371908551,28.524284609475167],[-82.266177699474099,28.524311323184538],[-82.266231450386826,28.524351381329716],[-82.266438362117242,28.524457785609432],[-82.266515859470033,28.524493363834246],[-82.266589265642239,28.52451418132782]],[[-82.266961659290388,28.524032443987622],[-82.266833919528978,28.523930794686233],[-82.266778971043621,28.523886217467016],[-82.266728774403646,28.523863930601561],[-82.266694076112728,28.523832828943526],[-82.266497049210258,28.523748779347841]]]},"properties":{"OBJECTID_1":32,"OBJECTID":20674,"QUADNUMBER":0,"ELEVATION":80,"ORGCONT":0,"DEPRESSION":1,"HILLTOP":0,"INTERVAL":0,"UNIT":" ","DATESTAMP":1078790400000,"ShapeSTLen":1084.4608733140753,"Shape_Length":626.52822407372764}},{"type":"Feature","id":33,"geometry":{"type":"LineString","coordinates":[[-82.229709940916337,28.517308916755983],[-82.229882658105524,28.51731194709825],[-82.229916844412458,28.517334327075456],[-82.230193282652337,28.517489779585414],[-82.230253080264347,28.517511640546179],[-82.230379617942731,28.517560242253083],[-82.23045867476219,28.517577558719516],[-82.230591125170264,28.517616937212299],[-82.230789641227361,28.517646746752625],[-82.230913424269559,28.517668288474759],[-82.23103814827391,28.517671545081463],[-82.231074404006932,28.517684671262785],[-82.231171233470519,28.517710934560334],[-82.231210026145902,28.517764897621838],[-82.231203873894358,28.517828141121875],[-82.231144952547695,28.517909850745777],[-82.231090102007428,28.517977822370664],[-82.231068681425569,28.517996129569752],[-82.230903552286733,28.51815558290598],[-82.230861224041192,28.518201200913474],[-82.230824154476736,28.518237593378494],[-82.230752674816301,28.518382746684004],[-82.230741904515043,28.518454940282599],[-82.23074459268156,28.518486488163521],[-82.23075591778219,28.518576683099784],[-82.230766037748126,28.518662362018141],[-82.230804016881919,28.51876584568911],[-82.230879560529829,28.518841933362996],[-82.230919365331346,28.518873114972315],[-82.231024994574639,28.518948740858377],[-82.231135737458729,28.51902443556375],[-82.231179081929071,28.519073664373444],[-82.231207910362926,28.519150290632901],[-82.231213943845631,28.519172601776205],[-82.231220613413683,28.519195196076616],[-82.231214053176629,28.519362280790435],[-82.231172682889039,28.519466447082063],[-82.231114966824066,28.519552675395317],[-82.231089714619046,28.51957092865506],[-82.231019508105206,28.519598750165333],[-82.230935456955621,28.519612886684769],[-82.230684505319346,28.519619845106785],[-82.23055373410493,28.519634522709964],[-82.230510638140075,28.519648325977276],[-82.230432185462817,28.519671826289677],[-82.2304110010909,28.519676339673424],[-82.230248773772843,28.519736484652981],[-82.230214479677173,28.519759411901525],[-82.230110188524861,28.519837173452274],[-82.230040269902361,28.519887219729952],[-82.229983068711903,28.51994194387898],[-82.229863692437732,28.520042306645479],[-82.229752782950513,28.520133492536754],[-82.229737056109926,28.520156369315824],[-82.229682256701338,28.520220127204126],[-82.229650314300486,28.520256310353417],[-82.229541105731002,28.520361297331231],[-82.229478068684614,28.520420442709856],[-82.229456655511001,28.520438752345875],[-82.2293688777455,28.520484637025884],[-82.229313329716746,28.520516585517608],[-82.22911745055562,28.520599660488521],[-82.228942906288907,28.520668939307349],[-82.228878390226257,28.520701048011233],[-82.22869516854432,28.520793004527775],[-82.228527435823381,28.520875877868015],[-82.228496498660917,28.520889552665238],[-82.228449271839253,28.520921605016365],[-82.228347119623038,28.520985598986879],[-82.228270592787354,28.521008835841435],[-82.228168394098645,28.521037096735444],[-82.228064862986983,28.521028746978747],[-82.228038208779694,28.521015466731487],[-82.227958648164972,28.520989136155244],[-82.227913090889899,28.520958166366473],[-82.22789627264207,28.520890411924835],[-82.22788591396322,28.520859041991535],[-82.227881649007827,28.520728129127917],[-82.227892771839876,28.520673958700062],[-82.227918588287338,28.520542865434948],[-82.22797732099724,28.520433847045055],[-82.228033039706901,28.520352376088589],[-82.22805659964591,28.520320311272123],[-82.228097164079372,28.52026594522156],[-82.228165270911148,28.520170563551279],[-82.228237217099192,28.520075225025625],[-82.228258527789563,28.519984597883933],[-82.228263597447679,28.519948639777095],[-82.228285750514942,28.519767686063993],[-82.228289754054842,28.519718208044171],[-82.228381393545618,28.51963156657466],[-82.228450534667388,28.519590227416167],[-82.228508647928578,28.519558319174543],[-82.229052928508452,28.51902543263687],[-82.229083621933228,28.518948431253158],[-82.229105201018115,28.518880317128769],[-82.229104788688517,28.518866802436964],[-82.229110120931708,28.518736011455459],[-82.229112359989145,28.518677226843479],[-82.229104557389164,28.518645887874847],[-82.229065564047659,28.518564911826054],[-82.229045680714577,28.518528918148327],[-82.228895721068483,28.518386039313224],[-82.228852867323567,28.51834580987267],[-82.228758909491816,28.518260764663928],[-82.228581668718547,28.518104583850658],[-82.228566569952548,28.518009837300646],[-82.228563592315439,28.517996298947764],[-82.228562266146341,28.517960252320574],[-82.228608165483621,28.517892174953236],[-82.228658328674655,28.51783764999891],[-82.228729461262773,28.517791832590575],[-82.228779100832284,28.517768819416546],[-82.22891310841699,28.517713382559862],[-82.229059333778466,28.517653313066596],[-82.229130166426032,28.517625786576776],[-82.229232020230995,28.517579520963434],[-82.229257848019344,28.517565775210755],[-82.229481623204592,28.517419441529597],[-82.229505034627138,28.517396667293141],[-82.229554967894501,28.517355646054313],[-82.229709940916337,28.517308916755983]]},"properties":{"OBJECTID_1":33,"OBJECTID":22435,"QUADNUMBER":0,"ELEVATION":60,"ORGCONT":0,"DEPRESSION":1,"HILLTOP":0,"INTERVAL":0,"UNIT":" ","DATESTAMP":1078790400000,"ShapeSTLen":4235.6342941679459,"Shape_Length":4235.6342941814701}},{"type":"Feature","id":34,"geometry":{"type":"LineString","coordinates":[[-82.257773844735311,28.531402143519088],[-82.257837549350697,28.531460346678106],[-82.257823876050722,28.531514488158358],[-82.2578790534875,28.531545567605956],[-82.257890693432358,28.531617753078855],[-82.257887468394912,28.531699038062907],[-82.257820312078522,28.531776438894457],[-82.257788019395619,28.531794617498903],[-82.257745774819639,28.53179521741934],[-82.257658454335484,28.531773308083995],[-82.257615088281355,28.531724079810473],[-82.257634939989231,28.53168323804918],[-82.257599600086152,28.531652129003838],[-82.257593160539784,28.531575500414867],[-82.257599505037675,28.531498750127064],[-82.257605206272643,28.531462525441192],[-82.257669448986036,28.5314075977663],[-82.257746888801364,28.531406869729899],[-82.257773844735311,28.531402143519088]]},"properties":{"OBJECTID_1":34,"OBJECTID":22711,"QUADNUMBER":0,"ELEVATION":110,"ORGCONT":0,"DEPRESSION":1,"HILLTOP":0,"INTERVAL":0,"UNIT":" ","DATESTAMP":1078790400000,"ShapeSTLen":403.64046304271784,"Shape_Length":403.64046304515983}},{"type":"Feature","id":35,"geometry":{"type":"LineString","coordinates":[[-82.224074754366228,28.519178587119249],[-82.223934599287276,28.51917990462103],[-82.223904715307739,28.519207105564959],[-82.223877990493889,28.51931567877288],[-82.223978116668633,28.519414029547359],[-82.224029656164305,28.519431571066466],[-82.224164471823954,28.519443976180213],[-82.224258790515137,28.519388884602307],[-82.224278263675998,28.519294011932534],[-82.224227758025364,28.519213165383505],[-82.224074754366228,28.519178587119249]]},"properties":{"OBJECTID_1":35,"OBJECTID":22713,"QUADNUMBER":0,"ELEVATION":75,"ORGCONT":0,"DEPRESSION":1,"HILLTOP":0,"INTERVAL":0,"UNIT":" ","DATESTAMP":1078790400000,"ShapeSTLen":364.20372622492545,"Shape_Length":364.20372622591492}},{"type":"Feature","id":36,"geometry":{"type":"LineString","coordinates":[[-82.225181979314527,28.515996256809633],[-82.225234236191397,28.516009297581643],[-82.225396438833087,28.516107032819789],[-82.225421208502027,28.51619711842083],[-82.225373233654267,28.516274186482004],[-82.22530138787846,28.516324494322323],[-82.225224594186912,28.51632521267388],[-82.225144026139645,28.516321372248843],[-82.225005404442413,28.516268406549369],[-82.224974371449903,28.516210038008019],[-82.224974815746435,28.516183030846801],[-82.224995019871116,28.516160202233447],[-82.224979342686495,28.516101750513677],[-82.225000505518182,28.516020411953072],[-82.2250282494864,28.516006407560202],[-82.225181979314527,28.515996256809633]]},"properties":{"OBJECTID_1":36,"OBJECTID":35447,"QUADNUMBER":0,"ELEVATION":75,"ORGCONT":0,"DEPRESSION":1,"HILLTOP":0,"INTERVAL":0,"UNIT":" ","DATESTAMP":1078790400000,"ShapeSTLen":430.45607640693589,"Shape_Length":430.4560764036587}},{"type":"Feature","id":37,"geometry":{"type":"LineString","coordinates":[[-82.232080479553034,28.51131282765008],[-82.232008092701818,28.511317824848589],[-82.231849145481576,28.511373507644517],[-82.231810729756504,28.511414391892753],[-82.231800171375255,28.511473072588519],[-82.231844381500011,28.511508809640933],[-82.231827005671249,28.511554184183531],[-82.231872613866329,28.511621452368324],[-82.231977422652761,28.511629527287614],[-82.232006215312381,28.511629329245238],[-82.23210449347296,28.511605803184636],[-82.232186202781818,28.511578129287617],[-82.232294155156822,28.511549937652362],[-82.232378937121766,28.511490502881919],[-82.23244475155262,28.51141760495565],[-82.232445042036758,28.51139959535497],[-82.23236984856311,28.511341520565743],[-82.232184631150787,28.511320889998206],[-82.232080479553034,28.51131282765008]]},"properties":{"OBJECTID_1":37,"OBJECTID":36455,"QUADNUMBER":0,"ELEVATION":75,"ORGCONT":0,"DEPRESSION":1,"HILLTOP":0,"INTERVAL":0,"UNIT":" ","DATESTAMP":1078790400000,"ShapeSTLen":525.13992751397029,"Shape_Length":525.13992751505623}},{"type":"Feature","id":38,"geometry":{"type":"LineString","coordinates":[[-82.238206229649421,28.514934973997526],[-82.238253929968863,28.514952461818744],[-82.238343059429241,28.515019431284323],[-82.23834787115517,28.515078025025726],[-82.238196313241247,28.5151515381019],[-82.238108694057544,28.515188429021372],[-82.23804234018624,28.515216020917745],[-82.237976625440041,28.51524390402361],[-82.237889366267851,28.51525828145558],[-82.237817701480751,28.515258789498901],[-82.23775250993755,28.515214347371906],[-82.237767054461742,28.515146423736489],[-82.237814868346987,28.515078362468909],[-82.237821852547384,28.515042149789867],[-82.237894336116852,28.514991842352178],[-82.237956927308986,28.514959699349809],[-82.238041619879056,28.514945290277225],[-82.238206229649421,28.514934973997526]]},"properties":{"OBJECTID_1":38,"OBJECTID":37902,"QUADNUMBER":0,"ELEVATION":80,"ORGCONT":0,"DEPRESSION":1,"HILLTOP":0,"INTERVAL":0,"UNIT":" ","DATESTAMP":1078790400000,"ShapeSTLen":488.32269691163145,"Shape_Length":488.32269691457071}},{"type":"Feature","id":39,"geometry":{"type":"LineString","coordinates":[[-82.227346610258095,28.506991802846198],[-82.227432931230936,28.506995425733095],[-82.227468882934104,28.507026835953617],[-82.227491284969574,28.507143911869111],[-82.227511297039527,28.507328771863161],[-82.227515637441087,28.507454899707618],[-82.227440981213931,28.50755949162739],[-82.227302301095534,28.507628372689542],[-82.227199969236736,28.507665355205415],[-82.227117493908509,28.507661777180374],[-82.227095738246732,28.507661782856164],[-82.22702699487067,28.507639804552593],[-82.226954214301216,28.507591046672008],[-82.226918061724305,28.507532617562639],[-82.226913014928485,28.507410693125017],[-82.226921852858638,28.507379005853604],[-82.22696767968246,28.507315422777065],[-82.226982692222521,28.507297325421447],[-82.227118761487972,28.50719238569145],[-82.227254107500201,28.507015112782604],[-82.227346610258095,28.506991802846198]]},"properties":{"OBJECTID_1":39,"OBJECTID":38422,"QUADNUMBER":0,"ELEVATION":115,"ORGCONT":0,"DEPRESSION":0,"HILLTOP":0,"INTERVAL":0,"UNIT":" ","DATESTAMP":1078790400000,"ShapeSTLen":701.10262640440749,"Shape_Length":701.10262640812527}},{"type":"Feature","id":40,"geometry":{"type":"LineString","coordinates":[[-82.231244512133941,28.509921356016051],[-82.231189412862662,28.50992628726361],[-82.230935026328694,28.51002805193513],[-82.230837318386463,28.51005580730272],[-82.230668205594483,28.510107141320997],[-82.230595608795994,28.510125641794406],[-82.23048418992542,28.510248621745024],[-82.230440987832822,28.510307733989219],[-82.230417710011082,28.510362032688302],[-82.230398870988282,28.510497721270699],[-82.230405295615057,28.510574352404188],[-82.230454200808609,28.510596357208474],[-82.230451917448761,28.510618843138417],[-82.230506158707001,28.5106274037811],[-82.230629044891899,28.510585620395901],[-82.230665329490492,28.510558214890519],[-82.230770836311009,28.510444450614134],[-82.230793672190288,28.510417159049059],[-82.230897856132827,28.510384697781038],[-82.230941440903806,28.510379907134329],[-82.231109741098876,28.510378374872499],[-82.231164127112621,28.510377925039155],[-82.231337555069786,28.510376174427229],[-82.231401763237258,28.510362071460161],[-82.23146579941961,28.510280425128379],[-82.231470981934734,28.510158351764279],[-82.231469162268652,28.510113306828288],[-82.231462088203912,28.510036671434989],[-82.231424807284327,28.509969219270275],[-82.231367650816722,28.509942893970106],[-82.231244512133941,28.509921356016051]]},"properties":{"OBJECTID_1":40,"OBJECTID":39132,"QUADNUMBER":0,"ELEVATION":80,"ORGCONT":0,"DEPRESSION":1,"HILLTOP":0,"INTERVAL":0,"UNIT":" ","DATESTAMP":1078790400000,"ShapeSTLen":981.93755207607308,"Shape_Length":981.93755208273342}},{"type":"Feature","id":41,"geometry":{"type":"LineString","coordinates":[[-82.248862166102796,28.534995708843091],[-82.249028790485056,28.535021143767494],[-82.249160977738924,28.535078509833635],[-82.249229865305168,28.535132282394894],[-82.249282819472015,28.535221869417576],[-82.2492811094519,28.53540702319755],[-82.24920893190756,28.535556678950986],[-82.249083145770285,28.535697502468967],[-82.249035053243858,28.535743054476139],[-82.248947689077099,28.53580274874118],[-82.248806145832461,28.535849106276636],[-82.248726139899048,28.535849797835276],[-82.248692856542604,28.53585022964862],[-82.248528723884277,28.53582903890976],[-82.248312488767994,28.535745284312334],[-82.248191418513883,28.535633464874806],[-82.248191387360066,28.535516387297619],[-82.248209839127938,28.535444014274788],[-82.248263496151296,28.535371234911949],[-82.248294086530535,28.535339258489],[-82.248357195040782,28.535275598969093],[-82.248485473564486,28.535139020701955],[-82.248604628284596,28.535052146717817],[-82.24874247696799,28.5349967447208],[-82.248862166102796,28.534995708843091]]},"properties":{"OBJECTID_1":41,"OBJECTID":41792,"QUADNUMBER":0,"ELEVATION":145,"ORGCONT":0,"DEPRESSION":0,"HILLTOP":0,"INTERVAL":0,"UNIT":" ","DATESTAMP":1078790400000,"ShapeSTLen":1036.1046359101936,"Shape_Length":1036.1046359141135}},{"type":"Feature","id":42,"geometry":{"type":"MultiLineString","coordinates":[[[-82.24006549610877,28.50027394070473],[-82.24007367947182,28.500557998174809],[-82.240081791128176,28.5006889538199],[-82.240114606057091,28.500914220183365],[-82.240138095427952,28.501004286578588],[-82.240145406599652,28.501026612268664],[-82.240200523440976,28.501139027247341],[-82.240277382729843,28.5012916802132],[-82.240432277907431,28.501484421930741],[-82.240651384877566,28.501662777303075],[-82.240925164864393,28.501822961322862],[-82.241564870511965,28.502024604950257],[-82.241771606368047,28.502058718910838],[-82.241970110044591,28.502047977807088],[-82.242106342496129,28.5020105691788],[-82.242218705066648,28.501946409444798],[-82.242230942062278,28.50194178293987],[-82.242496633142693,28.501772321388803],[-82.2425439268075,28.501735769388862],[-82.242661006494217,28.501617349721414],[-82.242726939983257,28.501535724427551],[-82.242751473995952,28.501521962169605],[-82.242861643523753,28.501277102796763],[-82.242974733199233,28.501167917426336],[-82.24309433577595,28.501130587165033],[-82.243725924353299,28.501003134185503],[-82.243924463557263,28.500911072997418],[-82.244000358599493,28.50084700971313],[-82.244135138781601,28.500701523458677],[-82.244193408297363,28.500619795713973],[-82.244267849136563,28.50044737876128],[-82.244300052113275,28.500275832656882],[-82.244300767444187,28.499955305397901],[-82.244291200483417,28.499716263582123],[-82.24425490620763,28.499626313854026],[-82.244192142448938,28.499432759479664],[-82.244178739509621,28.499351823696358],[-82.244002910329755,28.499069049267902],[-82.243659903143566,28.498679491428433],[-82.243226892886753,28.498318064856445],[-82.243196542527514,28.498295733624506],[-82.243050840606458,28.498206667741989],[-82.242523502930538,28.497981404525504],[-82.242418944999827,28.497919298094665],[-82.242391378212091,28.497883493216843],[-82.242372151863279,28.497806709407925],[-82.242394065426566,28.497756894816089],[-82.242526642956918,28.497629381650562],[-82.242628683539309,28.497569882571934],[-82.242651939794072,28.497556094635609],[-82.242700659381839,28.497510558013602],[-82.242773937084664,28.497410444799161],[-82.242807019108085,28.497342479241066],[-82.242816636788774,28.49730179487868],[-82.242818186021154,28.497166451999259],[-82.242733873966657,28.497082647780424]],[[-82.240110089973754,28.497163199026115],[-82.240136096099974,28.497263093053785],[-82.240153714640812,28.497281046700788],[-82.240302991772083,28.497464713753555],[-82.24030588334243,28.49752328029005],[-82.240279116428098,28.497595838782818],[-82.240232949445158,28.497641414245042],[-82.239844131267304,28.497829857664492],[-82.239599676092269,28.498030818377092],[-82.239437630054724,28.498239846717691],[-82.239405028643972,28.498316823298715],[-82.239381891462216,28.498402651516155],[-82.239377884246977,28.498452409728461],[-82.239373948597461,28.498497671396319],[-82.239389943054533,28.498655462715856],[-82.239421809445204,28.498781375771742],[-82.239514010965181,28.498933941752497],[-82.239549876180845,28.499010374499619],[-82.239571741677253,28.499082406779284],[-82.239611465911182,28.499118083415347],[-82.239628573630114,28.499167549041619],[-82.239650238227,28.49921255984323],[-82.239782338912534,28.499351278176615],[-82.239865622403812,28.499422676878432],[-82.240009698981368,28.499651582824331],[-82.240034830408547,28.499877036061648],[-82.24006549610877,28.50027394070473]]]},"properties":{"OBJECTID_1":42,"OBJECTID":42918,"QUADNUMBER":0,"ELEVATION":145,"ORGCONT":0,"DEPRESSION":0,"HILLTOP":0,"INTERVAL":0,"UNIT":" ","DATESTAMP":1078790400000,"ShapeSTLen":6099.0336177798581,"Shape_Length":4920.2406060077346}},{"type":"Feature","id":43,"geometry":{"type":"LineString","coordinates":[[-82.264035979560461,28.516393589541867],[-82.263927677831219,28.516403503805421],[-82.263857642631947,28.516422341895442],[-82.263708359456345,28.51651392228262],[-82.263440222598305,28.516796238566062],[-82.263389862172346,28.516864281216328],[-82.263368239864903,28.516896090298911],[-82.263350512740715,28.516963981246121],[-82.263350505127619,28.517004504817589],[-82.263350127645879,28.51710833785674],[-82.263404263337421,28.517283765813549],[-82.263529570486767,28.517490193953062],[-82.263645876214639,28.517579437045526],[-82.263695503595713,28.517596938333202],[-82.263779548319647,28.517623305134059],[-82.263812103206135,28.517627650801749],[-82.263917634338327,28.517631207748867],[-82.263997272232942,28.517612207496747],[-82.264120380941804,28.517556892523203],[-82.264293906890913,28.517429020823247],[-82.264377785047785,28.517265719413579],[-82.264429037778612,28.517021520061299],[-82.264431743123708,28.517012542748311],[-82.264432071602087,28.516832157290516],[-82.264362719679255,28.516647817073398],[-82.264222612849593,28.516486519630742],[-82.264035979560461,28.516393589541867]]},"properties":{"OBJECTID_1":43,"OBJECTID":44733,"QUADNUMBER":0,"ELEVATION":150,"ORGCONT":0,"DEPRESSION":0,"HILLTOP":0,"INTERVAL":0,"UNIT":" ","DATESTAMP":1078790400000,"ShapeSTLen":1243.9694239562609,"Shape_Length":1243.9694239577857}},{"type":"Feature","id":44,"geometry":{"type":"LineString","coordinates":[[-82.247657138066899,28.525647418509855],[-82.246743875442306,28.526089080435842],[-82.246720875709968,28.526165898459741],[-82.246669829131591,28.526315258409451],[-82.246510446875703,28.52671372304561],[-82.246399062070765,28.526954064177716],[-82.246387740181362,28.526981225523194],[-82.246374190691796,28.527067163510711],[-82.246371125163904,28.527098646562216],[-82.246411209278165,28.527152621768501],[-82.24644618986261,28.527165720854825],[-82.246598940123292,28.527177765205412],[-82.246654127021245,28.527168324813079],[-82.246691387887253,28.527158939511889],[-82.246766211978212,28.52712216018017],[-82.246881389766926,28.52700371811331],[-82.246897116586908,28.526981117306967],[-82.246944942938271,28.526714374941207],[-82.247002853889214,28.526655150549537],[-82.247471501697092,28.526443199713011],[-82.247637094640481,28.526333543347118],[-82.247750419894587,28.526210568715623],[-82.24786846360594,28.526033625893646],[-82.247891180066389,28.525974534813944],[-82.247895530533128,28.525744390326075],[-82.24782339063762,28.525654843027187],[-82.247657138066899,28.525647418509855]]},"properties":{"OBJECTID_1":44,"OBJECTID":48047,"QUADNUMBER":0,"ELEVATION":125,"ORGCONT":0,"DEPRESSION":0,"HILLTOP":0,"INTERVAL":0,"UNIT":" ","DATESTAMP":1078790400000,"ShapeSTLen":1625.2007750588425,"Shape_Length":1625.2007750583064}},{"type":"Feature","id":45,"geometry":{"type":"LineString","coordinates":[[-82.254867168563251,28.526234898308747],[-82.254812127460227,28.526235623280169],[-82.254633680346487,28.52630938459394],[-82.254515876506815,28.526432299329471],[-82.254490943001741,28.52654990385016],[-82.254487428717994,28.526649198414379],[-82.254512641215726,28.526752792984396],[-82.254560815867862,28.526860618939661],[-82.254667097189213,28.526977038192005],[-82.25478974348934,28.527030068354073],[-82.255007409183392,28.527064014989154],[-82.255195660021826,28.527017111183131],[-82.255253783264436,28.52694437927131],[-82.25526383433025,28.526876685244801],[-82.255258821687917,28.526750268596338],[-82.255247682602757,28.526687375169054],[-82.25523297598869,28.526646661822546],[-82.255173283765217,28.526498455140455],[-82.255150409833945,28.526448928559009],[-82.255080174008683,28.526359404134897],[-82.255036099859751,28.526314674514349],[-82.255014066553812,28.526292171632331],[-82.254942326836115,28.526256939684323],[-82.254867168563251,28.526234898308747]]},"properties":{"OBJECTID_1":45,"OBJECTID":48369,"QUADNUMBER":0,"ELEVATION":110,"ORGCONT":0,"DEPRESSION":0,"HILLTOP":0,"INTERVAL":0,"UNIT":" ","DATESTAMP":1078790400000,"ShapeSTLen":874.06845811359972,"Shape_Length":874.06845811348478}},{"type":"Feature","id":46,"geometry":{"type":"LineString","coordinates":[[-82.237421619579564,28.520456669130404],[-82.237452274344648,28.520460710416433],[-82.23751991837679,28.520550485060237],[-82.237514245492278,28.520663266009571],[-82.237498555906612,28.520762688952306],[-82.237397742261862,28.520863014120224],[-82.237323649483116,28.520854490943471],[-82.23728419299222,28.520841330525705],[-82.237231166955695,28.520796756864375],[-82.237209227809984,28.520729221884832],[-82.237209763352752,28.52065718554875],[-82.237220044841948,28.520575707163061],[-82.237257745426461,28.520539317283326],[-82.237345951721949,28.520466411352935],[-82.237421619579564,28.520456669130404]]},"properties":{"OBJECTID_1":46,"OBJECTID":48626,"QUADNUMBER":0,"ELEVATION":80,"ORGCONT":0,"DEPRESSION":0,"HILLTOP":0,"INTERVAL":0,"UNIT":" ","DATESTAMP":1078790400000,"ShapeSTLen":399.35386309055468,"Shape_Length":399.35386308655995}},{"type":"Feature","id":47,"geometry":{"type":"LineString","coordinates":[[-82.239320790535103,28.502482724423114],[-82.239660757651322,28.502506691903985],[-82.239935990635004,28.502617089918573],[-82.240340826151353,28.502902182607766],[-82.240456438499507,28.503031960876456],[-82.240513219296574,28.503239235093851],[-82.240522136099415,28.503320393900687],[-82.240509135248985,28.503767118491563],[-82.240481981730539,28.503902705049303],[-82.240438632447379,28.504011349887609],[-82.240429386176885,28.50402953237111],[-82.24039301289163,28.504102239559955],[-82.240192362658576,28.504442490900441],[-82.240116903431542,28.504637126844333],[-82.240094320782262,28.504727739292999],[-82.240094172607144,28.504736738698675],[-82.240079271268613,28.504827175150965],[-82.240079853966577,28.504948752345662],[-82.240134377602928,28.505571094804615],[-82.240164797476737,28.505904946870078],[-82.240161515246058,28.506067293658717],[-82.240106307235862,28.506315933736616],[-82.240098818732946,28.506343131178273],[-82.240060385992166,28.5064248302095],[-82.239862033729324,28.506701779731078],[-82.239522295402935,28.507056890759735],[-82.239339110921719,28.507266211383449],[-82.239136072744955,28.507516093054384],[-82.238793012832701,28.508115423792329],[-82.238557812592447,28.508415272791613],[-82.238497982129402,28.508474466408781],[-82.238472021721407,28.508497222317747],[-82.238327433141365,28.50857531901157],[-82.238113684681693,28.508617945343378],[-82.237890008820827,28.508601903463358],[-82.237748246231774,28.508585209012161],[-82.237677165140227,28.508549699531198],[-82.237581418958001,28.508496436078975],[-82.237494426878712,28.508415982979884],[-82.237442435944629,28.508308104900468],[-82.237396699940817,28.508051440853073],[-82.237401656328331,28.507825522453455],[-82.237516676857865,28.507282992613991],[-82.237505583807845,28.507138765858652],[-82.237481379024459,28.507053192236981],[-82.237374807203139,28.506918745012563],[-82.237299947336098,28.506878964778782],[-82.237183955613986,28.50681221194456],[-82.236998241550822,28.506664945661807],[-82.236929049422955,28.506552920366463],[-82.236921534530651,28.506503294257527],[-82.236920315304289,28.506381424907477],[-82.236977276651857,28.506222860191738],[-82.237283607047047,28.50587690677613],[-82.237354823263075,28.505786067300871],[-82.237426698802054,28.505654416020235],[-82.237426829642317,28.505528066839112],[-82.237406197286589,28.505420021114666],[-82.237354621257452,28.505325661241898],[-82.237290325848164,28.505226919181524],[-82.23722147599716,28.50513290523525],[-82.237181285438282,28.505047411769276],[-82.237141448727215,28.504939685553278],[-82.237132335425443,28.504831229861484],[-82.237135858370564,28.50461457739781],[-82.237162020956532,28.504460977797773],[-82.237164563641073,28.504343651503198],[-82.237142926907495,28.504258113906829],[-82.237090984842752,28.504186546132772],[-82.237020428347961,28.504119243729022],[-82.236914022811717,28.504052611965921],[-82.236831352167926,28.504021740438574],[-82.236737460330886,28.503972999298558],[-82.236660613718129,28.50393770322108],[-82.236612079324289,28.503892909297225],[-82.236573363400396,28.503834732643121],[-82.236579800846968,28.503753200342551],[-82.236598302468039,28.503717130042435],[-82.236631600839075,28.503676184744709],[-82.236781249408182,28.503561841687738],[-82.236977014952487,28.503483532860528],[-82.236981719938441,28.503469806214518],[-82.237279933024439,28.503386034118737],[-82.237625900468188,28.503238414155295],[-82.237683212525909,28.503215219171146],[-82.237767695250753,28.503173791553948],[-82.23796540777019,28.503054703362515],[-82.238324568716578,28.502803402749816],[-82.238763274663853,28.502578153117675],[-82.238987466525785,28.502521873794262],[-82.239320790535103,28.502482724423114]]},"properties":{"OBJECTID_1":47,"OBJECTID":50263,"QUADNUMBER":0,"ELEVATION":145,"ORGCONT":0,"DEPRESSION":0,"HILLTOP":0,"INTERVAL":0,"UNIT":" ","DATESTAMP":1078790400000,"ShapeSTLen":5920.8080299809162,"Shape_Length":5920.8080299912335}},{"type":"Feature","id":48,"geometry":{"type":"MultiLineString","coordinates":[[[-82.237204491726573,28.500272885328535],[-82.237256406031307,28.5001506587483],[-82.237428109605503,28.499936869798667],[-82.237485068835497,28.499778299327271],[-82.23745975488788,28.499485307606541],[-82.237479123668734,28.498844206216596],[-82.237550327595585,28.498636007636335],[-82.237911592587366,28.498136243604645],[-82.237927872678227,28.498118161759585],[-82.238182931947918,28.497736669999512],[-82.238321598935329,28.497509895159922],[-82.238381969179216,28.497410865382989]],[[-82.245377838125322,28.497098756908144],[-82.24530294321228,28.497206868369997],[-82.245264259959015,28.497383391208761],[-82.245249418686029,28.497509847359026],[-82.24525280572864,28.497577426473349],[-82.245273650978604,28.49771249253687],[-82.245347478128181,28.49797372450351],[-82.245380714045069,28.498054624384437],[-82.24541082818925,28.498130983845677],[-82.245491948818554,28.498297193067241],[-82.245559626691701,28.498463514950672],[-82.245653101833625,28.498656895909136],[-82.24579931413713,28.498912564598175],[-82.245852529796053,28.498984426362803],[-82.245887204261862,28.499015814195211],[-82.24596480576561,28.499123163685621],[-82.245991361528112,28.499181747708114],[-82.24604941342659,28.499271398615349],[-82.246075555267836,28.499316196344473],[-82.246184487622543,28.499464172386915],[-82.246218945495514,28.499509073232986],[-82.246336702595116,28.499625362440224],[-82.246419990683222,28.499696757094895],[-82.246567829163212,28.499812588208449],[-82.24730467750679,28.50009927915945],[-82.247336868210667,28.500126133208799],[-82.247517466292308,28.500273323524109],[-82.247525347852786,28.500300435649134],[-82.247604012539369,28.500380782088225],[-82.247753836317997,28.500492405122792],[-82.247932104912053,28.50058553476007],[-82.248150255104463,28.500705330723388],[-82.248415813701214,28.500820086692165],[-82.248651819426414,28.500903804799815],[-82.248871260489764,28.500982809166608],[-82.249008376423888,28.501049248993159],[-82.249083284969529,28.501125322493127],[-82.249139706750725,28.501196946055586],[-82.249172799851706,28.501287130405998],[-82.249206533865888,28.50137704647598],[-82.249207956426432,28.501566450917309],[-82.249219091894176,28.501629633858606],[-82.249246162965903,28.50169695192626],[-82.249302797529225,28.501755059612808],[-82.249396207157176,28.501794788398296],[-82.249488058175601,28.501811977452832],[-82.249628050211285,28.501779109462799],[-82.249809933753838,28.501727904372331],[-82.250307728575422,28.501407400278698],[-82.250892885214938,28.501104300999984],[-82.251057707236242,28.501039659953065],[-82.251122707389527,28.501016271860351],[-82.251168991379089,28.501002497679309],[-82.251584246122718,28.500840511198181],[-82.252226158537624,28.500667844218246],[-82.252604531784911,28.500650611403774],[-82.252939656141052,28.500697289417811],[-82.253573617790309,28.500899082987832],[-82.253824850969451,28.500950898071228],[-82.253982971811325,28.500944989178908],[-82.254021230595185,28.50091282377598],[-82.25402460788392,28.50082252825008],[-82.253862336295484,28.500490119351102],[-82.253824232756287,28.500273796861862],[-82.253830424328996,28.500048185860965],[-82.253876350238158,28.499858236446386],[-82.253938237718543,28.49974953103559],[-82.253984832820819,28.499676663063493],[-82.254077572031392,28.499558504658889],[-82.254277408745835,28.499385383112656],[-82.254510137760718,28.499274875179115],[-82.254788934563251,28.499163806770291],[-82.255270131985483,28.499078332913914],[-82.255440474794653,28.49906779829713],[-82.255812436826758,28.499064366472307]],[[-82.258320186704381,28.500635224746944],[-82.258295036590511,28.500783073958537],[-82.258244315013528,28.500873908001488],[-82.258032577382309,28.501150996970694],[-82.257869363727664,28.501315012049961],[-82.257670245958536,28.501443391697922],[-82.257609672233897,28.501471065202495],[-82.257431558945925,28.501526819614668],[-82.257382851812679,28.501531845908399],[-82.25728801102882,28.501541640914095],[-82.257050242092433,28.501607065434079],[-82.256956461585318,28.501630387144907],[-82.256747776630618,28.501677598151439],[-82.25659882325651,28.501710364053505],[-82.256064881942621,28.50173354988052],[-82.25551739253811,28.501684240775436],[-82.255467408355045,28.501689252541794],[-82.255388488432061,28.501703465789291],[-82.255356205092724,28.501721912739292],[-82.255214195145172,28.501800066752143],[-82.255192635580002,28.50186790443902],[-82.255187564746493,28.501944665190138],[-82.255267900401051,28.502160390873311],[-82.255378117742694,28.502348905926283],[-82.255405508179322,28.502475036442917],[-82.255416648462656,28.502538221549088],[-82.25542881378928,28.502736486588084],[-82.255421324565816,28.502804490059795],[-82.255381443937765,28.503016749990564],[-82.255358371375294,28.503138879543524],[-82.255316305900919,28.503288070163141],[-82.255138731827287,28.503628343355512],[-82.25511824075285,28.503669175272915],[-82.255078243722124,28.503768860794175],[-82.255062868154141,28.50384999830867],[-82.255100737606341,28.503921951031465],[-82.255298450289828,28.503960720141688],[-82.255609355935675,28.503962333010183],[-82.256298264307603,28.503811622698823],[-82.256426459489049,28.503796899980131],[-82.256629523508636,28.50378141137012],[-82.25697019414558,28.503841655586974],[-82.257209834976024,28.503938628142524],[-82.257273390341638,28.503965027022772],[-82.257400777134379,28.504040619340884],[-82.257843541107704,28.504356806375679],[-82.257933168772922,28.504432783832833],[-82.257958332237706,28.504459546701987],[-82.258190604969414,28.504696569005628],[-82.258418456774578,28.505010368537693],[-82.258581011320985,28.505166887791731],[-82.258652440280827,28.505220398384377],[-82.258856649043068,28.505412615294542],[-82.258993272622263,28.505510559557234],[-82.259442905713627,28.505759003206109],[-82.259664207071523,28.505842794177916],[-82.259876706279911,28.50587695162292],[-82.260271817918891,28.505855119351931],[-82.260540303286987,28.505748983071111],[-82.260665692090711,28.505630380509665],[-82.260737633603881,28.505413175034729],[-82.260803212279797,28.505074030941508],[-82.260839991450027,28.504496179371845],[-82.260840571267337,28.504459883937834],[-82.260855886895726,28.504342436250059],[-82.260884711760951,28.504220379592724],[-82.260956009338315,28.50400316166446],[-82.261066859944606,28.503713274563697],[-82.261283475643737,28.503291581731311],[-82.261419112482528,28.503091773403373],[-82.261764290374103,28.502572576239984]]]},"properties":{"OBJECTID_1":48,"OBJECTID":50759,"QUADNUMBER":0,"ELEVATION":110,"ORGCONT":0,"DEPRESSION":0,"HILLTOP":0,"INTERVAL":0,"UNIT":" ","DATESTAMP":1078790400000,"ShapeSTLen":26621.611250961352,"Shape_Length":11517.270845951827}},{"type":"Feature","id":49,"geometry":{"type":"LineString","coordinates":[[-82.233266386010413,28.499210758688534],[-82.233285631610229,28.499270373815026],[-82.23333832611695,28.499373761451853],[-82.233350724656603,28.499594828058537],[-82.233277986687796,28.499857317065267],[-82.233029161698823,28.5002478873208],[-82.233017770399925,28.500279544198257],[-82.232938571367384,28.500342014393468],[-82.232740323224988,28.500462624823268],[-82.232624300101264,28.500594555034027],[-82.232622535584852,28.500702879040489],[-82.232674737434408,28.500797243338077],[-82.232914928637115,28.501016126842725],[-82.233052753610195,28.501195440494971],[-82.233100039726168,28.501316763578782],[-82.23314668137796,28.501438076920749],[-82.233192722859854,28.501636212057885],[-82.233159191325129,28.501848821157026],[-82.233145066932124,28.501929973089329],[-82.23308869203747,28.502052526977295],[-82.232988684570529,28.502143570636814],[-82.232857489906365,28.50218525760388],[-82.232720555826788,28.502186628190387],[-82.232579096100167,28.502151915938672],[-82.232499131184184,28.502111792536624],[-82.232467086892299,28.50207620807716],[-82.232379716319357,28.501941435196297],[-82.232361002078889,28.501833407904126],[-82.232329097310853,28.501671193490864],[-82.232318236348604,28.50163081378172],[-82.232303764818326,28.501576601780734],[-82.232184031191196,28.501465058259388],[-82.2320119195427,28.501308663333194],[-82.232009505451529,28.501299633110868],[-82.231862865718526,28.500994132354943],[-82.231662775135163,28.500788143628853],[-82.23137032593857,28.500714103901597],[-82.230949712468743,28.500731587618581],[-82.230929307931959,28.500730810170072]]},"properties":{"OBJECTID_1":49,"OBJECTID":51574,"QUADNUMBER":0,"ELEVATION":105,"ORGCONT":0,"DEPRESSION":0,"HILLTOP":0,"INTERVAL":0,"UNIT":" ","DATESTAMP":1078790400000,"ShapeSTLen":11164.934895087386,"Shape_Length":2196.6258291162521}},{"type":"Feature","id":50,"geometry":{"type":"LineString","coordinates":[[-82.23410443637863,28.518808017284776],[-82.234134930240117,28.518821351088537],[-82.234129027505858,28.518830286395012],[-82.23410363342883,28.51885753868353],[-82.234069217713923,28.518848942645555],[-82.234067177303928,28.51881740003672],[-82.23410443637863,28.518808017284776]]},"properties":{"OBJECTID_1":50,"OBJECTID":51909,"QUADNUMBER":0,"ELEVATION":95,"ORGCONT":0,"DEPRESSION":0,"HILLTOP":0,"INTERVAL":0,"UNIT":" ","DATESTAMP":1078790400000,"ShapeSTLen":62.935829400503408,"Shape_Length":62.935829399469888}},{"type":"Feature","id":51,"geometry":{"type":"LineString","coordinates":[[-82.22932046462553,28.533636792349036],[-82.229428309875956,28.533620607094385],[-82.229656577768793,28.533632212613494],[-82.229871969440779,28.533688684395671],[-82.230040941213005,28.533687154882571],[-82.230239526691989,28.533635915184615],[-82.23051310287434,28.533538624788164],[-82.230841276295919,28.533467905422416],[-82.230900569143373,28.533363681885049],[-82.230933226239912,28.533088020628874],[-82.231009178218727,28.532825576400388],[-82.230961125611444,28.53278979342118],[-82.230906377141608,28.532772209520985],[-82.230671915580118,28.532747304282125],[-82.230475666292918,28.532695020650735],[-82.230089516018637,28.532671568224458],[-82.230017587037466,28.532609031049905],[-82.230016054768782,28.53254568795484],[-82.230047091886334,28.532486703082235],[-82.230150480670162,28.532386695827064],[-82.230361430068058,28.532244711185786],[-82.230650225512306,28.531998459542951],[-82.230665325028866,28.531817696410975],[-82.230558576019078,28.531692524439379],[-82.23055894087824,28.531552662663231],[-82.230580728082586,28.531511851302273],[-82.230668602737566,28.531420654332887],[-82.230746271965259,28.531406440376315],[-82.230782833376992,28.531401551604542]]},"properties":{"OBJECTID_1":51,"OBJECTID":52103,"QUADNUMBER":0,"ELEVATION":95,"ORGCONT":0,"DEPRESSION":0,"HILLTOP":0,"INTERVAL":0,"UNIT":" ","DATESTAMP":1078790400000,"ShapeSTLen":24989.593246503053,"Shape_Length":1664.4311224964754}},{"type":"Feature","id":52,"geometry":{"type":"LineString","coordinates":[[-82.235587860818512,28.518559916824923],[-82.235564104955529,28.518564680908785],[-82.235514589678658,28.518619220805903],[-82.235492992807309,28.51872757080632],[-82.235487555382832,28.5187863222509],[-82.235557023085889,28.518803793126384],[-82.235616213261366,28.518744599265979],[-82.235687923319873,28.518662764478727],[-82.235694550906274,28.518649067053886],[-82.235682187464192,28.518622173232835],[-82.235630547349515,28.518649664432871],[-82.235591138863995,28.518672805836356],[-82.235574452155987,28.518636854503171],[-82.235587860818512,28.518559916824923]]},"properties":{"OBJECTID_1":52,"OBJECTID":52573,"QUADNUMBER":0,"ELEVATION":85,"ORGCONT":0,"DEPRESSION":0,"HILLTOP":0,"INTERVAL":0,"UNIT":" ","DATESTAMP":1078790400000,"ShapeSTLen":277.16842760054857,"Shape_Length":277.16842760386919}},{"type":"Feature","id":53,"geometry":{"type":"LineString","coordinates":[[-82.243329201936959,28.524197979261285],[-82.243178499594876,28.52425800620188],[-82.243129986319474,28.524290037958295],[-82.243129178372556,28.524339560264153],[-82.243131593969849,28.524348599272944],[-82.243333543331119,28.524364918503107],[-82.243359858893484,28.524359895817977],[-82.243481966909897,28.524327376573833],[-82.243535111688345,28.524286114392936],[-82.243558662296635,28.524254327569537],[-82.243542181047914,28.524204866936632],[-82.243329201936959,28.524197979261285]]},"properties":{"OBJECTID_1":53,"OBJECTID":53410,"QUADNUMBER":0,"ELEVATION":115,"ORGCONT":0,"DEPRESSION":0,"HILLTOP":0,"INTERVAL":0,"UNIT":" ","DATESTAMP":1078790400000,"ShapeSTLen":332.35969036978707,"Shape_Length":332.35969036782086}},{"type":"Feature","id":54,"geometry":{"type":"LineString","coordinates":[[-82.246189375497423,28.53732310209903],[-82.24617488564914,28.537294791084431],[-82.246168400997462,28.536983465420924],[-82.246185946928762,28.536847750518948],[-82.246556393071572,28.536379605395926],[-82.246758758507852,28.536292087463689],[-82.246962624196541,28.536190790381099],[-82.247015193468954,28.536145288714135],[-82.247070075597918,28.536036505783237],[-82.24713771212275,28.535850774594984],[-82.247239256288537,28.535705426617326],[-82.247359820420371,28.535650364283295],[-82.247612029343315,28.535607362686953],[-82.247667517004487,28.535579631668956],[-82.247739376538462,28.535488787731044],[-82.247782856347243,28.535253792457226],[-82.247856659638813,28.535122163361763],[-82.248041279804099,28.534944642479804],[-82.248270615247876,28.534811584850367],[-82.248316150054904,28.534766002592779],[-82.248423377337502,28.534625221833846],[-82.248475483991427,28.534489391049465],[-82.24850396899609,28.534389838992428],[-82.248555773389086,28.534312530409238],[-82.248656499276393,28.534257504128043],[-82.248738205400613,28.534270347406476],[-82.248850352110949,28.534300731525157],[-82.249119476755595,28.534438330568733],[-82.249212702449015,28.534451031516667],[-82.249243589125555,28.534401041694181],[-82.249235303526348,28.534319890833643],[-82.249056468307444,28.534059600459514],[-82.24902934205204,28.533956264747296],[-82.249054146853183,28.533807136277087],[-82.24917266711698,28.533720257535531],[-82.249347145187116,28.533655458358954],[-82.24955039956474,28.533630977977879],[-82.249831479317635,28.533582280460916],[-82.250124255164309,28.533603240927146],[-82.250354132488795,28.533713898968383],[-82.250672153881141,28.533954538498509],[-82.250958940690381,28.534227154587558],[-82.251140388105028,28.534324817633614],[-82.251507855454648,28.534515413446471],[-82.251794382654424,28.534724988494652],[-82.251904023642879,28.53479164092991],[-82.252221434069426,28.535149620809896],[-82.25225341959036,28.535189986519583],[-82.252330681462013,28.535320116531267],[-82.2523776512258,28.535423700719445],[-82.252430184052997,28.535698463156361],[-82.252416533713088,28.535869954148669],[-82.252414966224123,28.535887947137041],[-82.252381872421168,28.535955917404038],[-82.252136472940052,28.536251722817251],[-82.251965261077956,28.536352588082931],[-82.251776643208686,28.536381194845863],[-82.251620394512315,28.536387123173977],[-82.251414016075856,28.536366542063398],[-82.251108799258475,28.536283657751685],[-82.251035556708061,28.536261633333318],[-82.250801413811431,28.536137425737859],[-82.250598117384385,28.536044549836731],[-82.250478987153599,28.536050385797928],[-82.250419961009314,28.536059774372578],[-82.250305936953026,28.536105913083706],[-82.250013478206498,28.536343438555114],[-82.249972068997891,28.536411303532883],[-82.249950397678973,28.536524446193294],[-82.249930844571381,28.536705152629406],[-82.249959556730076,28.53696239295574]]},"properties":{"OBJECTID_1":54,"OBJECTID":54070,"QUADNUMBER":0,"ELEVATION":130,"ORGCONT":0,"DEPRESSION":0,"HILLTOP":0,"INTERVAL":0,"UNIT":" ","DATESTAMP":1078790400000,"ShapeSTLen":8136.2771973787621,"Shape_Length":4604.0470384032515}},{"type":"Feature","id":55,"geometry":{"type":"LineString","coordinates":[[-82.234160325544579,28.518676739268958],[-82.234009526958275,28.518781777145506],[-82.233982748420487,28.518854331525002],[-82.234011435628034,28.518939677728621],[-82.234107332067907,28.518983942391916],[-82.234218288600914,28.518928773742147],[-82.234262812599553,28.518905976734565],[-82.234250655856542,28.518871222063755],[-82.234223910560615,28.518802492028264],[-82.234195284024366,28.518730330888726],[-82.234189086590973,28.518713157234849],[-82.234182194573307,28.518698817251636],[-82.234170206388811,28.518679293934653],[-82.234160325544579,28.518676739268958]]},"properties":{"OBJECTID_1":55,"OBJECTID":54180,"QUADNUMBER":0,"ELEVATION":85,"ORGCONT":0,"DEPRESSION":0,"HILLTOP":0,"INTERVAL":0,"UNIT":" ","DATESTAMP":1078790400000,"ShapeSTLen":305.00371795696117,"Shape_Length":305.00371795447029}},{"type":"Feature","id":56,"geometry":{"type":"LineString","coordinates":[[-82.236654496790209,28.512697043831807],[-82.236808487057857,28.512749912235805],[-82.236877809407261,28.51289375410007],[-82.236884073698448,28.513019907919151],[-82.236874650247643,28.513087891134145],[-82.236869170528237,28.513110333100833],[-82.236851427001369,28.513178212608402],[-82.236838413770286,28.513191832798167],[-82.2367521811491,28.513301069028429],[-82.23668639186225,28.513333167422353],[-82.236614639951824,28.513338460138197],[-82.236580234401359,28.513329584074189],[-82.236518235598723,28.5133257090298],[-82.23645718646884,28.513263021660695],[-82.236431556617262,28.513186438716996],[-82.236415127546437,28.51305593789716],[-82.236410667709052,28.513015352549573],[-82.236419302017538,28.512956645088838],[-82.236463667584587,28.512825218248913],[-82.236492706163816,28.512770713611147],[-82.236529840464925,28.51272980591995],[-82.236600738531507,28.512697778112052],[-82.236654496790209,28.512697043831807]]},"properties":{"OBJECTID_1":56,"OBJECTID":54577,"QUADNUMBER":0,"ELEVATION":85,"ORGCONT":0,"DEPRESSION":1,"HILLTOP":0,"INTERVAL":0,"UNIT":" ","DATESTAMP":1078790400000,"ShapeSTLen":624.88467453692999,"Shape_Length":624.88467453468661}},{"type":"Feature","id":57,"geometry":{"type":"LineString","coordinates":[[-82.246993069685516,28.497108574653335],[-82.246951755200442,28.497155740732499],[-82.246852396574084,28.497246798822967],[-82.246707909959298,28.497320408768534],[-82.246469865757163,28.497363306149975],[-82.246371118723701,28.497377550110041],[-82.246276024735877,28.497482170513713],[-82.246259935201564,28.497527561773428],[-82.246255728588011,28.497550301432259],[-82.246262949859698,28.497617934029659],[-82.246279990171388,28.49767189535677],[-82.246298756743883,28.497698583590498],[-82.246369900554171,28.497729583985876],[-82.246458535884642,28.49778754376711],[-82.246466068055199,28.497796364130881],[-82.246533579722097,28.497854610307378],[-82.246692123581624,28.498020099062625],[-82.246807561942674,28.498398082112796],[-82.246868181771802,28.498447247634378],[-82.246877989890365,28.498474098234176],[-82.246964491659,28.498505011764969],[-82.247063946004943,28.498526518147514],[-82.247096647032748,28.498521859422588],[-82.247181823223542,28.498516457388934],[-82.247315849105803,28.498497021495549],[-82.247358934273493,28.498483215628312],[-82.247430402406394,28.498455400516036],[-82.247539260215831,28.498409482889311],[-82.247599343962605,28.498372802063855],[-82.247687511137528,28.498340420278186],[-82.247687807558435,28.498322132686475],[-82.247881275870924,28.498266294438533],[-82.248019264437985,28.498278718967537],[-82.24818133376229,28.498344904795005],[-82.248299894451009,28.498411399107276],[-82.248501435235454,28.498608088985701],[-82.248702308392751,28.498886103277503],[-82.248760433585161,28.498971258276111],[-82.248911507759914,28.499321827575191],[-82.24896990443213,28.499429777173738],[-82.249012589435935,28.4995600363821],[-82.249207028387019,28.499919304838709],[-82.249254790629735,28.499973089424813],[-82.249312712398549,28.500031224543186],[-82.249415831368907,28.500102586386966],[-82.249513845042372,28.500173880823006],[-82.249551162557637,28.500200523709619],[-82.249604987698561,28.50027436261659],[-82.249634867442353,28.500325949290282],[-82.249705036928617,28.500338931561384],[-82.249759839689503,28.500351993467074],[-82.249809606116401,28.500360496906112]]},"properties":{"OBJECTID_1":57,"OBJECTID":54615,"QUADNUMBER":0,"ELEVATION":95,"ORGCONT":0,"DEPRESSION":0,"HILLTOP":0,"INTERVAL":0,"UNIT":" ","DATESTAMP":1078790400000,"ShapeSTLen":7186.5367828543058,"Shape_Length":2100.0408045779927}},{"type":"Feature","id":58,"geometry":{"type":"LineString","coordinates":[[-82.225579129245617,28.52336179092725],[-82.22543193167408,28.52336329764632],[-82.225393532293637,28.52336366364603],[-82.225302078208415,28.523359965022138],[-82.225172166892122,28.523361137797203],[-82.225086404580153,28.523361739212021],[-82.224936718781137,28.523358722433116],[-82.224927091940685,28.5233994054276],[-82.224966797158345,28.523475609813008],[-82.225038897748078,28.523605972739084],[-82.225072277890732,28.523677875243234],[-82.225085352041148,28.523700277851141],[-82.225135837262627,28.523821639508899],[-82.22520022349444,28.523875084482846],[-82.225209114875497,28.523879696085459],[-82.225319534510675,28.52389657099403],[-82.225385452975104,28.523896005060507],[-82.225430553513419,28.52387771722325],[-82.22548653314827,28.523859007062356],[-82.225552199888426,28.523795388947011],[-82.225637318707868,28.523677147297647],[-82.225689900246849,28.523631662790997],[-82.225744895222519,28.523594927938692],[-82.225914729064186,28.523422038040337],[-82.225941148485134,28.52337199856921],[-82.225881700485075,28.523368147843971],[-82.225726894844428,28.523365068260457],[-82.225696177122884,28.523365238405393],[-82.225579129245617,28.52336179092725]]},"properties":{"OBJECTID_1":58,"OBJECTID":55241,"QUADNUMBER":0,"ELEVATION":65,"ORGCONT":0,"DEPRESSION":1,"HILLTOP":0,"INTERVAL":0,"UNIT":" ","DATESTAMP":1078790400000,"ShapeSTLen":860.77919797917411,"Shape_Length":860.77919797935476}},{"type":"Feature","id":59,"geometry":{"type":"LineString","coordinates":[[-82.269239095255102,28.511734908006879],[-82.269224637910554,28.511778347743473],[-82.269086306165391,28.511987135565025],[-82.269026754358308,28.512150185158152],[-82.269007749129912,28.512258575904582],[-82.269029737882633,28.51252479289024],[-82.269003544561215,28.512642375648625],[-82.268970534798427,28.51270585353716],[-82.268950980674106,28.512728409446787],[-82.268878165434216,28.512760715954929],[-82.268767458274652,28.512761884235417],[-82.268728566098758,28.512753239954648],[-82.268657760384556,28.512699738946736],[-82.26852075478152,28.512624322550728],[-82.268337392281992,28.51256717718125],[-82.268251791778553,28.512559078871465],[-82.268094368522412,28.512560512066344],[-82.268017353724289,28.512574759575767],[-82.267939713665356,28.512588994739279],[-82.267905362820585,28.512616436115053],[-82.267827840033036,28.512702991518754],[-82.26781695359945,28.512743663780213],[-82.267842962855909,28.513117992434431],[-82.267829198257502,28.513339297085729],[-82.267785512309743,28.513470457428291],[-82.267771425045737,28.513511093579364],[-82.2677242714378,28.513579459081743],[-82.267650866959343,28.513688306000567],[-82.267416400621343,28.51382582985077],[-82.267029076941739,28.513960346660287],[-82.266943585189139,28.514064817097037],[-82.266828960547414,28.514390974102071],[-82.266645813424077,28.514640860031335],[-82.266567513466271,28.514695608445944],[-82.266479971004983,28.514728014747956],[-82.266315570065444,28.514765664506101],[-82.266156861023106,28.514767362379558],[-82.265928979894937,28.514773826312183],[-82.265812288035605,28.514788424535226],[-82.265763074968504,28.514824957626978],[-82.265752690841197,28.514834115116539],[-82.265753947039443,28.514915468392779],[-82.265826494340942,28.515140372174994],[-82.265858739322923,28.515284568424821],[-82.265860864150198,28.515352140233144],[-82.265842209374654,28.515438021641302],[-82.265824216115988,28.51548338811655],[-82.265664545050583,28.515624658931987],[-82.265606025917521,28.51564334727173],[-82.265336379505726,28.515740480405139],[-82.265216689851997,28.5157823348931],[-82.26511136304913,28.515887126215979],[-82.265094559856564,28.515977538205568],[-82.265131908499484,28.516162328523862],[-82.265323522265049,28.516544051152582],[-82.265408079732737,28.516777824291875],[-82.265478668866066,28.517165368541125],[-82.265476371740505,28.517269182765986],[-82.265473066426281,28.517395497204085],[-82.265408719377845,28.517698347156028],[-82.265353933898538,28.517843445250335],[-82.26516498492002,28.51821510958813],[-82.265159265670164,28.518332674133855],[-82.265176243421124,28.518391135707148],[-82.265242995547908,28.518498622136146],[-82.265515045274356,28.518771588818495],[-82.265556219928627,28.518798261159315],[-82.265633503848136,28.518847064263458],[-82.265705807768867,28.518887078267767],[-82.265813240996806,28.518931176115458],[-82.265834992085374,28.518930883609436],[-82.266070931497097,28.518942250652046],[-82.266090202588302,28.518937702075117],[-82.266452155556777,28.518870978764461],[-82.266525968120263,28.518856699613472],[-82.266704580310957,28.518850747346558],[-82.266802997870229,28.518858708638547],[-82.266885409287809,28.51886704780242],[-82.266963758845534,28.518888844391785],[-82.267181332650921,28.518968078685834],[-82.267411188573647,28.519119223622113],[-82.267678493128301,28.519410136633098],[-82.267747862675762,28.519553956893176],[-82.267766544599823,28.519625951786509],[-82.267769786596631,28.519743341734742],[-82.267763586706394,28.519811078756685],[-82.267669340783911,28.519942745543407],[-82.267561175349471,28.51998447020032],[-82.267348145658076,28.51998183601162],[-82.267052636474943,28.519894320972792],[-82.266906084580384,28.5198956069482],[-82.266879777703082,28.519900345419234],[-82.266821801984349,28.519964074801361],[-82.266802598619449,28.520004922992204],[-82.266793323205619,28.520104432257551],[-82.266802265716535,28.520185586284487],[-82.266854780786502,28.520342985224797],[-82.266943330049486,28.520608327964329],[-82.266942385531152,28.520987385285302],[-82.266859278376103,28.521222750850907],[-82.266683385911506,28.52141869629375],[-82.266593347751893,28.521487093180244],[-82.266545553906099,28.521514640878586],[-82.266140111573037,28.521739543642884],[-82.266064653372737,28.521776320431226],[-82.266045309994354,28.52178565158831],[-82.264825942057286,28.522329456866697],[-82.264696857374361,28.522398213745582],[-82.26440599798552,28.522500148036642],[-82.264371074942602,28.522523070655883],[-82.264010590354275,28.522657348863408],[-82.263439601972593,28.522829540539529],[-82.263362582838781,28.522844066065485],[-82.26313290034895,28.52284149998609],[-82.263044309734639,28.522819860903041],[-82.263020773028316,28.522811124827058],[-82.262931899065791,28.522766680288761],[-82.26289257886377,28.522744527954064],[-82.262741716553393,28.522615178632389],[-82.262541827665089,28.522350697185715],[-82.262518437720942,28.522332683702587],[-82.262437986023116,28.522161983232895],[-82.262378983643842,28.522090338003228],[-82.262185070862813,28.521812425649227],[-82.262074684854937,28.521632924364475],[-82.261983924020882,28.521466886969673],[-82.261933233500599,28.521155855216698],[-82.261923956846474,28.521016157186008],[-82.261940190488588,28.520961762143447],[-82.262005531860893,28.520717459940727],[-82.262110249204326,28.520531610726337],[-82.262161629474818,28.520400264200564],[-82.262183332825458,28.520323141061571],[-82.262193094447653,28.520273456096433],[-82.262210711085999,28.520052197084226],[-82.262167738658135,28.51989913713853],[-82.262070567884479,28.519773827864231],[-82.261788631693946,28.519478498725221],[-82.261439863044671,28.519161236091652],[-82.261063373254061,28.518817460678296],[-82.260820414912644,28.51852627394501],[-82.260742871427482,28.518414158037245],[-82.260719543783239,28.518391919314976],[-82.26056770746402,28.518244255265994],[-82.260389448255737,28.517948242398536],[-82.260285788041429,28.517669480058537],[-82.260189548254075,28.517525892334913],[-82.260041812185733,28.517482127932581],[-82.259916779672238,28.517537421244452],[-82.259832792483721,28.517587874263501],[-82.259708808418566,28.517738017523499],[-82.25967416583417,28.517783456513929],[-82.259617467224373,28.517887729239494],[-82.259520195491277,28.518127696969206],[-82.259445229737935,28.518453207952838],[-82.259438538737072,28.518710619155076],[-82.259457494746698,28.518805129192106],[-82.259475535413472,28.518877110242606],[-82.259532666582146,28.519025573644438],[-82.259561727894294,28.519088401866068],[-82.259574507322526,28.519169609534252],[-82.259588264708356,28.519268844246287],[-82.259562141260062,28.519381931298003],[-82.259507779653333,28.519499728397395],[-82.259253841563009,28.519772928030449],[-82.259201046923224,28.519872463000773],[-82.25925794710146,28.520314430953594],[-82.259244655071186,28.520544460294133],[-82.259221243982736,28.520608052815561],[-82.259107274939424,28.520771548264953],[-82.25906560084583,28.520816901237225],[-82.258934232266185,28.520908416940525],[-82.258870020486839,28.520922541036072],[-82.258835455546162,28.520922950685783],[-82.258657546264203,28.520924680930463],[-82.258372990544402,28.520832505225997],[-82.258316113129936,28.520787895723288],[-82.258280792331391,28.520756498002033],[-82.258247940388671,28.520729917725919],[-82.258207359810768,28.52066694329304],[-82.258167007274437,28.520549931306444],[-82.258179412514593,28.520455248724637],[-82.258294223346596,28.520079576135384],[-82.258328729129559,28.520002612433093],[-82.258352070891789,28.519943523808845],[-82.258425991685627,28.51980317187552],[-82.258471872523415,28.519735073724043],[-82.258709769221838,28.519385129801019],[-82.258785972117124,28.519222009782982],[-82.258786156298868,28.519091158126226],[-82.258725797953574,28.518825592905927],[-82.258773369929614,28.518333140525968],[-82.258730819264059,28.518193588583237],[-82.258690161159066,28.518135399568433],[-82.258642672751336,28.518104133373125],[-82.25853524225009,28.518060018096655],[-82.258359963723464,28.518057282617015],[-82.258139157276119,28.518140647060136],[-82.257984237619581,28.518304475684872],[-82.257960692685728,28.518336273122006],[-82.257886972542991,28.518503926800605],[-82.257865112919731,28.518589762657697],[-82.257805753031192,28.518779829530118],[-82.257692834270031,28.518997646815478],[-82.257617646781171,28.519097460071439],[-82.257567644683434,28.519142996222474],[-82.25748961582407,28.519220542133198],[-82.257384575114159,28.519266796108859],[-82.2573498786535,28.519275934943572],[-82.257200753437502,28.519277449931476],[-82.257117848574779,28.519260103097704],[-82.257040228616816,28.519193003369153],[-82.256866882698588,28.518910550612699],[-82.256825993326046,28.518707703325209],[-82.256831088299705,28.518549613105879],[-82.256847135871837,28.51838714925033],[-82.256882111106052,28.518201851774805],[-82.25693394725468,28.517962169449806],[-82.257047745681263,28.5176498048368],[-82.257306512512159,28.517195994154534],[-82.257606001099973,28.516755640988166],[-82.25768005588418,28.516646525744566],[-82.258016043078712,28.516124452520309],[-82.258395380179024,28.515453200947867],[-82.258401358917098,28.515439482000197],[-82.258436288394137,28.515376036406924],[-82.258446971561867,28.515348877952285],[-82.258574490166879,28.515018107741458],[-82.258591596315313,28.514869165095714],[-82.258549609986488,28.514734124589687],[-82.258461963543581,28.514653680910612],[-82.258414975489231,28.514631706950219],[-82.25816259372904,28.514489547005258],[-82.258071126308408,28.514368534410654],[-82.258052082731268,28.514319042457025],[-82.258042100547954,28.514183844445657],[-82.258081110538981,28.514025322418863],[-82.258180207113028,28.513871215114943],[-82.258430716877768,28.513611481454852],[-82.258534920736352,28.513497679317155],[-82.258643675132078,28.513338897172968],[-82.258661840418142,28.513244008581463],[-82.258721764712476,28.512580038180694],[-82.258771525644718,28.512389863611364],[-82.258826310934325,28.512245048656975],[-82.258846665839883,28.51221321832428],[-82.259410733898449,28.511431974394185],[-82.259669935949304,28.511068510303293],[-82.26032743045414,28.510046963388927],[-82.260471193485415,28.509819955512896],[-82.260566175085486,28.509561948770784],[-82.260641830275631,28.509312986273919],[-82.260659503572953,28.50916855843144],[-82.260664515192644,28.509055486246069],[-82.260653910425404,28.508838948143776],[-82.260683006782372,28.508780210746501],[-82.261197588254745,28.508170569049373],[-82.261265596326552,28.508039152788665],[-82.26128473111838,28.508002808164548],[-82.261669659178892,28.507259294925237],[-82.261781548203658,28.507064246830389],[-82.262019400431754,28.506714585480324],[-82.26223275874905,28.506495750309693],[-82.262456889460537,28.506362887923018],[-82.262503827363858,28.506348833409398],[-82.262552322474434,28.506316793846977],[-82.262698797112535,28.506279493709755],[-82.262829276154633,28.506241990641048],[-82.263111972019885,28.506207781490417],[-82.263162444798795,28.506212068284448],[-82.263597073108485,28.506239400967278],[-82.263624087801659,28.506230170770333],[-82.263744472945575,28.506184101449051],[-82.263764667838913,28.506161278830675],[-82.263742030441875,28.506016911625444],[-82.263630443573689,28.505833172410423],[-82.263532655579851,28.505667047278308],[-82.263502170506413,28.505613205427906],[-82.263440220715097,28.505446675059911],[-82.263413797350523,28.505338570632137],[-82.263352365148265,28.505059489121688],[-82.263317245149963,28.504495654383394],[-82.263275862619139,28.504243273290136],[-82.263262373956692,28.504166844211049],[-82.263238506021693,28.503539825785666],[-82.26324221563776,28.503467619770873]]},"properties":{"OBJECTID_1":59,"OBJECTID":55769,"QUADNUMBER":0,"ELEVATION":130,"ORGCONT":0,"DEPRESSION":0,"HILLTOP":0,"INTERVAL":0,"UNIT":" ","DATESTAMP":1078790400000,"ShapeSTLen":29344.645514584132,"Shape_Length":19262.312217826679}},{"type":"Feature","id":60,"geometry":{"type":"LineString","coordinates":[[-82.23384829802842,28.530254589993451],[-82.233941305943745,28.530280802753811],[-82.233986430665269,28.530339066311424],[-82.234014989110406,28.530392896286241],[-82.234040624541791,28.530469480374762],[-82.234043829608439,28.530586871168691],[-82.233995381456239,28.530614405853999],[-82.233983916483297,28.530650568231504],[-82.23391890293793,28.530673667510673],[-82.233853764601164,28.530665242560719],[-82.233737452074706,28.530616786374935],[-82.233655886983797,28.530594926570313],[-82.233519517737818,28.530560008327274],[-82.23348133532339,28.530546864498127],[-82.23340321875888,28.530470739552374],[-82.233402248862433,28.530412191494765],[-82.233407465370306,28.530366944237905],[-82.233473829946846,28.530339365431953],[-82.233523980551027,28.530325362316006],[-82.233653925718002,28.530283377305068],[-82.233723346757415,28.530264830130744],[-82.233799505720626,28.530264102614204],[-82.23384829802842,28.530254589993451]]},"properties":{"OBJECTID_1":60,"OBJECTID":55856,"QUADNUMBER":0,"ELEVATION":80,"ORGCONT":0,"DEPRESSION":1,"HILLTOP":0,"INTERVAL":0,"UNIT":" ","DATESTAMP":1078790400000,"ShapeSTLen":577.40503817078013,"Shape_Length":577.40503817526087}},{"type":"Feature","id":61,"geometry":{"type":"MultiLineString","coordinates":[[[-82.23951463786922,28.523258030559763],[-82.23950544438793,28.523154357923485],[-82.239567243901547,28.523131212007964],[-82.239861463395869,28.523060611079821],[-82.239902530737083,28.522974727046282],[-82.239985774808659,28.522892756881873],[-82.240147017479998,28.522814579443441],[-82.240193952382185,28.522800529923217],[-82.240339475327275,28.522744948682387],[-82.24057689664825,28.522467641065219],[-82.240642481277604,28.522408240624092],[-82.240784524075195,28.52233037977301],[-82.240879337269064,28.52228428848413],[-82.240897399352818,28.52227523297466],[-82.240958095771958,28.522202259802615],[-82.240994808572495,28.522147841728554],[-82.241178084360882,28.521618261174858],[-82.241307865775553,28.521468207493811],[-82.241370893099017,28.521408778754267],[-82.241414921994362,28.521376966733875],[-82.241514932802048,28.521326160016546],[-82.241728202275567,28.521274797136819],[-82.241809412523622,28.521278349542673],[-82.241911726942519,28.521282163903656],[-82.242215319283417,28.52138306139851],[-82.24225749006392,28.521387252512607],[-82.242364655976544,28.521368050702609],[-82.242400226077137,28.521345134367007],[-82.242432726456926,28.521313463501006],[-82.242416959461679,28.520984009014668],[-82.242487695035862,28.520843619927433],[-82.24250684674243,28.520807280653877],[-82.242581684394224,28.520729977304647],[-82.242623866747252,28.520693364085439],[-82.242685469450976,28.52064319717913],[-82.242729996796172,28.520620119477829],[-82.243049983994922,28.520459217229703],[-82.243124607832684,28.520395429339292],[-82.243224270668833,28.52028635553545],[-82.243291398194003,28.520132138574976],[-82.243286881332736,28.520055534561315],[-82.243268408727985,28.520010558490238],[-82.243189385185332,28.519911920760528],[-82.243024950975609,28.519832187491808],[-82.242974052955532,28.519774141104172],[-82.242975229626637,28.519701826584324],[-82.243025864548528,28.519696831757336],[-82.243310752954201,28.519766539035203],[-82.243353064884388,28.519761718706654],[-82.243402852105746,28.51972970081848],[-82.243407996551355,28.5196889586826],[-82.243379214937718,28.519648634652853],[-82.243182739432555,28.519492523714877],[-82.243129293785415,28.519434157998852],[-82.243118067783257,28.519416292633764],[-82.242985343463076,28.51919624779671],[-82.242974986696069,28.519124354539468],[-82.24298012693437,28.5189257392922],[-82.243081037562135,28.518581702550343],[-82.243023330367663,28.518510065441784],[-82.242761751690296,28.518462880021641],[-82.242656797659365,28.518463823673191],[-82.242604319083654,28.518464283740801],[-82.242540026931763,28.518482897576661],[-82.242394372214889,28.518547487758141],[-82.242141966515163,28.518802383042139],[-82.241932811301069,28.518876588518189],[-82.241855300829769,28.518881809444963],[-82.241779784589241,28.518882546617032],[-82.241626403143812,28.518870488878168],[-82.241204027326376,28.518716322315242],[-82.24085292878479,28.518665205374354],[-82.240778690793832,28.518665955965723],[-82.240600988160452,28.518694682119165],[-82.240270707173053,28.518819426184109],[-82.240087850284226,28.518888893712187],[-82.239903671318061,28.518922328027131],[-82.239745885596889,28.518905705544281],[-82.239632778511094,28.518857008598552],[-82.239598451668428,28.518843631357203],[-82.239506031037266,28.518781405000723],[-82.239282001841133,28.518589480299323],[-82.238984571532143,28.518109306243485],[-82.238957401954124,28.517969660476343],[-82.238960820676581,28.517680687108733],[-82.238954856211009,28.51765387346779],[-82.238930208088334,28.517595314655495],[-82.23884352713857,28.517456328435511],[-82.238696180301119,28.517349229480946],[-82.238637391237674,28.517304584351038],[-82.238502498138516,28.517179630182881],[-82.238414956967631,28.517053863700063],[-82.238320245258492,28.51689676392872],[-82.238286790801524,28.516829367488722],[-82.238280261681851,28.516798046667507],[-82.23821019891335,28.516424012212845],[-82.238206273966057,28.515995355359383],[-82.238225716812138,28.515941007062811],[-82.238305628845936,28.515827477718528],[-82.238396313026087,28.515759106449011],[-82.238468014048749,28.515717791091461],[-82.238555922370438,28.515662613324793],[-82.238692617363569,28.515598196376533],[-82.238774335149174,28.515570521220667],[-82.239174507845547,28.51543596562923],[-82.239290301856727,28.51535833657536],[-82.239399896121682,28.51530765166963],[-82.239475739151771,28.515207581027276],[-82.239487146827599,28.515135399139904],[-82.239481658755778,28.514882612019392],[-82.239394648337182,28.514526933765932],[-82.239207073439374,28.514257791865663],[-82.239039404327272,28.514101475142539],[-82.238904980963085,28.514026045928688],[-82.238760796000477,28.514000322513546],[-82.238717432041085,28.513991611621375],[-82.238558797478547,28.513988490161516],[-82.238395102736604,28.514021616655203],[-82.238279896682883,28.514063225741825],[-82.238216664525254,28.514095356482994],[-82.238104139990867,28.514168792905242],[-82.23798734057246,28.514268921002255],[-82.23768215331863,28.514583088408539],[-82.23746702015535,28.514670717232509],[-82.237294449023238,28.514658977756877],[-82.237221224285392,28.51463695383341],[-82.237146438833705,28.514592671631107],[-82.237087665254421,28.514548033897519],[-82.237058227176689,28.514548227829305],[-82.237013450248426,28.514507986254419],[-82.236842667080154,28.514347109064232],[-82.236770515291909,28.514298080214044],[-82.236696800458276,28.514267324822246],[-82.236673909785992,28.514258318639314],[-82.236584957877668,28.514259163839704],[-82.236386847651971,28.514283684374877],[-82.236082100361202,28.514412687111079],[-82.235763169793017,28.514469741467781],[-82.23573494010401,28.514474446568908],[-82.235665824396293,28.514475264875241],[-82.235456509459809,28.514440833136238],[-82.235411859996688,28.514432395926416],[-82.235301515686572,28.51441073484893],[-82.234750324412559,28.514271246504794],[-82.234359120069087,28.514247754152802],[-82.234239790806924,28.514267068968639],[-82.234168400125625,28.514290091846089],[-82.233975941202289,28.514359711199642],[-82.233905802024395,28.514423552279013],[-82.233888503917598,28.514464144477071],[-82.233864021320954,28.514514204760147],[-82.233886341816969,28.5147936556099],[-82.233813346728112,28.51487547816372],[-82.233768103368973,28.514903046088552],[-82.233712930855688,28.514912481216506],[-82.232995893976181,28.51493721431379],[-82.232593326621398,28.515021914560126],[-82.232195361270172,28.515138470424311],[-82.232001728630166,28.515162762163179],[-82.231801298280899,28.515132935974489],[-82.231691617318447,28.515070760750252],[-82.231593482753155,28.514967929341815],[-82.231553405310763,28.514914239258481],[-82.231525142378317,28.514842120196462],[-82.231532220619997,28.514526173841535],[-82.231520221283532,28.514476778005363],[-82.231501193141852,28.514427293079656],[-82.231468527137395,28.514350899851749],[-82.231428949188995,28.514305932792407],[-82.231366503543342,28.514211711997785],[-82.231349468089988,28.514157751609865],[-82.231315897019186,28.514058828207581],[-82.231287479411421,28.513878639421289],[-82.231290866174788,28.513788344531289],[-82.231300385057949,28.513675340591345],[-82.231308971244118,28.513580614431064],[-82.231377742962323,28.513169196336523],[-82.231275264106628,28.512822607629932],[-82.231262805606278,28.512723675329184],[-82.231263757137512,28.512664865755863],[-82.231262800918088,28.512606317500886],[-82.231278836907777,28.512524915382379],[-82.231289939309534,28.512511257465334],[-82.231433819102079,28.512320301721118],[-82.231527908518302,28.512278996086604],[-82.231609330324105,28.512269052399933],[-82.231919762576709,28.512261707494151],[-82.23233076465327,28.512208357809062],[-82.232532221028507,28.5122925065759],[-82.232600084887011,28.512368499141214],[-82.232607871321576,28.512440641327366],[-82.232590636353095,28.512634890831244],[-82.232527847644576,28.512757359648731],[-82.232434732269738,28.512974561183242],[-82.232411718410901,28.513051669350325],[-82.232371761154923,28.513187366289024],[-82.232365985250169,28.513345448013524],[-82.232424851792004,28.513502660305555],[-82.232593831189917,28.513695308902957],[-82.232625090320767,28.513740171659652],[-82.232613460563471,28.513943207639837],[-82.232521564439793,28.514124685792414],[-82.232505966857602,28.51417880654525],[-82.232522808761274,28.514323108568231],[-82.232561600849365,28.514377062250528],[-82.232620108902864,28.51439890454013],[-82.23277276195769,28.514415753479469],[-82.232972101806396,28.514355222421923],[-82.233337849121341,28.514369963671818],[-82.23349829965106,28.514300789139494],[-82.233621756452791,28.514146154222129],[-82.233733089249455,28.513752732281073],[-82.233765108682377,28.513711765564793],[-82.233801751513511,28.513661854916073],[-82.233831778439409,28.513625363657543],[-82.23390802530254,28.513579606015394],[-82.23395944190051,28.513565620409668],[-82.234034534357647,28.513551372933982],[-82.234135721314075,28.513545896414783],[-82.234242785813493,28.513572008172989],[-82.234290838930818,28.513607790122968],[-82.234381047608963,28.513647476005403],[-82.234440421736579,28.513655828598033],[-82.234529363545377,28.513655253721151],[-82.234584198592088,28.513627526411305],[-82.234983189558562,28.513172706947262],[-82.235103216279569,28.512756319354501],[-82.235290419598243,28.512497519025317],[-82.235386654986456,28.512284570134138],[-82.235390803879028,28.512108456728207],[-82.235299828808422,28.512036953264381],[-82.23517939221064,28.512006737220034],[-82.234902228747359,28.512013652174158],[-82.234552240790691,28.511935514053022],[-82.234147159441974,28.511939138959399],[-82.233990352528451,28.511981349383042],[-82.233390807693553,28.512140108498411],[-82.233203528515034,28.512128460349921],[-82.233139486855507,28.512092760478488],[-82.233133711710437,28.511975615576642],[-82.233158422817453,28.511912042323655],[-82.23326446139761,28.511726237915397],[-82.233391013110193,28.511616674745124],[-82.23369605253751,28.511469398603207],[-82.233783983490881,28.51137397813876],[-82.233850000658819,28.51117022398423],[-82.233888498198127,28.510849605066408],[-82.23391413426981,28.510768034507258],[-82.233931853879824,28.510740959668603],[-82.233971279685093,28.510677297763763],[-82.234016882171105,28.510627214604273],[-82.234122659910085,28.510535965423504],[-82.234303640973835,28.510344901185249],[-82.234400349626156,28.510181494745694],[-82.234415206535203,28.510055045340245],[-82.234298790998409,28.509974784434064],[-82.234234227985922,28.509970866738257],[-82.23409209395372,28.509976680956147],[-82.234029233129448,28.509986305410472],[-82.233991403271304,28.509991170153867],[-82.233907136174849,28.510019090465843],[-82.233736956073585,28.510097155943903],[-82.233675911257649,28.510152105774107],[-82.23351585312453,28.510315846162637],[-82.233425141738536,28.510425021254427],[-82.233262581847498,28.510584505643319],[-82.233008052471533,28.510694984815608],[-82.232819618176094,28.510714846369918],[-82.232612581831305,28.510698728513844],[-82.232376273131237,28.510632989629862],[-82.232190319326705,28.510540026121756],[-82.232117489650705,28.510454963261427],[-82.232077097964705,28.510342448710936],[-82.232082203421882,28.510225161525085],[-82.232172076855946,28.509971613604964],[-82.232173465684056,28.509768447053432],[-82.232068633777715,28.509566476170026],[-82.231989426313731,28.509440803911186],[-82.23193579286368,28.509355420315192],[-82.231937030841479,28.509161541896397],[-82.231973773062933,28.509066324524468],[-82.232159397844171,28.508825520317174],[-82.232244125769981,28.508612705975921],[-82.232258756573728,28.508382414655173],[-82.232252307141309,28.50834630729241],[-82.232179701688381,28.508247740372788],[-82.232053532690415,28.508176635883174],[-82.23194780440609,28.508186566272443],[-82.231858909751907,28.50822343821719],[-82.231742847156553,28.508395884073913],[-82.23172640801171,28.508423253327148],[-82.231703404200289,28.508500079873446],[-82.231663965179919,28.508838965290341],[-82.231626784279783,28.50896119970357],[-82.231533485048701,28.509110858312543],[-82.231509301798823,28.509142638787043],[-82.231429046772661,28.509238153022192],[-82.231371781113651,28.509297372532476],[-82.231277094111007,28.509374975227427],[-82.231194947232879,28.50942993549992],[-82.231042308068822,28.509530446223398],[-82.230831242635162,28.509604616259487],[-82.230614479919893,28.509674197258697],[-82.230399325032224,28.509802628285385],[-82.230184056020704,28.510016605591204],[-82.230117135625434,28.510157312334602],[-82.230037058811675,28.510320360950139],[-82.229922423153241,28.510483830735591],[-82.229902782566,28.510511158257408],[-82.229813937779639,28.510584047896433],[-82.229632494659825,28.510685042477149],[-82.229520709400759,28.510713175309998],[-82.229248466647448,28.510693130741323],[-82.229017854908719,28.510631966654103],[-82.228841064118868,28.510565853297546],[-82.228550731575126,28.510478316715741],[-82.228442382324403,28.510452183652728],[-82.228418138632762,28.510447944556969],[-82.228145117662976,28.510436612177042],[-82.227897745630827,28.51046162622437],[-82.227606034188014,28.510536449841968],[-82.227500724371794,28.510559883361573],[-82.227413817813428,28.510592277023218],[-82.227394547548315,28.510596816510237],[-82.227289994350713,28.510652060061908],[-82.226779363355661,28.510968105058272],[-82.226430318418181,28.51110664564473],[-82.226207527381206,28.51115364113079],[-82.225990865754568,28.511178196335564],[-82.225692512257254,28.5111898948544],[-82.22528453552701,28.511175442108584],[-82.225121777227741,28.51119055820584],[-82.224845674144774,28.511328330496351],[-82.224579707031666,28.511511254428424],[-82.224380370693879,28.511571769582307],[-82.223958532895125,28.511661269368133],[-82.223882236518463,28.511682073350439]],[[-82.223610865765295,28.512821120234747],[-82.223633915670348,28.512846712658938],[-82.223843763727999,28.513160616017693],[-82.223898525827721,28.51337237325475],[-82.223876540240852,28.513620591861894],[-82.223833277213473,28.513684204823857],[-82.223701346122553,28.513847727599469],[-82.223625217874968,28.513925273641664],[-82.223533236958744,28.513993900723449],[-82.223515173775908,28.514002962058829],[-82.223431704093485,28.514045134409088]]]},"properties":{"OBJECTID_1":61,"OBJECTID":56051,"QUADNUMBER":0,"ELEVATION":85,"ORGCONT":0,"DEPRESSION":0,"HILLTOP":0,"INTERVAL":0,"UNIT":" ","DATESTAMP":1078790400000,"ShapeSTLen":28435.216604230696,"Shape_Length":19696.7875218189}},{"type":"Feature","id":62,"geometry":{"type":"LineString","coordinates":[[-82.26605843879301,28.50591158166781],[-82.265635628383919,28.505909213498324],[-82.265501398220849,28.505860832827207],[-82.265440059423199,28.505775655335068],[-82.265448892533072,28.505703441088468],[-82.265505078693863,28.505630688581526],[-82.265617373531512,28.505530199165765],[-82.265684074280287,28.505503253666497]]},"properties":{"OBJECTID_1":62,"OBJECTID":60028,"QUADNUMBER":0,"ELEVATION":160,"ORGCONT":0,"DEPRESSION":0,"HILLTOP":0,"INTERVAL":0,"UNIT":" ","DATESTAMP":1078790400000,"ShapeSTLen":5504.3542054592908,"Shape_Length":352.39008893668205}},{"type":"Feature","id":63,"geometry":{"type":"LineString","coordinates":[[-82.248546219427467,28.530228469544827],[-82.248455189595575,28.530238595283432],[-82.248385136670905,28.530257136693887],[-82.248319197727085,28.530298526095855],[-82.248252468896794,28.530348628167729],[-82.248190079176624,28.530407794475604],[-82.248010242648164,28.530567355616782],[-82.247970257935265,28.530585998918649],[-82.247895996148756,28.530627276979779],[-82.247767996661437,28.530786371418252],[-82.247715773871562,28.530849876394768],[-82.247698844373346,28.530868246568211],[-82.24762783709906,28.53094558625887],[-82.247561903934994,28.530986698261113],[-82.247497240414418,28.531028095766629],[-82.247305110650018,28.531155991551692],[-82.247185602480926,28.531224852424174],[-82.247134086596063,28.531284152756839],[-82.24709582030178,28.531316039127965],[-82.247091013541862,28.531415315962253],[-82.247122141580519,28.531469174562638],[-82.24717103759221,28.53153198368755],[-82.247206720956285,28.531581117410497],[-82.247233168536553,28.531607896047689],[-82.247332086291351,28.531625172767626],[-82.247360884329751,28.531624971438973],[-82.24757211875702,28.531582299910298],[-82.247631783329382,28.531572916827173],[-82.247879991952985,28.531538874226896],[-82.248001180311391,28.531524350814195],[-82.248228541926764,28.531513118167481],[-82.248338055476211,28.531507734004933],[-82.248394620839662,28.531452997080084],[-82.24845047839159,28.531362240640458],[-82.248483356680765,28.531307767175214],[-82.24859427819375,28.531175762010559],[-82.248655954269537,28.531121095930878],[-82.248683198307575,28.531098363759885],[-82.248989802541956,28.530856223950217],[-82.249194875749225,28.530718921243722],[-82.24933815289117,28.530604768593822],[-82.249369132335644,28.530469237860721],[-82.24934477531454,28.530392662486896],[-82.249265499297252,28.530348337621028],[-82.249081901373543,28.530304954799139],[-82.249010930156217,28.53030097563423],[-82.248858740536988,28.530293441121017],[-82.248787777515176,28.530289464531464],[-82.248708063525157,28.530272145582437],[-82.248546219427467,28.530228469544827]]},"properties":{"OBJECTID_1":63,"OBJECTID":60557,"QUADNUMBER":0,"ELEVATION":65,"ORGCONT":0,"DEPRESSION":1,"HILLTOP":0,"INTERVAL":0,"UNIT":" ","DATESTAMP":1078790400000,"ShapeSTLen":1912.0235688930775,"Shape_Length":1912.0235688951027}},{"type":"Feature","id":64,"geometry":{"type":"LineString","coordinates":[[-82.234403259174684,28.527848695417788],[-82.234503551849315,28.527938038836567],[-82.234524372691638,28.527956033606632],[-82.234590338406065,28.528031997552674],[-82.23464208222498,28.528076835180251],[-82.234695178517711,28.528116904249732],[-82.234821169154785,28.528160984573017],[-82.234852457503635,28.528165033458109],[-82.235112947560481,28.528162690626942],[-82.235416877773105,28.52816453831997],[-82.235585206120717,28.528163008474291],[-82.235961666396904,28.528191099352817],[-82.236061363244048,28.528199388354786],[-82.236215953920237,28.52821596916068],[-82.236300367438432,28.528219559869903],[-82.236497425384243,28.528222324620696],[-82.236538379873707,28.528221997948354],[-82.236622939455131,28.528216869718769],[-82.236796966802075,28.528179092865532],[-82.236892140923118,28.528151021820346],[-82.236976344426083,28.528127881326288],[-82.237020084006261,28.5281138005776],[-82.237117075965273,28.528131057446821],[-82.237129798178458,28.528135435988794],[-82.237186091302178,28.528216071662957],[-82.237212156399366,28.528265645347972],[-82.237229566078355,28.528296823543123],[-82.237282942350689,28.528359686214046],[-82.237318842167568,28.528395308644484],[-82.237380181064324,28.528439985886706],[-82.23745368656634,28.528484531747004],[-82.237460343649545,28.528547649255845],[-82.237371057111162,28.52864755533162],[-82.237305894694288,28.528679944355147],[-82.237232932381275,28.528680438151625],[-82.237223682391559,28.528698608638447],[-82.236998931888124,28.528745873398471],[-82.236948795779625,28.528759876867984],[-82.236754072139973,28.528770657458253],[-82.23669505288936,28.528780048175268],[-82.23660571913922,28.528803408580576],[-82.236419924626887,28.528895346530742],[-82.236369778148244,28.528909348000195],[-82.236203370594311,28.528910907967404],[-82.23605680725673,28.528912449489521],[-82.236038249463817,28.528912493468173],[-82.235883542776108,28.528981466055377],[-82.235866607399828,28.528999823948688],[-82.235817867441071,28.529045366139879],[-82.235784419475209,28.529095321321169],[-82.235765052901215,28.529145164526735],[-82.235749773708463,28.529258103611017],[-82.235733710386597,28.529380038653745],[-82.235722122392744,28.529502023676638],[-82.235641516467055,28.529579528108357],[-82.235549847663819,28.529589349438179],[-82.235494032987916,28.52955825205688],[-82.235426559076856,28.529536302106397],[-82.235366781465657,28.529473632080894],[-82.235351959578054,28.52940168922235],[-82.235314428415265,28.52923039210933],[-82.235294048877904,28.529185387630623],[-82.235239064490344,28.529064252451946],[-82.235211482742585,28.529028447233699],[-82.235138837781037,28.528970404964141],[-82.235103221798823,28.528957008998084],[-82.23501868160254,28.528921893347196],[-82.234681236285311,28.528933969958935],[-82.234651161719356,28.528934151852209],[-82.234571160849555,28.528934834140703],[-82.23453617090469,28.528921731109826],[-82.23449986732868,28.528872304524917],[-82.234496756518837,28.528827242137304],[-82.234492667838595,28.528764145310571],[-82.234533377134767,28.528700497411549],[-82.234543412803077,28.528673331146976],[-82.23455490618349,28.528596645128435],[-82.234543263876532,28.528564981093528],[-82.234492095698272,28.528484406759294],[-82.234466524822778,28.528443844345574],[-82.234364162733883,28.528363762566876],[-82.234367082571438,28.528341001219843],[-82.234240876159319,28.528310712332821],[-82.23416587238745,28.528279651995405],[-82.234031193091027,28.528258258425737],[-82.233930281321236,28.528245725381367],[-82.233812102403803,28.528233260784752],[-82.233750166787942,28.52822488801343],[-82.233734684562378,28.528193450686771],[-82.233717078811125,28.528134980865204],[-82.233719386250129,28.528071690727618],[-82.23374072943777,28.528057885980267],[-82.23385717775102,28.527980273133899],[-82.233927130727437,28.527889132857378],[-82.234000876754976,28.527879643080261],[-82.234113674016513,28.527869531022446],[-82.234157195033958,28.527869233129771],[-82.234403259174684,28.527848695417788]]},"properties":{"OBJECTID_1":64,"OBJECTID":60606,"QUADNUMBER":0,"ELEVATION":65,"ORGCONT":0,"DEPRESSION":1,"HILLTOP":0,"INTERVAL":0,"UNIT":" ","DATESTAMP":1078790400000,"ShapeSTLen":3165.0345917190211,"Shape_Length":3165.0345917306504}},{"type":"Feature","id":65,"geometry":{"type":"LineString","coordinates":[[-82.241460235675206,28.510807467210256],[-82.2413256165582,28.510862622451391],[-82.241290059938507,28.510885538502965],[-82.241203926844477,28.510949466794845],[-82.241149441370354,28.510995219689757],[-82.241042332471835,28.51105072015601],[-82.240944249008635,28.511101266877176],[-82.240818494817944,28.511201567605998],[-82.240809960016122,28.511215246111988],[-82.240755385426922,28.511306017240134],[-82.240753189894747,28.51144135555791],[-82.240758997778514,28.511477451893963],[-82.240758638227462,28.511499964354247],[-82.240836852386906,28.511648123340468],[-82.240862354183989,28.51169318931472],[-82.240889489985875,28.511756003412117],[-82.240981158556011,28.512021408732561],[-82.240997705081199,28.51206635881589],[-82.241003921958722,28.512156490723193],[-82.240998417417771,28.512219739860768],[-82.24098351482121,28.512310173609119],[-82.24085436902277,28.51250104109074],[-82.240805429337485,28.512560081938751],[-82.24076637509458,28.512600964416425],[-82.240639333369558,28.512701519904802],[-82.240595379343219,28.512728834256801],[-82.240492108020916,28.512784101901843],[-82.240441184079373,28.512807105381871],[-82.240391477851887,28.512834616632205],[-82.240194261859315,28.512922193710999],[-82.240026073975272,28.512995787856369],[-82.239959716485927,28.5130236622295],[-82.239835967867549,28.513078951097523],[-82.239763419056814,28.513133756099023],[-82.239710213341596,28.513179245372474],[-82.239627186848665,28.513288234124683],[-82.239596160639707,28.513347229408872],[-82.239601213136197,28.513469144174092],[-82.239604089164587,28.513568243256056],[-82.239614851203584,28.513653923125524],[-82.239681418751076,28.513770709623525],[-82.239695277352794,28.513784104920667],[-82.239816664894704,28.513913955405361],[-82.239843891882998,28.513931748605522],[-82.239898191542437,28.513976327174653],[-82.239938491558661,28.514016518855648],[-82.240032888205548,28.514074269443434],[-82.240061391260951,28.514092068466276],[-82.240152019925333,28.514145557513761],[-82.240177966909243,28.5141633258376],[-82.240242804342259,28.51418974661091],[-82.240277286484456,28.514193846375083],[-82.24033714723322,28.514211477995744],[-82.2404548208509,28.51421492523221],[-82.240471463569492,28.514214854272588],[-82.240688153731824,28.514149471685055],[-82.240788438611176,28.514080935628243],[-82.240864971833517,28.514017168107717],[-82.240908018411147,28.513967053811452],[-82.240963431037301,28.513903306533422],[-82.241061036661108,28.5138032243756],[-82.241092408607315,28.51376224265589],[-82.241119800999883,28.513730509854025],[-82.241395194404447,28.513398511225244],[-82.241430187873021,28.513371088013354],[-82.24163561202144,28.513211293052169],[-82.241785814215447,28.513142255109265],[-82.241803884232539,28.513132913415184],[-82.242060251158321,28.513026938928469],[-82.242136134746929,28.513003690048578],[-82.242327987337163,28.512970357248875],[-82.24251849672693,28.512900985831941],[-82.242547522094782,28.512886714802558],[-82.242607201737982,28.512836526060202],[-82.242673427644405,28.512777410387237],[-82.242677157509775,28.512705134548209],[-82.242646731709172,28.512687308824169],[-82.242656915833578,28.512651131685704],[-82.24254505189262,28.512525906606324],[-82.242505896229787,28.512494460124053],[-82.242368727279185,28.512351468572366],[-82.24234819700095,28.512315464441013],[-82.242316925028021,28.512270614778277],[-82.242135280916415,28.512069375303049],[-82.242012481392251,28.511907985030852],[-82.241955829501975,28.511890387225517],[-82.241985703065907,28.511862901697647],[-82.24196453211853,28.511827184690503],[-82.24192115691514,28.51166060062668],[-82.241866933972986,28.511453357924154],[-82.241852181740583,28.511376910035668],[-82.241848630439563,28.511358857629588],[-82.241833015134588,28.511295902305797],[-82.241820676453429,28.511228207421688],[-82.241779316841644,28.511016631253163],[-82.241773431038069,28.510985032409916],[-82.241737197698683,28.510931111984934],[-82.241678068521068,28.510868454211067],[-82.241642105844576,28.510837332049999],[-82.2415548732845,28.510810907518888],[-82.241460235675206,28.510807467210256]]},"properties":{"OBJECTID_1":65,"OBJECTID":60953,"QUADNUMBER":0,"ELEVATION":85,"ORGCONT":0,"DEPRESSION":1,"HILLTOP":0,"INTERVAL":0,"UNIT":" ","DATESTAMP":1078790400000,"ShapeSTLen":3537.5614793510367,"Shape_Length":3537.5614793603486}},{"type":"Feature","id":66,"geometry":{"type":"LineString","coordinates":[[-82.228998023577248,28.531557717892706],[-82.229129079143107,28.53156556657482],[-82.22917125655178,28.531569759012143],[-82.229294617859793,28.531618031248854],[-82.229317857212308,28.531645057931211],[-82.229386805962619,28.531694057188304],[-82.229401802983276,28.531716475048686],[-82.229404733500743,28.531811351942121],[-82.2293684238211,28.531879273404421],[-82.229203911794698,28.531921375819056],[-82.229113247169707,28.53190869559419],[-82.229006868826232,28.531878086891759],[-82.228870325280383,28.531775330305454],[-82.228844864178058,28.531649214188121],[-82.228908613743016,28.531585576085501],[-82.228998023577248,28.531557717892706]]},"properties":{"OBJECTID_1":66,"OBJECTID":63012,"QUADNUMBER":0,"ELEVATION":100,"ORGCONT":0,"DEPRESSION":0,"HILLTOP":0,"INTERVAL":0,"UNIT":" ","DATESTAMP":1078790400000,"ShapeSTLen":497.085866993666,"Shape_Length":497.08586699892237}},{"type":"Feature","id":67,"geometry":{"type":"LineString","coordinates":[[-82.248635360472647,28.530494117086267],[-82.248591838447567,28.530494416916813],[-82.248526560852525,28.530495009197374],[-82.248462907233062,28.530513636392776],[-82.248332712243723,28.530650187530984],[-82.248299407976461,28.530691134659396],[-82.24825970899785,28.530732295592944],[-82.248157568644544,28.53079630433594],[-82.248097023255895,28.53085999159682],[-82.248079515146344,28.530873844822931],[-82.248061794682442,28.530941444927283],[-82.248057640892952,28.531000211542729],[-82.248054535274264,28.531113022313942],[-82.248126002202639,28.531126011004535],[-82.248155224125412,28.531139327695595],[-82.248289008355542,28.531097374031368],[-82.248345129706962,28.531069935736035],[-82.248398346090298,28.531024165235358],[-82.248548378836219,28.530887577741947],[-82.248619014171382,28.530832738274817],[-82.248820177801903,28.530699893662725],[-82.248884695854287,28.530667774629041],[-82.248945825633953,28.53056778903942],[-82.248931963641709,28.530554387520944],[-82.248857787574011,28.530550647858043],[-82.248709814141719,28.530520373529686],[-82.248635360472647,28.530494117086267]]},"properties":{"OBJECTID_1":67,"OBJECTID":65575,"QUADNUMBER":0,"ELEVATION":60,"ORGCONT":0,"DEPRESSION":1,"HILLTOP":0,"INTERVAL":0,"UNIT":" ","DATESTAMP":1078790400000,"ShapeSTLen":799.16058807709294,"Shape_Length":799.16058808042942}},{"type":"Feature","id":68,"geometry":{"type":"LineString","coordinates":[[-82.261176777786517,28.516293704959544],[-82.261296235730995,28.516306163210054],[-82.261311514708225,28.516310577892916],[-82.261509531993767,28.516371847176881],[-82.261811839897149,28.516472965088557],[-82.261925743741742,28.516512369486456],[-82.26220359731262,28.51662275836582],[-82.26231023688284,28.51667585786219],[-82.262365407855484,28.51670693469498],[-82.262483643008622,28.516795925125088],[-82.26250638809276,28.516813938075707],[-82.262560698692482,28.516858506596982],[-82.262681814183836,28.517046867800939],[-82.262701562671566,28.517132382159513],[-82.262709944766669,28.517168514023396],[-82.262697398369809,28.517272477968525],[-82.26267718408721,28.517335824897742],[-82.262642760789646,28.5173677677952],[-82.26248991727806,28.517522622770397],[-82.262425203486558,28.517527726029449],[-82.26238096669239,28.517573048883513],[-82.262294995339971,28.517587467463873],[-82.262223886593148,28.517592775172368],[-82.262090564147414,28.517566920257391],[-82.261963388922481,28.517477820405833],[-82.261883691691239,28.517419985532687],[-82.261658125320608,28.517241299466011],[-82.261581911782457,28.517165500972798],[-82.261528955579308,28.517116162348184],[-82.261498104498315,28.517085104245869],[-82.261383587210247,28.516964079661328],[-82.261288411431181,28.516834294783035],[-82.261255218581198,28.516789411736145],[-82.261232759322496,28.516753392566628],[-82.261139093955094,28.516569314884393],[-82.261120900031486,28.51650633074167],[-82.261110524833711,28.516474966100752],[-82.26111233918985,28.516362140189653],[-82.261135387547981,28.516321337720743],[-82.261176777786517,28.516293704959544]]},"properties":{"OBJECTID_1":68,"OBJECTID":68825,"QUADNUMBER":0,"ELEVATION":140,"ORGCONT":0,"DEPRESSION":1,"HILLTOP":0,"INTERVAL":0,"UNIT":" ","DATESTAMP":1078790400000,"ShapeSTLen":1500.3233656797702,"Shape_Length":1500.3233656773605}},{"type":"Feature","id":69,"geometry":{"type":"LineString","coordinates":[[-82.235907545844142,28.519352658654096],[-82.235939184704094,28.519350095185455],[-82.2359918883039,28.51933301783658],[-82.236033197632779,28.519189868725949],[-82.236017135171139,28.519115491639997],[-82.23600606981411,28.519048090954737],[-82.236006587490678,28.519016298495991],[-82.236036468291161,28.518989094907834],[-82.23610988995226,28.518920788553594],[-82.236206983467127,28.518852223541963],[-82.236263046127249,28.518788479780891],[-82.236301856964985,28.518684281210465],[-82.236305732690525,28.518602998088049],[-82.236307403975673,28.518539706224463],[-82.236274600633919,28.518431789990021],[-82.23624228168643,28.518373409160347],[-82.236097129555517,28.518130969262575],[-82.236062978803361,28.518027543594979],[-82.236048327093982,28.517905785304741],[-82.236169209335003,28.517751398064384],[-82.23618686741851,28.517728546960338],[-82.236307288872894,28.517641690402709],[-82.236566247226975,28.517535479946094],[-82.236684927492888,28.517516427699316],[-82.236738188550973,28.517506973037676],[-82.237082069970072,28.517490187101117],[-82.237299324208294,28.51742960491385],[-82.237352243427679,28.51740212708679],[-82.237450103127927,28.517365079800779],[-82.237519857831259,28.517364553628141],[-82.237636390781532,28.51739950448756],[-82.237669370250856,28.517417371067253],[-82.237775433629423,28.517465982736237],[-82.237803645595989,28.517501790010176],[-82.237949492664214,28.517622385385867],[-82.238019093113863,28.51767138194969],[-82.238075809972258,28.517725000325864],[-82.238330288134136,28.517894238224759],[-82.23836352201991,28.517975144998829],[-82.238350425045823,28.518151144985382],[-82.238356091328328,28.518196246179695],[-82.238389916112666,28.518399012333703],[-82.238464979213092,28.518583438949101],[-82.238510745022865,28.518641704501071],[-82.238510455540549,28.518659705968442],[-82.238553092118863,28.518713433671472],[-82.238687825618797,28.518888200400259],[-82.238747669708872,28.518946356315073],[-82.238868565033371,28.519066917808999],[-82.238905662239063,28.519107346391817],[-82.238938423596281,28.51913870856907],[-82.238973112256545,28.519169820104736],[-82.23906089808672,28.519241276980413],[-82.239111585661533,28.519272313406528],[-82.239215725291515,28.519321174556438],[-82.239463138168446,28.519413494766347],[-82.239688227675941,28.519501877254957],[-82.239783704077453,28.519532623256897],[-82.240053481548387,28.519705983460433],[-82.240093925854282,28.519737166649481],[-82.240298569384578,28.519744522650747],[-82.240407807002171,28.519716342155856],[-82.240457445921379,28.519693323827187],[-82.240528520446503,28.519611482220174],[-82.24057449243422,28.519538887178648],[-82.240577344305152,28.519520628515881],[-82.24060034402936,28.519443811444056],[-82.240638314039643,28.519312586902476],[-82.240702495901601,28.51922164549104],[-82.24084879075852,28.519157349249969],[-82.240963339454083,28.519156258233316],[-82.241056779531505,28.51915545723033],[-82.241187165924913,28.519203808294456],[-82.241228113099382,28.519244003816787]]},"properties":{"OBJECTID_1":69,"OBJECTID":69737,"QUADNUMBER":0,"ELEVATION":75,"ORGCONT":0,"DEPRESSION":1,"HILLTOP":0,"INTERVAL":0,"UNIT":" ","DATESTAMP":1078790400000,"ShapeSTLen":2910.0963910489804,"Shape_Length":2910.0963910511009}},{"type":"Feature","id":70,"geometry":{"type":"LineString","coordinates":[[-82.2312501084632,28.522448491812504],[-82.231349866353384,28.52245227967444],[-82.231430497858199,28.522451603642295],[-82.231462561295743,28.522487188183113],[-82.231460170492653,28.522554983006021],[-82.231408801912835,28.522605269974665],[-82.231332476610987,28.522655528135843],[-82.231222246453271,28.522665391671836],[-82.231140277458749,28.522630024636246],[-82.231097711892261,28.522571797202076],[-82.2312501084632,28.522448491812504]]},"properties":{"OBJECTID_1":70,"OBJECTID":70264,"QUADNUMBER":0,"ELEVATION":100,"ORGCONT":0,"DEPRESSION":0,"HILLTOP":0,"INTERVAL":0,"UNIT":" ","DATESTAMP":1078790400000,"ShapeSTLen":310.79412074710353,"Shape_Length":310.79412074395839}},{"type":"Feature","id":71,"geometry":{"type":"LineString","coordinates":[[-82.23965923872349,28.535598918519735],[-82.239576523918359,28.535608572477301],[-82.239484182301979,28.535659190948746],[-82.23946357068462,28.535785853596643],[-82.239415717249912,28.535934965920855],[-82.23940415059424,28.536016435725102],[-82.239396601593,28.536048138542203],[-82.239394372449837,28.536106654234676],[-82.239443416340009,28.536160457722534],[-82.239506785640444,28.536159842478146],[-82.239588875166064,28.536109372016966],[-82.239623087250934,28.536091225024979],[-82.239658316593051,28.536050298294178],[-82.239716400920585,28.535941284356841],[-82.239747433581755,28.535882289202032],[-82.239780876294333,28.535832613732584],[-82.239789517019986,28.535773628320534],[-82.239790411622934,28.535679077958065],[-82.239745281444854,28.535620824528131],[-82.23965923872349,28.535598918519735]]},"properties":{"OBJECTID_1":71,"OBJECTID":71757,"QUADNUMBER":0,"ELEVATION":105,"ORGCONT":0,"DEPRESSION":1,"HILLTOP":0,"INTERVAL":0,"UNIT":" ","DATESTAMP":1078790400000,"ShapeSTLen":535.4536487170775,"Shape_Length":535.45364871233903}},{"type":"Feature","id":72,"geometry":{"type":"LineString","coordinates":[[-82.229194095782262,28.511280052431005],[-82.229023703233509,28.511331369418457],[-82.228877415543863,28.511395933605527],[-82.22884000537438,28.511414314319108],[-82.228598162797141,28.511569979748053],[-82.228421705188353,28.511797104762032],[-82.228404498876714,28.511910014084918],[-82.228438389915269,28.511950404061633],[-82.228491708175966,28.511976970747178],[-82.228565641260658,28.511994226579283],[-82.228635394551404,28.511993704983933],[-82.228839055728187,28.511942240423192],[-82.2288783157137,28.511928384588135],[-82.228891186815218,28.511923763629973],[-82.229001647298091,28.51185958736388],[-82.229084441816539,28.511804630942187],[-82.229214760056436,28.511699622163256],[-82.229262285862205,28.511649569836276],[-82.229280568207898,28.511627002794409],[-82.229349120214167,28.511504322688797],[-82.229356961544909,28.511454612515887],[-82.229354599920612,28.511364531268686],[-82.229307211690085,28.511288233609299],[-82.229194095782262,28.511280052431005]]},"properties":{"OBJECTID_1":72,"OBJECTID":72802,"QUADNUMBER":0,"ELEVATION":85,"ORGCONT":0,"DEPRESSION":0,"HILLTOP":0,"INTERVAL":0,"UNIT":" ","DATESTAMP":1078790400000,"ShapeSTLen":867.79163710288026,"Shape_Length":867.79163710486978}},{"type":"Feature","id":73,"geometry":{"type":"LineString","coordinates":[[-82.233880868386805,28.518823496808068],[-82.233932877754143,28.518890851548232],[-82.233920066112361,28.518931491045237],[-82.233831507357422,28.518986375468057],[-82.233778458276788,28.518982616432528],[-82.233724774109447,28.518978563400591],[-82.233675317991469,28.518911240284009],[-82.233718590480876,28.518847624236159],[-82.233880868386805,28.518823496808068]]},"properties":{"OBJECTID_1":73,"OBJECTID":73100,"QUADNUMBER":0,"ELEVATION":85,"ORGCONT":0,"DEPRESSION":0,"HILLTOP":0,"INTERVAL":0,"UNIT":" ","DATESTAMP":1078790400000,"ShapeSTLen":223.12418394981989,"Shape_Length":223.12418394971579}},{"type":"Feature","id":74,"geometry":{"type":"LineString","coordinates":[[-82.234462177064174,28.527374403597882],[-82.234344409015961,28.527375445996174],[-82.234236712603746,28.527426156008261],[-82.234173329738553,28.527467292339836],[-82.2340990936803,28.527468039302907],[-82.233879370117052,28.527443040144409],[-82.233825529893778,28.527447998290388],[-82.233744153025413,28.527493684352706],[-82.233631371734887,28.527621153643686],[-82.233560870238165,28.527666975192684],[-82.233477081952302,28.52770391878235],[-82.233301676866276,28.527786695648622],[-82.233263327621444,28.52782307469376],[-82.233244795094308,28.52789995136683],[-82.233197252817845,28.528107886121649],[-82.23317101598046,28.528225465580196],[-82.233164964498954,28.528243688054502],[-82.233147860855951,28.528311569458801],[-82.233152279834172,28.528433201973758],[-82.233173135145023,28.528527734936606],[-82.233226648718556,28.528581598956002],[-82.233365521839914,28.528620781317713],[-82.233405912764482,28.528615937599515],[-82.233473111296931,28.528615381772866],[-82.233623394522454,28.528582375383852],[-82.233687623605363,28.528568270391791],[-82.233923714844309,28.528570683869074],[-82.233941627842071,28.528570630461829],[-82.234029104283422,28.528583263343069],[-82.234092659590544,28.528609672931506],[-82.234159129596065,28.52865441407485],[-82.234267579194665,28.528793114648959],[-82.234288897231679,28.528820114025407],[-82.234276771168041,28.528896795696905],[-82.234269860723387,28.52904586102261],[-82.2343043773799,28.529126774564155],[-82.234372491462111,28.529148737506105],[-82.234470348126337,28.5291525073774],[-82.234534415490373,28.529147401377926],[-82.234632913195426,28.52915089210218],[-82.234728989399557,28.52914563236213],[-82.234883088217728,28.529153204683688],[-82.234932079784642,28.529170700400897],[-82.234966623616188,28.529211101019985],[-82.235068688337151,28.52930946982169],[-82.235209862146689,28.52956087305477],[-82.235245383152062,28.52961928637534],[-82.235293008760337,28.52968179703349],[-82.235383788828912,28.529726277987976],[-82.235606605111485,28.529837152054249],[-82.235655739553451,28.529845648146786],[-82.23571120066579,28.529858728899281],[-82.235789924993242,28.52985802830085],[-82.235826211748986,28.529830624176377],[-82.235867758362616,28.529793999744999],[-82.235881237096436,28.529595207215046],[-82.235896658612489,28.529473267859782],[-82.235910799815457,28.529351314482025],[-82.235919929802776,28.529301610853462],[-82.235937074849758,28.529270025978395],[-82.236069973267846,28.529165042445502],[-82.236089968475042,28.529155727951423],[-82.236188745890985,28.529141209811623],[-82.23626484253866,28.529144983739183],[-82.23646629666753,28.529152300443691],[-82.236542334351697,28.52912004718694],[-82.236640779221489,28.529087517536773],[-82.23680024051788,28.529040838225317],[-82.236903506372485,28.529026378515486],[-82.237002919725313,28.529012150133518],[-82.237061534253229,28.528988964898371],[-82.237134302869194,28.528961180027192],[-82.237167873835475,28.528942740596388],[-82.237282901094659,28.52887411920506],[-82.237491857200638,28.528813424880141],[-82.237575852285261,28.528803786207114],[-82.237857824756574,28.528778627083032],[-82.237893671634851,28.528778237659274],[-82.238045781452911,28.528632397245374],[-82.238079873976304,28.528582456621471],[-82.238170101599252,28.528464266868284],[-82.238211003792117,28.528427918064391],[-82.2382639282431,28.528400439895332],[-82.238393251743005,28.528317916184804],[-82.238450385552795,28.528267699515517],[-82.238498969575303,28.528231162986756],[-82.238538251361021,28.528176779901081],[-82.238538990266434,28.528131483456672],[-82.23852038012663,28.528095505243538],[-82.238397361757691,28.528065255228711],[-82.238215937986141,28.528084925251665],[-82.238041562656548,28.52810440401646],[-82.237938942603407,28.528118876993013],[-82.237888232798923,28.528128372782156],[-82.237810073673984,28.528133580828811],[-82.237597580221376,28.528135687880958],[-82.237564308811926,28.528135837208858],[-82.237471452344607,28.528100618514674],[-82.237424107539937,28.528060623498234],[-82.237376416276959,28.528002330360351],[-82.237364054371128,28.527975439440056],[-82.237350365626654,28.527912233144235],[-82.237351702934035,28.527790394909331],[-82.237343788334101,28.527686736196298],[-82.237193505389314,28.527602392754201],[-82.237021871210018,28.527531562062226],[-82.236977216094758,28.527523121807139],[-82.236892021548968,28.527528240534508],[-82.236821521554873,28.527574071888832],[-82.236749108761828,28.527619875860374],[-82.236653749451733,28.527620647497244],[-82.236564487318731,28.527639499620868],[-82.2365176026059,28.527689566818879],[-82.236463029596706,28.527897696309232],[-82.236405672814271,28.527961422487611],[-82.236205353391213,28.528080757245039],[-82.236011849673858,28.528096047287494],[-82.235935978524722,28.528078488557959],[-82.235856983674196,28.528056669811523],[-82.235602725021138,28.527991275741201],[-82.235584229534084,28.527987102877777],[-82.23548069376487,28.527979044863848],[-82.235425159901425,28.527970472265203],[-82.235337553993944,28.527966556282415],[-82.235143133924879,28.527959317756487],[-82.23506812158287,28.527928544877152],[-82.234933342059321,28.527835103506479],[-82.234836542846296,28.527727514305564],[-82.234736762648808,28.527606652135109],[-82.234629031585428,28.527463178149677],[-82.234513722125357,28.527391931160857],[-82.234462177064174,28.527374403597882]]},"properties":{"OBJECTID_1":74,"OBJECTID":76810,"QUADNUMBER":0,"ELEVATION":70,"ORGCONT":0,"DEPRESSION":1,"HILLTOP":0,"INTERVAL":0,"UNIT":" ","DATESTAMP":1078790400000,"ShapeSTLen":4713.0795847893714,"Shape_Length":4713.0795847961444}},{"type":"Feature","id":75,"geometry":{"type":"MultiLineString","coordinates":[[[-82.269546075504422,28.513284770709195],[-82.269544790990523,28.513287033640108],[-82.269349014738538,28.513446714321933],[-82.269224715017288,28.513497526452969],[-82.269099641483464,28.513516809240734],[-82.269032374379719,28.513521884599101],[-82.268726132539683,28.513506849260402],[-82.268489787682881,28.513481980310061],[-82.268332004644549,28.513546441734878],[-82.268275327243913,28.513569659179488],[-82.268130027101165,28.513692813345028],[-82.268062718896303,28.513901080034735],[-82.268075342652665,28.514072336204539],[-82.268157231873332,28.514193515222001],[-82.268319951462288,28.514341014915228],[-82.268370996215168,28.514390052393345],[-82.26845266787528,28.514524732590104],[-82.268482303925978,28.514632598508253],[-82.268491879634936,28.514713764769418],[-82.268453978424361,28.515084206710686],[-82.268478734872076,28.515336660107014],[-82.268477433384604,28.515458495932712],[-82.268472083702406,28.515512743045214],[-82.268444055632841,28.515585290369536],[-82.268384102379727,28.515653493680595],[-82.26829798189604,28.515717430899763],[-82.268127804758194,28.51579581632652],[-82.267862704461109,28.515888509547551],[-82.267318158550353,28.515970423325275],[-82.266717819240924,28.515980454210133],[-82.266680050835191,28.516021348770838],[-82.266683943518743,28.516098227515631],[-82.266750828130412,28.516237226588029],[-82.266930097517147,28.516470484351164],[-82.266939980778545,28.516492839559824],[-82.267022594223334,28.516568721720745],[-82.267184474768342,28.516648394853362],[-82.267534447540513,28.516690427888722],[-82.267819416153699,28.516796101738962],[-82.267926557815628,28.516898740145017],[-82.267935574066072,28.516934875843088],[-82.267936407801074,28.517043228152485],[-82.267911364709946,28.517088506826902],[-82.267857884705194,28.517152011239151],[-82.267788264917073,28.517184357780888],[-82.267679324922341,28.517194545193473],[-82.267477250162628,28.517187269575292],[-82.267122302851988,28.51709592113102],[-82.266660718669783,28.516910675194517],[-82.266493272028725,28.516898753436152],[-82.266368897460083,28.516954054087961],[-82.266259301970621,28.517045295066094],[-82.266207080594953,28.517190132219749],[-82.26621868837006,28.517384181087209],[-82.266252586961116,28.517465085062987],[-82.266321036768787,28.517586091137808],[-82.26633212226001,28.517613242717463],[-82.26641506246078,28.51778846498738],[-82.266424302099807,28.517810816077066],[-82.26651268306712,28.517845959744371],[-82.266562311734447,28.517863736999736],[-82.266986676837689,28.517855194126618],[-82.267148724655954,28.517885344288345],[-82.267208666668722,28.517898189548639],[-82.267316169901051,28.517937791483327],[-82.267369491584731,28.517964332901336],[-82.267471660884297,28.518017659091942],[-82.267571839179524,28.518075461161995],[-82.267703288025274,28.51817783799271],[-82.267899073663202,28.518379217986485],[-82.267960640018188,28.518450892789765],[-82.268036269397854,28.518562993880138],[-82.268229694564027,28.518831878163162],[-82.26826552675027,28.518872284033719],[-82.268415003626743,28.519168491266623],[-82.268453243891557,28.519258460092882],[-82.268467804950447,28.519307882683794],[-82.268502756875137,28.519443117947446],[-82.268556672132902,28.519753900842375],[-82.268565529819384,28.519880083870838],[-82.268525997423851,28.520191973642792],[-82.268430526550759,28.520400449389619],[-82.26829914103692,28.520613826259279],[-82.268275958971046,28.52066363740639],[-82.268158680030524,28.52107530601948],[-82.268030089081279,28.521234407214205],[-82.267992948696914,28.521316116759074],[-82.267922580061239,28.521474818750036],[-82.267818820444162,28.521561338276559],[-82.267615202987514,28.521689675234672],[-82.267412458463141,28.521763715021994],[-82.267214256037818,28.521833309633813],[-82.266838634154311,28.521954181028651],[-82.26625955872413,28.522113055602663],[-82.266148412341437,28.522140950185815],[-82.265734367026994,28.522302990311196],[-82.265242454813389,28.522533009776769],[-82.264540203705351,28.522990908150703],[-82.264449512700622,28.523059580100519],[-82.264375969666617,28.523136906421136],[-82.264363222302933,28.523213570296196],[-82.264337234461536,28.523358462954562],[-82.264304661369067,28.52339464097706],[-82.264220093402201,28.523440590581647],[-82.264193074395195,28.523449823609429],[-82.264105602688701,28.523477731842824],[-82.263897513603666,28.523524966238448],[-82.263779398721411,28.523548549277535],[-82.263674786181696,28.523567517572246],[-82.263506180600302,28.52358709177776],[-82.262957771618076,28.523587896308648],[-82.262341048051809,28.523539449600495],[-82.262200107206553,28.523549801813935],[-82.262130130755665,28.523563856462406],[-82.262004478064696,28.523578614913653],[-82.261869474741502,28.523697107986461],[-82.261842300643977,28.52375615312987],[-82.261730940818552,28.523996226089192],[-82.261635328437151,28.524132658395178],[-82.261548200185885,28.52421909057232],[-82.261524803420016,28.524241881084205],[-82.261450473623711,28.524287669394255],[-82.261409933187494,28.524301520839096],[-82.261320411372665,28.524297876140743],[-82.261237155078007,28.524262512654097],[-82.261174373790141,28.524186597065121],[-82.261131033622632,28.524056048452461],[-82.261119551251795,28.523934328520241],[-82.261149400893459,28.523748960568128],[-82.261154389247949,28.523717225345951],[-82.261176594036542,28.523649400125226],[-82.26130210858858,28.523363907790422],[-82.261287038475515,28.523345996302989],[-82.261121570621114,28.52332959214014],[-82.261120894484705,28.523171706090324],[-82.261120067324825,28.52310387009722],[-82.261153434888968,28.523058416977179],[-82.261351417116231,28.523002614070435],[-82.261510502100663,28.522937896569012],[-82.261567901320703,28.522910186867541],[-82.261600260245501,28.522887502709832],[-82.261685754392445,28.522823279505474],[-82.261731915491879,28.522777977557357],[-82.261792593700193,28.522705000594041],[-82.261824106541169,28.522655014781417],[-82.261841974775692,28.522578132818253],[-82.261848243763879,28.522546692872833],[-82.261847768191558,28.522456352556542],[-82.261835905251061,28.522397952024598],[-82.261777402507363,28.522335310098448],[-82.261570854623869,28.5222469178265],[-82.261423230031895,28.522234679191264],[-82.261334135591184,28.522244540009485],[-82.261249716690813,28.522281488375043],[-82.260604564186465,28.52244993607091],[-82.260266434669518,28.522466566638006],[-82.260188992219682,28.522467295184413],[-82.259893335639788,28.522429287535779],[-82.259471840886704,28.522257172700506],[-82.259268540983967,28.52224564622659],[-82.25916506967836,28.522273627837343],[-82.259005112986003,28.522392368720915],[-82.258689084848086,28.522666202622887],[-82.258574291043374,28.522762153024505],[-82.25848232461469,28.522830514834702],[-82.258416536094728,28.52286262099431],[-82.258260072323921,28.522922871398993],[-82.25822678659739,28.522963829065638],[-82.258233867656742,28.523040462818944],[-82.258316353150406,28.523084826032921],[-82.258630217605813,28.523104482981605],[-82.258645001202538,28.523140409779611],[-82.25864643512719,28.523329822441056],[-82.258636691180669,28.523338982674929],[-82.258067389808772,28.523565487970526],[-82.257943422112007,28.523634309035806],[-82.257643214877774,28.523799429901381],[-82.257515059396127,28.523850452493747],[-82.257463847648523,28.523891470116919],[-82.257389810790428,28.523919259239861],[-82.257300120521805,28.523965134847067],[-82.257264486061203,28.523992548877288],[-82.25719690901515,28.524056443927002],[-82.257188078043129,28.524128654764397],[-82.257225460349289,28.524191594916473],[-82.257250619173107,28.524218357827205],[-82.257407747535794,28.524316272600934],[-82.257532167267414,28.524378327648822],[-82.257564592946721,28.524391393527104],[-82.257683049732549,28.524426354124994],[-82.25792970888196,28.524527916269001],[-82.258231753711186,28.524647051483612],[-82.25833519835308,28.524700118574508],[-82.258586247645709,28.524846757857262],[-82.258626698312753,28.524877935460683],[-82.258667720922233,28.524913620992571],[-82.258759993638009,28.525025645844519],[-82.258794397518884,28.525075039771707],[-82.258922956299656,28.525358057869312],[-82.259037676752897,28.525506093923354],[-82.259112688109767,28.525577386093104],[-82.259236206117706,28.525576386153944],[-82.259345082731997,28.525530175777757],[-82.259369632349319,28.525516409620653],[-82.259420199434587,28.52547539071497],[-82.259601015799021,28.525293026518696],[-82.259721586024824,28.525156625539712],[-82.259880324482182,28.525114693075185],[-82.260048281667324,28.525135634580003],[-82.260154119656505,28.525279069381977],[-82.260160285032612,28.525373697559306],[-82.260159849681131,28.525400703841321],[-82.260126127549356,28.525468671851826],[-82.259813102559946,28.525913930443622],[-82.259716330208335,28.526122383535146],[-82.259709388077539,28.526275951929204],[-82.259726017560183,28.526316403038056],[-82.259756725002276,28.526356741503211],[-82.259827606160457,28.526405752285584],[-82.259909101556971,28.526432090200906],[-82.260062206619423,28.52642160697707],[-82.260151749218807,28.526384729851657],[-82.260260228207784,28.526284199112933],[-82.260307247494993,28.526225125298552],[-82.26038073777373,28.526111779595446],[-82.260415666460716,28.526048333583624],[-82.26043417227423,28.526011976829658],[-82.260484206807675,28.525844587539851],[-82.260505000900054,28.525744942975443],[-82.260554586902899,28.525645375832045],[-82.260599420039071,28.525563758254211],[-82.260709460643525,28.525445234960742],[-82.260823963915684,28.525408108263523],[-82.260970088417409,28.525433835082545],[-82.261059745734059,28.525469284778083],[-82.261144552959834,28.525567705914661],[-82.261202553439375,28.525661851787074],[-82.261194837947926,28.525783894637392],[-82.26116339996787,28.525829096800592],[-82.260919708066282,28.526061615371923],[-82.260787407306395,28.526171139141642],[-82.260774811991567,28.52619827614431],[-82.260782439099827,28.526401279673863],[-82.260783211457962,28.52643280529584],[-82.260884482770095,28.526901214104573],[-82.260870051886926,28.527163028923855],[-82.260817435700488,28.527371192218027],[-82.260465606045074,28.527762505898959],[-82.26039347884003,28.528070038574995],[-82.260384796750358,28.528092729389812],[-82.260337192548405,28.528188098535072],[-82.260152388662661,28.528379140133456],[-82.260126349905889,28.528406674581568],[-82.25991673409051,28.528548441090717],[-82.259873848768493,28.528589281245601],[-82.259838544686431,28.528675522903207],[-82.259880810440791,28.529072282436786],[-82.259874953785655,28.529916175502471],[-82.259885733994196,28.530001864273924],[-82.260001819700165,28.530185663084083],[-82.260122399867242,28.530288471184395],[-82.260220930677377,28.530368766362592],[-82.260324127309033,28.530485789761279]],[[-82.259568199608509,28.531460692337614],[-82.259374063918955,28.531459725910651],[-82.259214118444334,28.531497139336629],[-82.259129244261288,28.531601896772319],[-82.259094715948379,28.53171938678793],[-82.258998625209571,28.53209858802952]],[[-82.258731656342974,28.532376592705049],[-82.258677067664479,28.532382284908948],[-82.258553761128255,28.532369779456562],[-82.258489334380386,28.532356874003717],[-82.258411459345638,28.532344084340899],[-82.258351595612524,28.532326464404868],[-82.2582142825311,28.532269033995878],[-82.258142541810642,28.532233813719913],[-82.258081033097525,28.532198146252398],[-82.25794501745284,28.532100216697778],[-82.257838989311793,28.532087642588845],[-82.257814450236665,28.532101407541525],[-82.257779565525468,28.532440084660589],[-82.257746405448913,28.532512559083081],[-82.257698746390403,28.532571619654348],[-82.257629309872414,28.53263098319729],[-82.257461872146834,28.532736405086339],[-82.257137180555091,28.532870542157696],[-82.256845082569797,28.532927416580108],[-82.256291729841919,28.532914350043971],[-82.255941286372916,28.532859054544531],[-82.255686084247358,28.532771169307743],[-82.255549068839159,28.532695736539111],[-82.255452385047022,28.532579146656104],[-82.255428132981152,28.532376507197796],[-82.255439458960993,28.532308550034848],[-82.255470422511081,28.532213532463103],[-82.255499311321273,28.532168301243807],[-82.255569458255962,28.53210444827101],[-82.255772581987046,28.532048443483738],[-82.255855642842832,28.532056512840718],[-82.256146411014285,28.532121478783729],[-82.256269225170399,28.532124971107429],[-82.256329978846281,28.532088298802591],[-82.256340870599743,28.532047627537569],[-82.256297867825012,28.531975616615085],[-82.256226413382009,28.531922385749546],[-82.256007910254155,28.531820606108738],[-82.255895127920468,28.531789934016484],[-82.255855388978276,28.531754263320156],[-82.255727753072023,28.531692166874056],[-82.25565935490016,28.531647698053515],[-82.25562637954711,28.531589320541343],[-82.255553516559885,28.531504270713768],[-82.255527561704113,28.531486494588407],[-82.255518738909032,28.531477660970246],[-82.255360871512622,28.531465564122556],[-82.255326804407133,28.531474712990381],[-82.255187477386428,28.531503085623818],[-82.254977860237133,28.531405924776063],[-82.254829591075151,28.531393666721254],[-82.254739623652085,28.531417026689752],[-82.254659515822041,28.531503551328665],[-82.254634619828877,28.531539829024847],[-82.254561945778107,28.531720999439806],[-82.254542805477172,28.531757342128422],[-82.254539457226457,28.531766306900181],[-82.254497815348785,28.531888489570001],[-82.254409023261289,28.531997696372805],[-82.254379442620504,28.532006897057361],[-82.254269912218277,28.532012572166913],[-82.254176479183727,28.531972850688465],[-82.254151240168099,28.53195059281035],[-82.254075542752545,28.531842986121209],[-82.254056708765901,28.531820523141565],[-82.254014879441229,28.531635950571243],[-82.253993161322711,28.531315714963295],[-82.253971209281275,28.531248181972941],[-82.253894363999606,28.531172083652926],[-82.253638234985345,28.531061675483272],[-82.253579731211346,28.530999030108045],[-82.25354442071918,28.53092710770153],[-82.253556752094894,28.530836928510389],[-82.253594410818849,28.5307237084332],[-82.25392297270696,28.530269370283854],[-82.253945142344165,28.530124712417031],[-82.253855346597788,28.530057743851433],[-82.253769665111278,28.530013623083057],[-82.253482158886172,28.529984714522286],[-82.25329555711393,28.52996831325045],[-82.253034092131003,28.529911873299771],[-82.252946499343906,28.529867725792077],[-82.252902491518228,28.529818490865409],[-82.252892985693322,28.529773342489708],[-82.252894066942588,28.529705813342989],[-82.252931209313473,28.529664632357914],[-82.253051850531449,28.529564257981502],[-82.253107405265624,28.529532308846832],[-82.253185156871425,28.529472772372525],[-82.253204151850298,28.529445711674626],[-82.253296283171849,28.529327539090264],[-82.253311206836187,28.529155775678433],[-82.253236941890606,28.528998659426314],[-82.25320587640492,28.528782145924691],[-82.25325170594148,28.528678030700959],[-82.253336282882742,28.528632087902384],[-82.253504115863251,28.528621513302781],[-82.253548202701566,28.528625727094507],[-82.253721559988591,28.528669254765756],[-82.254040244145315,28.528828563163621],[-82.254122644792631,28.528877711471697],[-82.254362960302615,28.529015222416394],[-82.254504712357814,28.52915375411051],[-82.254630958842,28.52930165942379],[-82.25469160960597,28.529350541351761],[-82.254762047244256,28.529426841657415],[-82.254853537326312,28.529547856127731],[-82.254881116649784,28.529583669060564],[-82.255050733637262,28.52978051528266],[-82.255081947871787,28.529789343883884],[-82.2552056170898,28.529779066666535],[-82.255240471576528,28.529760648345192],[-82.255356869168125,28.529605906288733],[-82.255512601253685,28.529392559415761],[-82.25573545956226,28.529223383112868],[-82.255826518929069,28.529132213571636],[-82.255830676750065,28.529032923216366],[-82.255758608249494,28.528898354772419],[-82.255681608510244,28.528434184455307],[-82.255668768962892,28.527879348202173],[-82.255807819113102,28.527151363313902],[-82.255817929225486,28.527119689936001],[-82.255971535961706,28.526680619813501],[-82.256017635213681,28.525962735531721],[-82.256071666654719,28.525786112897574],[-82.256110240755888,28.525695412923675],[-82.256196478397015,28.525545921751355],[-82.256418277253147,28.525322702882086],[-82.25673236036846,28.525130181289356],[-82.256777887388935,28.525084597984506],[-82.256796235937315,28.52505752175416],[-82.256818731657248,28.525011933242663],[-82.256829344198948,28.524948748859821],[-82.256767643941856,28.524886069329636],[-82.256605261524228,28.524756847780569],[-82.256520865807957,28.524712456468418],[-82.256295535454228,28.524637896686947],[-82.256187594113229,28.524625294169965],[-82.256147355669157,28.524621134426511],[-82.255743593797717,28.524579815046753],[-82.25543760612598,28.524586983284099],[-82.255209049870174,28.524593708519816],[-82.255100891907048,28.52459460737176],[-82.254838701891657,28.524583746122044],[-82.254687884910382,28.52457145654262],[-82.254605470972976,28.524563110007392],[-82.254535933328341,28.524550431489889],[-82.254376162782606,28.524497500362049],[-82.25425921210271,28.524408524944494],[-82.254191691288852,28.52430975129429],[-82.254117297080484,28.52372376062522],[-82.254051094580333,28.523503429165196],[-82.253927433616525,28.523315027268787],[-82.253691710734515,28.523290136949111],[-82.253687798596204,28.523095908479853],[-82.253699750674073,28.52306876700008],[-82.253853347180936,28.523067294398889],[-82.253888191184529,28.523049157064968],[-82.253901083277782,28.523003730439715],[-82.253910321478813,28.522827678651154],[-82.253931154824016,28.522407786281246],[-82.254002745725856,28.522055212507119],[-82.254079593270902,28.521892102067191],[-82.254228938451263,28.521637875802604],[-82.254486965470576,28.521310702148011],[-82.254571138599999,28.521169915321199],[-82.254590702799703,28.52114708083856],[-82.254696768701137,28.520997279054075],[-82.254865648745124,28.520801826882941],[-82.255003991244635,28.520674101607959],[-82.255114809517934,28.52058739177275],[-82.255355573912752,28.520418160674652],[-82.255505273297388,28.520340104948591],[-82.255771838689171,28.52019764869058],[-82.255815938021115,28.520161049441167],[-82.255857624502696,28.520115700139868],[-82.25590244670525,28.520034084060509],[-82.255950511961103,28.519830366934805],[-82.255955662015666,28.519749100782018],[-82.255952361436684,28.51959568886268],[-82.25591906742406,28.519199042313893],[-82.255891972251732,28.519014090301599],[-82.255929119452205,28.518693451184024],[-82.25594952367382,28.518499253560609],[-82.255942769919912,28.518282760433131],[-82.255876729648392,28.517773416213771],[-82.255883223513891,28.517687658325226],[-82.255894044172749,28.517651492575485],[-82.255941459093506,28.517488579003793],[-82.256029678232409,28.517334332286616],[-82.256099035022501,28.517238950575322],[-82.256118032540627,28.517211609701764],[-82.256413892061246,28.516798224546623],[-82.256641987001402,28.516421434258007],[-82.256670261319343,28.516254337179433],[-82.256625080183824,28.516159788709757],[-82.256507067215892,28.516057288178512],[-82.256369640727584,28.516008863125293],[-82.256137922119791,28.515974741979857],[-82.256099595412806,28.515970611082842],[-82.255940456301317,28.515958779757252],[-82.255574036024555,28.516025136978982],[-82.255083093098023,28.516115550848085],[-82.255026706580168,28.516120483354367],[-82.253979556686744,28.516261096001589],[-82.25363823630164,28.516318479569687],[-82.253136583239012,28.516318413464479],[-82.252916511371453,28.516315957418907],[-82.252226107559508,28.516236707039358],[-82.251984857945416,28.516198245374838],[-82.25195669856987,28.516198460016572],[-82.251456624317058,28.516180684304686],[-82.251386791299069,28.516185722298758],[-82.251359768906596,28.516194950982467],[-82.251178509084184,28.516246162406247],[-82.251081643977258,28.51630123311671],[-82.250735841055686,28.516516704680814],[-82.250424896319515,28.516713478523588],[-82.249932312379158,28.51698424281313],[-82.249810195569978,28.517057580191921]]]},"properties":{"OBJECTID_1":75,"OBJECTID":77700,"QUADNUMBER":0,"ELEVATION":110,"ORGCONT":0,"DEPRESSION":0,"HILLTOP":0,"INTERVAL":0,"UNIT":" ","DATESTAMP":1078790400000,"ShapeSTLen":30232.963152492452,"Shape_Length":29135.32507296421}},{"type":"Feature","id":76,"geometry":{"type":"LineString","coordinates":[[-82.228301937585655,28.512705130745442],[-82.228229258989359,28.512728414354136],[-82.228169082221925,28.512769592191496],[-82.228147934341621,28.512810406704663],[-82.228149924156568,28.512923279237807],[-82.228182739585264,28.512990673902966],[-82.228242305471099,28.513026325877764],[-82.228320372734771,28.513025619932453],[-82.228401821519014,28.512975153578935],[-82.228411562548715,28.512848636749897],[-82.228360075116896,28.512749767965488],[-82.228301937585655,28.512705130745442]]},"properties":{"OBJECTID_1":76,"OBJECTID":77916,"QUADNUMBER":0,"ELEVATION":70,"ORGCONT":0,"DEPRESSION":1,"HILLTOP":0,"INTERVAL":0,"UNIT":" ","DATESTAMP":1078790400000,"ShapeSTLen":323.85867963446913,"Shape_Length":323.85867963286989}},{"type":"Feature","id":77,"geometry":{"type":"LineString","coordinates":[[-82.249809903369567,28.529170079583764],[-82.249927058320196,28.529107628296014],[-82.250096775484721,28.529120424323999],[-82.250235631088245,28.529164861852014],[-82.250276376142537,28.529272114659168],[-82.250280292115036,28.529405601576055],[-82.250330594302937,28.529673101712433],[-82.250417131864992,28.529951732245948],[-82.250659961026557,28.530323047708123],[-82.250711125357455,28.530537184882931],[-82.250707849281895,28.530739971741244],[-82.250661420798764,28.530984913765202],[-82.250560900286658,28.531197162468523],[-82.250168979175584,28.531603257858428],[-82.250008555184124,28.531766715578144],[-82.2499622966765,28.532000987674376],[-82.249965427583092,28.532182506104881],[-82.24992089413422,28.53231004813739],[-82.2498101065529,28.532369524388926]]},"properties":{"OBJECTID_1":77,"OBJECTID":78237,"QUADNUMBER":0,"ELEVATION":85,"ORGCONT":0,"DEPRESSION":1,"HILLTOP":0,"INTERVAL":0,"UNIT":" ","DATESTAMP":1078790400000,"ShapeSTLen":1437.8278414319941,"Shape_Length":1437.8278414289593}},{"type":"Feature","id":78,"geometry":{"type":"LineString","coordinates":[[-82.244859307864544,28.520515087603012],[-82.24496539325294,28.520523166393495],[-82.245039415457811,28.520535918445468],[-82.245101621219376,28.520566810931712],[-82.245162173258478,28.520660995288477],[-82.245198463387766,28.520750946273804],[-82.245210461270176,28.520800618752457],[-82.245210228693537,28.520854647283659],[-82.245084117511908,28.52093721503071],[-82.244952465281159,28.521005922653607],[-82.244852192287937,28.521033934535613],[-82.244696815283106,28.521026359526331],[-82.244627921053691,28.521013399540156],[-82.244522621553216,28.520996322660572],[-82.244429984160931,28.520947604630464],[-82.244374543570061,28.520894002900032],[-82.244344201339246,28.520831148446511],[-82.244363863094719,28.520763287160388],[-82.244445524134633,28.520699306325096],[-82.244571700376781,28.520612517863764],[-82.24470967960147,28.520547830904185],[-82.244815640113387,28.520524396418462],[-82.244859307864544,28.520515087603012]]},"properties":{"OBJECTID_1":78,"OBJECTID":78694,"QUADNUMBER":0,"ELEVATION":75,"ORGCONT":0,"DEPRESSION":1,"HILLTOP":0,"INTERVAL":0,"UNIT":" ","DATESTAMP":1078790400000,"ShapeSTLen":731.21205823216815,"Shape_Length":731.21205822860372}},{"type":"Feature","id":79,"geometry":{"type":"LineString","coordinates":[[-82.230756291321228,28.521221178801916],[-82.230908933293691,28.521278263729652],[-82.230972898673613,28.521318470142052],[-82.230995577104011,28.521340709676334],[-82.231062946485181,28.521407970797654],[-82.231294017032397,28.521599718357113],[-82.231346055163954,28.521626547722693],[-82.231482994602288,28.521665704702123],[-82.2316819321683,28.521709019429689],[-82.232002028761784,28.521778346569086],[-82.232638898999966,28.522002789658437],[-82.232753627438228,28.522069523064697],[-82.232830186334937,28.522122834386039],[-82.232987243268113,28.522302109061091],[-82.233282311430543,28.522768754916228],[-82.233294180849313,28.522786633521076],[-82.233341936265049,28.522840426228708],[-82.233429270036595,28.522938895679133],[-82.233665814987233,28.52303136867793],[-82.233969372537629,28.523055734811141],[-82.233980797046001,28.523100631337936],[-82.233981475089905,28.523294816471239],[-82.233976626697768,28.52331727074024],[-82.233836592718063,28.523350403346843],[-82.233825963540184,28.523413586035765],[-82.233881948062873,28.523512222832153],[-82.233898003546599,28.52354816189818],[-82.233919148801178,28.523624695171861],[-82.23402284921066,28.524251029708893],[-82.234154146788839,28.524480068526895],[-82.234262347384004,28.524673078372313],[-82.23430298509129,28.524731563475896],[-82.234368223974954,28.524812028839253],[-82.23468164446966,28.525016909151862],[-82.234844962788188,28.525204977673987],[-82.234954346236677,28.525443032822633],[-82.234951060350809,28.525605656984744],[-82.234897989359538,28.525800003562448],[-82.234839331590322,28.525904520189982],[-82.234765543426562,28.525995327396817],[-82.234660759608602,28.526064088700839],[-82.234615518253918,28.526091378954696],[-82.234417075611134,28.526174429857377],[-82.234267861960291,28.526220956962746],[-82.234119061168116,28.526280992246239],[-82.233982914375176,28.526349911747687],[-82.233579053685872,28.526511425947536],[-82.233385033943009,28.526558504656293],[-82.233271631175427,28.526527810257758],[-82.233240419684563,28.52651897752612],[-82.233186598992262,28.526483400102993],[-82.233073583886608,28.526389669540752],[-82.232877357905252,28.526179515318791],[-82.232723735403155,28.525946248168783],[-82.232546476112248,28.525514571459819],[-82.232527912730106,28.52539726457503],[-82.232506135614727,28.525162851912981],[-82.2325076089394,28.525072530642554],[-82.232515129215543,28.524964282895407],[-82.232587191790557,28.524783111465005],[-82.232714053224299,28.524655541274349],[-82.232937801709468,28.524590537933953],[-82.233308713848942,28.524605069917104],[-82.233324707360225,28.524604987405883],[-82.233485515450639,28.524553823187595],[-82.233537158993386,28.524526332806612],[-82.233651787196877,28.524403392868276],[-82.233696154354078,28.524272247746641],[-82.233698365572238,28.524136629101914],[-82.23368231106916,28.524100681892651],[-82.233582245330851,28.523997833765058],[-82.233396486499942,28.523891370016539],[-82.233322391889516,28.523882836550847],[-82.232881579583363,28.523877838636277],[-82.232729851749028,28.523843285139346],[-82.232596554285621,28.523776597066984],[-82.232486541337607,28.523655887823697],[-82.232431646490568,28.523647314696628],[-82.232404058923237,28.523652032449043],[-82.232321600902424,28.523725011055028],[-82.232258828975915,28.523806955980021],[-82.232159371189795,28.523902505116379],[-82.232084463149718,28.52394377297772],[-82.231800606264144,28.524045726693892],[-82.231635192767328,28.524065313675351],[-82.231066408286637,28.5241380532824],[-82.23082456607878,28.524135849401357],[-82.230686204086595,28.524105398253766],[-82.230544317586308,28.524016365261598],[-82.230443045659968,28.523908995185987],[-82.230390270676466,28.523810112400621],[-82.2303785588811,28.523625357443979],[-82.230296907064826,28.523531177896963],[-82.230227591818078,28.523504971165117],[-82.229973367529524,28.523516117141472],[-82.229886320434218,28.523516988149812],[-82.229665014409179,28.52343314084197],[-82.22957303867868,28.523343900618237],[-82.229399828309241,28.523331858099386],[-82.229390372858632,28.523323015708492],[-82.229399378717076,28.52312416797384],[-82.229533578544476,28.523096030757312],[-82.229566876493422,28.523055087271775],[-82.229571310745186,28.523018836041583],[-82.229559489499493,28.522919628340524],[-82.229468431490915,28.522852903696133],[-82.229415458121309,28.522844357683301],[-82.229147949528922,28.522846607531971],[-82.228667877615479,28.522855463562738],[-82.228436093925367,28.522785554209381],[-82.22840389899207,28.522758688569198],[-82.228344289805264,28.522687023169656],[-82.228330521389935,28.522628590352106],[-82.228326455008542,28.522524698942295],[-82.228351909129529,28.522416109916744],[-82.228440717790122,28.522307200514579],[-82.228565778539092,28.52221112914485],[-82.22878534052785,28.52212806743173],[-82.22942453528681,28.522014003725307],[-82.229585198449072,28.521971856115147],[-82.229748466228628,28.521848407695312],[-82.229810790363345,28.521793754396874],[-82.229876823688713,28.521707341137851],[-82.229995215615887,28.521588957429429],[-82.230006882669841,28.521579814931037],[-82.230040753714405,28.521543381194654],[-82.230389184348113,28.521287747286788],[-82.230454343351582,28.52125536065931],[-82.230505764125027,28.521241373645029],[-82.230592458551754,28.521222493766622],[-82.230756291321228,28.521221178801916]]},"properties":{"OBJECTID_1":79,"OBJECTID":79340,"QUADNUMBER":0,"ELEVATION":85,"ORGCONT":0,"DEPRESSION":0,"HILLTOP":0,"INTERVAL":0,"UNIT":" ","DATESTAMP":1078790400000,"ShapeSTLen":7554.8552480687431,"Shape_Length":7554.855248073949}},{"type":"Feature","id":80,"geometry":{"type":"LineString","coordinates":[[-82.241228113099382,28.519244003816787],[-82.241368038684342,28.519414324492203],[-82.241375062429569,28.519454656928918],[-82.241396730929978,28.519657551245992],[-82.241430083437848,28.519968659710472],[-82.24145849334468,28.520031769118326],[-82.241520549712817,28.520071662640884],[-82.241622952187086,28.520070699132418],[-82.241831834852107,28.519973977412253],[-82.241882832353198,28.519946470571082],[-82.241965899158203,28.519914310939889],[-82.242023151863521,28.519895611559331],[-82.24207208663708,28.519877085788401],[-82.242143686128941,28.519881078324428],[-82.242210808611063,28.519885015639641],[-82.242378039081018,28.519910471343429],[-82.242461148000174,28.519954856667532],[-82.24253882339255,28.520057983706931],[-82.242520777001843,28.520184397964975],[-82.24242607601407,28.520302530104612],[-82.242371858459791,28.520370797466544],[-82.242268755137587,28.52053412688106],[-82.242264121551671,28.520543357145801],[-82.242205508396438,28.520607071808243],[-82.242160764939044,28.520643374543766],[-82.242031247941497,28.520698873278008],[-82.241878290080678,28.520700336776649],[-82.241714278757698,28.520634116555883],[-82.24165335653835,28.520602959453214],[-82.241486740594766,28.520618038879427],[-82.241338704342525,28.52075013234219],[-82.241247488443861,28.520850299828862],[-82.241219605468501,28.520873309596116],[-82.2411996789304,28.520918646480418],[-82.241026678525103,28.521208869063909],[-82.240994088524829,28.52124533032293],[-82.240735961553398,28.521419099321367],[-82.240565816988649,28.521533471987251],[-82.240436365513744,28.521584476292865],[-82.240277393070215,28.521680695229964],[-82.240248873515284,28.521703409050183],[-82.240207250224302,28.521744259776472],[-82.240123852386816,28.521876033676548],[-82.240039439723503,28.522030318398819],[-82.239885692906938,28.52219864874365],[-82.239819775653245,28.522199232534476],[-82.239790956392568,28.522239955856818],[-82.239450734643157,28.522306319981116],[-82.239432742594829,28.522311159403444],[-82.239246948157415,28.522443624814823],[-82.239207615104434,28.522461981068151],[-82.239122489805993,28.522462881677423],[-82.239078971034942,28.522463181147735],[-82.238903416500293,28.522437615129697],[-82.238750456057744,28.522439074219466],[-82.238681122442301,28.522453396303053],[-82.238530259319646,28.522522417506774],[-82.238445566294416,28.522536557091772],[-82.238328078723484,28.522560408383811],[-82.238170844699582,28.522588820247755],[-82.238090313323781,28.522661821527713],[-82.238066515004206,28.522747644083221],[-82.238084693263175,28.522810620510512],[-82.238133659696928,28.522868930166595],[-82.238194661355692,28.522895304445605],[-82.238394312044647,28.522934118881679],[-82.238396085560368,28.522943145569858],[-82.238434813236026,28.523001602117372],[-82.238359700635897,28.523056383750323],[-82.238191282454565,28.523102948853982],[-82.238113331428721,28.523135457248401],[-82.238101844247211,28.523212140898437],[-82.238097052746653,28.523270893978591],[-82.238114439110291,28.523342876318576],[-82.238281975873946,28.523350330134548],[-82.238423336223079,28.52335379799322],[-82.238457532802229,28.523375897844613],[-82.238441656999711,28.523407774995885],[-82.238282700639104,28.523463187373228],[-82.238257448752009,28.523481441952967],[-82.238196829918252,28.523549631333601],[-82.238149296538339,28.523599966444095],[-82.238149483067687,28.523667509594507],[-82.238149166719751,28.523726323406077],[-82.238167117082796,28.523802812877339],[-82.238181603311759,28.523856752419025],[-82.238242414262331,28.52397345657711],[-82.238293715683412,28.524045301803444],[-82.238412479259694,28.524179616409494],[-82.238411897213197,28.52421563375767],[-82.238484692064048,28.52426467403949],[-82.238596045795205,28.524421694640711],[-82.238613926031348,28.524502688688482],[-82.238616940617206,28.524592780150577],[-82.238558834026705,28.524742329100491],[-82.238527954257066,28.524792312952478],[-82.238347751818168,28.525091734175451],[-82.238334367022333,28.52512786692224],[-82.238256692256769,28.525300238863899],[-82.238236474127916,28.525363592988274],[-82.238228622703588,28.525413303576695],[-82.238213937961945,28.525490226526674],[-82.23818641228317,28.525806194958268],[-82.238165386559146,28.52603669059793],[-82.238146660646194,28.526086265940211],[-82.238132637714159,28.526122677704514],[-82.238014769059021,28.526326633539302],[-82.237960365318827,28.526485229874016],[-82.237862475859629,28.526720674996042],[-82.237745177991712,28.526771544460416],[-82.237569958417296,28.526763990651496],[-82.237437020553045,28.526832954913278],[-82.23739451657822,28.526928100572189],[-82.237325317136452,28.527091299207683],[-82.237278845413925,28.527154880412418],[-82.237275314980849,28.527254174620943],[-82.237353356582815,28.527334522297767],[-82.23741443290659,28.527356674683862],[-82.237559058400564,28.527395916704524],[-82.23759253424879,28.527422795045549],[-82.237617399281461,28.527467568462484],[-82.237716872166104,28.527647243170531],[-82.237787028725677,28.527700750519486],[-82.237862686417614,28.52773153159394],[-82.237901994107631,28.527753691194103],[-82.237963659144512,28.527739834111973],[-82.238151767491217,28.527701954158683],[-82.238221185412868,28.527683126771297],[-82.238470706632398,28.527568070947559],[-82.238539849956368,28.527526726693395],[-82.238698903289148,28.527426004263877],[-82.238733121930849,28.527407857472571],[-82.238900738377808,28.527252931967713],[-82.238949325870053,28.527216396171301],[-82.238949268528145,28.527180096624875],[-82.238959971693916,28.527112408028497],[-82.238971505153984,28.527071743287138],[-82.238978918138642,28.526891165934305],[-82.238951332616608,28.526738011135301],[-82.23893623351708,28.526643265902067],[-82.238965964362194,28.526625069194449],[-82.238967334510974,28.526579777041871],[-82.238995224190788,28.526557048366143],[-82.239361740156838,28.526409126343051],[-82.239645261362924,28.526406773056326],[-82.239823825087328,28.526405080049347],[-82.240070776021298,28.526447854585967],[-82.24056289298548,28.526723068152776],[-82.240726218172099,28.526753263745114],[-82.240770232239029,28.526761979121115],[-82.240923914078962,28.526756023662664],[-82.24115397082619,28.526735835090218],[-82.24129010417964,28.526666900325797],[-82.241434128586747,28.526625086803335],[-82.241521592040471,28.526637725717496],[-82.241654426434209,28.526654591680657],[-82.241733642959105,28.526662902128415],[-82.241870569343874,28.526742850948732],[-82.241899278836883,28.526787679898618],[-82.241971599046991,28.526945053188069],[-82.24198694161116,28.526985483520679],[-82.242032274079193,28.527070763048286],[-82.242060758778791,28.527287251376169],[-82.242070093977375,28.527381924398572],[-82.242202437982684,28.527547647375137],[-82.242412456824582,28.527974379139735],[-82.242451184862233,28.528032554753359],[-82.242458573564036,28.528050655290563],[-82.242598515946042,28.528220985218049],[-82.242615491075441,28.528279449579308],[-82.242613624030554,28.528315444849472],[-82.242598573498256,28.52857275085373],[-82.242594127975451,28.528649526907234],[-82.242581441176924,28.528879845780352],[-82.242536893810751,28.528943458707445],[-82.24252636545414,28.528961613786432],[-82.242328267395678,28.529062696373074],[-82.242253935054094,28.529108476007945],[-82.242243547497338,28.529117634409918],[-82.242160104724633,28.529172587261694],[-82.242134355445756,28.52918183800919],[-82.242009328720613,28.529196591316797],[-82.241697051833114,28.529235448354367],[-82.241629131685031,28.529240512248172],[-82.24155282241037,28.529250243529692],[-82.241383911452431,28.529287808936218],[-82.241173173604793,28.529339471783146],[-82.241070335248139,28.529367452045332],[-82.240919269622509,28.529409456335006],[-82.240756677876803,28.529451602703258],[-82.240316335745973,28.529455641732692],[-82.240132084821226,28.529452766048752],[-82.240097374949684,28.529462181138395],[-82.239839556506155,28.52953661104582],[-82.239771044876719,28.529577967470583],[-82.239725094849049,28.529610033179477],[-82.239637157333306,28.529705457285786],[-82.239595876528426,28.529764596866997],[-82.239594159736498,28.529791592716339],[-82.239590676730472,28.529927193704754],[-82.239583697689042,28.529963125757913],[-82.239637952653752,28.529971690783189],[-82.239719123258695,28.530056855481686],[-82.239732355165557,28.530345475007103],[-82.239754369504425,28.530408506622521],[-82.239757674541551,28.530480591122537],[-82.239720686590061,28.530512488511484],[-82.239675092911739,28.530522049931861],[-82.239586202025748,28.530518399745908],[-82.239488220578068,28.530483112087317],[-82.239326116505168,28.530416919160729],[-82.239257716787094,28.530372442943914],[-82.23923848723895,28.530295928881237],[-82.239242834641104,28.530264184764569],[-82.239344606250313,28.530105336712094],[-82.239386891950076,28.530023694503132],[-82.239399779469636,28.529978549907987],[-82.239401469829431,28.529874723736896],[-82.239345457982623,28.529816613814813],[-82.239225156176957,28.529776826479331],[-82.239117918280343,28.529760007853366],[-82.239026884175431,28.529769834923226],[-82.238876169414709,28.52982985710765],[-82.238640793415726,28.529940310297373],[-82.238578565921301,28.529949938470502],[-82.238547695980742,28.52995911812636],[-82.238478924454782,28.52997796078774],[-82.23828115196045,28.529979691162922],[-82.23824915617962,28.529979857372552],[-82.238037891483913,28.52994568048404],[-82.238028426554678,28.529936841432079],[-82.23793769097071,28.529928660905838],[-82.237812662750926,28.529943410357884],[-82.237625481001018,28.529963014786585],[-82.237410502090839,28.529960585296354],[-82.237363929454375,28.52995184082674],[-82.237272207415529,28.529925644407129],[-82.237184855069316,28.52982716947864],[-82.237187584102074,28.529777396638426],[-82.23722287578623,28.529731964976165],[-82.237221200687131,28.529677918186906],[-82.237318032126652,28.529586827607449],[-82.237329628798577,28.529582191838799],[-82.237402535936042,28.529545399349722],[-82.237652766524164,28.52942584108375],[-82.237715611238031,28.5293393917981],[-82.237742582895152,28.529294145102988],[-82.237746244971859,28.529226366977021],[-82.23772437125497,28.529154326637084],[-82.237659827140519,28.529109895189656],[-82.237642617161768,28.529105458678419],[-82.237518970895195,28.529074922930768],[-82.237442168086545,28.529075642826474],[-82.237353124971818,28.529081002282254],[-82.237223397101801,28.529109197162224],[-82.236947213519457,28.529210974940757],[-82.236925309718629,28.529220271233299],[-82.236854110911821,28.529230062248697],[-82.23678747692486,28.529235137722143],[-82.236492577287208,28.529228896489368],[-82.236448340304577,28.529233684655811],[-82.236245627875178,28.529303176138729],[-82.236210557150784,28.529335102632505],[-82.236085539529199,28.529467199879878],[-82.23606474218866,28.529526036603251],[-82.236047525322846,28.529679472830846],[-82.236109580228202,28.529877531333135],[-82.236028709442522,28.530049866859891],[-82.235798644461013,28.530070046790961],[-82.235400602797654,28.529951627302331],[-82.235134558422587,28.529823329411702],[-82.234975339056277,28.529540469005195],[-82.234692804235053,28.52940295330588],[-82.234374357137412,28.529387969217787],[-82.234105088735234,28.529458033431808],[-82.233953164912236,28.529355649519371],[-82.2339605933564,28.529292421854937],[-82.23399138592562,28.529170395768887],[-82.23399758806913,28.529143172984941],[-82.233998690959893,28.529075364165475],[-82.233997791543359,28.52901232138592],[-82.233988070273867,28.528980676554312],[-82.233914215085377,28.528918395579105],[-82.233853209351409,28.528891736081132],[-82.233690351291742,28.528911357275291],[-82.2336678025205,28.52892064242295],[-82.233526039032455,28.528980487181837],[-82.233452550219042,28.529053285881616],[-82.233420083905969,28.529121262292019],[-82.23341095682855,28.529170957632573],[-82.233405914324507,28.52928403046732],[-82.233398132174869,28.52932923792444],[-82.233344476493485,28.52940172817036],[-82.233314815329592,28.529415706856938],[-82.233041129314429,28.529481208868333],[-82.232999901036493,28.529459017773149],[-82.232944705158687,28.529468735977751],[-82.232886414852757,28.529433109273828],[-82.232707175398389,28.529357957626164],[-82.232687782680358,28.529330984481799],[-82.23267593192341,28.529272579569938],[-82.232684982375773,28.52922737810114],[-82.23275521512349,28.529159040285954],[-82.232918689556328,28.529062599582563],[-82.232966492559385,28.529035062773847],[-82.23297633947989,28.528980875241871],[-82.232975466377823,28.528877017411983],[-82.232973914873611,28.528854486643933],[-82.232834255815575,28.528706952208385],[-82.232813008987279,28.528675447056873],[-82.232775385567294,28.52854945985862],[-82.232770163403558,28.52847734865583],[-82.232780887254904,28.528368856336517],[-82.232876507371373,28.528155907987024],[-82.232895602878813,28.528083540335395],[-82.232925751600959,28.527961504741288],[-82.232945560544167,28.527884642164853],[-82.232953979333715,28.527839439046023],[-82.232963513711397,28.527685903533584],[-82.232981042477718,28.527631525956554],[-82.233003165930626,28.527608737112057],[-82.233331215831825,28.52746597211112],[-82.233368853461911,28.527434077132739],[-82.23352450992158,28.527306306062663],[-82.233549132083198,28.527288039913238],[-82.233639925383613,28.527174370213991],[-82.233679835070859,28.527160514591589],[-82.233784868652123,28.527155085814606],[-82.233841039948075,28.527163391797231],[-82.233955461579484,28.527171585717173],[-82.234008506209847,28.527175633421095],[-82.23420119551362,28.527092510021575],[-82.234380608262796,28.526959974121905],[-82.234515302543429,28.526940844686404],[-82.234559396528667,28.526944774982308],[-82.23469147320256,28.52704746596692],[-82.234696000684139,28.527083545747221],[-82.234729703656072,28.527096633822108],[-82.234884037476121,28.527325398302271],[-82.235013727336437,28.527495880173202],[-82.235024470034958,28.527504745202449],[-82.235049555398774,28.527536017782968],[-82.235160870866949,28.527616215299663],[-82.235281714171364,28.527701030679957],[-82.235333617332486,28.527736588926771],[-82.235428958487176,28.527776333666143],[-82.235650727253926,28.527832884575474],[-82.235694822276258,28.527837096031302],[-82.235838750493727,28.527840316658381],[-82.23587473639509,28.527830916681904],[-82.236018119828259,28.527789099178037],[-82.236029151517386,28.527779954566963],[-82.236113109573509,28.527693485555851],[-82.236250304370429,28.52752073345404],[-82.236270727407401,28.527484409112368],[-82.236302334625307,28.527429924511306],[-82.236322125152483,28.527393588628978],[-82.236361077309212,28.527280389896912],[-82.236373969874307,28.527235241948453],[-82.236373860624198,28.527162913540963],[-82.236367787832975,28.526946431894661],[-82.236341443972194,28.526874621959859],[-82.236336462258407,28.526865551202015],[-82.23629982264147,28.526757586747571],[-82.2361982683056,28.526627696219418],[-82.236134146172759,28.526596502537274],[-82.235844996469297,28.526472974407955],[-82.235838757805126,28.526423374145331],[-82.235775076418506,28.526365160519827],[-82.235781146922832,28.526189063983441],[-82.235820321534746,28.526062361360982],[-82.235880348484756,28.525754958896975],[-82.235931894228187,28.525497264338025],[-82.235934351909364,28.525424975667399],[-82.235876741719792,28.525150429803769],[-82.235859363101426,28.525078169254723],[-82.235798989529883,28.524934446975923],[-82.235700237900303,28.524750285747739],[-82.235684444749026,28.524619506038558],[-82.235683899132397,28.524574475295154],[-82.235683310559736,28.524493134131482],[-82.235742248120928,28.52437089993273],[-82.235756055066474,28.524348273050663],[-82.23595629824402,28.524075570517109],[-82.235967470924379,28.524057418421815],[-82.236006972715515,28.52398952840149],[-82.236022065281972,28.523966638479461],[-82.236049822393824,28.523912397016936],[-82.236056560429063,28.523812855384332],[-82.23606788238439,28.523627829933023],[-82.236044230868899,28.523587286106125],[-82.235996194351173,28.52351125918063],[-82.235898809623848,28.523439959614688],[-82.235889742945034,28.523367803727123],[-82.236044080265714,28.523321064714597],[-82.236059330715051,28.52324892974945],[-82.236066828197579,28.523181205397854],[-82.236067910688504,28.523153922816565],[-82.236074159236452,28.523045649094481],[-82.236207789652951,28.523012717518561],[-82.236248551113192,28.522985368648236],[-82.236261088390094,28.522922212231204],[-82.236284199365869,28.522800086094716],[-82.236340264055713,28.522736345033774],[-82.236360543778588,28.522709020930176],[-82.236393206508353,28.522668063350444],[-82.2364909952273,28.522635799332669],[-82.236541060913055,28.522626300677668],[-82.236673765358276,28.52261136579234],[-82.236839740473584,28.522596287960102],[-82.23686747806795,28.522582569925156],[-82.236944019765957,28.522518804642292],[-82.236887671502089,28.522442673406683],[-82.236793911102694,28.522384653427206],[-82.236678440106289,28.522363211809374],[-82.236538077744996,28.522337530886873],[-82.236462090239456,28.522288448173516],[-82.236435647709584,28.522261667372174],[-82.236313823442359,28.522158820296461],[-82.236245164565887,28.522091825725543],[-82.236222417268024,28.522074089914387],[-82.236047594397732,28.522003505267353],[-82.235997553543569,28.52197219949371],[-82.235955932188929,28.522013329550273],[-82.235706346453611,28.522132883636893],[-82.23559712368629,28.522120259737711],[-82.235529825375721,28.52204877596624],[-82.235514131276432,28.521990324666856],[-82.235524481543479,28.521786985922223],[-82.235532404682488,28.521732770810598],[-82.23556600980497,28.52151594584036],[-82.235607350162709,28.521452299178787],[-82.235750777117516,28.521329153190774],[-82.235829909334655,28.521341969972628],[-82.235860869268095,28.521287481141229],[-82.23593916584062,28.521273265845849],[-82.235962778882566,28.521277510090915],[-82.236117915679714,28.521298880688139],[-82.236391696650443,28.521422769901307],[-82.236462026385411,28.521426462642655],[-82.236607080701916,28.521438707630928],[-82.236703714622891,28.521437945559249],[-82.236821306760689,28.521486424146865],[-82.236961862963909,28.521539415832088],[-82.23701155544407,28.521552420425323],[-82.237056732162003,28.521529346153834],[-82.237177925570506,28.521474025497781],[-82.237225946171691,28.521432983151239],[-82.23779485955788,28.520759942769011],[-82.237771465870324,28.520624847067559],[-82.237738299146827,28.520539442758224],[-82.237726499859065,28.52051706710904],[-82.2376136386317,28.520414340838364],[-82.237594033502432,28.5203603388719],[-82.237535154111796,28.520360722455678],[-82.237462342478864,28.520352496692425],[-82.237427934577852,28.520343620866157],[-82.237255214975761,28.520340880773016],[-82.237147754731041,28.520377807515139],[-82.237035567570302,28.520469263234016],[-82.236967273693153,28.520537351786455],[-82.23688823924094,28.520596862355177],[-82.236828718099105,28.52059724043588],[-82.236734716558047,28.520593802084882],[-82.236626496854001,28.520441317708926],[-82.236588391452756,28.520423677279499],[-82.236426074178695,28.520370973914826],[-82.23638258615874,28.520172594205718],[-82.236198263026239,28.520057148831416],[-82.236030421619347,28.520108226514129],[-82.235948373156205,28.520235237469613],[-82.23592945965639,28.520375420426337],[-82.235908787277012,28.520465784145252],[-82.235850848777218,28.520565797305686],[-82.235799930306044,28.520588799030421],[-82.235686134598382,28.520621412460716],[-82.235582905585943,28.520595066953177],[-82.235529315631752,28.520545997196233],[-82.23551084926882,28.520501011025736],[-82.235477102390917,28.520451623511541],[-82.235450722922536,28.52030298740814],[-82.235442535999155,28.520176806304637],[-82.235501702368197,28.520040777537812],[-82.235620782289971,28.519958421237007],[-82.235669292791727,28.519926380414759],[-82.235729986001914,28.519853695593881],[-82.235763141183,28.51982175266447],[-82.235781826993332,28.519695352591349],[-82.235774188406154,28.519614202269391],[-82.235820860904141,28.519577637497243],[-82.235831386430618,28.519559483819211],[-82.235864392938268,28.519536537541082],[-82.235889370450863,28.519495766658956],[-82.235877944531708,28.51945087839421],[-82.235866947528407,28.519419219623732],[-82.235842498342123,28.519387962287819],[-82.235891644012028,28.519355934719886],[-82.235907545844142,28.519352658654096]]},"properties":{"OBJECTID_1":80,"OBJECTID":80008,"QUADNUMBER":0,"ELEVATION":75,"ORGCONT":0,"DEPRESSION":1,"HILLTOP":0,"INTERVAL":0,"UNIT":" ","DATESTAMP":1078790400000,"ShapeSTLen":20142.823318439321,"Shape_Length":20142.823318424005}},{"type":"Feature","id":81,"geometry":{"type":"LineString","coordinates":[[-82.234457811736121,28.530000822426736],[-82.234520166251016,28.530023000965787],[-82.234563322530462,28.530044929292412],[-82.234562733643102,28.530081224533511],[-82.234549982494215,28.530117369329947],[-82.234499280602947,28.530126857526287],[-82.234449353732401,28.530127356081902],[-82.234369006603927,28.530110024385611],[-82.234338084143715,28.530083176949805],[-82.234338819340451,28.530038160267548],[-82.234377018286708,28.530010780300668],[-82.234457811736121,28.530000822426736]]},"properties":{"OBJECTID_1":81,"OBJECTID":80663,"QUADNUMBER":0,"ELEVATION":90,"ORGCONT":0,"DEPRESSION":0,"HILLTOP":0,"INTERVAL":0,"UNIT":" ","DATESTAMP":1078790400000,"ShapeSTLen":196.05166335286006,"Shape_Length":196.05166335389112}},{"type":"Feature","id":82,"geometry":{"type":"LineString","coordinates":[[-82.266474180271103,28.510847204072423],[-82.266381740101806,28.510866035957861],[-82.26613328452413,28.510958648977219],[-82.26590885755256,28.511109804944205],[-82.265632409991639,28.51139202464282],[-82.265492526120042,28.511497235768289],[-82.26545362784141,28.511529114142597],[-82.265403209626655,28.511561138627162],[-82.265307137716576,28.51160722149579],[-82.26515786144283,28.511739615825622],[-82.265028484415836,28.511907700586892],[-82.264982888084802,28.511998314946325],[-82.264967372455246,28.512048218020254],[-82.264946875538158,28.512129574953477],[-82.264884367751691,28.512477760713722],[-82.264847736955417,28.51252767695609],[-82.264753286363018,28.512632323217886],[-82.264584331636982,28.512674419308652],[-82.264423928091375,28.51266230258145],[-82.264239934095457,28.512564899122847],[-82.264129835222008,28.512407913181956],[-82.263758335197252,28.511793202165215],[-82.263548300226063,28.51152438394503],[-82.263528753714127,28.511506404650863],[-82.263492425045058,28.511457276324876],[-82.263292607431424,28.511269626729231],[-82.263100725859346,28.51118563414985],[-82.263053088997054,28.51116337699094],[-82.262943883629831,28.511150763254754],[-82.262899163899462,28.511146837031561],[-82.262695511975437,28.511198343525695],[-82.262549800921065,28.511267449991799],[-82.262526547333465,28.511281233180775],[-82.262463828771999,28.511322392262141],[-82.26223025925492,28.511563764051715],[-82.262129122137281,28.511686339359084],[-82.262122578214885,28.511695544211051],[-82.262069587245179,28.511768338747714],[-82.262001011966348,28.511895248303436],[-82.261978847742895,28.512080421457043],[-82.262050014705196,28.512350622557538],[-82.262065904778822,28.512756629053463],[-82.2619913446228,28.51293777678357],[-82.261895966837869,28.513060422909525],[-82.261766035665573,28.513142947625706],[-82.261527242805016,28.513230888330177],[-82.260866271620003,28.513471740565741],[-82.260632807083638,28.513586760689535],[-82.26052499636809,28.513646210239919],[-82.260368756757615,28.513733481686394],[-82.260257733799506,28.513833691762155],[-82.25998100751562,28.514292061518685],[-82.259963218891201,28.514323922293809],[-82.259914835728253,28.514428012343171],[-82.259632499230534,28.51511679418757],[-82.259524376110278,28.515514780368324],[-82.259525440273862,28.515767509925173],[-82.259541559771023,28.515839472111892],[-82.259583049522831,28.515924973394423],[-82.259704247566503,28.516068310862607],[-82.259885617454898,28.516129663066092],[-82.260008853988552,28.516105867884786],[-82.26011483450111,28.516001370703329],[-82.260257879917006,28.515580172866734],[-82.260400266564332,28.515438977589799],[-82.26044471274156,28.515420676695079],[-82.260496545003832,28.515420194740468],[-82.260613089842096,28.515414599579056],[-82.260755358134929,28.515440292618663],[-82.261488385327922,28.515695064289293],[-82.261679282285911,28.515761027520139],[-82.261897361801914,28.515767953377605],[-82.262011429534638,28.515717308434368],[-82.262131551027409,28.515607914246431],[-82.262225878838294,28.515471757349534],[-82.262349655803277,28.515254060558203],[-82.262470219661353,28.515117377292018],[-82.262518008643212,28.51508983101931],[-82.262644865569214,28.515039066990699],[-82.262877248778622,28.514991849794026],[-82.262993080880321,28.514990756691578],[-82.263457520923723,28.515036187166242],[-82.263534322436584,28.515035444489129],[-82.263673269124666,28.514989042370377],[-82.263757681410112,28.51495210423365],[-82.263937104681503,28.514855550148209],[-82.264188369361165,28.514627612283942],[-82.264490016488338,28.514250313910569],[-82.264600122796253,28.514127281789374],[-82.264804783522351,28.514012751353736],[-82.265187565093129,28.513882693802426],[-82.265324109383585,28.513786728679488],[-82.265380949300138,28.5136734541476],[-82.265531716576874,28.513247845719931],[-82.265643808697021,28.513120347653267],[-82.265768968767375,28.513056046993988],[-82.266240121512823,28.512920879572373],[-82.266417620493755,28.512824305225653],[-82.266489374820239,28.512778472297285],[-82.266521729634519,28.512755797789296],[-82.266736234024734,28.512545977870193],[-82.266765745106426,28.512500756485146],[-82.267121184204527,28.512199531916497],[-82.267269899724354,28.512022104836888],[-82.267303191836419,28.511981152127408],[-82.267363428283005,28.511894938727256],[-82.267404256182004,28.511822273458797],[-82.267435422438865,28.511713748903055],[-82.267431208985343,28.511497287331977],[-82.267418559196372,28.511447604537651],[-82.267396463109293,28.511389073850356],[-82.267328297652455,28.511290582140219],[-82.266962682997402,28.510987202106378],[-82.26689991695352,28.510951521095091],[-82.266757502481155,28.510894328323442],[-82.266682994275641,28.510872295728724],[-82.266474180271103,28.510847204072423]]},"properties":{"OBJECTID_1":82,"OBJECTID":82022,"QUADNUMBER":0,"ELEVATION":160,"ORGCONT":0,"DEPRESSION":0,"HILLTOP":0,"INTERVAL":0,"UNIT":" ","DATESTAMP":1078790400000,"ShapeSTLen":7958.1141440670817,"Shape_Length":7958.1141440727324}},{"type":"Feature","id":83,"geometry":{"type":"LineString","coordinates":[[-82.237655478415292,28.519060114564777],[-82.237606619973093,28.5190741331872],[-82.237565730467281,28.519069966355882],[-82.237497514567664,28.519133547814466],[-82.23749569253944,28.519205849901613],[-82.237498805330162,28.519250911374343],[-82.237505950975518,28.519323052506252],[-82.237557401066383,28.519385887857815],[-82.237612927553144,28.519394471357177],[-82.237697898946806,28.519402568391268],[-82.237757679701161,28.519307356220068],[-82.237772789652055,28.519243949694051],[-82.237754047318788,28.519176456114746],[-82.237739860779797,28.519104517710876],[-82.237708296033347,28.519077665796335],[-82.237655478415292,28.519060114564777]]},"properties":{"OBJECTID_1":83,"OBJECTID":86993,"QUADNUMBER":0,"ELEVATION":60,"ORGCONT":0,"DEPRESSION":1,"HILLTOP":0,"INTERVAL":0,"UNIT":" ","DATESTAMP":1078790400000,"ShapeSTLen":351.50124838687981,"Shape_Length":351.50124839071475}},{"type":"Feature","id":84,"geometry":{"type":"MultiLineString","coordinates":[[[-82.235312392469808,28.49827726127225],[-82.235305923223194,28.498290883545067],[-82.235288825662309,28.498358775407358],[-82.23530790393049,28.498444281719173],[-82.235351693475423,28.498741732928224],[-82.235350938016936,28.498827554199089],[-82.235336393080487,28.498895477736639],[-82.235291218413934,28.498959065256329],[-82.235250105195178,28.499008926376828],[-82.235180538455893,28.499077278078008],[-82.235154727158672,28.499091022236399],[-82.234997198682592,28.49917825068637],[-82.234864118893739,28.499179388458391],[-82.234725089648521,28.499112904213806],[-82.234632147244042,28.499005643317894],[-82.234575329195181,28.498762344640188],[-82.234575894780704,28.498649500970309],[-82.234590649331963,28.498568075258767],[-82.234590876375677,28.498567278992684]],[[-82.228720039831572,28.502832258511319],[-82.228826522250742,28.502835671543838],[-82.228886180955314,28.502826007971422],[-82.229149786410829,28.502746889590817],[-82.229217559805832,28.5027103112924],[-82.2293364418518,28.502560132732288],[-82.229441422065264,28.502360803893243],[-82.229560365631912,28.502246927529495],[-82.229749519512964,28.50218205370604],[-82.229823244425688,28.502172300074307],[-82.22985395597847,28.50217212181229],[-82.229932104964249,28.502166628762254],[-82.230041368281974,28.502174766267711],[-82.23006554230048,28.50218351876627],[-82.230257963395971,28.502231532795314],[-82.230305516892685,28.50225802647704],[-82.230340117974379,28.502293923840341],[-82.230340352688742,28.502397768748814],[-82.23029332402416,28.502456833345263],[-82.230172850868044,28.502507655718158],[-82.22980645831656,28.502573948829191],[-82.229735559413612,28.502606261874579],[-82.229707181527615,28.502619975948946],[-82.229585781546376,28.502688792255093],[-82.229496080095942,28.502775464803904],[-82.229481064548963,28.5027935687664],[-82.229399114064364,28.502875549471977],[-82.229347239857844,28.50295734763694],[-82.229325731378609,28.50302067575474],[-82.229324255916126,28.503228348086946],[-82.229338533304954,28.503255258281225],[-82.229425295969293,28.503349224388824],[-82.229636684855123,28.503450949500635],[-82.229798468112477,28.503494649445635],[-82.230154789754337,28.503536577954733],[-82.230217204199036,28.503553965231248],[-82.230318307931441,28.503670626769971],[-82.230373809516891,28.503954434052673],[-82.230397098203383,28.504017204535206],[-82.230429832132074,28.50408909350071],[-82.230468476537965,28.504152058108055],[-82.230550261810777,28.504236949753878],[-82.230759904146566,28.504406482328829],[-82.230911934439291,28.50450014352883],[-82.231215313272855,28.504610069213392],[-82.231233798989891,28.504614523351243],[-82.231331969837683,28.504636015425906],[-82.231354217490704,28.504645020919394],[-82.231585054020684,28.504692399152919],[-82.231892962067462,28.504721330496796],[-82.231956011872015,28.504738728516617],[-82.23199431297887,28.504783392684296],[-82.231993081775897,28.504819686441476],[-82.231826025915097,28.504902286659689],[-82.231609332316353,28.505008177031282],[-82.231230605061,28.505124412163337],[-82.230803969575959,28.505195849180787],[-82.230399074999198,28.505190455227957],[-82.230176339846935,28.505156406135161],[-82.230017890136324,28.505103748795158],[-82.229891510459055,28.505046155307951],[-82.229767521057695,28.504921047363279],[-82.229701777864534,28.504872091345803],[-82.229651746990257,28.50484078309842],[-82.229393224865134,28.504725800852619],[-82.229106997436858,28.504701359807239],[-82.228748983948535,28.504763252332989],[-82.228546997508758,28.504751693737614],[-82.228333037690263,28.504690170117811],[-82.228260327524325,28.504636910059187],[-82.228160285503705,28.504534046679748],[-82.228071710445661,28.504512103982446],[-82.228039001175247,28.504517037880021],[-82.227996895689614,28.50454887308619],[-82.227993429190377,28.504643661869569],[-82.228012695289024,28.504756480293469],[-82.228075432122836,28.504832403527395],[-82.228120712983525,28.504841137187626],[-82.228204398791121,28.504849513992003],[-82.228228070701903,28.504849254069612],[-82.228411377179683,28.504829619574085],[-82.228706360510344,28.50494422110145],[-82.228977290697287,28.505004776487851],[-82.229149076201963,28.505102631177998],[-82.229194316881163,28.505192411915349],[-82.229194013580354,28.505210414330502],[-82.229192862868544,28.505359552340895],[-82.229112989600068,28.505549627392472],[-82.229081656426885,28.50562661916879],[-82.228927500395415,28.505781419161192],[-82.228803193036029,28.505832194435197],[-82.228599823445393,28.505865648427037],[-82.228129724572341,28.505856333799439],[-82.227922986558539,28.505822199123333],[-82.227731634841177,28.505747176286924],[-82.227633630488825,28.505675855317268],[-82.227462020138802,28.505528478300192],[-82.227405879533237,28.505479362530746],[-82.227265270599787,28.505313805149257],[-82.227133037663336,28.505301432086544],[-82.227077368084238,28.505301855370575],[-82.226997796961541,28.505316047826661],[-82.226989006027196,28.505321399915925]]]},"properties":{"OBJECTID_1":84,"OBJECTID":87146,"QUADNUMBER":0,"ELEVATION":90,"ORGCONT":0,"DEPRESSION":0,"HILLTOP":0,"INTERVAL":0,"UNIT":" ","DATESTAMP":1078790400000,"ShapeSTLen":21860.950255197466,"Shape_Length":5844.3527916253488}},{"type":"Feature","id":85,"geometry":{"type":"LineString","coordinates":[[-82.226170748264167,28.521971185552381],[-82.226364583214163,28.521973920789161],[-82.226445644804087,28.521986762382525],[-82.226593336832153,28.521994266408878],[-82.226721176935271,28.522002353837692],[-82.226983241533176,28.521981745144977],[-82.227114921627773,28.521989600200385],[-82.227244369782596,28.522056247794293],[-82.22725536086844,28.522128143006547],[-82.22721848313428,28.522191845549948],[-82.227150693554123,28.522228414705573],[-82.227126084731992,28.522246679686283],[-82.226918380883319,28.522347899441886],[-82.226802869749363,28.522407500268731],[-82.226731873357991,28.522444313691246],[-82.22665319733791,28.522481308628144],[-82.226587752485898,28.522531422359091],[-82.226458652685409,28.522600143037284],[-82.226431960820449,28.522627666756378],[-82.226398934661688,28.522691126240474],[-82.226361475590537,28.522790556214716],[-82.226349699495046,28.52284500280917],[-82.226343504319217,28.52287193651242],[-82.226318469232268,28.522994045259495],[-82.226292493016814,28.523017067744508],[-82.226269430782978,28.523057863447242],[-82.226150318157693,28.523063397366798],[-82.226019762510063,28.523064558488294],[-82.225878325186315,28.523065860296448],[-82.225742649730819,28.523066958378372],[-82.225658810113231,28.523067870073799],[-82.225606964650197,28.523068336068906],[-82.225334407286468,28.523066290712208],[-82.22527424408085,28.523066662996637],[-82.225084169465262,28.523068476844077],[-82.22508591863172,28.523000672356854],[-82.225096200042202,28.522919475508324],[-82.225149817793607,28.522810686107459],[-82.225174942491634,28.522760909704505],[-82.225286721309345,28.522655946347406],[-82.22538482295711,28.52260540278872],[-82.225461714425393,28.522559663274013],[-82.225526232660485,28.522527555286761],[-82.225617996033449,28.522472429125333],[-82.225793248288369,28.522281311933725],[-82.225849250996703,28.522222077996808],[-82.225923488297994,28.522104266609439],[-82.225942986742353,28.522085940863619],[-82.226011790595265,28.52202658360353],[-82.226044146730047,28.522003916908389],[-82.226114920566729,28.521980615986568],[-82.226170748264167,28.521971185552381]]},"properties":{"OBJECTID_1":85,"OBJECTID":88177,"QUADNUMBER":0,"ELEVATION":65,"ORGCONT":0,"DEPRESSION":1,"HILLTOP":0,"INTERVAL":0,"UNIT":" ","DATESTAMP":1078790400000,"ShapeSTLen":1809.6678635654093,"Shape_Length":1809.6678635734024}},{"type":"Feature","id":86,"geometry":{"type":"LineString","coordinates":[[-82.227753135698947,28.511166714384363],[-82.227628407338884,28.511203979288009],[-82.22754602664584,28.5112724414175],[-82.227555087576917,28.511344598929703],[-82.22762518150509,28.511362090000837],[-82.227723168104205,28.511356575798303],[-82.227841080690766,28.511306005349972],[-82.227851024358742,28.511206508166008],[-82.227845632001006,28.511183930476616],[-82.227753135698947,28.511166714384363]]},"properties":{"OBJECTID_1":86,"OBJECTID":88898,"QUADNUMBER":0,"ELEVATION":70,"ORGCONT":0,"DEPRESSION":1,"HILLTOP":0,"INTERVAL":0,"UNIT":" ","DATESTAMP":1078790400000,"ShapeSTLen":277.09484158165543,"Shape_Length":277.09484158283755}},{"type":"Feature","id":87,"geometry":{"type":"LineString","coordinates":[[-82.249820345868216,28.53312300743081],[-82.25029937934066,28.533141089224507],[-82.250576897704832,28.533075608573256],[-82.250913932112795,28.533049697211911],[-82.251338629381138,28.533064000128679],[-82.251378829310895,28.533032139674383],[-82.251431757921893,28.532963852278421],[-82.251441088120785,28.532941175279422],[-82.251516034561149,28.532778044751502],[-82.251605228024658,28.532723152237022],[-82.251720524466307,28.532676746587551],[-82.251892552336287,28.532684239281839],[-82.251937135322649,28.532697465304349],[-82.252183105772602,28.532762717721262],[-82.252495266703036,28.532890716754522],[-82.25271810428309,28.533001559846294],[-82.252946817092507,28.533184517084681],[-82.252997558896936,28.533292371190054],[-82.252999975545009,28.53330141000491],[-82.253004982117702,28.533427540593173],[-82.253003389031008,28.533685020897224],[-82.252991750541284,28.533811511839705],[-82.253039501995687,28.53394634442602],[-82.253204064763722,28.534138917887539],[-82.25355031262994,28.534415364465673],[-82.253755421429645,28.53459408812736],[-82.253862689890482,28.53472853397728],[-82.253929166299983,28.534813497350139],[-82.253998397378879,28.535124207217851],[-82.254031118592152,28.535516627800707],[-82.254020489428868,28.535645574895671]]},"properties":{"OBJECTID_1":87,"OBJECTID":88985,"QUADNUMBER":0,"ELEVATION":110,"ORGCONT":0,"DEPRESSION":0,"HILLTOP":0,"INTERVAL":0,"UNIT":" ","DATESTAMP":1078790400000,"ShapeSTLen":22889.292683528631,"Shape_Length":2147.2013566351761}},{"type":"Feature","id":88,"geometry":{"type":"LineString","coordinates":[[-82.252230425050698,28.533082719248345],[-82.252163218410757,28.533083572229739],[-82.252108593483143,28.533097524650813],[-82.25206314022742,28.533138603515436],[-82.252071486046731,28.533255785695211],[-82.252135811355316,28.533354517458026],[-82.252150814430266,28.53337693276838],[-82.252216646508273,28.533421379236081],[-82.252291809352272,28.533443422026082],[-82.252429207984207,28.533455548738086],[-82.252508513105198,28.53341882380958],[-82.252536544010297,28.533386804266307],[-82.252546032839646,28.533314603416805],[-82.252530972407456,28.533256159366207],[-82.252423914575232,28.533148733698432],[-82.252318393358806,28.533104643498746],[-82.252230425050698,28.533082719248345]]},"properties":{"OBJECTID_1":88,"OBJECTID":89333,"QUADNUMBER":0,"ELEVATION":110,"ORGCONT":0,"DEPRESSION":1,"HILLTOP":0,"INTERVAL":0,"UNIT":" ","DATESTAMP":1078790400000,"ShapeSTLen":461.2224675556115,"Shape_Length":461.22246755626009}},{"type":"Feature","id":89,"geometry":{"type":"LineString","coordinates":[[-82.245740454968441,28.526684957160683],[-82.245778769848869,28.526729614508621],[-82.245778180082084,28.526765631878167],[-82.24572019809446,28.526829352276618],[-82.245674023871743,28.526874918621228],[-82.245651900278375,28.526897723055118],[-82.245631858816665,28.527028891153734],[-82.245611423724213,28.52710575126822],[-82.245592922161876,28.527141814554703],[-82.245536045376582,28.527255361408592],[-82.245493719216498,28.527300705976078],[-82.245366611740238,28.527365247738381],[-82.245301256555777,28.527370341315301],[-82.245270391024647,28.527379522488747],[-82.24517800902035,28.527393845285928],[-82.245167127971072,28.527393991253028],[-82.245056484605144,28.527390637451298],[-82.244934034912504,28.527364619830017],[-82.244866359060765,28.527315645106615],[-82.24487455053314,28.527283943503377],[-82.244833240146974,28.527266264275962],[-82.244845295625041,28.527193814716625],[-82.244938402034776,28.527134467304506],[-82.24506259328183,28.5270521612705],[-82.24512597814396,28.527010742850148],[-82.245155787504856,28.526988039229654],[-82.245190577865912,28.526933596461063],[-82.2452882031738,28.526792706326376],[-82.245308832255731,28.526783672669982],[-82.245383435498624,28.526760407151439],[-82.245501567754317,28.526736563031658],[-82.245525321895897,28.526731786384897],[-82.245548427908687,28.526727296949701],[-82.245740454968441,28.526684957160683]]},"properties":{"OBJECTID_1":89,"OBJECTID":91283,"QUADNUMBER":0,"ELEVATION":115,"ORGCONT":0,"DEPRESSION":1,"HILLTOP":0,"INTERVAL":0,"UNIT":" ","DATESTAMP":1078790400000,"ShapeSTLen":881.72982218503432,"Shape_Length":881.72982218075117}},{"type":"Feature","id":90,"geometry":{"type":"LineString","coordinates":[[-82.265834327408655,28.512369354508419],[-82.265973762331086,28.512372766856753],[-82.266130470293376,28.512375829412616],[-82.266317670822147,28.512432739245831],[-82.266369851948326,28.512490793344053],[-82.266389741317255,28.512567305107133],[-82.266389014369977,28.51261260172954],[-82.266363631156594,28.512639869030984],[-82.266240743263921,28.512722205540967],[-82.266070442561357,28.512768784470524],[-82.265965558500767,28.512765521167353],[-82.265843480591542,28.512757542360397],[-82.265626565177371,28.512678307206979],[-82.265554273347107,28.512597769501532],[-82.265562977862785,28.512453237731535],[-82.265610417295974,28.512407667539069],[-82.265834327408655,28.512369354508419]]},"properties":{"OBJECTID_1":90,"OBJECTID":92207,"QUADNUMBER":0,"ELEVATION":170,"ORGCONT":0,"DEPRESSION":0,"HILLTOP":0,"INTERVAL":0,"UNIT":" ","DATESTAMP":1078790400000,"ShapeSTLen":684.45958418018233,"Shape_Length":684.45958418206646}},{"type":"Feature","id":91,"geometry":{"type":"LineString","coordinates":[[-82.232609183446726,28.535637727407732],[-82.232681790693789,28.535549690986844],[-82.232955864668071,28.535303531953925],[-82.233028928089141,28.535257734325587],[-82.233108959409279,28.535216247843078],[-82.233129018265288,28.535202717913187],[-82.233574513702976,28.534923250014547],[-82.233639107738369,28.534886633565304],[-82.233873417226064,28.534803193625539],[-82.23392796448276,28.534793745958908],[-82.234285782906227,28.534749852642744],[-82.23440911774648,28.53472157504244],[-82.234754263570878,28.534551438758044],[-82.234774543497892,28.534524394654802],[-82.234985626221587,28.534373400840128],[-82.235269291957039,28.534285226007487],[-82.236155380989075,28.534222926900647],[-82.236285183014914,28.534190230194152],[-82.236408877166497,28.534139435696225],[-82.236478959162724,28.534080096272547],[-82.236520804187663,28.534025464804749],[-82.23654280772611,28.533971147607925],[-82.236567368846536,28.533916859339438],[-82.236560563967501,28.533745394580883],[-82.236389443756153,28.533485178603186],[-82.236352502696604,28.533395223845314],[-82.236374626301753,28.53325507340282],[-82.236435253865778,28.533186885791626],[-82.236492804563284,28.53315018640064],[-82.236745130193114,28.533139009799253],[-82.237411137847232,28.533268387146091],[-82.237772475463032,28.533283063391966],[-82.238000135734111,28.533253840991247],[-82.238466497868856,28.533145732137147],[-82.239351920467328,28.532966333858845],[-82.239668690247328,28.532927250473907],[-82.240041895074796,28.532802198382335],[-82.240250277914129,28.532777525235936],[-82.2404823945716,28.532788880170276],[-82.240557727546246,28.532761114198792],[-82.240593087230806,28.53271118697181],[-82.240648850786116,28.53239050955143],[-82.240644445772872,28.532228075033402],[-82.240523098622447,28.53197637090274],[-82.240501866181816,28.531904343449241],[-82.240500603200843,28.531863805936368],[-82.240504542773465,28.531660667987286],[-82.240540935437636,28.531547429359087],[-82.240785967855572,28.531315239069833],[-82.240860582503558,28.531133813498187],[-82.240862903939998,28.5310299997487],[-82.240747052777962,28.530873203931908],[-82.240662096741261,28.53066642279196],[-82.240666416972886,28.530558133463369],[-82.240700382447059,28.5304763846813],[-82.240776087491327,28.530385593479565],[-82.240981275772782,28.530320620641511],[-82.24122769136163,28.530318371340641],[-82.241583539777096,28.530355478694077],[-82.241795463874297,28.530349128076931],[-82.241826401009845,28.530335442144629],[-82.242202617484921,28.530300205623131],[-82.242301751651837,28.530303983810583],[-82.242338161057702,28.530308091311891],[-82.242504057965149,28.530338315328276],[-82.242680448373193,28.530431422117886],[-82.242714358333643,28.530471527712223],[-82.242786716624593,28.530547572746713],[-82.24284060276608,28.530578643493008],[-82.242883270958913,28.530591842536605],[-82.242963767758155,28.53060016981151],[-82.243077616706472,28.530603566487653],[-82.243105216830941,28.530598847446655],[-82.243193765114682,28.530584480580462],[-82.243291775647194,28.530538428834134],[-82.243522701921705,28.530346861791795],[-82.243656775636055,28.530286905823854],[-82.243770281025817,28.530272570512089],[-82.243831874703062,28.530262927564717],[-82.243930360417082,28.530266411562287],[-82.243961654474276,28.530270747987],[-82.244147956671711,28.530305160840541],[-82.244305241098758,28.530353287167703],[-82.244357930892875,28.530379835094394],[-82.244642818450671,28.53053058365289],[-82.244813366903145,28.530668924722587],[-82.244902057504135,28.530803711758054],[-82.24495771012127,28.530884329061138],[-82.244982276049157,28.531145788548162],[-82.244931845625018,28.531335684585731],[-82.244843379404855,28.531661583231759],[-82.244795603336243,28.531964354417244],[-82.244645598582252,28.532177763539277],[-82.244588966418718,28.532394866428984],[-82.24454673038808,28.532553340452438],[-82.244443303213032,28.53277521430434],[-82.244444325200504,28.532870060849866],[-82.244515376145259,28.533027418652136],[-82.24450327374818,28.533379602031424],[-82.244537035485195,28.533428706517459],[-82.244797555919774,28.533543694299333],[-82.244962853904397,28.533650448890629],[-82.24511368947023,28.533820630061928],[-82.245266202594749,28.534085382081333],[-82.245339841452278,28.534161442333552],[-82.245578752837162,28.534267710350669],[-82.245775570513601,28.534365011705859],[-82.245869417743293,28.534418528767127],[-82.245935659421505,28.53451701185741],[-82.245966238743335,28.534525837377792],[-82.246074260313549,28.534533945104865],[-82.246275493008909,28.534437402859705],[-82.246358858295054,28.534386944949425],[-82.246637587582768,28.534009667881701],[-82.246673862724521,28.533982269024055],[-82.246805202763895,28.533854732780053],[-82.246985727518378,28.533772009550979],[-82.247263175689511,28.533710751551464],[-82.24748234988877,28.533731220040615],[-82.247651388171263,28.533765698296129],[-82.247762677540038,28.533769332110012],[-82.247816101787109,28.533750581336193],[-82.247946558794141,28.533677359649921],[-82.248021674904493,28.533622572783887],[-82.248269060607498,28.533520982199882],[-82.248320633415446,28.533497980047741],[-82.248611665516833,28.533269454440401],[-82.248856912717997,28.533141094075802],[-82.249319652801859,28.533019392370203],[-82.249809727445765,28.532987797686399]]},"properties":{"OBJECTID_1":91,"OBJECTID":92853,"QUADNUMBER":0,"ELEVATION":105,"ORGCONT":0,"DEPRESSION":0,"HILLTOP":0,"INTERVAL":0,"UNIT":" ","DATESTAMP":1078790400000,"ShapeSTLen":29109.116128748479,"Shape_Length":8605.9282763780684}},{"type":"Feature","id":92,"geometry":{"type":"LineString","coordinates":[[-82.231395138047446,28.522226304086246],[-82.231226808370977,28.522268364014554],[-82.231165780710015,28.522282511121386],[-82.231127243014029,28.522291875392305],[-82.231032502956779,28.522333176417941],[-82.230861850633815,28.522438525169616],[-82.230737397948076,28.522575126601819],[-82.230665579186692,28.522701988847036],[-82.230649066662792,28.522733862571805],[-82.230649877361273,28.522801690745776],[-82.230691234520449,28.522855406822838],[-82.230725799210234,28.522854993502801],[-82.231131336096752,28.522864893233471],[-82.231224840258179,28.522859604271442],[-82.231402986597416,28.522844404981917],[-82.231424396856383,28.522826097756987],[-82.231620639763861,28.522603160229444],[-82.231701748381056,28.522534669915117],[-82.231755371848806,28.522502701179295],[-82.231799070862465,28.522452595002541],[-82.2318092968912,28.522335376897352],[-82.231735450090682,28.522272815812343],[-82.23156850429514,28.522229056830792],[-82.231395138047446,28.522226304086246]]},"properties":{"OBJECTID_1":92,"OBJECTID":93338,"QUADNUMBER":0,"ELEVATION":95,"ORGCONT":0,"DEPRESSION":0,"HILLTOP":0,"INTERVAL":0,"UNIT":" ","DATESTAMP":1078790400000,"ShapeSTLen":974.59650988856663,"Shape_Length":974.59650988854332}},{"type":"Feature","id":93,"geometry":{"type":"MultiLineString","coordinates":[[[-82.22382427289439,28.51650024715811],[-82.223940156831389,28.516535205446104],[-82.224264285782567,28.516708445363253],[-82.224391045146575,28.516860611366152],[-82.22440199548096,28.516973312095637],[-82.224388636746141,28.517086269533422],[-82.224284321374412,28.517204559332921],[-82.224090060846521,28.517305652458955],[-82.223973658972227,28.517419563899487],[-82.22396817324146,28.517442008060623],[-82.223981557616,28.517523223630732],[-82.224030665438519,28.517572530970007],[-82.224157993959963,28.517611852000744],[-82.224222871647257,28.517674590893499],[-82.224245395294574,28.517705833670053],[-82.224243694259187,28.517809651794906],[-82.224230649729819,28.517864084098846],[-82.224152914151247,28.518000148616345],[-82.224037797249153,28.518113785473528],[-82.223984726266877,28.518150547163629],[-82.223769279368838,28.518256163938197],[-82.223721635190373,28.51826921728011]],[[-82.22345818835673,28.51655623503018],[-82.223560390501888,28.516516036872869],[-82.22382427289439,28.51650024715811]]]},"properties":{"OBJECTID_1":93,"OBJECTID":94198,"QUADNUMBER":0,"ELEVATION":90,"ORGCONT":0,"DEPRESSION":0,"HILLTOP":0,"INTERVAL":0,"UNIT":" ","DATESTAMP":1078790400000,"ShapeSTLen":2577.9662558718819,"Shape_Length":1051.0668148791617}},{"type":"Feature","id":94,"geometry":{"type":"LineString","coordinates":[[-82.238095592425339,28.529308997552814],[-82.238028735375565,28.529327566829011],[-82.23799122343928,28.529390979159089],[-82.237980390010065,28.529427432225948],[-82.237948305458204,28.529472615735799],[-82.237899074904163,28.5295091387589],[-82.237827791143104,28.529563968403341],[-82.23771951495182,28.529650690355652],[-82.237703196939975,28.529709584454523],[-82.237742224919245,28.529749753632522],[-82.237817169321644,28.529744790371506],[-82.237963098238808,28.52974324534981],[-82.23807389900675,28.52973788525896],[-82.238138541698447,28.529737285581302],[-82.238225442384376,28.529745411340201],[-82.238269460555898,28.529754124804057],[-82.238407828367329,28.529784290229504],[-82.238495164489862,28.529765687519152],[-82.238567066541052,28.529751393499168],[-82.238589050092742,28.529737600405198],[-82.238646117045434,28.529691880176163],[-82.238722881668735,28.529614619844605],[-82.238728589241887,28.529578384171487],[-82.238741622226854,28.529524237560576],[-82.238673805642762,28.529484259120188],[-82.23861720628463,28.5294621689299],[-82.238505992247937,28.529454011217997],[-82.238424211899328,28.529445950642508],[-82.238404364550973,28.529445985477768],[-82.238250305960108,28.529357091207494],[-82.23817921071732,28.529321582181822],[-82.238095592425339,28.529308997552814]]},"properties":{"OBJECTID_1":94,"OBJECTID":95504,"QUADNUMBER":0,"ELEVATION":70,"ORGCONT":0,"DEPRESSION":1,"HILLTOP":0,"INTERVAL":0,"UNIT":" ","DATESTAMP":1078790400000,"ShapeSTLen":820.47812544842839,"Shape_Length":820.47812544699673}},{"type":"Feature","id":95,"geometry":{"type":"LineString","coordinates":[[-82.26067028977306,28.502029463383732],[-82.260667477773183,28.502047392160986],[-82.260663845280845,28.502074366768877],[-82.260658997525923,28.502137626310688],[-82.260583782529849,28.502359573649212],[-82.260577098045644,28.5023774972152],[-82.260428015079555,28.502618234028184],[-82.260378367464924,28.502681782416602],[-82.260318705027885,28.502731975332697],[-82.260308668174332,28.502759146274247],[-82.260281364234146,28.502786383669349],[-82.260089981390649,28.502991412988802],[-82.260064589636329,28.503018679165415],[-82.259840878075138,28.503165052253333],[-82.259765580396561,28.503192827049645],[-82.259698097734073,28.503211683382808],[-82.259657000410385,28.503221024526837],[-82.259541332743936,28.50321311798271],[-82.259457159080455,28.503195747831828],[-82.259415858777402,28.50317807112037],[-82.259342358703094,28.503133534221494],[-82.259249397177783,28.503026290383161],[-82.2592381664508,28.503008133958598],[-82.259152347697324,28.502774340750854],[-82.25914873018607,28.502760790737636],[-82.259127936961221,28.502621225060764],[-82.259149548229331,28.50239073260996],[-82.259197986202054,28.502322673415339],[-82.259264777638791,28.502227250612666],[-82.259398041306625,28.502095237857123],[-82.259456925989028,28.502054031527347],[-82.259624252916936,28.501912588026979],[-82.259626393635756,28.501899110042103],[-82.259861976248104,28.50169509410901]]},"properties":{"OBJECTID_1":95,"OBJECTID":100487,"QUADNUMBER":0,"ELEVATION":90,"ORGCONT":0,"DEPRESSION":1,"HILLTOP":0,"INTERVAL":0,"UNIT":" ","DATESTAMP":1078790400000,"ShapeSTLen":1740.1106868492459,"Shape_Length":1308.4515429502831}},{"type":"Feature","id":96,"geometry":{"type":"MultiLineString","coordinates":[[[-82.245358842904935,28.500277272381005],[-82.245472193138085,28.500468078312892],[-82.245639497663916,28.500764260660521],[-82.245659042208374,28.500782231753966],[-82.245680529105272,28.500917300136223],[-82.245672389185785,28.500985297975788],[-82.245643711164234,28.501057549619098],[-82.245572848930138,28.501166694300437],[-82.245441477283663,28.501298721756335],[-82.245284389856323,28.501399478499756],[-82.244772113540762,28.501625231759366],[-82.244243722325294,28.501819541656449],[-82.243956039229488,28.501885453485908],[-82.24368688991629,28.501991547458257],[-82.243641516981953,28.502028126187927],[-82.243546072437411,28.502114733440902],[-82.243505587721074,28.502164887357306],[-82.243465685708216,28.502219262317745],[-82.243394623994305,28.502301105587584],[-82.243369378000338,28.502319358431222],[-82.243274222650086,28.502387966682164],[-82.243121252900352,28.502470748650609],[-82.243097434698242,28.502480018693301],[-82.2428951968391,28.502563034697864],[-82.242799030101395,28.50265413371525],[-82.24272013315678,28.502785695724228],[-82.242675006965669,28.502885317336776],[-82.242534309247375,28.503040018460403],[-82.242408271786203,28.503158602865742],[-82.242123751753724,28.503305591333685],[-82.241816220803472,28.503371526779699],[-82.241792753898608,28.503398815915418],[-82.241663107618294,28.503463314627421],[-82.241599381536361,28.503526966954638],[-82.241426294710436,28.503903305763249],[-82.241010756404492,28.504317676342225],[-82.240938950946628,28.504444546035923],[-82.240915264993887,28.504485332768532],[-82.240898099571353,28.504557719992981],[-82.240884656470087,28.50471599447981],[-82.240889567349797,28.504846630817703],[-82.240891841342403,28.504864669289368],[-82.240911782376472,28.504936683036981],[-82.241029551107331,28.505170331942331],[-82.241039971109046,28.505238000588975],[-82.241041230835748,28.505278538261759],[-82.241018852248644,28.505396173184778],[-82.241000337543198,28.505630925455517],[-82.240997866481365,28.505743747120761],[-82.241034259133428,28.50590601815594],[-82.241077933007332,28.506013787824848],[-82.24111376501105,28.506171543561571],[-82.241100838161856,28.506298025503327],[-82.241032255603727,28.506542278074733],[-82.240935502528956,28.506669390491407],[-82.240494815356854,28.507016472377764],[-82.240436266776769,28.507075681728772],[-82.2401964113307,28.507307939529632],[-82.239844073857782,28.507848341467898],[-82.239829624249225,28.507870947382926],[-82.239790558388762,28.507952631197707],[-82.239649217331007,28.508382550848552],[-82.239432790926045,28.508668852833235],[-82.239236607982093,28.508851278172891],[-82.238886753134338,28.509080176480811],[-82.238462191668447,28.509260017887101],[-82.237925594276703,28.509404954545989],[-82.237817598929894,28.509396850979829],[-82.237584316160792,28.509380968890433],[-82.237333665700177,28.509292825846344],[-82.236934478830861,28.509052825885711],[-82.236893892118786,28.509030641073775],[-82.23679666249798,28.508950342536529],[-82.236740102521864,28.508887716903139],[-82.236645946583565,28.508775654681248],[-82.236608240414,28.508694697396177],[-82.236563361582625,28.508582403129232],[-82.236508946739491,28.508190273198331],[-82.236521295673981,28.507824585022476],[-82.236547345915568,28.507756808354909],[-82.236627514987944,28.507548438786721],[-82.236625162490952,28.507417555138304],[-82.236580487496198,28.507332284092264],[-82.236477646530659,28.507242902080922],[-82.236345004750405,28.507176507764569],[-82.235805238950519,28.507005366215925],[-82.235649075508761,28.506929952424667],[-82.235588789797418,28.506899081952625],[-82.235481675636407,28.506836672430172],[-82.235411532058365,28.506783155520399],[-82.235312193376018,28.506675816085487],[-82.23532089042294,28.506495255999063],[-82.235410017342289,28.506404072511017],[-82.235676057409222,28.50629344794827],[-82.236046856280311,28.506271942996406],[-82.236173787228211,28.506216689917345],[-82.236248989026052,28.506116889166854],[-82.236260733724208,28.506103251376185],[-82.236367608842471,28.505786305252162],[-82.236477403424843,28.505604771535744],[-82.236473431692062,28.505455850867111],[-82.236377746217883,28.505280723046102],[-82.236351484013497,28.505204129358358],[-82.236307310640342,28.504812121195457],[-82.236237332889772,28.504708812682416],[-82.236136894946696,28.504669272053317],[-82.236073217367689,28.504611061027891],[-82.235995595224765,28.504309529090445],[-82.235932923095731,28.504228816128137],[-82.235700427090777,28.503969237765329],[-82.235638866298601,28.503820722786191],[-82.235621525274411,28.503667130293906],[-82.235747708526887,28.503422478120473],[-82.23596691509573,28.503240064641098],[-82.236133036151173,28.503175175015421],[-82.236400194774859,28.503073566075575],[-82.2365098735212,28.502977863208816],[-82.236656737724246,28.50287727334733],[-82.23678163812373,28.502790196400767],[-82.237274687554674,28.50264583928147],[-82.237543422489622,28.502526231561223],[-82.237834833445447,28.502270713012766],[-82.237956298133355,28.502197384708296],[-82.238028057747556,28.502151575727162],[-82.238382561287153,28.501832400120581],[-82.238671004493,28.501523084990787],[-82.238877768983031,28.501200642835471],[-82.238967953049041,28.500965392932184],[-82.239029192115808,28.500621703265921],[-82.239025872141553,28.500274389559774],[-82.239005075800847,28.500058001661174],[-82.239008303578316,28.499701204429044],[-82.238954651940787,28.499498756045924],[-82.238901511208837,28.499422380580445],[-82.23880944820219,28.499260814798273],[-82.238781049223888,28.499197985225695],[-82.238761937679939,28.499153004088775],[-82.238735607791554,28.499080904623128],[-82.238705236798211,28.498941503138791],[-82.238701862444856,28.498873646812946],[-82.238696187620405,28.498553321062506],[-82.238726410170258,28.498386253531745],[-82.238778414392328,28.498178094339778],[-82.238808231444722,28.498114590395936],[-82.238904775500274,28.497960457900149],[-82.238927687391467,28.497928667483844],[-82.239127875028657,28.497655951438269],[-82.239234160460455,28.497492658937333],[-82.239311938841198,28.497351802082314],[-82.239319902429557,28.497333896231829],[-82.239350443176463,28.497265889056553],[-82.239353868907784,28.497253139110725]],[[-82.2440017820268,28.497090379484664],[-82.243989463142015,28.497133292172872],[-82.243802527394621,28.497536471610754],[-82.243808559034235,28.497716934711036],[-82.24382111554408,28.497771128176172],[-82.243870348880392,28.497851941988355],[-82.243989455266203,28.497963472756446],[-82.244149492363164,28.498115468047121],[-82.2443302643603,28.498330486705846],[-82.244819095253149,28.498998505810498],[-82.244880180824296,28.499137724234163],[-82.244979366331691,28.499452752154649],[-82.245182098277979,28.499852367341486],[-82.245358842904935,28.500277272381005]]]},"properties":{"OBJECTID_1":96,"OBJECTID":102155,"QUADNUMBER":0,"ELEVATION":130,"ORGCONT":0,"DEPRESSION":0,"HILLTOP":0,"INTERVAL":0,"UNIT":" ","DATESTAMP":1078790400000,"ShapeSTLen":13968.778383187191,"Shape_Length":11785.510274086701}},{"type":"Feature","id":97,"geometry":{"type":"LineString","coordinates":[[-82.249810438707129,28.514742633423587],[-82.249439391459305,28.514619527212492],[-82.249287624803401,28.514508159878716],[-82.249139173193242,28.514310999962429],[-82.249035246194595,28.514050235607719],[-82.248999577376694,28.513802427455794],[-82.248885746747362,28.513600349151538],[-82.248665739997676,28.513435506521933],[-82.248213481070081,28.513191490832135],[-82.248109474521158,28.51313362632537],[-82.248063618798966,28.513120672900758],[-82.247841709275775,28.513113676751658],[-82.247541747191178,28.51322474687619],[-82.247459464812152,28.513288443793883],[-82.247389896695069,28.513356801610243],[-82.247368481918883,28.513375111364955],[-82.247118078157186,28.513666340919755],[-82.247058847399259,28.513689241064121],[-82.247001095759757,28.513698933514505],[-82.2469395914041,28.51370407318915],[-82.246825910511816,28.513691388769139],[-82.246713875925835,28.513615701942836],[-82.246652915105571,28.513508000815182],[-82.246614051297897,28.513260147259867],[-82.246609490541999,28.513106712829831],[-82.246722741476518,28.512117538571456],[-82.246730872970545,28.512049817816017],[-82.246763179670936,28.511634289447816],[-82.246780870823329,28.511133305302121],[-82.246703991469502,28.510506748597411],[-82.246695479722845,28.510439099549917],[-82.246706205488579,28.51013193014634],[-82.246778480651415,28.509856198731637],[-82.247023792180784,28.5094838585822],[-82.247069261403169,28.509402255833308],[-82.247076589481196,28.509384048429947],[-82.247093048860492,28.509316152770399],[-82.247107788922165,28.509076852555904],[-82.247079541087047,28.508964210338423],[-82.247032638925859,28.508897211300795],[-82.246882491941165,28.508686239514546],[-82.246773160410427,28.508443698723102],[-82.246734195619595,28.50828167943601],[-82.246718737809047,28.508168914647829],[-82.246719741725101,28.508146411824665],[-82.246724106577986,28.507916270346563],[-82.246805184668418,28.507689618819946],[-82.247104000928886,28.507371130962799],[-82.247123139450494,28.507334788301002],[-82.247205532997839,28.507185257095401],[-82.24724900832949,28.506949969609387],[-82.247217996165574,28.506611882016855],[-82.247210387712585,28.506449692987236],[-82.247217981361132,28.506137982125509],[-82.247270215876071,28.505835266779567],[-82.247289519485804,28.505749392874929],[-82.247551305434769,28.505385980156198],[-82.247579275015156,28.505317942521391],[-82.247732090249386,28.505086553175612],[-82.247828268859294,28.50495464640143],[-82.247973808355198,28.504777208040814],[-82.248126085287012,28.504618134491373],[-82.248269178009934,28.50451299028007],[-82.248461057733124,28.504357794495917],[-82.24866561242456,28.504170667234575],[-82.249146205419933,28.503886534765723],[-82.24932692746728,28.503708966379751],[-82.249661008096837,28.503344759992245],[-82.249741954838399,28.50324474272708],[-82.249809813863877,28.503162855132828]]},"properties":{"OBJECTID_1":97,"OBJECTID":103945,"QUADNUMBER":0,"ELEVATION":125,"ORGCONT":0,"DEPRESSION":0,"HILLTOP":0,"INTERVAL":0,"UNIT":" ","DATESTAMP":1078790400000,"ShapeSTLen":5626.7377335768751,"Shape_Length":5626.7377335834535}},{"type":"Feature","id":98,"geometry":{"type":"LineString","coordinates":[[-82.232048322002299,28.517996382925404],[-82.232091539227625,28.518014095316154],[-82.232156032118226,28.518022508726993],[-82.232197387115008,28.518076216270391],[-82.232155104643724,28.518157856382615],[-82.232115300313211,28.518244029259375],[-82.23203989619077,28.518316817922383],[-82.231983056246705,28.518349022371996],[-82.231901786251797,28.518349686274235],[-82.231827570511285,28.518309635825123],[-82.231796605051514,28.518246766039155],[-82.231834972048134,28.518169866443429],[-82.231878876722661,28.518106252599651],[-82.23193551441598,28.518047028591866],[-82.2319794702303,28.518019435507977],[-82.232048322002299,28.517996382925404]]},"properties":{"OBJECTID_1":98,"OBJECTID":104798,"QUADNUMBER":0,"ELEVATION":60,"ORGCONT":0,"DEPRESSION":1,"HILLTOP":0,"INTERVAL":0,"UNIT":" ","DATESTAMP":1078790400000,"ShapeSTLen":389.63945368750433,"Shape_Length":389.63945368445326}},{"type":"Feature","id":99,"geometry":{"type":"LineString","coordinates":[[-82.24982932966833,28.529522730737877],[-82.249948350102215,28.529668335582777],[-82.249967542359812,28.529983480163189],[-82.250025322230044,28.53053930167885],[-82.250020499803398,28.530838141690069],[-82.249926732588577,28.531007769585319],[-82.249700412961303,28.5311566534651],[-82.249347389442065,28.531340517193147],[-82.249239686362827,28.531431751736729],[-82.249179220594399,28.531490937518225],[-82.249032662752768,28.531650086117732],[-82.249024117171516,28.531663765120932],[-82.249000553527267,28.531736077277376],[-82.248997759871727,28.531790354950754],[-82.248993227484178,28.531912149399297],[-82.249018229348565,28.531988725441117],[-82.249134749657344,28.532105002935857],[-82.249103148689187,28.532159482330599],[-82.248956269113037,28.532219560971274],[-82.248886709227023,28.532247115278555],[-82.248706827882145,28.532330142142996],[-82.248628870663381,28.532362376826807],[-82.248575027628476,28.532367329097859],[-82.248501504268461,28.532363602489959],[-82.248473974087901,28.532363817984194],[-82.248379543229902,28.532346599768037],[-82.24826363507978,28.532311662559085],[-82.248212579556025,28.5323031411634],[-82.24811359085524,28.532290367929892],[-82.248079666919097,28.532290790832604],[-82.248003573766042,28.532287020823958],[-82.247937229380483,28.532274092204702],[-82.247874927474768,28.532287940535848],[-82.247666122532209,28.532299130640936],[-82.247537820406635,28.532318349901669],[-82.247482633976446,28.53232779065641],[-82.247206523276432,28.532425084592841],[-82.247092303805672,28.532444203809671],[-82.246906699623381,28.532405293753474],[-82.246830423886962,28.532333708446419],[-82.24680206440415,28.532306894407082],[-82.246704958574071,28.532217601321953],[-82.246666417280579,28.532186438387694],[-82.246553372265808,28.532133242745605],[-82.246496841128348,28.532106650318692],[-82.246462302187368,28.532066252662986],[-82.246424556509368,28.53202610264491],[-82.246423946340997,28.531944769812519],[-82.24646993460432,28.531831649375107],[-82.246484199572791,28.531741208328786],[-82.246495524730207,28.531673531609187],[-82.246498317913435,28.531659777480066],[-82.24649907632444,28.531533424973468],[-82.246502248198141,28.531258237681637],[-82.246480296866494,28.531190711578706],[-82.24647539453791,28.531177136542777],[-82.246399351914661,28.531051514404083],[-82.246371284121778,28.531006701524966],[-82.246345699549607,28.530966419332231],[-82.246337337014154,28.530889771094316],[-82.246347081698559,28.530880611743648],[-82.246433419626811,28.53088422243103],[-82.246626256826744,28.530950236452792],[-82.246736322295021,28.530989883306724],[-82.246907924289616,28.53098386774986],[-82.247122885009006,28.530868923882196],[-82.247522881657133,28.530589974911816],[-82.247622697001106,28.53047189863759],[-82.247641345314619,28.530426544260013],[-82.247753039580971,28.530326068166939],[-82.247894372730258,28.530252692224575],[-82.248013360502384,28.530215345244684],[-82.248142923901852,28.530078781120647],[-82.248190586182957,28.530019723855986],[-82.248272831718012,28.529919724338527],[-82.248265662598257,28.529888111078282],[-82.248304940971465,28.529833722499557],[-82.248411985208605,28.52978299985547],[-82.248526976103818,28.529795696687277],[-82.248742450021084,28.529807109492197],[-82.248833182172376,28.529815274683028],[-82.248925989884086,28.529814466679582],[-82.249101097242303,28.529749676582139],[-82.249141638331167,28.529735828803997],[-82.249206793644944,28.52970343413342],[-82.249275221977072,28.529666866386403],[-82.249339731089208,28.529634747151487],[-82.249395283244766,28.529602509881574],[-82.249431909183627,28.52959312138567],[-82.249518607962031,28.529574218601258],[-82.249616902492363,28.529550968601356],[-82.249696753215844,28.529559275931192],[-82.249794332182148,28.52954023746997],[-82.24982932966833,28.529522730737877]]},"properties":{"OBJECTID_1":99,"OBJECTID":105295,"QUADNUMBER":0,"ELEVATION":75,"ORGCONT":0,"DEPRESSION":1,"HILLTOP":0,"INTERVAL":0,"UNIT":" ","DATESTAMP":1078790400000,"ShapeSTLen":3856.0736693204703,"Shape_Length":3856.0736693288809}},{"type":"Feature","id":100,"geometry":{"type":"LineString","coordinates":[[-82.239352128147672,28.503389562679605],[-82.239428702763988,28.503402346766329],[-82.239573137445007,28.503450877857517],[-82.239689464554374,28.503576156388096],[-82.239687373270399,28.503941697906654],[-82.239594132637095,28.50416819265244],[-82.239406458054319,28.504417988173646],[-82.239261103176631,28.504780315996374],[-82.239230045875757,28.505195861672131],[-82.239180018700793,28.505873164797197],[-82.239106228209067,28.506162661332056],[-82.238978327401142,28.506434592169594],[-82.238824214756164,28.506666235678889],[-82.238651990337289,28.506870915194114],[-82.238560514836266,28.506948275490807],[-82.238501058518906,28.506984965645191],[-82.238427540798767,28.506981221753918],[-82.238334508472633,28.506918701352344],[-82.23825784849403,28.506793069761414],[-82.238200975782661,28.506631103686694],[-82.238119115034436,28.506550719569415],[-82.238005599305666,28.50648850372383],[-82.237944477196763,28.506430611263532],[-82.237913712208069,28.506394761495379],[-82.237887862004683,28.506331683711398],[-82.237883680547142,28.50615574348824],[-82.237942086026919,28.505947661154437],[-82.238147380660763,28.505598192030128],[-82.238234576273555,28.505389912925871],[-82.238235143958107,28.505236545693965],[-82.238219312811466,28.505187094844946],[-82.238203983469035,28.505146385990617],[-82.23810802116823,28.504948744419192],[-82.237989726945216,28.504629534766202],[-82.237963559063772,28.504350037706708],[-82.237958504096767,28.504070249204254],[-82.237979442830294,28.504002412602976],[-82.23801581670169,28.503929697929955],[-82.238094499384346,28.503811649018974],[-82.238527249507129,28.503559586408908],[-82.238647003621097,28.503513249815864],[-82.238738226928163,28.50348991723877],[-82.239034317779982,28.5034196279551],[-82.239352128147672,28.503389562679605]]},"properties":{"OBJECTID_1":100,"OBJECTID":106191,"QUADNUMBER":0,"ELEVATION":160,"ORGCONT":0,"DEPRESSION":0,"HILLTOP":0,"INTERVAL":0,"UNIT":" ","DATESTAMP":1078790400000,"ShapeSTLen":3201.1831571501089,"Shape_Length":3201.1831571533689}},{"type":"Feature","id":101,"geometry":{"type":"LineString","coordinates":[[-82.248245256429115,28.512135167860627],[-82.248309381843072,28.512166077985739],[-82.24831118988277,28.512251938645623],[-82.248282603406253,28.512279158815861],[-82.248165553737678,28.512316246234558],[-82.248095435919737,28.512339570965551],[-82.248024031867118,28.512362881765767],[-82.24799658626506,28.512358602384182],[-82.2478828334621,28.512350424402129],[-82.24784680162233,28.512283279529072],[-82.247866035723462,28.512201910276133],[-82.247993476240765,28.512155378209819],[-82.248083991076129,28.512136532554365],[-82.248245256429115,28.512135167860627]]},"properties":{"OBJECTID_1":101,"OBJECTID":106366,"QUADNUMBER":0,"ELEVATION":130,"ORGCONT":0,"DEPRESSION":1,"HILLTOP":0,"INTERVAL":0,"UNIT":" ","DATESTAMP":1078790400000,"ShapeSTLen":385.41974273689465,"Shape_Length":385.4197427330962}},{"type":"Feature","id":102,"geometry":{"type":"LineString","coordinates":[[-82.227760095797876,28.510936609700217],[-82.227688133937505,28.510955391798667],[-82.227555862414704,28.510983556438116],[-82.227490794564275,28.511011155483683],[-82.227475773000094,28.51102953443575],[-82.227396256508513,28.511079748864645],[-82.227174080681138,28.511284909773153],[-82.227109136241268,28.511344024819209],[-82.227100692270838,28.511430034720487],[-82.227146254389552,28.511461004834388],[-82.227166971056178,28.511524022833658],[-82.227189005606235,28.511546530316746],[-82.227321074654967,28.511608426344466],[-82.227375960818961,28.511617001593091],[-82.227493339892888,28.511638469668469],[-82.227560595684338,28.51163341127787],[-82.227636108946868,28.511632674814866],[-82.227711058832,28.511627430209678],[-82.227735525090665,28.511618176213439],[-82.227915537860653,28.511526457311277],[-82.227925946121488,28.511476776300103],[-82.227981767523886,28.511467064509748],[-82.228120160819799,28.511298842611065],[-82.228177803853029,28.511217109300755],[-82.228235004394335,28.511162396686096],[-82.228275602645397,28.511026699828193],[-82.228036171930185,28.510956697738195],[-82.2280049664828,28.510947863753017],[-82.227760095797876,28.510936609700217]]},"properties":{"OBJECTID_1":102,"OBJECTID":106733,"QUADNUMBER":0,"ELEVATION":75,"ORGCONT":0,"DEPRESSION":1,"HILLTOP":0,"INTERVAL":0,"UNIT":" ","DATESTAMP":1078790400000,"ShapeSTLen":993.73459654552892,"Shape_Length":993.73459654037288}},{"type":"Feature","id":103,"geometry":{"type":"LineString","coordinates":[[-82.247242342102439,28.518805183446457],[-82.24720912255836,28.518841633807135],[-82.247159285957281,28.518837343571768],[-82.24709234216111,28.518901515841794],[-82.247084127938848,28.518973741226571],[-82.247091729189563,28.519176734176963],[-82.247080410336523,28.519203895601315],[-82.24702474359826,28.519362478103261],[-82.246974244814382,28.519398998620531],[-82.24686321507977,28.519458674193501],[-82.246823884485906,28.519477040766127],[-82.246724255047837,28.519505058272635],[-82.246570663520842,28.519506514662108],[-82.246548405988932,28.519497792346538],[-82.246481504555263,28.519480354931396],[-82.246431093269663,28.51947156546083],[-82.246381680580072,28.51944054931575],[-82.246193418936642,28.519370090506673],[-82.246078007500572,28.519384686630861],[-82.245977915578763,28.519480245219114],[-82.245965320964359,28.519507664225053],[-82.245969435796155,28.519529953808696],[-82.245961304952175,28.519597955077952],[-82.24596885556987,28.519724124926636],[-82.245979794161997,28.519918151563324],[-82.24598091855286,28.51996770019112],[-82.245982421402886,28.520112083154842],[-82.245987798406134,28.520333067582946],[-82.245677145654554,28.520985730713985],[-82.245609192635428,28.521072112665848],[-82.245521522465793,28.521230862460492],[-82.245423203044012,28.521335727850914],[-82.245392047913924,28.52136291864381],[-82.245338048744586,28.521417682233313],[-82.245293384119307,28.521449763762842],[-82.24511769808494,28.521550562747105],[-82.245030720779312,28.521587472289951],[-82.244994021797893,28.52160136515678],[-82.244893456786485,28.521647378542408],[-82.244829369585901,28.521693009398696],[-82.244830023843306,28.521810372152324],[-82.244883765478662,28.521850438817527],[-82.245036289471287,28.521876269648931],[-82.245070845609362,28.521875863524297],[-82.24516619965118,28.52187508961951],[-82.245205804200111,28.521879239330257],[-82.245282107820344,28.521869506020678],[-82.245397892911996,28.521832395398974],[-82.24543382658662,28.521786696029114],[-82.245534623882904,28.521686645600273],[-82.245565223426141,28.521654667017547],[-82.245596445808687,28.521622973346382],[-82.245656573385148,28.521545488272874],[-82.245744145360021,28.521432048191933],[-82.245776239859168,28.521386581261357],[-82.245807320917223,28.521363614407402],[-82.245992746726458,28.521253644379016],[-82.246036774164892,28.521221833575979],[-82.246176184189991,28.521148159664467],[-82.246332643790183,28.521088204682243],[-82.246368556212957,28.52108330748889],[-82.24643647396185,28.521078243954335],[-82.24659355926164,28.521058544003555],[-82.246768563988525,28.521039059470915],[-82.246956721758735,28.521037196226878],[-82.247188389471845,28.521035023468052],[-82.247434297349173,28.521023750365941],[-82.24759052467806,28.521017821563444],[-82.247810470241234,28.520988770102917],[-82.247881011262734,28.520979240754258],[-82.24797203692691,28.520969396059218],[-82.248033141458919,28.520909942485716],[-82.248034969781088,28.520797119441276],[-82.248039803841266,28.520774664701605],[-82.247904753231978,28.520658438776099],[-82.247757695306859,28.520492811185346],[-82.247713914591998,28.520430069522146],[-82.247696429247384,28.520403117575281],[-82.247659450496357,28.520236623204259],[-82.247657331716752,28.520209574661241],[-82.24765026839853,28.520092138768835],[-82.247658609104576,28.52005143757723],[-82.247714747213308,28.519942670827692],[-82.247731611584726,28.519929086805298],[-82.247828344687662,28.51984249067624],[-82.247841367524686,28.51982886943226],[-82.247841312615421,28.519792281107335],[-82.247900612484443,28.519805410373543],[-82.248110465677428,28.519767226132132],[-82.248176609226604,28.519753136974451],[-82.248198659610821,28.519734836771551],[-82.248273407794329,28.519702562159285],[-82.248308601395834,28.519702445507836],[-82.248424057213754,28.519565984346862],[-82.248460132857105,28.519511562712868],[-82.24845839572356,28.519421208322559],[-82.248448364507837,28.5194078511546],[-82.248428980910646,28.519340357544479],[-82.248338705719419,28.519264373389863],[-82.24831467379353,28.519246622098393],[-82.248136306259852,28.519157998062266],[-82.248077718515034,28.5191403766073],[-82.248049859474847,28.519122583529313],[-82.247789220561174,28.519016609061296],[-82.247726370269206,28.518985712656725],[-82.247457010508228,28.51882559358161],[-82.247408596172434,28.518812609425598],[-82.247242342102439,28.518805183446457]]},"properties":{"OBJECTID_1":103,"OBJECTID":108754,"QUADNUMBER":0,"ELEVATION":75,"ORGCONT":0,"DEPRESSION":1,"HILLTOP":0,"INTERVAL":0,"UNIT":" ","DATESTAMP":1078790400000,"ShapeSTLen":3982.6101873682737,"Shape_Length":3982.610187361397}},{"type":"Feature","id":104,"geometry":{"type":"LineString","coordinates":[[-82.223662473304614,28.522038725344245],[-82.223911498826595,28.522153926810407],[-82.223966308782352,28.522167008054129],[-82.224064942085576,28.522161499001154],[-82.224259546490842,28.522078694189574],[-82.224496712062106,28.521819132525284],[-82.224571692764158,28.521773366889605],[-82.224692212848595,28.521682025857451],[-82.224722881272967,28.521645827030859],[-82.224750920612806,28.521613821250714],[-82.224785448247658,28.521536866845132],[-82.224781115930455,28.52141045851997],[-82.224743611921511,28.521122090094785],[-82.224832813025117,28.520949866337777],[-82.224976242724082,28.52082673707671],[-82.224996600260582,28.520794909093205],[-82.225008459018639,28.520695441554889],[-82.22492666636218,28.520610535094043],[-82.224529217422727,28.520420053288845],[-82.224330011541085,28.520236853542983],[-82.22428935197884,28.520219177778099],[-82.224182552469941,28.520215572298294],[-82.224094207273922,28.52025694908691],[-82.224073409116514,28.520315783172915],[-82.224081462748899,28.520410443468592],[-82.224121401161099,28.520667316112664],[-82.224107419617255,28.520739745478856],[-82.224030547234662,28.520862318334007],[-82.22386609759522,28.52094043596799],[-82.223810270211047,28.520949857333566],[-82.223744353587989,28.52095043332093],[-82.223643591685587,28.520940185211195]]},"properties":{"OBJECTID_1":104,"OBJECTID":109305,"QUADNUMBER":0,"ELEVATION":85,"ORGCONT":0,"DEPRESSION":0,"HILLTOP":0,"INTERVAL":0,"UNIT":" ","DATESTAMP":1078790400000,"ShapeSTLen":7408.1075512862453,"Shape_Length":1526.5557933737525}},{"type":"Feature","id":105,"geometry":{"type":"LineString","coordinates":[[-82.22818456883212,28.505201597771006],[-82.228288081829575,28.505209661503471],[-82.228457358626386,28.505226154478624],[-82.228519768286105,28.50524383038546],[-82.228620777563094,28.505287881127654],[-82.22867470597815,28.505354976754713],[-82.228684550654023,28.505418138299337],[-82.228679042139262,28.5054813843293],[-82.228669127193413,28.505540077290274],[-82.228614192625926,28.505612832426316],[-82.22847893239414,28.505668253986688],[-82.228442157530367,28.505686644358505],[-82.228381443462681,28.505682780563145],[-82.228292508258306,28.505683342355049],[-82.228239537020642,28.505675075552304],[-82.228153598132806,28.505648665460647],[-82.228087439421429,28.505585913318669],[-82.228030663110701,28.505536796168816],[-82.227963640341372,28.505487826120191],[-82.227892094463385,28.505402774993268],[-82.227882473555141,28.505326108427578],[-82.227898140202612,28.505267490696987],[-82.227954553105789,28.505221773219088],[-82.228029077118919,28.505203011044376],[-82.228076990570372,28.505206993031976],[-82.228156410248161,28.505201807467621],[-82.22818456883212,28.505201597771006]]},"properties":{"OBJECTID_1":105,"OBJECTID":109559,"QUADNUMBER":0,"ELEVATION":80,"ORGCONT":0,"DEPRESSION":1,"HILLTOP":0,"INTERVAL":0,"UNIT":" ","DATESTAMP":1078790400000,"ShapeSTLen":703.57466343762235,"Shape_Length":703.57466343205886}},{"type":"Feature","id":106,"geometry":{"type":"LineString","coordinates":[[-82.227745258631856,28.532226157323674],[-82.227792200486149,28.53215513604448],[-82.227958482996257,28.532004701032029],[-82.228000033798821,28.531968359627299],[-82.228207012674687,28.531795093370921],[-82.228306575787784,28.531419529609526],[-82.228408383844425,28.531220166114604],[-82.228533072845508,28.531070053882718],[-82.228680280089748,28.53095118260514],[-82.228703607913459,28.530933192025039],[-82.228773329996002,28.530896359892406],[-82.229021363621229,28.530794808596482],[-82.229052943626328,28.530780849267035],[-82.229127996588204,28.530730586443582],[-82.229236804354258,28.530612351418274],[-82.22932430718059,28.530426598916449],[-82.229427147974576,28.530281279916498],[-82.22961913192924,28.530085303064929],[-82.229781417258224,28.529944111694263],[-82.229946185116617,28.529847691324683],[-82.230033097440796,28.529815296064374],[-82.230165753629052,28.529764634621664],[-82.230459795080932,28.5296670326181],[-82.230654698984836,28.529566211843182],[-82.230727647308143,28.529488617788104],[-82.23098242471842,28.529129931057756],[-82.231116562690175,28.528988656007055],[-82.231383291363741,28.528760702892189],[-82.231673385697789,28.528591001075373],[-82.231844355265281,28.528427118220609],[-82.23196340172521,28.528426092044274],[-82.232010251848322,28.52845707716402],[-82.232072293792015,28.528537780044964],[-82.23206034023535,28.528682277186295],[-82.232029552333259,28.528804588888221],[-82.23198786140108,28.529084638770595],[-82.231892289138585,28.529216546540731],[-82.231777659235334,28.529339205212239],[-82.231577206236508,28.529426727426586],[-82.231497229790079,28.529504234655409],[-82.23148677037733,28.52951789417374],[-82.231494608518474,28.529626055166489],[-82.231557354122913,28.52970226518136],[-82.231932444684801,28.529775661978],[-82.232037312548769,28.529819766496214],[-82.232240649706952,28.529908156771533],[-82.232499925590346,28.530059173189848],[-82.232778947363414,28.530255183318104],[-82.233022027200334,28.530496889852735],[-82.233097391764915,28.530663033421316],[-82.233122246103406,28.530865970235631],[-82.233122590222663,28.530883981403864],[-82.233104058090248,28.530960855318025],[-82.233065830739676,28.531029039128693],[-82.233051115537208,28.53102913656469],[-82.23299658584115,28.531115409712427],[-82.232981067099956,28.531165027544727],[-82.232973284636657,28.531210234966856],[-82.23299159263172,28.531422094600625],[-82.232958367875668,28.531575890837519],[-82.232884256961015,28.531725510723216],[-82.232882854730164,28.531811329975323],[-82.232918391975886,28.531869464131766],[-82.233241969095914,28.532394731041496],[-82.233276802086522,28.532416844602434],[-82.23339425777904,28.532474606910604],[-82.233537619307413,28.532473320989933],[-82.233598791013634,28.532450164435151],[-82.233847792164099,28.532289797617644],[-82.234092107593369,28.532219993483167],[-82.234565505509991,28.532269851702939],[-82.234673671591509,28.532268961033207],[-82.234808301196551,28.53225405258663],[-82.234862928028619,28.532240109817433],[-82.235261755914536,28.532074023865817],[-82.235500887111868,28.532008651291338],[-82.235694191822802,28.53196634331616],[-82.235745203211081,28.531938558142439],[-82.235775086676483,28.531911354643359],[-82.235943208726539,28.531765445512185],[-82.235985891921501,28.531737842550825],[-82.236085467084081,28.531714330302329],[-82.23616083543358,28.531722876255053],[-82.236265293655762,28.53175346012863],[-82.236293579631123,28.531784764785446],[-82.236486449307009,28.531927343787899],[-82.2367412213775,28.532001739752676],[-82.236884348066866,28.532054759382181],[-82.23701152304757,28.532143882537152],[-82.237051980438892,28.532175067438107],[-82.237323524140521,28.532398266175704],[-82.237562827199795,28.532558309530106],[-82.237690098497481,28.532602402943514],[-82.237977688602612,28.532626840244355],[-82.238205347423758,28.532597625626671],[-82.238558467574336,28.532526920585347],[-82.238986084312259,28.532401151387123],[-82.239035235029363,28.532369122712957],[-82.239112299209467,28.53227356025328],[-82.239119807601114,28.532205838516401],[-82.239124595835051,28.532147085483786],[-82.239027564053544,28.532053274110851],[-82.238979184965189,28.53195895838579],[-82.238951263603852,28.531904853142763],[-82.238916820235886,28.531503679633754],[-82.238896648387481,28.531445170824792],[-82.238845412501462,28.531368831214309],[-82.23874362967733,28.531252447639893],[-82.23862946849448,28.531149704860876],[-82.238562626808061,28.531010412322086],[-82.238535013471392,28.530897772977092],[-82.238545383143943,28.530771548859288],[-82.238651244430258,28.530675788081098],[-82.238708086846785,28.530643571852931],[-82.238881680347191,28.530633090903027],[-82.239152053860423,28.530810970407433],[-82.239204165353485,28.53083301322711],[-82.239595737897687,28.530797968023347],[-82.2397976109349,28.530859321513578],[-82.239871851324352,28.530858560590961],[-82.239951400678606,28.53076753476704],[-82.239971826762712,28.530731491415942],[-82.239989490390499,28.530668108209806],[-82.240095961911308,28.530495535623793],[-82.240090751122708,28.530382898500758],[-82.240051109467004,28.530301915213084],[-82.240006493424843,28.530054266314387],[-82.24001494478955,28.529927735058443],[-82.240039582936291,28.529868952315041],[-82.240094933795035,28.529809699301975],[-82.240179436682354,28.529768269323508],[-82.240230297280263,28.529749771496736],[-82.2403735303334,28.529716956901368],[-82.240521381123671,28.529715435508063],[-82.240670144031768,28.529736720973059],[-82.24092728735971,28.529743325094664],[-82.241198829543535,28.529691284871756],[-82.241309915374615,28.529667632859137],[-82.241310711263225,28.529658637748824],[-82.241666876122466,28.529596688249132],[-82.242468118029549,28.529593791366544],[-82.242646691780763,28.529592375239009],[-82.243218093131517,28.52943800120412],[-82.243258223709304,28.52937012245177],[-82.24325853721794,28.529311310498883],[-82.243161494607065,28.529100154493321],[-82.243106356219727,28.528829860270626],[-82.243148682514629,28.528310609876179],[-82.243151151644639,28.528197796678246],[-82.243123224719383,28.528143981028904],[-82.243086343084613,28.52809004875294],[-82.243008943764835,28.528009437058035],[-82.242974816154643,28.527982835540207],[-82.242795517150256,28.527871676502109],[-82.24256188958789,28.527598303567512],[-82.242530421356349,28.527526434527601],[-82.242509541316053,28.527472416670101],[-82.24248787232554,28.52742768717912],[-82.242464374933746,28.527337622490133],[-82.242407702397486,28.527004269169431],[-82.242381427278247,28.52692767785846],[-82.242363944242811,28.526900725245646],[-82.242287470697207,28.526802106923505],[-82.242081203232814,28.526578331476841],[-82.241918717598253,28.526259413598229],[-82.241808046783802,28.526138710467691],[-82.241733883218927,28.526134964168413],[-82.241600262829152,28.526127096987196],[-82.241266123926707,28.526252075877672],[-82.241097728309825,28.526258128218252],[-82.240884277395153,28.526201412624477],[-82.240135832637961,28.52586979479706],[-82.240013261362677,28.525812256629909],[-82.239775597517934,28.525827847499354],[-82.23948231287612,28.525880162320984],[-82.239348185855633,28.5259038074154],[-82.239239946213857,28.525909487964054],[-82.239170263605175,28.525905512199611],[-82.239101851041866,28.525901559429748],[-82.238930712395543,28.525840032558797],[-82.23888118327649,28.525777216082005],[-82.238860284714818,28.525606130651973],[-82.23893512063448,28.525411201961283],[-82.238958029178832,28.525379406234883],[-82.239440173496334,28.524928443519268],[-82.239501066954872,28.524882771210088],[-82.239557553678338,28.524832543470087],[-82.239567368927794,28.524818879049057],[-82.239610857968543,28.524741748139725],[-82.239602417316505,28.524552254582986],[-82.239557229990098,28.524457972119038],[-82.239500839025681,28.524305018861405],[-82.239494674404028,28.524250903276752],[-82.23949670489479,28.523889875598552],[-82.239557985554683,28.523623012660572],[-82.239736016337005,28.523377880702121],[-82.239749627735776,28.523327962236266],[-82.239696380678666,28.523296897204681],[-82.239528208414313,28.523289440839367],[-82.23951463786922,28.523258030559763]]},"properties":{"OBJECTID_1":106,"OBJECTID":114796,"QUADNUMBER":0,"ELEVATION":85,"ORGCONT":0,"DEPRESSION":0,"HILLTOP":0,"INTERVAL":0,"UNIT":" ","DATESTAMP":1078790400000,"ShapeSTLen":27583.773461402445,"Shape_Length":11950.917187432255}},{"type":"Feature","id":107,"geometry":{"type":"LineString","coordinates":[[-82.255455388016841,28.53489966352441],[-82.255441886808327,28.534862725209059],[-82.255359591771096,28.534687499955822],[-82.255340328990926,28.53465152353423],[-82.255325958130726,28.534471237413772],[-82.255340892579554,28.534457633539109],[-82.255456182424112,28.534452036958992],[-82.255681241723707,28.53450408219889],[-82.255737501354858,28.534508156848936],[-82.255827101481032,28.534507300522986],[-82.255911104776516,28.53449737256901],[-82.25606032037409,28.534450827145637],[-82.256133371077482,28.534405017152061],[-82.256182745379263,28.534359477365665],[-82.256213364872252,28.534246448569554],[-82.256174623267498,28.534187997274582],[-82.256125495545149,28.534138985146246],[-82.256075949296104,28.534076175109824],[-82.256048637419994,28.534062889922744],[-82.256024342548685,28.533981822010933],[-82.256026424848343,28.533932317174298],[-82.256572694383607,28.533868471323299],[-82.25659638288505,28.533868206400513],[-82.256751062713448,28.533839736524552],[-82.256833208703725,28.533825554243379],[-82.257073674227499,28.533755655658751],[-82.257152497648875,28.533709647404617],[-82.257325692084663,28.533604296208516],[-82.257373837072535,28.533585570633729]]},"properties":{"OBJECTID_1":107,"OBJECTID":118981,"QUADNUMBER":0,"ELEVATION":80,"ORGCONT":0,"DEPRESSION":1,"HILLTOP":0,"INTERVAL":0,"UNIT":" ","DATESTAMP":1078790400000,"ShapeSTLen":4899.5826238170439,"Shape_Length":1093.7549670112546}},{"type":"Feature","id":108,"geometry":{"type":"LineString","coordinates":[[-82.236627600626861,28.536941622984973],[-82.236680595856328,28.536871490498537],[-82.236738807898121,28.53679426908614],[-82.237069363070049,28.536380800331454],[-82.237179934591694,28.536271316858702],[-82.237249154318988,28.536225749270358],[-82.237267228671982,28.536216412697218],[-82.237344696891455,28.536175173644406],[-82.237391381324926,28.536098087592954],[-82.237384461146092,28.536012164702409],[-82.237359538998163,28.535931369726839],[-82.23727474371718,28.535832647764096],[-82.237184904168231,28.535729924526642],[-82.237056288977925,28.535491924117302],[-82.236951132004364,28.535032448547732],[-82.236849473368551,28.534947587795472],[-82.23666795703835,28.53485441115199],[-82.236575700563378,28.53474264838189],[-82.236552770397552,28.534657088987448],[-82.236554731534994,28.534575787725426],[-82.236568734337567,28.5344628337179],[-82.236587317406631,28.534421977369725],[-82.236725646811138,28.534258241906869],[-82.236796786850221,28.534212420340843],[-82.236829015306213,28.534198753147365],[-82.236916964583784,28.534103057464179],[-82.236941965791047,28.534021754800943],[-82.236989048788942,28.533723486681556],[-82.237024295375534,28.533641755554513],[-82.237041867469117,28.533623679752875],[-82.237148938568211,28.533532442424605],[-82.237320158970491,28.533472116534174],[-82.237357574390458,28.533453734412163],[-82.238087068938782,28.53333879890717],[-82.23851956977046,28.53326712734204],[-82.238924643442061,28.533267991794183],[-82.239386216547601,28.533218634608531],[-82.23975386801655,28.533120529957678],[-82.239807550363878,28.533124577863745],[-82.239917501298706,28.533132716868309],[-82.240264362916506,28.533210797416928],[-82.240438273190676,28.533299380770188],[-82.240625662652221,28.533464667479706],[-82.240658656205966,28.533482255320415],[-82.240730466217883,28.533513259033374],[-82.240752726231605,28.53352198226921],[-82.240838909479734,28.533534885536],[-82.240921628044546,28.533524952884544],[-82.24104931338465,28.533465200319181],[-82.241107742023459,28.533374475718134],[-82.241125762885147,28.533288588126148],[-82.24108749473676,28.533004717254894],[-82.241090566820588,28.532815082685111],[-82.241133824664729,28.532634106981078],[-82.241180598467892,28.53251199864723],[-82.24118409656181,28.532335873245742],[-82.241143152760813,28.532137804064764],[-82.241077778692585,28.532025538197264],[-82.241007379310631,28.531868190927906],[-82.240999666827008,28.531633672864963],[-82.241019852729892,28.531493495317559],[-82.241041004171706,28.531412154500565],[-82.24104883757353,28.531402965533399],[-82.24117017649742,28.531221284521216],[-82.241181873691602,28.531131095806721],[-82.241120420144981,28.531014091972903],[-82.241035750856611,28.530947182508189],[-82.240979671145382,28.530893570694438],[-82.240922029067278,28.530817427310225],[-82.240910378098235,28.530786044485762],[-82.240887029397229,28.530686976583461],[-82.240887545639268,28.530655184168978],[-82.240905337220511,28.530623602945909],[-82.240965810220473,28.530564423516431],[-82.241050242864929,28.530527485009117],[-82.241144466423094,28.530517699646868],[-82.241303421285508,28.530502518705223],[-82.241405313670171,28.530533347724397],[-82.241484587597597,28.530577678096339],[-82.241525257059081,28.530595355860637],[-82.241572688863513,28.530590329357572],[-82.242109212491741,28.530535703402361],[-82.242223060968854,28.530539381426053],[-82.242415493762834,28.530551079056732],[-82.242477281398394,28.530568464383091],[-82.242651627931437,28.530630030600303],[-82.242851177768216,28.530795182499425],[-82.242944605203775,28.53083519514545],[-82.243284685808675,28.530818345116213],[-82.243402528926993,28.530812790299962],[-82.243597129124012,28.530729680875012],[-82.24366428383955,28.530693090260144],[-82.243852956422316,28.530659708626324],[-82.243897906708909,28.530650425785652],[-82.244022498460751,28.530662676963761],[-82.244090766430091,28.53067563563015],[-82.244389807419651,28.530821779864823],[-82.244472050763406,28.530920460532183],[-82.244485832720201,28.530938365363436],[-82.244502014737819,28.531005827287267],[-82.244503338500422,28.531082666977664],[-82.244373929100917,28.531525972116476],[-82.244322512080231,28.532013870691753],[-82.244217347905774,28.532303540838612],[-82.244197156497137,28.532642116045018],[-82.244169810157231,28.532710157044804],[-82.244077155881726,28.532859832525208],[-82.244074921829935,28.532918619925798],[-82.244084200257419,28.533017795534267],[-82.244189843620902,28.533251569740454],[-82.244204239651978,28.533508689231621],[-82.244280281468562,28.533634312558974],[-82.244325630422409,28.533679061381754],[-82.2443871439433,28.533714444523252],[-82.244430227941237,28.533741154962691],[-82.244734561262661,28.533837555067727],[-82.244833315212276,28.533904359188252],[-82.244859262375371,28.533922415292867],[-82.245094606073181,28.534209026385675],[-82.245140831088818,28.534239999929966],[-82.245389113585475,28.53435961331418],[-82.245444853176096,28.534395212136559],[-82.245472728087051,28.534413008371587],[-82.245536570414458,28.5344622071167],[-82.24572530516545,28.534663530325155],[-82.245886138343366,28.5347297070007],[-82.246011300443953,28.534746475146612],[-82.246180227600888,28.534708903955881],[-82.246440214524412,28.534580172931854],[-82.246525157502901,28.534511718365199],[-82.246794475828366,28.53416163403697],[-82.246940682220327,28.534025000263391],[-82.247130316442309,28.533933093341862],[-82.247269077373801,28.533900212843303],[-82.247301645165024,28.533904282686802],[-82.247397654753968,28.533903507781019],[-82.247530278351675,28.533933880058335],[-82.247698685736111,28.533927819677309],[-82.247915366266469,28.53378587955272],[-82.24813769764593,28.533729836666726],[-82.248263454389402,28.533669781281951],[-82.248444943247193,28.533487722235726],[-82.248774584026691,28.533286122962163],[-82.248860222181705,28.533253701775156],[-82.249089029202779,28.533192958681251],[-82.249198198576678,28.533169553685713],[-82.249232192915912,28.533164628565949],[-82.249564667668722,28.533143456310974],[-82.249820345868216,28.53312300743081]]},"properties":{"OBJECTID_1":108,"OBJECTID":118995,"QUADNUMBER":0,"ELEVATION":110,"ORGCONT":0,"DEPRESSION":0,"HILLTOP":0,"INTERVAL":0,"UNIT":" ","DATESTAMP":1078790400000,"ShapeSTLen":25024.810255117947,"Shape_Length":8312.0611679410831}},{"type":"Feature","id":109,"geometry":{"type":"LineString","coordinates":[[-82.244889423032916,28.520591446899825],[-82.244976316715906,28.52059957651473],[-82.245044780724243,28.520639545293378],[-82.245087780050824,28.52067075846935],[-82.245117978647073,28.520742900888127],[-82.245091918511164,28.520810679077528],[-82.245047304670095,28.520878786697203],[-82.244978169250004,28.52092013426023],[-82.244922424335257,28.520925058719051],[-82.244815748461903,28.520952993686553],[-82.244716053339332,28.520944990799293],[-82.244629158388648,28.520936869142897],[-82.244541855651462,28.520914953964404],[-82.244492866327136,28.520897450849944],[-82.244469079243004,28.520825393306882],[-82.244469807036467,28.52078037654033],[-82.24456427577006,28.520675745250497],[-82.244670315301661,28.520647525581737],[-82.244770809139482,28.520606008888826],[-82.244889423032916,28.520591446899825]]},"properties":{"OBJECTID_1":109,"OBJECTID":125678,"QUADNUMBER":0,"ELEVATION":70,"ORGCONT":0,"DEPRESSION":1,"HILLTOP":0,"INTERVAL":0,"UNIT":" ","DATESTAMP":1078790400000,"ShapeSTLen":543.70943466569202,"Shape_Length":543.70943466442441}},{"type":"Feature","id":110,"geometry":{"type":"LineString","coordinates":[[-82.249809439110962,28.50358272134174],[-82.249844864080956,28.503528289607139],[-82.250059600576819,28.503304991557933],[-82.250084354499805,28.503277722999208],[-82.250433477459708,28.502972239978533],[-82.250947926739869,28.502610846262716],[-82.251158862932741,28.502424092365988],[-82.251580039578897,28.502054491148833],[-82.251853677651681,28.501867102147671],[-82.251998247028723,28.501788982081713],[-82.252089692192683,28.501752139174418],[-82.252311826517172,28.5016642874191],[-82.252599432708891,28.501602870725907],[-82.2529895437401,28.501572271051277],[-82.25324520253713,28.501587837847953],[-82.253325748015868,28.501591661706268],[-82.253473056086179,28.501621919015523],[-82.253517626151606,28.501635136540298],[-82.253620193577504,28.501701699290724],[-82.253742722286631,28.501800038875302],[-82.25384810458452,28.501970480210879],[-82.253876000918183,28.502105630905284],[-82.253862652371936,28.502457799944526],[-82.253858643594086,28.502548082187424],[-82.253789568212255,28.502864666405387],[-82.253658299028146,28.503348756274381],[-82.253648755926477,28.503384935777078],[-82.253639637399104,28.503434632598061],[-82.253547917028101,28.504085258481219],[-82.253546407644407,28.504337948258055],[-82.253594458330156,28.504572121374448],[-82.253656185535235,28.504711625936732],[-82.253762219757434,28.504841281612034],[-82.253928047825852,28.504993339136156],[-82.254127650015562,28.50511317625249],[-82.254146053576434,28.505122132857057],[-82.254238182844276,28.505161832695123],[-82.254289653452943,28.505183857516904],[-82.254413713474307,28.505227903664352],[-82.254480032478824,28.505240830194083],[-82.254584686528062,28.505257887132764],[-82.254675132570995,28.505243542662587],[-82.254908420067594,28.50517833643012],[-82.255092453637147,28.505113368432824],[-82.255928420440767,28.504690391196252],[-82.256172307574118,28.504602530091475],[-82.256278960902449,28.504574586270159],[-82.256341815425785,28.504564962379369],[-82.256429063186374,28.504550562318972],[-82.25665671194416,28.504557337883991],[-82.256956438792159,28.504617906673101],[-82.257011186115648,28.504635480195251],[-82.257100118593186,28.504675134509057],[-82.257329920637659,28.504826585880142],[-82.257430140800665,28.504920417357816],[-82.257469802412956,28.504960591553157],[-82.257577341692226,28.505077028262171],[-82.257965883209394,28.505583340752608],[-82.258007881722321,28.505637050110245],[-82.258174664739258,28.505928698631703],[-82.258290484288651,28.506166809023561],[-82.258377855065362,28.506423422838733],[-82.25847227880918,28.506878241445573],[-82.258457173175856,28.507221384150682],[-82.258331994786062,28.507605936497868],[-82.258169739920461,28.507869293285459],[-82.257924772698203,28.508182840357691],[-82.257773831546302,28.508378526940046],[-82.257565215493685,28.508619640472649],[-82.257367796611888,28.508801796417593],[-82.257194393227692,28.50896145346222],[-82.256719059986551,28.509277200921101],[-82.25641488141153,28.509532599595147],[-82.256384440534191,28.50955558121732],[-82.256252935557214,28.509696628256243],[-82.256173267087377,28.509796661327169],[-82.256122831354546,28.509869206030729],[-82.256068757180799,28.509968994989197],[-82.25603753554509,28.510199655530474],[-82.256053371124722,28.510488307117889],[-82.256164281997698,28.510952054543075],[-82.256195534554976,28.511276635635575],[-82.256240963283332,28.511754483765486],[-82.25624744203823,28.511948460382229],[-82.256242295608473,28.512029729336728],[-82.256230579573369,28.512201528028111],[-82.256196400088641,28.51233702605413],[-82.25616487619466,28.512427526131674],[-82.256129434712108,28.512522774527312],[-82.256058073640403,28.512663436350937],[-82.256028627780083,28.512704161609449],[-82.25596516624185,28.51279060709598],[-82.255851001424872,28.512927080414929],[-82.25580733851632,28.512976916340094],[-82.255793672914308,28.512990535051181],[-82.255713588928856,28.513077052313175],[-82.255278717101064,28.513500807278064],[-82.255193235038575,28.513564749478324],[-82.254913586635638,28.513765855728305],[-82.254317768660144,28.514290319220102],[-82.254033434848225,28.514464636268812],[-82.253996098949045,28.514478518318754],[-82.2536856909704,28.514602982578573],[-82.253140137625053,28.514707342424817],[-82.252927742584419,28.514704976752601],[-82.25265144696931,28.514657911709349],[-82.252415556618416,28.514565200623608],[-82.25223533005753,28.514512585456607],[-82.252204115078939,28.514504026866341],[-82.251914039274382,28.51443906434082],[-82.251737563229796,28.51443152020752],[-82.251167792250939,28.51445029761793],[-82.250660203451531,28.514382902722044],[-82.250574174766086,28.51436099534655],[-82.250484950132631,28.514339343758465],[-82.250423808563653,28.514321694613407],[-82.250036480722997,28.51417643757663],[-82.249838217528151,28.514051822386794],[-82.249753523459603,28.514010390613333],[-82.249536784416804,28.513937463913393],[-82.249380956764085,28.513839553641031],[-82.249138411915851,28.513525840260591],[-82.248828361155972,28.513230975609574],[-82.248627973141268,28.513119848123818],[-82.248448890676983,28.513035713967696],[-82.248342897077507,28.512982608652209],[-82.248220844887882,28.512893565844983],[-82.248185614331149,28.512817145258413],[-82.248199348686086,28.5126003361482],[-82.248200140827194,28.512591349106046],[-82.248164045020545,28.51252842111635],[-82.248135186260441,28.512492603622505],[-82.24808158423555,28.512484051569132],[-82.247809186204648,28.51247305176036],[-82.247753238681,28.512450955980189],[-82.247713290025573,28.512428794919142],[-82.247688435214556,28.512343209969984],[-82.247618704717496,28.512303225814122],[-82.247480401461459,28.512309091278333],[-82.247421166056057,28.512332268611299],[-82.247311720186545,28.512373963284787],[-82.247246373319285,28.512379057752764],[-82.247158435528021,28.512357129112797],[-82.24713568545539,28.512339395107269],[-82.247119075965102,28.512100263898191],[-82.247120897003953,28.511987438022551],[-82.247130019293323,28.511937741677766],[-82.24719186227496,28.511634865658522],[-82.247192557435184,28.511314339896128],[-82.247141088783906,28.510935751658842],[-82.247176019518264,28.510357874817746],[-82.247243672507537,28.510091092058001],[-82.247297775324512,28.509950494145418],[-82.247337405066432,28.509873604083499],[-82.247360456335272,28.509832804791742],[-82.247424212135655,28.509728356336637],[-82.247526674676081,28.509524196277606],[-82.247538995159033,28.509474543693077],[-82.247567996888648,28.509302955961882],[-82.247516018543948,28.509154277512],[-82.247405173564815,28.508965751969303],[-82.247393306405911,28.508947874560253],[-82.247348551924631,28.50886710908161],[-82.247236276533783,28.508529694640846],[-82.247207074815364,28.508475864836356],[-82.247176572871567,28.508304660604697],[-82.247175297572539,28.508105960036239],[-82.247254542011845,28.507834541488151],[-82.247511744707438,28.507399030475238],[-82.247546983740065,28.507317289169226],[-82.247563642494256,28.5072361664234],[-82.247640448368301,28.506323646680219],[-82.247744143237242,28.505885087810231],[-82.24787350934055,28.505599660502792],[-82.247898331469202,28.505567889493978],[-82.248241638879762,28.505108969047402],[-82.248587730715414,28.504794166935483],[-82.248607287746282,28.504771613911174],[-82.248687303227555,28.504689594563956],[-82.248975556357379,28.504470316323719],[-82.248987357082086,28.504452167387576],[-82.249134579372097,28.504329060635026],[-82.249632106129368,28.503827877415528],[-82.249809439110962,28.50358272134174]]},"properties":{"OBJECTID_1":110,"OBJECTID":127324,"QUADNUMBER":0,"ELEVATION":130,"ORGCONT":0,"DEPRESSION":0,"HILLTOP":0,"INTERVAL":0,"UNIT":" ","DATESTAMP":1078790400000,"ShapeSTLen":14265.502166106804,"Shape_Length":14265.50216612752}},{"type":"Feature","id":111,"geometry":{"type":"MultiLineString","coordinates":[[[-82.269580213169064,28.51364081209649],[-82.269577862145695,28.513661168326976],[-82.269585650246384,28.51369752022444]],[[-82.269654708209487,28.515729842389931],[-82.269607310075315,28.515705182328173],[-82.269521913709454,28.51568357988727],[-82.269345433510935,28.515676058647941],[-82.269200023637097,28.515686641700078],[-82.268933932826144,28.515761312759917],[-82.268872778552918,28.515784476147537],[-82.268826984295018,28.515807268031935],[-82.268737512003028,28.515880459422881],[-82.268697122035476,28.515925829056318],[-82.268656568140528,28.516021011326636],[-82.268650804227477,28.516061742085263],[-82.268654734046223,28.516296211280387],[-82.26867392763198,28.516336691466488],[-82.268708745063321,28.516440123747209],[-82.268772733803232,28.516800567352171],[-82.268770652475368,28.516931403812372],[-82.268738558238311,28.517017676720773],[-82.268711173341387,28.517049424050366],[-82.268643468997581,28.51712231244397],[-82.268497121376939,28.517191424701522],[-82.268343233388265,28.517251436174266],[-82.267794758285319,28.517418859817219],[-82.267600042603391,28.517511012238351],[-82.267577929755063,28.517533809394585],[-82.267573501704717,28.517610583564871],[-82.267721298328254,28.51777168909198],[-82.268023242461368,28.517976356303667],[-82.268285716326702,28.518208675623764],[-82.268581197506762,28.51841804022499],[-82.268626773622231,28.518448993596877],[-82.268704897196983,28.518525098335736],[-82.268903096507728,28.518776031733662],[-82.268949862653471,28.518852311176577],[-82.268990169010252,28.518933017676588],[-82.269041967305455,28.51909518972414],[-82.269082870375897,28.519379080251753],[-82.269048582629537,28.519803595347135],[-82.269024808383804,28.519930224650821],[-82.268976643215282,28.520061328253053],[-82.268961203749612,28.52010673426944],[-82.268807338543141,28.520674761573908]],[[-82.268601134001827,28.521189254813198],[-82.268535156470165,28.521301992785087],[-82.268341474900893,28.521529518877379],[-82.268095758035415,28.521689704132324],[-82.267797701348101,28.521881892809656],[-82.267723523822823,28.52191868513659],[-82.267702901377135,28.521927994686074],[-82.267364967421656,28.522052990083733],[-82.267099858023258,28.522105157404543],[-82.266924000306361,28.522138441416992],[-82.266511964664318,28.522254919535488],[-82.26606030372389,28.522448853010452],[-82.265899786930362,28.522522571424489],[-82.265194579578107,28.522885599835263],[-82.264965156643768,28.522986889312012],[-82.264952710874198,28.523005019184911],[-82.264895593570444,28.523055253255166],[-82.264895089979802,28.523086765109316],[-82.264926649483286,28.523113610665856],[-82.264975862738169,28.523117593298043],[-82.265049743707948,28.523139614438936],[-82.265049854325312,28.523252467195526],[-82.265039591255075,28.523333664188403],[-82.264813954492425,28.523358455843997],[-82.264463165726383,28.523686464751894],[-82.264428096214019,28.523718398508812],[-82.264338197381463,28.523778072435828],[-82.264034520944222,28.523920647324633],[-82.263692953610928,28.523991552162332],[-82.263445419536851,28.523984828966924],[-82.263317499538431,28.523981551497947],[-82.263115913134769,28.523942757642246],[-82.262539663903766,28.523803626048029],[-82.262331666663897,28.523805551912851],[-82.262219235884075,28.523833709253136],[-82.262072871717407,28.523902813715114],[-82.261939411056446,28.524084642344882],[-82.261849748732274,28.524329206043912],[-82.26183159473284,28.524424106611431],[-82.261655987478093,28.525319079842522],[-82.261652076983609,28.525563027007813],[-82.261687788787654,28.525770308570404],[-82.261783827694984,28.525927124712826],[-82.261982945724313,28.526160073374648],[-82.262016984146626,28.526231976220998],[-82.262015179868428,28.526344801957421],[-82.262009628783403,28.526372030157891],[-82.261978677120695,28.52642624420924],[-82.261923340298821,28.52648549525161],[-82.261829166107105,28.526531604455467],[-82.261476492861007,28.526656688524376],[-82.261381451170124,28.526797346105838],[-82.26136935122787,28.52683349755652],[-82.261317362323354,28.527082188756591],[-82.261327408759769,28.527294220062959],[-82.261258872181898,28.527497963771321],[-82.261156200220285,28.527675102402771],[-82.260961028530716,28.527834775095549],[-82.260897856286178,28.527902946027528],[-82.260897719056601,28.527911945396525],[-82.260869205147898,28.528133349453153],[-82.260801804063746,28.528346108785879],[-82.260711455490025,28.528473321822556],[-82.260505303472854,28.528678442672565],[-82.260470580397993,28.528768910871534],[-82.260470215810003,28.528791423318097],[-82.260468503322386,28.5288184157939],[-82.26051987822062,28.528967084477028],[-82.260608163030128,28.529088062397747],[-82.260655077328167,28.529155334370941],[-82.260731271231336,28.529312472588131],[-82.260762470705899,28.529402346886535],[-82.260779785013185,28.529758834423006],[-82.260761927417903,28.529826297459909]]]},"properties":{"OBJECTID_1":111,"OBJECTID":131359,"QUADNUMBER":0,"ELEVATION":100,"ORGCONT":0,"DEPRESSION":0,"HILLTOP":0,"INTERVAL":0,"UNIT":" ","DATESTAMP":1078790400000,"ShapeSTLen":26213.114341222819,"Shape_Length":7547.652261666969}},{"type":"Feature","id":112,"geometry":{"type":"LineString","coordinates":[[-82.249809889431774,28.517314789845553],[-82.249291253907629,28.517454932390329],[-82.248861113864251,28.517504149960136],[-82.248607979931109,28.517488325061141],[-82.248480374680483,28.517426229645004],[-82.248319510550729,28.517283510478009],[-82.248193035287784,28.51723042899221],[-82.248128330131806,28.517235528135561],[-82.248087791633836,28.517249375611577],[-82.248015602327655,28.517281681549161],[-82.247937864853938,28.517341214216565],[-82.247758345682996,28.517441971293994],[-82.247585563519479,28.517443747147507],[-82.247466469423202,28.517408486459587],[-82.24731665755624,28.517215816301917],[-82.247283687244831,28.517157433884169],[-82.247277653572141,28.517135125266762],[-82.247247054727168,28.517008950468895],[-82.247245332447605,28.516878068803667],[-82.247242547805996,28.516733661054513],[-82.247132848808846,28.51651363605578],[-82.246986408310789,28.516429345011588],[-82.246617984756625,28.516301758838996],[-82.246524213170673,28.516284541641319],[-82.246498043672958,28.516280278597758],[-82.246202031876578,28.51626503409868],[-82.246041828518017,28.516279915268484],[-82.245972492788098,28.516294241068287],[-82.245302385790652,28.516503396107613],[-82.245095508529644,28.516555121213099],[-82.245011376740294,28.516574041804773],[-82.244131963518441,28.516708528096313],[-82.243929367908322,28.516732721188827],[-82.243596440482335,28.516744874851629],[-82.243191228084925,28.516717002562931],[-82.242682565337603,28.516636050013137],[-82.242234642876966,28.516558673378611],[-82.241952637114665,28.516547822480039],[-82.241774435595474,28.516567537483787],[-82.241584552555992,28.516636912150872],[-82.241554184022547,28.516655393915713],[-82.241491867939345,28.516710041762028],[-82.241369238038885,28.516814883425901],[-82.241199556361323,28.517019597490734],[-82.240980444050095,28.517391698138702],[-82.240950346387095,28.51743240414396],[-82.240881348620334,28.517505276568667],[-82.24083986981536,28.51753739792542],[-82.240745560811845,28.517592211315446],[-82.2406170708216,28.517584413427375],[-82.240518468628338,28.517549122080595],[-82.240444765165279,28.517477564507608],[-82.240392890958645,28.517401493524975],[-82.240370621607155,28.517275414302567],[-82.240368181510576,28.516873801988059],[-82.240323411561747,28.516675406781829],[-82.240324722478135,28.516594373509431],[-82.240337446122538,28.516440880360516],[-82.240351354696088,28.516372944056659],[-82.24037150248077,28.516314105026222],[-82.24047243304409,28.516087420545706],[-82.240547771560216,28.516019140876875],[-82.24062415513383,28.515964381018534],[-82.240646068128029,28.515955081401131],[-82.240913104328385,28.515862471129175],[-82.241059744300728,28.515815903395392],[-82.241139343985566,28.515760905638071],[-82.241202512651796,28.515692747363456],[-82.241241442376065,28.515620070720118],[-82.24125696421622,28.515570451851069],[-82.241278906526247,28.515479835070941],[-82.241336304373732,28.515136377502476],[-82.241365929229374,28.515045853535263],[-82.241384353534727,28.515014277381312],[-82.241429537421538,28.514950685249399],[-82.241459562070517,28.514914192325758],[-82.241527637458816,28.514859325804547],[-82.241601537071944,28.514800030991136],[-82.241615271093266,28.514781909052317],[-82.241655165889981,28.514768059233468],[-82.241734813548547,28.514749363455017],[-82.241771355409398,28.514744471774904],[-82.241942218392225,28.514742953993785],[-82.242060668521162,28.514777929246812],[-82.242080220553518,28.514795620165408],[-82.242118577757168,28.514876588207823],[-82.242158638314166,28.515128962572412],[-82.242323244493249,28.51527623931921],[-82.242647648886219,28.515395126024956],[-82.242705729798288,28.515403729964056],[-82.243131188699863,28.515485606489058],[-82.243892936080115,28.515505564755951],[-82.24395173013157,28.515509684010905],[-82.243990767148176,28.515509327875051],[-82.24408995823724,28.515508318662906],[-82.244411231430888,28.515464781213836],[-82.244435053445983,28.51545551093961],[-82.244656439600149,28.5153766739991],[-82.24470787891002,28.515321880062171],[-82.244767705630665,28.515262682873075],[-82.244802548010739,28.515244269932321],[-82.244881242624217,28.515126209141894],[-82.244943730380768,28.514981218033686],[-82.244966789699376,28.514782547745678],[-82.244971301260009,28.514701269528523],[-82.244971961579978,28.51466075466189],[-82.244956354866574,28.514556998195925],[-82.244938111836902,28.514498517341448],[-82.244910407109217,28.514273036806141],[-82.24494006477039,28.513902775590939],[-82.244948930207286,28.513790039031367],[-82.244933385372221,28.51356442646971],[-82.244877704476096,28.513406983836649],[-82.244714058567354,28.513160380497467],[-82.244624254224945,28.51266030039217],[-82.244577087901661,28.512570505865405],[-82.244492084639234,28.512485298369338],[-82.244368139666889,28.512355698480295],[-82.244346265027886,28.512283659033823],[-82.24433379886986,28.512184448260136],[-82.244330033937445,28.512022026686388],[-82.244379404356692,28.511778084237825],[-82.244390863704879,28.511425895502381],[-82.244370290350943,28.511313358058761],[-82.244361988379779,28.511272727547269],[-82.244330449431914,28.511205353467297],[-82.244196723055069,28.511008090233382],[-82.243983936474166,28.510793236752601],[-82.243890763379852,28.510699487436934],[-82.243827634653812,28.510528436689867],[-82.243829458160249,28.510415610812732],[-82.243908000439887,28.510306558042593],[-82.243993981498264,28.510251635569318],[-82.244064466898934,28.510205800464952],[-82.244112906184569,28.51017826217285],[-82.244188844332953,28.51015050932379],[-82.244476624753631,28.510080390957366],[-82.244640334795321,28.510006452863934],[-82.244872217481117,28.509792384044076],[-82.245195514131566,28.509622513051589],[-82.24531579601971,28.509504134158739],[-82.245402527114237,28.509363389645586],[-82.245411147637455,28.509146518632921],[-82.245402005509575,28.509078867918124],[-82.245394487118929,28.509029523853354],[-82.2453708529425,28.508948466018694],[-82.24528200892523,28.508705609106915],[-82.245220348365578,28.508561596132854],[-82.245216965645014,28.508336143758214],[-82.245277254699943,28.508168611121523],[-82.245394499571361,28.508000666116992],[-82.24555190888583,28.507841096246473],[-82.245633710066087,28.507768108011998],[-82.245892676812559,28.507540305217912],[-82.245938339513231,28.507485724251779],[-82.246006798268681,28.507367540461725],[-82.246045404980066,28.507195793035915],[-82.246041775111934,28.507024368408519],[-82.246017630109719,28.506776417398996],[-82.246014376646286,28.506740354544107],[-82.245983864907984,28.506609673656769],[-82.245887019843622,28.506267667747863],[-82.24582652392489,28.506092143715826],[-82.245752685184073,28.505673318679797],[-82.245761186033079,28.505226252734264],[-82.245764040365358,28.505208277263325],[-82.245784009528606,28.505081610700451],[-82.24585187764292,28.50480132436158],[-82.245905620865983,28.504642996360086],[-82.24595600149155,28.504534154812163],[-82.245993575701135,28.504465957538823],[-82.246070114151109,28.50436166246682],[-82.246241248974158,28.504183978370111],[-82.246270336881238,28.504165767666176],[-82.246438167680637,28.504073876679673],[-82.246717271299389,28.503945103894903],[-82.246788025395844,28.503921781420946],[-82.246856931259401,28.50389393788118],[-82.247020555463024,28.503824791246732],[-82.247101838237072,28.503783593759934],[-82.247207156184885,28.503719340765336],[-82.247731931131071,28.503353587477168],[-82.247952840626368,28.503143872686898],[-82.248235112525109,28.502739627705918],[-82.24828659652745,28.502522735787391],[-82.248295737395537,28.502432234966864],[-82.248284167818341,28.502396355174898],[-82.248251069645548,28.502306451261362],[-82.24815369019808,28.502235157491128],[-82.248092488903552,28.502222010072657],[-82.247951147959114,28.502218832737793],[-82.247741388000804,28.502293043766809],[-82.247401609616375,28.502494505188547],[-82.247090232027915,28.502759374656115],[-82.247025098009516,28.502791479579169],[-82.246985552738295,28.502823348480721],[-82.246806855056676,28.502915389820981],[-82.246605325956693,28.50299391814286],[-82.246369844601546,28.503036558061005],[-82.246355695380288,28.503041163137798],[-82.245999609184764,28.503103130044956],[-82.245873540437501,28.503144883440367],[-82.245849009543889,28.503158654373966],[-82.2457146468156,28.503277416602689],[-82.245532466512998,28.503545291014991],[-82.245281688325818,28.504097951745941],[-82.245225049947607,28.504197716770729],[-82.245217218895306,28.504206903293923],[-82.245135703061067,28.504302408950092],[-82.245115505508494,28.504325228827835],[-82.244708671305773,28.504676411444851],[-82.244454076458339,28.504832219179981],[-82.244238596621656,28.5049423739137],[-82.243511368335447,28.505206236676834],[-82.243387677244016,28.505297839278533],[-82.243295083678461,28.505366189377387],[-82.243174162259749,28.505484834783196],[-82.243144069814846,28.5055255440252],[-82.243123650267492,28.505561877604219],[-82.243040296986891,28.505770207069645],[-82.2430214389192,28.506302971357602],[-82.243009321610629,28.506379645887911],[-82.24291684365528,28.506637672276739],[-82.242877001523325,28.506687830246833],[-82.242757925597658,28.506810725649292],[-82.24267357642232,28.506883684233564],[-82.242620666891582,28.506911164129971],[-82.242544775867813,28.506975215773661],[-82.242462697961756,28.507025688114094],[-82.241803109415542,28.507338510707925],[-82.241463086631981,28.507711625321189],[-82.241386368586333,28.50786572422227],[-82.241335461940068,28.508006072348181],[-82.241309816181683,28.508128170685083],[-82.241294709900771,28.508191585806959],[-82.241247918638095,28.508512373167832],[-82.241183576939406,28.508810717713949],[-82.241125889320543,28.509014300941519],[-82.24099255426492,28.509227635555945],[-82.24080518250608,28.509418898664592],[-82.240646140721438,28.5095601364945],[-82.240564278533,28.509597103630764],[-82.240530069633664,28.509615530616333],[-82.240473027517936,28.509661249873709],[-82.239858640658923,28.509946772644309],[-82.239571631173945,28.51004869945498],[-82.239136625325315,28.510201678553852],[-82.238692686115911,28.510314013865045],[-82.238612339315821,28.510337200986829],[-82.238557009077482,28.51035564831837],[-82.237862792697996,28.510592313606242],[-82.237808106811244,28.510610764919537],[-82.237614486844066,28.510635064610739],[-82.237483875068705,28.510640738609105],[-82.237263886797749,28.510633752480476],[-82.23708600779355,28.510594930716557],[-82.236477439784082,28.510324993691651],[-82.236119813694131,28.510165995216944],[-82.236068217381856,28.510112158605793],[-82.235988854229888,28.509995496239519],[-82.235969454646749,28.509968794192559],[-82.235918029244814,28.509865433539083],[-82.235862562885657,28.509342426553644],[-82.235853838922822,28.509288278118852],[-82.235813611459349,28.50912624159978],[-82.235780795472991,28.50905884875506],[-82.235756274968949,28.509032094197796],[-82.235625181201925,28.508870594206233],[-82.235031819945533,28.508375146697038],[-82.234901431814961,28.508209439810216],[-82.234837181521229,28.508029360482986],[-82.234748430182407,28.507939876121707],[-82.234615569221617,28.507886985079754],[-82.234497258179388,28.507883528438995],[-82.234226829601496,28.507949354745733],[-82.234049704647774,28.50798257945641],[-82.233491652420497,28.507951346224733],[-82.232910931998063,28.507780799550734],[-82.232752284305775,28.507700847869526],[-82.232372702496662,28.50751482724764],[-82.232099590288257,28.507431462867157],[-82.231979088343749,28.50740545983458],[-82.231805101743362,28.507402706761905],[-82.231557151717809,28.507463456108038],[-82.231188527688317,28.507665366536301],[-82.231177426774138,28.507679013622035],[-82.231059624305729,28.507801916503698],[-82.231017489856058,28.50787455697742],[-82.231006813661622,28.507901712418448],[-82.230981947098201,28.507974284726206],[-82.230954957905283,28.508060065635039],[-82.230873509493023,28.508268406991867],[-82.230819833981315,28.508381703462792],[-82.230804029005554,28.508409085063608],[-82.230649720484834,28.508572895377142],[-82.230579732061443,28.508627727267424],[-82.230474817069194,28.5087052041929],[-82.230272754551748,28.508815503552817],[-82.229878239058351,28.509035659207065],[-82.229722591553866,28.509163424531231],[-82.229621024044334,28.509231934796958],[-82.229522990824165,28.509318780193844],[-82.229486719614357,28.509346178157259],[-82.229402005628401,28.509401113711995],[-82.229337496540467,28.509433223549244],[-82.229276979694689,28.509456378912994],[-82.228964111417085,28.509495204865107],[-82.228482120135595,28.509625883271436],[-82.228329245878996,28.509622823170766],[-82.228073628981207,28.50952588156866],[-82.227758910475742,28.509560169932623],[-82.227607896099784,28.509561643823737],[-82.227480504350382,28.509526540028542],[-82.227333666754461,28.50942872099116],[-82.227296397844853,28.509320752115261],[-82.22728866619299,28.508932572011002],[-82.227331557005968,28.508774400316682],[-82.227390275974173,28.508548315574298],[-82.227369402012357,28.508376947180682],[-82.227246585905036,28.508296880386066],[-82.22695034473665,28.508258796318778],[-82.226779383743889,28.508188253493284],[-82.22645362123734,28.507920437583159],[-82.226435429726493,28.507897984019603],[-82.226327752889674,28.507713979145247],[-82.226361423954089,28.507533165951429],[-82.226402151854529,28.507428996597625],[-82.226460919730869,28.50735628921645],[-82.226624492151117,28.507174310156394],[-82.226740166372934,28.507064897567719],[-82.226812520096715,28.50698307978945],[-82.22690090289386,28.506860373152758],[-82.227021977775763,28.506615662730887],[-82.227040491742358,28.506579313079925],[-82.22713362027207,28.506479173375315],[-82.227268165594083,28.506428256177912],[-82.227306640111948,28.506423394936313],[-82.227391665900441,28.50642728530898],[-82.227544875521346,28.506448355043357],[-82.22761105311757,28.506470304903967],[-82.227685899462145,28.506510359416488],[-82.227799167750419,28.506626612582775],[-82.227922452458628,28.506756214475406],[-82.228075573955181,28.506899428678516],[-82.22819775467697,28.506979490397189],[-82.22835492831814,28.507032124008269],[-82.228631636970491,28.507052231482348],[-82.22910906996826,28.506925997087929],[-82.229515400199404,28.506922401407781],[-82.229533954159834,28.506922361951634],[-82.230218975149896,28.50709197586907],[-82.230417222657039,28.507176096320617],[-82.230663495673724,28.507336233824514],[-82.230790446094147,28.507398344564749],[-82.23086551046913,28.507424615340522],[-82.230908171949224,28.507437820953587],[-82.231106956634861,28.507449612459741],[-82.231200827579698,28.507421531360293],[-82.231244571768428,28.507367208513493],[-82.231247878850837,28.507321942779633],[-82.23123091240268,28.50726347676288],[-82.231200221329729,28.507223120810327],[-82.231142553827695,28.507110670499671],[-82.231110577323818,28.507070589221808],[-82.231002572308427,28.506945121404044],[-82.230902046642228,28.506675376553897],[-82.230891615972354,28.506648231710965],[-82.230897241769497,28.506499151992909],[-82.230934640076626,28.506363701535204],[-82.2310461930808,28.506231711864849],[-82.231109645655323,28.506186082182722],[-82.231310767026841,28.506093778745107],[-82.231464137486142,28.506065323674147],[-82.23174288558765,28.505999609588645],[-82.231831775359751,28.505962737723561],[-82.23191939324046,28.50592584902142],[-82.232162907683815,28.505783711837314],[-82.23242345793318,28.505578466244778],[-82.232613624300683,28.505490815893317],[-82.232930434550056,28.505483546267548],[-82.23315272907405,28.505544607979889],[-82.23328582608174,28.505543475431256],[-82.233340169165558,28.505507005670818],[-82.233402549018223,28.505447575304146],[-82.233419871486291,28.50536617877038],[-82.233391176610439,28.505046126281464],[-82.233467140263059,28.504860502235964],[-82.233598989692553,28.504660664820825],[-82.233600533746198,28.504565845832428],[-82.233567866265574,28.504489455701719],[-82.233357927964391,28.504337935304612],[-82.23333478559438,28.504265888017613],[-82.23334578352889,28.504180189099465],[-82.233447288413672,28.504075377260342],[-82.233880897950954,28.50385036056106],[-82.234107296020071,28.503658751766057],[-82.234157302056204,28.503613234953317],[-82.234245302385446,28.503513027016787],[-82.23435657788518,28.503358520518713],[-82.234386964295382,28.503299813492806],[-82.234449541576097,28.503150324942414],[-82.234460174951536,28.503086852364493],[-82.234462791359576,28.502965028638993],[-82.234458333767947,28.502924453986612],[-82.234447650833914,28.502834260756831],[-82.234423608708127,28.502699159793064],[-82.234407569536316,28.5026632206385],[-82.234295297907607,28.502407123908029],[-82.234146751506159,28.502178150180544],[-82.234125529512582,28.502106121353822],[-82.234123557132818,28.50207007310971],[-82.234120105219787,28.502006990261496],[-82.234131894924531,28.501912016426484],[-82.234145841875431,28.501880390253088],[-82.234177802602915,28.501803410642918],[-82.234231822974408,28.501707846081548],[-82.234248753266002,28.501689477515853],[-82.234351544662644,28.501584967754187],[-82.2344108477227,28.501557290537658],[-82.234828301565457,28.501458703634079],[-82.23494323299758,28.501394580646839],[-82.234981004842041,28.501353405126572],[-82.23536998003911,28.500921259264359],[-82.23558534333975,28.500738800670895],[-82.235613867483892,28.500716085063978],[-82.2356940142068,28.500665590390746],[-82.235982803414061,28.500532174759769],[-82.23637175501463,28.500415782288016],[-82.236512810025289,28.500279098676359]]},"properties":{"OBJECTID_1":112,"OBJECTID":132383,"QUADNUMBER":0,"ELEVATION":105,"ORGCONT":0,"DEPRESSION":0,"HILLTOP":0,"INTERVAL":0,"UNIT":" ","DATESTAMP":1078790400000,"ShapeSTLen":27387.867880401551,"Shape_Length":27387.867880436446}},{"type":"Feature","id":113,"geometry":{"type":"LineString","coordinates":[[-82.230782833376992,28.531401551604542],[-82.230848533508976,28.531414485198891],[-82.230885771791449,28.531445907518091],[-82.230987033523263,28.531593801556983],[-82.23100402730941,28.531729101319133],[-82.231062004526976,28.531823262824464],[-82.23114334712605,28.531858626384718],[-82.231397140415083,28.531874484339969],[-82.231883544189358,28.531793385616531],[-82.232024289681505,28.53179656696847],[-82.232064462168779,28.531805235769781],[-82.23211897106907,28.531876836840194],[-82.232105051716161,28.532102645994392],[-82.232151487340573,28.532237460351279],[-82.232221849122951,28.532318277924954],[-82.23232797947378,28.532402911671117],[-82.232517435791607,28.532518713265144],[-82.232745527903887,28.532737722039922],[-82.232835892590032,28.532926280463563],[-82.232903687785949,28.533282289100061],[-82.232932740412053,28.533345131074551],[-82.232969016644432,28.53347559879235],[-82.233065596610047,28.533596698634891],[-82.233218405448184,28.533644782293283],[-82.233302172936249,28.533648651170537],[-82.233363770585001,28.53363901295587],[-82.233429197999143,28.533629428588693],[-82.233545632653687,28.533592340480574],[-82.233587604704837,28.533569225967451],[-82.233975655678577,28.533358267851167],[-82.234385303152152,28.533196544929471],[-82.234860828958062,28.533115577936794],[-82.234990642293809,28.533082879739556],[-82.235045555895695,28.533050638605033],[-82.235286096788187,28.532858926341543],[-82.235401059799059,28.532794800360797],[-82.235469987431017,28.532766970704706],[-82.235860569144251,28.532596563325157],[-82.235950538744206,28.532573207718425],[-82.23665772932587,28.532571130081646],[-82.236733035206726,28.532583892490187],[-82.237101142677787,28.532693492872504],[-82.237184409941975,28.532728871095859],[-82.237193934473069,28.532733217311826],[-82.237373279460783,28.53288068319365],[-82.237570037980518,28.532941969496196],[-82.238417302806525,28.532825984294472],[-82.238869035694293,28.532672936686939],[-82.23901874669717,28.53263541360208],[-82.23960194873959,28.532544243401908],[-82.239676779129582,28.53250747608767],[-82.239737041262273,28.532461799405517],[-82.239756751813673,28.532429967708421],[-82.239680908684932,28.532056130121912],[-82.239685065530367,28.531839489991743],[-82.239791878732973,28.53152733658705],[-82.239918981208916,28.531345442580733],[-82.240022288991142,28.531249929791208],[-82.240243435548763,28.531148586929813],[-82.240411657487826,28.531074711899723],[-82.240450227153602,28.531024825940236],[-82.240458998540817,28.530957110908574],[-82.240388805136831,28.530826774687789],[-82.240373902999778,28.530759328945194],[-82.240374907418172,28.530736826236023],[-82.240386268445576,28.530628345791577],[-82.24041202884554,28.530578298429692],[-82.240434656379094,28.530406636432687],[-82.240396490541599,28.530352967395679],[-82.240390910590065,28.530262845405016],[-82.240392744060443,28.530150018964225],[-82.240435372284836,28.530086388484634],[-82.24053971900824,28.530044640722362],[-82.240703293350023,28.530020798793007],[-82.240975931208709,28.530058842920685],[-82.24114425321234,28.530057295357299],[-82.241581239382512,28.529944859714984],[-82.241619711524706,28.529939994408593],[-82.242016396989712,28.529905005332335],[-82.242412856769178,28.529923771037925],[-82.242800678075525,28.530001515813115],[-82.242832536122293,28.530010356008194],[-82.243043682471153,28.530012720609299],[-82.243183934087455,28.529966354229966],[-82.243444699609526,28.52982863108824],[-82.243553740582215,28.529773436650864],[-82.243792515419173,28.529690029361454],[-82.243912775787038,28.529652988676411],[-82.243973772052271,28.529562004640997],[-82.243961583440395,28.529444784546168],[-82.243763085992455,28.529175795633979],[-82.243677536642053,28.529005310726895],[-82.243548611175186,28.528351932894921],[-82.243537893052704,28.52830254407473],[-82.24350472026525,28.528217142212874],[-82.243346179934903,28.527970322960503],[-82.242922949502756,28.527549928695528],[-82.242775240691842,28.527266941325589],[-82.242749812605865,28.527177126476118],[-82.242748330473248,28.527150092983881],[-82.242726195215425,28.526897383145762],[-82.242707226909118,28.526843394382169],[-82.24246143184024,28.52661095450603],[-82.242260238075829,28.52631069629372],[-82.242216081978285,28.52615311050652],[-82.242158666429134,28.525905309040891],[-82.242185057437965,28.525422161178362],[-82.242122500227055,28.525215092700339],[-82.242034849904257,28.525134919168163],[-82.241713320746484,28.525074598488523],[-82.241672505348845,28.525065930961485],[-82.241418731694949,28.52500955681522],[-82.241102995343027,28.524867981487812],[-82.240967418572879,28.524783541185858],[-82.2409433192081,28.524770294148361],[-82.240743498712504,28.524623137953419],[-82.24052089277393,28.524381420528343],[-82.240467729768909,28.524305335705602],[-82.24046148394865,28.524296248384836],[-82.240329995309978,28.523999672583368],[-82.240268523654294,28.523607456559564],[-82.240282841084735,28.523395443467205],[-82.24034238667879,28.523354258733026],[-82.240366854510484,28.523344999761736],[-82.240548141370255,28.523293524768949],[-82.240707987348713,28.523301154339755],[-82.240825781126262,28.523219055672907],[-82.240909940305073,28.523001449551067],[-82.240954133613599,28.522919825059759],[-82.241129416875509,28.522764990528135],[-82.241150905102359,28.522742185237203],[-82.241260582661525,28.522686994186252],[-82.241350695836147,28.522654635634634],[-82.241396446988503,28.522595553402674],[-82.241427616804771,28.522527558405269],[-82.241437682729483,28.522143832219214],[-82.24148116934002,28.522066708816727],[-82.241496104864439,28.522053106437365],[-82.241570580653061,28.521998318790384],[-82.241601444307776,28.521988857828642],[-82.241749772384338,28.521996624872926],[-82.241772671675292,28.522005352242896],[-82.242155745762275,28.522137358512051],[-82.24218183692669,28.522146127045442],[-82.242803964022769,28.522176439993839],[-82.242965918877587,28.522251644523774],[-82.243082489089659,28.522363414718921],[-82.243074314252041,28.522512462992253],[-82.243015306616016,28.522639206817686],[-82.24300541141271,28.52265737615495],[-82.243005870925046,28.522747716635006],[-82.243059470566507,28.522796791511322],[-82.243210340921053,28.522845123787214],[-82.243268929907373,28.522862739202832],[-82.243332872438302,28.522983986914671],[-82.243405247743681,28.52301922750787],[-82.243451252682249,28.52302346281175],[-82.243506583923704,28.523004735571895],[-82.243604518637724,28.522963467063011],[-82.243805095564937,28.522866638116188],[-82.243854885121436,28.522834620067091],[-82.243877225458505,28.522798313689009],[-82.243882244204428,28.522726055463366],[-82.243849546156952,28.522690468695451],[-82.243824110764479,28.522640900534672],[-82.243857624304511,28.522586449539229],[-82.24400305314748,28.522576166041347],[-82.244258934111372,28.522659573181731],[-82.244351108128782,28.522776113536111],[-82.244378458311786,28.522865946341565],[-82.244422802217741,28.522933192570196],[-82.244603166253768,28.523017344884046],[-82.24470655922876,28.523034403465086],[-82.244725115962751,28.523034351089716],[-82.24496040966153,28.52304574238401],[-82.245031593297554,28.523035938135788],[-82.245347196339623,28.522988107157641],[-82.24566686215033,28.522926537069299],[-82.245740186489613,28.522903257424122],[-82.245938475524241,28.522829188498402],[-82.246001216550923,28.522788045135758],[-82.24608636362359,28.522705809734468],[-82.246109019834478,28.522610968900636],[-82.246069553654962,28.522439939838083],[-82.246037324081129,28.522295728075164],[-82.246073872622475,28.522132961281962],[-82.246086265455858,28.522078803356106],[-82.246164384261874,28.521996767416542],[-82.246190914622218,28.521978528905422],[-82.246321778339677,28.521918537301651],[-82.246555036445898,28.521857848155765],[-82.24707455429072,28.521902620921207],[-82.2477582729761,28.521882738686351],[-82.247935890819377,28.521899312933819],[-82.24865782262674,28.522009928010938],[-82.24871399603353,28.522018508483171],[-82.248803594894213,28.522017659544677],[-82.249511149234735,28.521988505542907],[-82.249709775019781,28.521932165252984],[-82.249760207043295,28.521900157399308],[-82.249809705736013,28.521886135943138]]},"properties":{"OBJECTID_1":113,"OBJECTID":132495,"QUADNUMBER":0,"ELEVATION":95,"ORGCONT":0,"DEPRESSION":0,"HILLTOP":0,"INTERVAL":0,"UNIT":" ","DATESTAMP":1078790400000,"ShapeSTLen":12635.163902113114,"Shape_Length":12635.163902133436}},{"type":"Feature","id":114,"geometry":{"type":"LineString","coordinates":[[-82.2602232150238,28.518658171090991],[-82.260297943490855,28.518666691391189],[-82.260437521574175,28.518701353811647],[-82.260598483390027,28.518799032063281],[-82.260776700746916,28.518977966834331],[-82.260935288346758,28.519143440840413],[-82.261170776726019,28.519461834852297],[-82.261225585172937,28.519555940930854],[-82.261249311911783,28.519591973889117],[-82.261271849901263,28.519623210442489],[-82.261286268456672,28.519681642229571],[-82.261292079178247,28.519758547193987],[-82.2612550983971,28.519790445925711],[-82.261101870558903,28.519769133758391],[-82.261047825978025,28.519747069626394],[-82.260935638695287,28.519680393175875],[-82.260891985015505,28.519649453381728],[-82.26083838421475,28.519600104017446],[-82.26079324944358,28.519541858374733],[-82.260750097517786,28.519519649592354],[-82.260558461216988,28.519259780971453],[-82.260509485216105,28.51920147943223],[-82.260405406909314,28.519107886185616],[-82.260333669621119,28.519072378203212],[-82.260268824261857,28.519045967086697],[-82.260217920689115,28.519028451655913],[-82.260123715322052,28.518997448702549],[-82.26002453212925,28.518957942458165],[-82.259919656450194,28.51891387032116],[-82.259871751074073,28.518869087282827],[-82.259872121976343,28.518805769708003],[-82.259909538218139,28.518746856918725],[-82.259958110443691,28.518710313641222],[-82.260059805846552,28.518673305932488],[-82.260116348459007,28.518659090384759],[-82.2602232150238,28.518658171090991]]},"properties":{"OBJECTID_1":114,"OBJECTID":134985,"QUADNUMBER":0,"ELEVATION":120,"ORGCONT":0,"DEPRESSION":1,"HILLTOP":0,"INTERVAL":0,"UNIT":" ","DATESTAMP":1078790400000,"ShapeSTLen":1304.8385347517556,"Shape_Length":1304.8385347501353}},{"type":"Feature","id":115,"geometry":{"type":"LineString","coordinates":[[-82.235063826070984,28.530315760929678],[-82.235163373201246,28.530333061681532],[-82.235194073534771,28.530373406625991],[-82.235187737721731,28.530409348171752],[-82.23518003619067,28.530450060988169],[-82.235148940958354,28.530473022718571],[-82.235086444605031,28.530459854656574],[-82.235031274352849,28.530428766803304],[-82.234988187529808,28.530402335793408],[-82.234969716601427,28.530357358652111],[-82.23498936664879,28.53033002142795],[-82.235063826070984,28.530315760929678]]},"properties":{"OBJECTID_1":115,"OBJECTID":135942,"QUADNUMBER":0,"ELEVATION":90,"ORGCONT":0,"DEPRESSION":0,"HILLTOP":0,"INTERVAL":0,"UNIT":" ","DATESTAMP":1078790400000,"ShapeSTLen":203.62248801472228,"Shape_Length":203.62248801854764}},{"type":"Feature","id":116,"geometry":{"type":"LineString","coordinates":[[-82.232172033006847,28.513586144784892],[-82.232239492014216,28.513608107301678],[-82.2322799856926,28.51367559250864],[-82.232253355451064,28.513738860265828],[-82.232214230295412,28.513784522869308],[-82.232152252901315,28.513857189424794],[-82.232026236718141,28.513894435291416],[-82.23196815195061,28.513886107415743],[-82.231923869931805,28.513854873268656],[-82.231886283493452,28.51380542999209],[-82.231942244694125,28.513669648138297],[-82.232084771343096,28.513600530225176],[-82.232172033006847,28.513586144784892]]},"properties":{"OBJECTID_1":116,"OBJECTID":136268,"QUADNUMBER":0,"ELEVATION":85,"ORGCONT":0,"DEPRESSION":1,"HILLTOP":0,"INTERVAL":0,"UNIT":" ","DATESTAMP":1078790400000,"ShapeSTLen":363.99059914837329,"Shape_Length":363.9905991519359}},{"type":"Feature","id":117,"geometry":{"type":"MultiLineString","coordinates":[[[-82.26817227546465,28.522098471686974],[-82.268091825028876,28.522136551612757],[-82.267815825563517,28.522269905256227],[-82.267762416114508,28.522288383225806],[-82.267698621959042,28.522316017904085],[-82.267438776788751,28.522399769401488],[-82.267242927528528,28.522442372919691],[-82.266922558993016,28.522508486081307],[-82.266618830973883,28.522574524324806],[-82.266600919041494,28.522574582034387],[-82.266306288478404,28.522672249756489],[-82.266180845618294,28.522713753619882],[-82.26599367222785,28.522774199405184],[-82.26557978237031,28.522886423764579],[-82.265473750393227,28.522914659714651],[-82.265428735904194,28.522928455227927],[-82.265381795160991,28.52294251075573],[-82.265294179169473,28.522979420949831],[-82.265204418879691,28.523070330836745],[-82.265206256932842,28.523115663886415],[-82.265366189283299,28.523118489949017],[-82.265599067602523,28.52312080417256],[-82.265634903913167,28.523120688087673],[-82.265702107836418,28.523120108202182],[-82.26575614282973,28.523142167770946],[-82.2657589629694,28.523245762553785],[-82.265760933428908,28.523322611618688],[-82.265678514995273,28.523354798029565],[-82.265609393855243,28.523355632504973],[-82.265362998432138,28.523357936750521],[-82.265338677114229,28.523357910262344],[-82.265108827858597,28.523445963376528],[-82.264999442153211,28.523523690227837],[-82.264947519309388,28.523569200322509],[-82.264903917317142,28.523614814184718],[-82.264881719889487,28.523642116475308],[-82.264844873845163,28.52370554572332],[-82.264832923535664,28.523732687262548],[-82.264785395789403,28.523823566868661],[-82.264767244478122,28.523918456989477],[-82.264768341939629,28.524089856611901],[-82.264779704678858,28.524139525825664],[-82.264837769022265,28.524269699851597],[-82.264919221410722,28.524458410427084],[-82.265074893421783,28.524687163080884],[-82.265165874255828,28.524880497476754],[-82.265175745685269,28.524902852807291],[-82.265194298895409,28.524943321147454],[-82.265201029722817,28.525042463320876],[-82.265200669893261,28.525065248287284],[-82.265169015275418,28.525123956322638],[-82.265137643225188,28.525164942604594],[-82.265110755514158,28.525205969757103],[-82.264976766211021,28.525261164257543],[-82.264885033525701,28.525275501881456],[-82.264795353476899,28.525280867014988],[-82.264724308151017,28.525281673214192],[-82.264464549717616,28.525239065004982],[-82.264400845223662,28.5252213884059],[-82.264075034587009,28.525107318476927],[-82.264001377286291,28.525071792758304],[-82.263951894861123,28.525045006184463],[-82.263699981126848,28.5249121582799],[-82.263315334842574,28.524635822427044],[-82.263039553826516,28.524435414782136],[-82.262737961081697,28.524207955390331],[-82.262568965485102,28.524051643652328],[-82.262513373997393,28.524007052407995],[-82.26245264524637,28.524003203926345],[-82.262353927738559,28.524053759118498],[-82.262280297748219,28.524176105286546],[-82.262238504902712,28.52434809395734],[-82.262224403708018,28.524429534558795],[-82.262164170431234,28.524714423487335],[-82.262135389026213,28.524913032415817],[-82.262102916876458,28.525102867713127],[-82.262051412321213,28.525401372386483],[-82.262044507728532,28.525432811749951],[-82.262047509175801,28.52564503169312],[-82.262049758823508,28.52574412040806],[-82.262089999753698,28.525789090652417],[-82.262161097456328,28.525824584445363],[-82.262275087026964,28.525818960260967],[-82.262479411897331,28.525767455782997],[-82.262712032772512,28.525706456827233],[-82.262882782614653,28.525673396577368],[-82.262943724043765,28.525663743532373],[-82.263230445819204,28.525661103835709],[-82.263405796602314,28.525700140569054],[-82.263587479527686,28.5257434771056],[-82.263634407823517,28.525770227257105],[-82.26370053533816,28.525796662202008],[-82.263732885539412,28.525814228555639],[-82.263838174623842,28.525912619055983],[-82.263888078073194,28.525993438290055],[-82.263894028118841,28.526101578434641],[-82.263861159357361,28.526156047488829],[-82.263837534730143,28.526192340652855],[-82.263765836050794,28.526274470742422],[-82.263700890788698,28.526333605809135],[-82.263645994878445,28.526365569720955],[-82.263607936426965,28.526384235535719],[-82.263446288441173,28.526448646432399],[-82.263130675125254,28.526496800996117],[-82.263019667184224,28.526515974282148],[-82.262950829016589,28.526539042500605],[-82.262870803785631,28.526580543820316],[-82.262784464532317,28.526657990568378],[-82.262717524644259,28.526721881685209],[-82.262692839152209,28.526744655031969],[-82.262651590116107,28.526803523599032],[-82.262486759332418,28.527026332980256],[-82.262428145631532,28.527090045441746],[-82.262368032702653,28.52716725717616],[-82.262168301218807,28.527331659683785],[-82.262144974498369,28.527349945643703],[-82.261912391776974,28.527487488743557],[-82.261860974283664,28.527542009313592],[-82.261849943844013,28.527551156010507],[-82.261789487383709,28.52761035550056],[-82.261732062826752,28.527719391153823],[-82.261715618587559,28.527787010421807],[-82.26171459789515,28.527890838222284],[-82.26171327498426,28.528053488788686],[-82.261735872236841,28.528120744081118],[-82.261748365880919,28.528179429398623],[-82.261791078439884,28.528269167592633],[-82.261913579061954,28.528372001112583],[-82.26192238015669,28.528379800270585]],[[-82.264454354504977,28.526662601308402],[-82.26446051522943,28.52661092724745],[-82.264654494367718,28.526405922458409],[-82.264696245873267,28.526356064947773],[-82.264750237470125,28.526301293751828],[-82.264875562887767,28.526187182286119],[-82.264944694581388,28.526146105285903],[-82.264971718293992,28.526136872100203],[-82.265123671772045,28.526075277392735]],[[-82.265364600684563,28.525855310171462],[-82.265390923127157,28.525812520890621],[-82.265443103394446,28.52559084944216],[-82.265474763406203,28.525531853487788],[-82.265522920822463,28.525481801829741],[-82.26556132747875,28.525440900065497],[-82.265759171935713,28.525450732247684]]]},"properties":{"OBJECTID_1":117,"OBJECTID":137780,"QUADNUMBER":0,"ELEVATION":90,"ORGCONT":0,"DEPRESSION":1,"HILLTOP":0,"INTERVAL":0,"UNIT":" ","DATESTAMP":1078790400000,"ShapeSTLen":22950.086530678756,"Shape_Length":6343.5431942283367}},{"type":"Feature","id":118,"geometry":{"type":"LineString","coordinates":[[-82.226457054996303,28.514675941800299],[-82.226523062376643,28.514747404366613],[-82.226499973751473,28.514829005358429],[-82.226371327468328,28.514988066702038],[-82.226347400887164,28.515042363052828],[-82.226322519982261,28.515155461713807],[-82.226287180323027,28.515282215901713],[-82.226187397876956,28.51531922046934],[-82.226074789931602,28.515279522204562],[-82.226040008298966,28.515176089566197],[-82.226100852759075,28.514977050872467],[-82.226148480991611,28.514881690684241],[-82.226161154969162,28.514850051250246],[-82.226262036129199,28.514745509396281],[-82.226315526796711,28.514722265115402],[-82.226457054996303,28.514675941800299]]},"properties":{"OBJECTID_1":118,"OBJECTID":141309,"QUADNUMBER":0,"ELEVATION":75,"ORGCONT":0,"DEPRESSION":1,"HILLTOP":0,"INTERVAL":0,"UNIT":" ","DATESTAMP":1078790400000,"ShapeSTLen":601.26694688001544,"Shape_Length":601.26694688537179}},{"type":"Feature","id":119,"geometry":{"type":"LineString","coordinates":[[-82.235758056337588,28.518206348336431],[-82.235699668748126,28.518216023560015],[-82.235645894981928,28.518256998661261],[-82.235631499274476,28.518315914539265],[-82.235681402384401,28.518355939208089],[-82.235754999619857,28.518355178979171],[-82.235803733700266,28.518309635867212],[-82.235802905059373,28.51824208835437],[-82.235758056337588,28.518206348336431]]},"properties":{"OBJECTID_1":119,"OBJECTID":141929,"QUADNUMBER":0,"ELEVATION":85,"ORGCONT":0,"DEPRESSION":0,"HILLTOP":0,"INTERVAL":0,"UNIT":" ","DATESTAMP":1078790400000,"ShapeSTLen":175.82571309425649,"Shape_Length":175.82571309281545}},{"type":"Feature","id":120,"geometry":{"type":"MultiLineString","coordinates":[[[-82.246404896683174,28.500274605007721],[-82.246436827992255,28.500436535381368],[-82.246624035075698,28.500728174982573],[-82.246722389095225,28.501016166796923],[-82.246856728440449,28.501254237383034],[-82.246884282638106,28.501330565028546],[-82.246885704134016,28.501519977636796],[-82.246819594208446,28.501651697460407],[-82.246729270736438,28.501738088295866],[-82.246573884447557,28.501852375988804],[-82.24623874538959,28.502004369154839],[-82.245885777354886,28.502111389902677],[-82.245738239010834,28.502135433672251],[-82.24544886107725,28.502187537632651],[-82.245269807858691,28.502261562168602],[-82.245072792702672,28.502457205221965],[-82.244977037352982,28.502918380761184],[-82.244856271232436,28.503185901749447],[-82.244554190145664,28.503667001532779],[-82.244462264129794,28.503812185492887],[-82.244401934654704,28.503903174241213],[-82.244320902835568,28.504007691223347],[-82.244169603952216,28.504185053947339],[-82.244098269034467,28.50424439162553],[-82.243782706909471,28.504490896380894],[-82.243566863645739,28.504623840474427],[-82.24332325344335,28.504693668493118],[-82.242767868909596,28.504775357076095],[-82.242587532493985,28.504849353298759],[-82.242334470520873,28.505068225939581],[-82.242272859897128,28.505158908319761],[-82.242255067443395,28.505190766843278],[-82.242236120097616,28.505254127579633],[-82.242230712341865,28.505272075947627],[-82.24218129338611,28.505439741348109],[-82.242068361905041,28.505657268254691],[-82.242071437131642,28.505783669454452],[-82.242084416195212,28.505851088014417],[-82.242195687310513,28.506012609026413],[-82.242257765133047,28.506129328410044],[-82.242289286178561,28.506237507353259],[-82.242292908941536,28.506408940260894],[-82.242275032204532,28.506485819902288],[-82.242143058951086,28.50665386340442],[-82.242053937646929,28.506745051271121],[-82.241991628654361,28.506799710215756],[-82.241851229542021,28.50689588449459],[-82.241841415591836,28.50690926937736],[-82.241671365828239,28.507019137962821],[-82.241605586657499,28.507051519358072],[-82.241389005376078,28.507229476841466],[-82.241189133408156,28.507402849260526],[-82.240957725674434,28.507666447364034],[-82.240938877093001,28.507684787664754],[-82.240905367741462,28.507739247061874],[-82.24089476049889,28.507761906735801],[-82.240818401121217,28.507893492847959],[-82.240695517467287,28.50840892095982],[-82.240644324263769,28.508567559064602],[-82.240438903930766,28.50888523590713],[-82.240352046133935,28.508994460226607],[-82.240335823043097,28.509008040412709],[-82.240080112859758,28.509231371077252],[-82.239855149113325,28.509373762134214],[-82.239192154593368,28.50961899293269],[-82.238916091058144,28.509716269137822],[-82.238019576914283,28.51015752685166],[-82.237814785888645,28.510199980019273],[-82.237775679153259,28.510204831807766],[-82.237677772975502,28.510205849483256],[-82.23762735926725,28.510197337347581],[-82.23746022137118,28.510167100292087],[-82.237121705840906,28.510012282327857],[-82.236891911523685,28.509861085562434],[-82.236431184070852,28.50970725937842],[-82.236342985560768,28.509622294100179],[-82.236316281516011,28.509572988298416],[-82.236219316598408,28.509397853687641],[-82.23610194479069,28.508943008718109],[-82.236094705603989,28.508916178177316],[-82.236059975087556,28.508848768872756],[-82.235705661164133,28.508328466910566],[-82.23563218561786,28.50824340432473],[-82.235593564088404,28.508139916644215],[-82.235583934288556,28.508063250693866],[-82.235594276366953,28.507702317838731],[-82.235578649118324,28.507679888131346],[-82.235528481857983,28.507617065912811],[-82.235467572009483,28.507585905916379],[-82.234527880177126,28.507377924676977],[-82.234513165193746,28.507378021355379],[-82.234412699503423,28.507379006795478],[-82.234041113330761,28.507409505093996],[-82.23376921266005,28.507448010752082],[-82.233315562089501,28.507370809182706],[-82.233015915034258,28.50730596601985],[-82.2329400629677,28.507288691512308],[-82.232704839393477,28.507195950237126],[-82.232533398306174,28.507116114941176],[-82.232372129894941,28.507000390886198],[-82.23217330650786,28.506794697850943],[-82.232137293035578,28.506727268044948],[-82.232142457725871,28.506646001634703],[-82.232157198714134,28.506605100867176],[-82.232298777531724,28.506436907102891],[-82.232399062668918,28.506368378069268],[-82.232488750034591,28.506322518803024],[-82.232659813523469,28.506189872860464],[-82.232974063451564,28.506065232422131],[-82.233206200902131,28.506072098216581],[-82.233540647065311,28.50620013959124],[-82.233648477285925,28.506257780501947],[-82.233812860071922,28.506260691219055],[-82.233870661933253,28.506246790310477],[-82.233916190775986,28.506201204602785],[-82.233927678636704,28.506124248598788],[-82.233990346807701,28.505929731046507],[-82.234038898717742,28.505816364522506],[-82.234043050849095,28.505757887746608],[-82.233919390688385,28.505533164428346],[-82.233918884778504,28.505289446645858],[-82.23402229849188,28.505067588073715],[-82.234163430378729,28.504926402287118],[-82.234288721863123,28.504893649393544],[-82.234371347976364,28.504888215548995],[-82.234416270520725,28.504919459578041],[-82.234438144304548,28.504950965329861],[-82.234472953482822,28.505013883960984],[-82.234465488539172,28.505158159285855],[-82.234412625182685,28.505339284616376],[-82.234434650438061,28.505519677092479],[-82.234519215221184,28.505591093032535],[-82.234575805448159,28.505612907156106],[-82.234629483895731,28.505616959897594],[-82.234709045011627,28.505602770213248],[-82.234747747622833,28.50554388182735],[-82.234775939397537,28.505344992003113],[-82.234825206545665,28.505227130250276],[-82.234989324932755,28.505049651046356],[-82.235222437390021,28.504799313745252],[-82.235303349625113,28.504663277834624],[-82.235291910813785,28.504500761676724],[-82.235250762536921,28.504474069177345],[-82.235126405446152,28.504488825755118],[-82.234998233562195,28.504580365345419],[-82.23493614354561,28.504621516119951],[-82.23490159847961,28.504621638994251],[-82.234817716286003,28.504586535409711],[-82.234783444641238,28.504451300626293],[-82.234808036091138,28.504198337284464],[-82.234927549385219,28.503931080877933],[-82.234912176546999,28.503813817154008],[-82.234825147367218,28.503697341378498],[-82.234813787892421,28.503530597501889],[-82.234938752281295,28.503163795097045],[-82.234963307720477,28.502441145314538],[-82.234969818711946,28.502355398961292],[-82.235028405753042,28.502215141764271],[-82.235200322311428,28.502069000055766],[-82.23534826044154,28.501941407776837],[-82.235587694608498,28.50185352536618],[-82.235742219007832,28.501793274546568],[-82.235855454933528,28.501675101085485],[-82.235995349843847,28.50145257033531],[-82.236161643503863,28.501297633828255],[-82.236303809320958,28.50121049121341],[-82.236367599116235,28.501182868508874],[-82.236491335732794,28.501127582774195],[-82.23694434083508,28.501006362420565],[-82.237298246955689,28.500881078869426],[-82.237478309949978,28.500784845346715],[-82.237725541061138,28.500570423256352],[-82.237770350664832,28.500529336618552],[-82.237843557986409,28.500434010467973],[-82.237913984681668,28.500273075564245],[-82.237923358496218,28.500196491029914],[-82.237952364654532,28.500076568282022],[-82.237975069969821,28.500017478654261],[-82.23800284643913,28.499922709287834],[-82.238002721961465,28.499890904324108],[-82.23799858841177,28.499751275379566],[-82.237891970904059,28.499422643325907],[-82.237868652601662,28.499283042527349],[-82.237860440078194,28.4991973939592],[-82.237852906255384,28.49907094257102],[-82.237855978109565,28.49888158773976],[-82.237881184093027,28.498669150816514],[-82.237993224005294,28.498388293561657],[-82.238147683619133,28.498134146399508],[-82.238195640022411,28.498057074629813],[-82.238354993424849,28.497857027266654],[-82.238372629975672,28.497834445668619],[-82.238420937493927,28.497775115241147],[-82.238619295159054,28.497457641082736],[-82.23865182158093,28.497384877891196],[-82.238661855084317,28.497357147248195]],[[-82.244972664071327,28.497096291557661],[-82.244900922782477,28.497183539260195],[-82.244839248610617,28.497278735654117],[-82.244793470084488,28.497419148203441],[-82.24481224722129,28.49756346446382],[-82.244816926619819,28.497590544628775],[-82.244914318175546,28.49777918804693],[-82.245007171215207,28.497931750924742],[-82.245186775048907,28.4982187944352],[-82.245361263409166,28.498663929860612],[-82.245380295139299,28.498713421962066],[-82.245462913037088,28.498866135622858],[-82.245516481693713,28.498956016838786],[-82.245587859609913,28.499131106470802],[-82.245608812929248,28.499180616720647],[-82.245674308717994,28.499283873526483],[-82.24571943878847,28.499342132569708],[-82.245743956493357,28.499368896199663],[-82.245921214286597,28.499642672022127],[-82.245990144615618,28.499732187764977],[-82.246063324107183,28.499835254507847],[-82.246194324738198,28.500082289486578],[-82.246404896683174,28.500274605007721]]]},"properties":{"OBJECTID_1":120,"OBJECTID":142902,"QUADNUMBER":0,"ELEVATION":115,"ORGCONT":0,"DEPRESSION":0,"HILLTOP":0,"INTERVAL":0,"UNIT":" ","DATESTAMP":1078790400000,"ShapeSTLen":18025.62588340947,"Shape_Length":14505.220228730566}},{"type":"Feature","id":121,"geometry":{"type":"MultiLineString","coordinates":[[[-82.226391586301105,28.524392494447564],[-82.226330073652548,28.524397624828477],[-82.226202614311646,28.524443850579772],[-82.225881675861615,28.524582191266131],[-82.225842913275756,28.524605058963253],[-82.225748097937469,28.524650853736858],[-82.22563502806986,28.524755802449057],[-82.225587354483153,28.524814852809165],[-82.225554759070945,28.52485131308763],[-82.225451130157992,28.525005626995206],[-82.22540239056741,28.525051157365059],[-82.225365468223316,28.525078548954827],[-82.225272121313409,28.525151664975972],[-82.225149979930293,28.525224972131756],[-82.225079777295036,28.525252790564352],[-82.224897128466537,28.525308454850943],[-82.224832757821076,28.52533155504641],[-82.224668966921143,28.52536915889122],[-82.22461769286339,28.525374142529635],[-82.224364370962292,28.525408079784881],[-82.224230953894804,28.525427216902688],[-82.224186792775129,28.525427785176937],[-82.224111761740573,28.525437523501417],[-82.224070107562667,28.525442286229794]],[[-82.224700908336715,28.527529876750634],[-82.224730811995641,28.527494091584856],[-82.224758847334741,28.527462367363732],[-82.224910461060418,28.527348064117174],[-82.225008626110807,28.527293018024157],[-82.225158441178564,28.527210490064611],[-82.225253828975411,28.527168924969157],[-82.22529238122813,28.527159559630697],[-82.225534062018454,28.527094238245667],[-82.225580139183947,28.527093974952209],[-82.225815601140013,28.527096111220366],[-82.225948083663155,28.527094969629662],[-82.226162384553461,28.527138206361389],[-82.226223113908588,28.527142071061547],[-82.226261143421453,28.527164508680773],[-82.226466171183418,28.527266441886979],[-82.226488347397961,28.527279662214983],[-82.226610100101112,28.527387022681005],[-82.226656806023357,28.527427006312195],[-82.226712384347309,28.527471615896523],[-82.226762694992829,28.527525439104931],[-82.226873081316839,28.527623640519504],[-82.227100883082016,28.527702786520706],[-82.227127122668051,28.527702558571665],[-82.227234150140703,28.52769265407137],[-82.227327024259537,28.527687358003686],[-82.227528382101625,28.527622360425152],[-82.22770598556248,28.527562135184994],[-82.22774630736464,28.527561797787275],[-82.227862495980887,28.527578743044288],[-82.227928122343272,28.527596171886962],[-82.227981591468463,28.527613739309277],[-82.228040479449334,28.527613074693374],[-82.228165348563877,28.527607619666153],[-82.228195803834296,28.527584647061833],[-82.228276668214932,28.527453118480523],[-82.228301078821346,28.52740783372159],[-82.228315628475158,28.527222560800759],[-82.228302239503051,28.527141345799393],[-82.228263680089967,28.526916293671924],[-82.22825843599621,28.52688470676091],[-82.228268724473111,28.526685870575591],[-82.228356687151745,28.526432579762442],[-82.228427130197602,28.526233381641319],[-82.228427942383462,28.526183582379918],[-82.228397617241654,28.526120724351692],[-82.22832150152712,28.526040118296418],[-82.228264714065233,28.525990993334357],[-82.228178479874472,28.525942349134564],[-82.227910982467037,28.525786723494246],[-82.227787776180961,28.525729160895366],[-82.227654871176355,28.525599429272013],[-82.227542847050557,28.525406368212973],[-82.227491422664215,28.525185655084996],[-82.227322455367357,28.525070103455469],[-82.227266153088507,28.525029988105267],[-82.227200416296043,28.524980753133992],[-82.227026840945911,28.524833346008364],[-82.226963085691011,28.524779922515886],[-82.226882000430194,28.524690247208177],[-82.226842696162436,28.524668084389432],[-82.226804681413739,28.524605401248614],[-82.226684292252884,28.524493563879162],[-82.226652808963209,28.524462211971095],[-82.226498318993521,28.524400601002448],[-82.226463193852041,28.524396217297948],[-82.226391586301105,28.524392494447564]]]},"properties":{"OBJECTID_1":121,"OBJECTID":144851,"QUADNUMBER":0,"ELEVATION":60,"ORGCONT":0,"DEPRESSION":1,"HILLTOP":0,"INTERVAL":0,"UNIT":" ","DATESTAMP":1078790400000,"ShapeSTLen":5267.8987490959744,"Shape_Length":3620.603137875677}},{"type":"Feature","id":122,"geometry":{"type":"LineString","coordinates":[[-82.244733967155256,28.534902714081507],[-82.244807918842142,28.534919960904563],[-82.244873979173576,28.534950898781808],[-82.244950888011715,28.535022494843965],[-82.244970502719227,28.535076495587376],[-82.244930672083626,28.535085849861037],[-82.244863163399856,28.535104701593859],[-82.244792912358264,28.535096219842849],[-82.244703323584886,28.53505626476073],[-82.244637128113808,28.534993809883929],[-82.244650096557066,28.534944159268463],[-82.244666043526294,28.534907776803951],[-82.244733967155256,28.534902714081507]]},"properties":{"OBJECTID_1":122,"OBJECTID":147430,"QUADNUMBER":0,"ELEVATION":130,"ORGCONT":0,"DEPRESSION":0,"HILLTOP":0,"INTERVAL":0,"UNIT":" ","DATESTAMP":1078790400000,"ShapeSTLen":281.72887176596385,"Shape_Length":281.72887176794404}},{"type":"Feature","id":123,"geometry":{"type":"LineString","coordinates":[[-82.24137605861668,28.524089350411984],[-82.241317180884764,28.524090016270723],[-82.241320544257974,28.524198118819701],[-82.241413651136384,28.524296666670825],[-82.241511557005708,28.524336446822151],[-82.241562678615637,28.524340467930969],[-82.241757515536236,28.524361194782255],[-82.241827930591555,28.52431986282846],[-82.241804418639759,28.524270321554976],[-82.241578332764206,28.524164210609563],[-82.241490111254919,28.524119761685782],[-82.24137605861668,28.524089350411984]]},"properties":{"OBJECTID_1":123,"OBJECTID":147476,"QUADNUMBER":0,"ELEVATION":115,"ORGCONT":0,"DEPRESSION":0,"HILLTOP":0,"INTERVAL":0,"UNIT":" ","DATESTAMP":1078790400000,"ShapeSTLen":418.76717361861432,"Shape_Length":418.76717362051784}},{"type":"Feature","id":124,"geometry":{"type":"LineString","coordinates":[[-82.2503574012988,28.53430491454473],[-82.250473175437605,28.534308325816262],[-82.250552526708958,28.534348436741876],[-82.250618288642698,28.534397378695115],[-82.25070836415064,28.534486865986462],[-82.2507320302187,28.534527129210886],[-82.250773529520913,28.53461263293055],[-82.250997146771496,28.534953401534352],[-82.251086398043512,28.535133222171222],[-82.251116817453124,28.53519157300277],[-82.251401566646464,28.535590515816168],[-82.251469153138942,28.535725309500993],[-82.251480131323746,28.535838018382279],[-82.251471008087293,28.535887714846389],[-82.251428111072329,28.535928832067651],[-82.25136878858693,28.535956231530168],[-82.251312311725897,28.535965939716206],[-82.251161409883196,28.535958149176928],[-82.251040152642375,28.535936937224452],[-82.250749897562059,28.535799636422361],[-82.250701126242234,28.535768361804493],[-82.250634086114616,28.535719402412298],[-82.250509877656981,28.535603316428691],[-82.25045842114011,28.535540474481259],[-82.250400699654151,28.535468840773753],[-82.250332609772286,28.535365547480136],[-82.250259348212111,28.535185941423407],[-82.250245503480883,28.535131735016389],[-82.250240029530588,28.53511393368775],[-82.250180883573279,28.534694723195873],[-82.250229908084791,28.534432499447949],[-82.250307679487292,28.53433244112815],[-82.2503574012988,28.53430491454473]]},"properties":{"OBJECTID_1":124,"OBJECTID":147551,"QUADNUMBER":0,"ELEVATION":140,"ORGCONT":0,"DEPRESSION":0,"HILLTOP":0,"INTERVAL":0,"UNIT":" ","DATESTAMP":1078790400000,"ShapeSTLen":1583.19506155364,"Shape_Length":1583.1950615523451}},{"type":"Feature","id":125,"geometry":{"type":"LineString","coordinates":[[-82.234207824019052,28.512182483026432],[-82.234167439391683,28.512187327860214],[-82.233949056539572,28.512238888004436],[-82.233815361039973,28.512276322000449],[-82.233783783464403,28.512289993693589],[-82.233688851400743,28.512304554878028],[-82.233656709148107,28.512313719372365],[-82.233430372636832,28.512342949272544],[-82.233232835376839,28.512371694436819],[-82.233156247077915,28.512399436874592],[-82.233134263326903,28.512413229112894],[-82.233064283703214,28.512427545826082],[-82.232975297881424,28.512509439594258],[-82.232923563424592,28.512582239640825],[-82.232842431746718,28.512731778959061],[-82.232817717179842,28.512795344033286],[-82.232800843927038,28.512849441748958],[-82.23278647218784,28.51286756119271],[-82.2327310685193,28.513008128513029],[-82.23270779129669,28.513062430286503],[-82.232713935640319,28.513274418747759],[-82.232715115974145,28.513319742662425],[-82.232714754693731,28.513342246984312],[-82.232718989414479,28.513396333801104],[-82.232817212070231,28.513612019359208],[-82.232832982265705,28.513625439155533],[-82.23287852016513,28.51369721162661],[-82.232925287684949,28.513732980021459],[-82.232942845521492,28.51375515043577],[-82.233017105995458,28.513831227454752],[-82.233085926444161,28.513848700731433],[-82.233175670413914,28.513838851915313],[-82.233214869669695,28.513788973131632],[-82.233275733441701,28.513666477543072],[-82.233301274214185,28.513630216080486],[-82.233387480078051,28.513444437545274],[-82.233578359706968,28.513234938562256],[-82.233828912737124,28.513133410176692],[-82.234039596703866,28.513122552243768],[-82.234212701331998,28.513179610054355],[-82.234347712905176,28.513219026533029],[-82.234480178951799,28.513217876719533],[-82.234601514925401,28.513153550826161],[-82.234654615891188,28.513035745800089],[-82.234693250475459,28.512981359423449],[-82.23475058865516,28.512800283291096],[-82.23476917175654,28.51275942707435],[-82.234844542937438,28.512609822580366],[-82.234903326343201,28.512496587957376],[-82.234935934263319,28.512419600842808],[-82.234940146942833,28.512396864267739],[-82.234960886308528,28.512302006773709],[-82.234946260255526,28.512256797260783],[-82.234913648365961,28.512216703581402],[-82.234858977590591,28.512194627342801],[-82.234655414776412,28.51220079014433],[-82.234465501390943,28.512193609503129],[-82.234371503701126,28.512189896965211],[-82.234207824019052,28.512182483026432]]},"properties":{"OBJECTID_1":125,"OBJECTID":148192,"QUADNUMBER":0,"ELEVATION":80,"ORGCONT":0,"DEPRESSION":1,"HILLTOP":0,"INTERVAL":0,"UNIT":" ","DATESTAMP":1078790400000,"ShapeSTLen":2204.0486888828887,"Shape_Length":2204.0486888777341}},{"type":"Feature","id":126,"geometry":{"type":"MultiLineString","coordinates":[[[-82.232170675893343,28.532787876572339],[-82.231964579054804,28.532789779837096],[-82.231596968953951,28.5328068163323],[-82.231383025489748,28.532858152754216],[-82.231260058429527,28.532981264587249],[-82.231237983533873,28.533040085585668],[-82.231216066115849,28.533324604119535],[-82.231166836195769,28.53347848217636],[-82.231154315594011,28.533501122623612],[-82.231035611803932,28.533637516760244],[-82.230961042905975,28.533697084802402],[-82.230943689611266,28.53370164679983],[-82.230860751089821,28.5337250891092],[-82.230816372173905,28.533738874797102],[-82.230356369953981,28.533770220046172],[-82.23017171527863,28.533830359619461],[-82.230093091912934,28.533903382639778],[-82.23009240311616,28.533984708751923],[-82.230169292313718,28.534096840392333],[-82.230169271038648,28.534137363938399],[-82.230168970914434,28.534155362664013],[-82.230149458919001,28.534214215229497],[-82.230132073720853,28.534232836648805]],[[-82.230578977815654,28.534523114521605],[-82.230879790414591,28.534284504780263],[-82.2312809255655,28.534095663979087],[-82.231718392150782,28.533915727542023],[-82.231841182657689,28.533842418857578],[-82.232185318773901,28.533577441475586],[-82.232342292550669,28.533409164117028],[-82.232455498392696,28.533177861248468],[-82.232447359223244,28.532970348845485],[-82.232410473746015,28.532916695232146],[-82.232323405773386,28.532840741118392],[-82.232170675893343,28.532787876572339]]]},"properties":{"OBJECTID_1":126,"OBJECTID":148725,"QUADNUMBER":0,"ELEVATION":100,"ORGCONT":0,"DEPRESSION":0,"HILLTOP":0,"INTERVAL":0,"UNIT":" ","DATESTAMP":1078790400000,"ShapeSTLen":2823.4252455907126,"Shape_Length":2016.1403698290997}},{"type":"Feature","id":127,"geometry":{"type":"LineString","coordinates":[[-82.249809976609995,28.517824715043755],[-82.249157204318422,28.518029317468638],[-82.24878539120138,28.518032833961303],[-82.248711378874134,28.518019814119548],[-82.248540388820274,28.517949289028316],[-82.248190660298079,28.517853178486167],[-82.247993901969096,28.517872947273926],[-82.247852883677666,28.51788779015293],[-82.247710098276514,28.517893606303819],[-82.247487540899215,28.517886885120053],[-82.247398803198763,28.517873955449819],[-82.247064504157862,28.517773248022312],[-82.246637656546,28.517578797649861],[-82.246523888009207,28.517570614979629],[-82.246399229106416,28.517603395138298],[-82.246332305563925,28.517626473140805],[-82.246228950153238,28.5177267715688],[-82.246194223998657,28.517776992455225],[-82.246068364805339,28.517963123245874],[-82.245933314586395,28.518162931210966],[-82.245747167499388,28.518318195884142],[-82.245683935104182,28.518350330081873],[-82.245657626606032,28.518355064450315],[-82.245554443705331,28.518365036941141],[-82.245475027500333,28.518329709115921],[-82.245460753137039,28.518302788966402],[-82.245388181312819,28.518240251030939],[-82.245366559631037,28.518231540905433],[-82.245245037919318,28.518228052554257],[-82.245159985116018,28.518264978563828],[-82.245097034501924,28.518319626484654],[-82.244968566298439,28.51842918223122],[-82.244903031978538,28.518524603738229],[-82.244870714417786,28.518624106230209],[-82.244818449855742,28.519125498423993],[-82.244795151585436,28.519220326714546],[-82.244713753553,28.519347635926266],[-82.244703217316356,28.519365791208052],[-82.244653138153808,28.519415819171588],[-82.244598080981874,28.519456783865355],[-82.244553068896977,28.519470853100522],[-82.244474573573413,28.519458051076686],[-82.244434981708778,28.519413368526315],[-82.244406567138185,28.519350259750439],[-82.244415249564213,28.519169699505984],[-82.24451350431687,28.518713058803719],[-82.244510555133388,28.518460310815115],[-82.244461037965209,28.518356969994421],[-82.244456716501801,28.518307388290342],[-82.244444320828052,28.518203672063816],[-82.244455090966781,28.518131481025385],[-82.244466056232483,28.518086314078815],[-82.244502084401915,28.517995585753397],[-82.244548618111935,28.517927496488539],[-82.244694942762948,28.517781865552831],[-82.244899493025528,28.517676081018717],[-82.24537960692345,28.517662673054904],[-82.245498799497682,28.517611823343668],[-82.245659559713928,28.517484103079269],[-82.245803557650461,28.517442284977239],[-82.246086297676186,28.51740783043304],[-82.246331311266786,28.517292701528422],[-82.246372285146506,28.517251567659262],[-82.246413689260905,28.517183695498517],[-82.246435051890643,28.517129373252075],[-82.24644886802011,28.517065943747639],[-82.246447819835822,28.517011898560742],[-82.246388581735715,28.516876916243842],[-82.246300943695161,28.516796464697059],[-82.246276915741646,28.516778715734631],[-82.246222667036221,28.516770158720181],[-82.246079238363563,28.5167759607824],[-82.245936853149658,28.516836093940288],[-82.245932237762517,28.516845035548474],[-82.245844619919026,28.516881933244036],[-82.24582008277568,28.516895696950982],[-82.245618923695162,28.517028826035482],[-82.24554155316207,28.51706556514727],[-82.245343838742656,28.517144136998922],[-82.24532001745159,28.517153407430172],[-82.245220465579536,28.517176649367684],[-82.244764443412421,28.517203582886633],[-82.244153122322331,28.51741684122613],[-82.243580451041112,28.517534891086505],[-82.243490002187102,28.517549239934709],[-82.243313149154801,28.517564188336085],[-82.242977389539007,28.517553795863982],[-82.242712615446507,28.517506570026825],[-82.242298329848055,28.51740653871936],[-82.242211358363662,28.517402920161675],[-82.242029180309004,28.517431590284151],[-82.241939707237606,28.517463953565063],[-82.241822760457083,28.517573362222773],[-82.241754227623659,28.517695770510542],[-82.24169885886495,28.517795537066966],[-82.241654921916336,28.517940482828578],[-82.241607808435816,28.518044579472519],[-82.241521355263686,28.518167319983998],[-82.241496024531472,28.518190079838043],[-82.241380816225202,28.518231694253526],[-82.241198422798675,28.518233341005597],[-82.240899656806803,28.51819103383837],[-82.240686205005346,28.518174852214578],[-82.240627321351383,28.518175515064396],[-82.240511416944372,28.518181094672151],[-82.240190213555366,28.518220120982477],[-82.239986191536374,28.518253582363215],[-82.239866511968444,28.518254610324675],[-82.239788168346237,28.518232806190756],[-82.239694178709598,28.518188564734157],[-82.239579414055399,28.518045294560231],[-82.239518788154399,28.517838254599958],[-82.239525486518716,28.517662170132105],[-82.239525993941285,28.517630377676017],[-82.239562310748113,28.517364047584927],[-82.239555884554264,28.517287137264674],[-82.239548077956869,28.517255799811171],[-82.239507666560556,28.51714328766046],[-82.239418904654229,28.517053814657864],[-82.239367227240436,28.517004753847264],[-82.239333331449743,28.51696436665873],[-82.239287716217106,28.516897101975029],[-82.239241817271505,28.51680731153008],[-82.239154469789852,28.516591498849866],[-82.239156422546301,28.516510185628352],[-82.239169954257775,28.516465053373242],[-82.239214045337917,28.516311108971632],[-82.239267497018659,28.516211316997691],[-82.239306058786795,28.516161423167443],[-82.239392705725265,28.516065703630328],[-82.239536333633964,28.515929046879748],[-82.239671827989852,28.515860120222506],[-82.239850338648537,28.51578187293677],[-82.240174278563728,28.515652542712555],[-82.240273906157427,28.515624530004523],[-82.2403540036143,28.515578534563289],[-82.240385078676454,28.515555852280649],[-82.240475205889325,28.5154826900405],[-82.240542804009991,28.515378286783641],[-82.240571529815213,28.51506683697928],[-82.240683177861314,28.514889821200466],[-82.240865782330786,28.514716507332871],[-82.241066599126384,28.514525130163157],[-82.241319600910444,28.514193415976116],[-82.241557040229452,28.513992649053684],[-82.241607044796822,28.513947118736162],[-82.241742969133824,28.51385117290252],[-82.242106310800523,28.513698986350605],[-82.242353834794173,28.513664935299175],[-82.242651407688882,28.513662195292397],[-82.242789541036018,28.513706142021881],[-82.242871288609891,28.513755007046015],[-82.24289908622606,28.513777306750288],[-82.242964094855054,28.51387155011092],[-82.242952174098249,28.513975524784708],[-82.24292088175136,28.514011723433196],[-82.242801663205469,28.514103097260424],[-82.242800146863175,28.514157388918779],[-82.242881656931701,28.514260283427571],[-82.243035093651969,28.514268111277602],[-82.243088471713065,28.514330693885871],[-82.243121124222284,28.514447897570271],[-82.243180860527957,28.514749478537926],[-82.243186255329007,28.514772062806976],[-82.243285539220935,28.514883901820138],[-82.243368714923591,28.514923781990092],[-82.243425448224016,28.514936873614833],[-82.243650252235895,28.515002444161066],[-82.243897124826702,28.515009199303915],[-82.243967028820137,28.514999661407618],[-82.244091120328633,28.514962377262719],[-82.244151149767774,28.514929922901608],[-82.244267102667806,28.514802485068902],[-82.244268968938385,28.514766485197594],[-82.244278933803599,28.514585658147059],[-82.244268509374862,28.514518270493166],[-82.244258141772619,28.514486624791157],[-82.244220129678311,28.514423957280503],[-82.24392454797497,28.514106188087677],[-82.243875942391014,28.514025376101362],[-82.243755395144277,28.51376467897569],[-82.243750497716235,28.513751392544648],[-82.243709186767347,28.5135755473061],[-82.243657079624796,28.51307959849338],[-82.243572559745147,28.512845809589781],[-82.243466535340531,28.512715873569693],[-82.243446422480801,28.512693675710846],[-82.243383528587344,28.512626470387776],[-82.243266529201463,28.512541699314205],[-82.243072354985358,28.512363102737972],[-82.242994396073755,28.512277982758839],[-82.242939810443076,28.512210881477191],[-82.242923192671327,28.512170428170595],[-82.242866841983016,28.512094018667334],[-82.242844668982613,28.512080801875083],[-82.242804805288358,28.512013602038486],[-82.242716152881641,28.511838300319628],[-82.242681696995561,28.511594999041062],[-82.242683890065351,28.511459659807777],[-82.242690106560914,28.511391921040147],[-82.242749408788882,28.511246890527172],[-82.242906919894068,28.511042306247685],[-82.242942501859076,28.510978865199863],[-82.242951340491544,28.510906652389941],[-82.242933687219292,28.510811876760769],[-82.242749770016317,28.510592596026704],[-82.242658553667411,28.51041725278829],[-82.242622862386696,28.510250770696047],[-82.242626723957798,28.510052140340335],[-82.242636755812086,28.510024970719446],[-82.242734230574172,28.509735202767356],[-82.242753098817886,28.509676346673547],[-82.24276559780391,28.50953635542422],[-82.24276540944318,28.509468809448467],[-82.242738358203965,28.509401212198295],[-82.242685201208175,28.509325127137252],[-82.242632037287066,28.509289285976212],[-82.242463748296544,28.509290835187439],[-82.242234345268486,28.509351551948985],[-82.242135289104127,28.509384083141363],[-82.241885467014313,28.509481135432587],[-82.241719051791421,28.509564038072408],[-82.241715632687374,28.509577499095293],[-82.241439862531649,28.509814653173144],[-82.241312467386962,28.509937724477901],[-82.241281940360196,28.509965197488945],[-82.241230809613839,28.510001702595787],[-82.240971695935187,28.510197980375644],[-82.240877317542783,28.510257580977765],[-82.240616588033987,28.510395577256141],[-82.240465683018144,28.510469106160571],[-82.240203321037257,28.510589076485125],[-82.239421428723034,28.510866865938649],[-82.239375063872913,28.510885421428508],[-82.23928111681478,28.51091773039326],[-82.238382625709221,28.511165063601144],[-82.238300912856772,28.511193018245287],[-82.238189182777376,28.511257188033699],[-82.238144436354972,28.511293769219272],[-82.237975808634147,28.511394369846332],[-82.23775004274836,28.511585987411255],[-82.237610562603876,28.511664165526561],[-82.237456319041087,28.511706122803862],[-82.23724834579366,28.511708007420836],[-82.236991408860106,28.511651591470653],[-82.236771114944858,28.511545264478951],[-82.23639874920184,28.511269007721335],[-82.236210329951135,28.5111307091376],[-82.236018469800271,28.511046685400661],[-82.235934359861815,28.511025084820648],[-82.235757258103177,28.511017509255932],[-82.235627623601459,28.511041206023979],[-82.23528259822352,28.51124764161337],[-82.235203525958326,28.511270853391018],[-82.235137466851597,28.511280432460591],[-82.234911942028035,28.51125985640164],[-82.234730311940496,28.511175964754347],[-82.234705727983609,28.511153415077761],[-82.234666930492523,28.511099742621845],[-82.234657503897154,28.511050096257915],[-82.234684260981993,28.510860472610606],[-82.234709609409123,28.510796911504638],[-82.234722207568069,28.510769774123691],[-82.234880229538433,28.510574208154974],[-82.235142651805447,28.510332676144813],[-82.235174734268909,28.510287212562329],[-82.235181309071265,28.510237485298504],[-82.23518083490913,28.509912716744836],[-82.235181494254405,28.509871924861628],[-82.235237711774033,28.509641308654615],[-82.235250260374528,28.509578143167907],[-82.235253008236,28.509487843828463],[-82.235229301768655,28.509411278934888],[-82.235123501132094,28.509267834929123],[-82.234942129877851,28.509129624295902],[-82.234850294343758,28.509071900865354],[-82.234810691900961,28.509067748102719],[-82.234721824652013,28.509063808560512],[-82.234418157950799,28.509166082637933],[-82.234179785331392,28.509267484661866],[-82.234133268492542,28.509295035063435],[-82.234133116769314,28.509304046195389],[-82.234048855773381,28.509331689563581],[-82.23388782404642,28.509437160099495],[-82.233756814116973,28.509505861269865],[-82.233718129530956,28.509524236493892],[-82.233593887830096,28.509570507875388],[-82.233276669419297,28.50964108869379],[-82.23314273247739,28.50961519279069],[-82.233074799204175,28.509543703307251],[-82.233031545767417,28.509449444874708],[-82.233024356804606,28.509341007320081],[-82.233037961039642,28.509291370061128],[-82.233071917146603,28.50920990448385],[-82.233164294793482,28.509037437699241],[-82.233217526965745,28.508951149333598],[-82.233252768993708,28.508869700450639],[-82.233271713152305,28.50880634098057],[-82.233275562838429,28.508648223624018],[-82.233256754494903,28.50858523394637],[-82.233187910087736,28.508491217987906],[-82.23316034362702,28.508455411291312],[-82.233106613216336,28.508415339843676],[-82.232817584896665,28.508287019347922],[-82.232649303314076,28.508130682038242],[-82.23232982932528,28.507907716330489],[-82.232138693501554,28.507819187583156],[-82.232085092019531,28.507810629197714],[-82.231872078674684,28.507808227998073],[-82.231637334453907,28.507882657152866],[-82.231459002845071,28.508028431641467],[-82.231447340458629,28.508037571561157],[-82.231383306216031,28.508119498533386],[-82.231238476776085,28.508368983295505],[-82.23112106066236,28.508546197140973],[-82.230911457196356,28.50880526997793],[-82.230861792007303,28.508868807645321],[-82.230806587574193,28.508919045934306],[-82.230776143733209,28.508941742121799],[-82.230515808694719,28.509133760190082],[-82.229980687171491,28.509422773805724],[-82.229582159399186,28.509810034443092],[-82.229520061156535,28.509851185453723],[-82.229473694987234,28.509869735771012],[-82.229437410295006,28.509897132840294],[-82.229318667253679,28.5099206806808],[-82.229001340778908,28.509918930131025],[-82.228846800669018,28.509979165184124],[-82.228741318618745,28.510052123652791],[-82.228626824139724,28.510089514817402],[-82.228468839237564,28.510086394895978],[-82.228193086144174,28.510007484761694],[-82.228034451234123,28.510004640643054],[-82.227097249872443,28.510152912380967],[-82.226901948325661,28.510240499513142],[-82.226872932594844,28.510254200519789],[-82.226802300577489,28.510309028830886],[-82.2267561212537,28.510354599697553],[-82.226655666905174,28.510472648539142],[-82.226464496425876,28.51065962115052],[-82.226398978462598,28.510714239503933],[-82.226235067461829,28.510760848175433],[-82.226145970029279,28.510770694035351],[-82.225942612041081,28.51076362039305],[-82.225876292956272,28.510750682654571],[-82.225431637849255,28.510592242781694],[-82.22528837383328,28.510589020751929],[-82.225009761502818,28.510645433500578],[-82.224624337328393,28.510621977469139],[-82.224540698578764,28.510649905381424],[-82.224352660066302,28.510841136171184],[-82.224136663929713,28.511059593413783],[-82.224065452437188,28.511109914018903],[-82.22405347280916,28.511115386674685]]},"properties":{"OBJECTID_1":127,"OBJECTID":149385,"QUADNUMBER":0,"ELEVATION":95,"ORGCONT":0,"DEPRESSION":0,"HILLTOP":0,"INTERVAL":0,"UNIT":" ","DATESTAMP":1078790400000,"ShapeSTLen":27859.738824453314,"Shape_Length":19880.660602577758}},{"type":"Feature","id":128,"geometry":{"type":"MultiLineString","coordinates":[[[-82.22462824525158,28.525784861492273],[-82.224519229456064,28.525799247381876],[-82.224326431737282,28.525810027716059],[-82.224164425377225,28.52582276830563]],[[-82.224480001804565,28.526918565332121],[-82.224497133030056,28.526914225601605],[-82.224640448039622,28.526876642289317],[-82.224740170714128,28.526844138082918],[-82.224843931662008,28.526721347167136],[-82.224925703575906,28.526612341663078],[-82.224972946273809,28.526580298644085],[-82.225031926087297,28.526534613412824],[-82.22506763992476,28.526502702251765],[-82.225112884958492,28.526475415162565],[-82.225191483103728,28.526442918558899],[-82.225251934870229,28.526424547584405],[-82.225394953153824,28.526404973038083],[-82.225422702412757,28.526391246489933],[-82.225463974104343,28.526332389097874],[-82.225467129669781,28.526296133818722],[-82.225436677867407,28.526201748183038],[-82.225413372631124,28.526179222731802],[-82.225376664041406,28.526075762618675],[-82.225242455647773,28.525986818748279],[-82.225008514922422,28.525853563214355],[-82.22499642591994,28.5258491851908],[-82.224856855278261,28.525814217472973],[-82.224807725583176,28.525805714743264],[-82.22462824525158,28.525784861492273]]]},"properties":{"OBJECTID_1":128,"OBJECTID":149584,"QUADNUMBER":0,"ELEVATION":55,"ORGCONT":0,"DEPRESSION":1,"HILLTOP":0,"INTERVAL":0,"UNIT":" ","DATESTAMP":1078790400000,"ShapeSTLen":1676.4559461567271,"Shape_Length":916.923812136386}},{"type":"Feature","id":129,"geometry":{"type":"LineString","coordinates":[[-82.227156870367921,28.505022803072322],[-82.227300656043653,28.504988368983593],[-82.227315518920975,28.504979261961427],[-82.227404073520603,28.504924381713074],[-82.227535741158619,28.504814885717686],[-82.227569973147183,28.504755940064246],[-82.227620842672309,28.504696642594819],[-82.227655074569924,28.504637694212366],[-82.227735501067201,28.504492659015572],[-82.22775002381448,28.504465540683135],[-82.227808936734021,28.504383555381786],[-82.227824955580033,28.504342948894358],[-82.227863791610844,28.504315584055867],[-82.227928892190349,28.504247177737],[-82.228007888823399,28.504228477554321],[-82.228136138522231,28.504249792443023],[-82.228188235679426,28.504271839661367],[-82.228249568983131,28.50431652126673],[-82.228328593516906,28.504374362792046],[-82.228463905349258,28.504472601772786],[-82.228630384046326,28.504543083303567],[-82.228699339734717,28.504551556770455],[-82.228790130030518,28.50455524076494],[-82.228961844642484,28.504540239665239],[-82.229034665570126,28.504507957174493],[-82.22927645608263,28.504393095282769],[-82.229327799937948,28.504383613379005],[-82.22937018288755,28.50437401483552],[-82.229517699025919,28.504390795877161],[-82.229636616824806,28.50443479397158],[-82.229752511821573,28.504546570860107],[-82.229799203299748,28.504586845967438],[-82.229828121594551,28.504618161892189],[-82.229884262855748,28.504667276663472],[-82.229947581772649,28.504707192430878],[-82.230094440237323,28.50476476293251],[-82.230169084065167,28.504777527530042],[-82.230188216823251,28.50478171361835],[-82.23037099979905,28.504793588370138],[-82.230382517638191,28.504793736684185],[-82.230491026042159,28.504770053682918],[-82.230539475391339,28.504702006426633],[-82.230537584275723,28.504661453464934],[-82.230459418115402,28.504589831070771],[-82.230394660905645,28.504558899982712],[-82.2302391453686,28.50448348152603],[-82.230195652226655,28.504443262512599],[-82.230157925649863,28.504403105005537],[-82.230084166376315,28.504336038117977],[-82.230026300028911,28.504196565803365],[-82.22999255174831,28.504147176779174],[-82.229930018591375,28.504098265062286],[-82.229862351271109,28.50404928349462],[-82.229800587710812,28.50403161973977],[-82.229743927312057,28.50401429744289],[-82.229668566911954,28.504005747799017],[-82.229560925729217,28.504015926798026],[-82.229498629371747,28.504030056345606],[-82.229421553644656,28.504048787538206],[-82.229377890226488,28.504058080556856],[-82.229292641724598,28.504067977013179],[-82.229222821670575,28.504073004477526],[-82.229174827512054,28.504073527564621],[-82.229128691424108,28.504078286748403],[-82.229021920657232,28.504034169380702],[-82.22897850830654,28.503989436275528],[-82.228915551210193,28.503927006678762],[-82.228846911332155,28.503859727458991],[-82.228569568032739,28.503839899371691],[-82.228465488300372,28.50382704802114],[-82.228436580814858,28.503795720953924],[-82.228339141184748,28.503728918493263],[-82.228267547284659,28.503607849364517],[-82.228267734907107,28.503517518269074],[-82.2282565530369,28.503390053755393]]},"properties":{"OBJECTID_1":129,"OBJECTID":149585,"QUADNUMBER":0,"ELEVATION":85,"ORGCONT":0,"DEPRESSION":1,"HILLTOP":0,"INTERVAL":0,"UNIT":" ","DATESTAMP":1078790400000,"ShapeSTLen":4501.5121292298772,"Shape_Length":2348.2333997438159}},{"type":"Feature","id":130,"geometry":{"type":"LineString","coordinates":[[-82.23530428313336,28.518291813195923],[-82.235340811271314,28.518327446861239],[-82.23533474238009,28.518386185861953],[-82.235315859319925,28.518445049021057],[-82.235271614174422,28.518490644642711],[-82.235240034942052,28.518504315769224],[-82.235196792114635,28.51852741677537],[-82.235146894594365,28.518487103167764],[-82.235146981674504,28.518442082113722],[-82.235166648895472,28.518374221199835],[-82.235210332358974,28.518324122057205],[-82.235247520441405,28.518319241837201],[-82.23530428313336,28.518291813195923]]},"properties":{"OBJECTID_1":130,"OBJECTID":152911,"QUADNUMBER":0,"ELEVATION":85,"ORGCONT":0,"DEPRESSION":0,"HILLTOP":0,"INTERVAL":0,"UNIT":" ","DATESTAMP":1078790400000,"ShapeSTLen":229.92206455157879,"Shape_Length":229.9220645439147}},{"type":"Feature","id":131,"geometry":{"type":"LineString","coordinates":[[-82.230153770995543,28.522381743432017],[-82.230215555542443,28.522399405997028],[-82.230307981906179,28.522421114158441],[-82.230322686952604,28.522461550546755],[-82.23032160032291,28.522488547053591],[-82.230308359670886,28.522515960295657],[-82.230268359066287,28.522574833263548],[-82.230200721379731,28.522602405456901],[-82.230111906319422,28.522594249798864],[-82.229954146162186,28.522537103175008],[-82.229950483131958,28.522487522604791],[-82.229932389889697,28.522420040397005],[-82.230005787288817,28.522392252850171],[-82.230094894103246,28.522382403519828],[-82.230153770995543,28.522381743432017]]},"properties":{"OBJECTID_1":131,"OBJECTID":155015,"QUADNUMBER":0,"ELEVATION":90,"ORGCONT":0,"DEPRESSION":1,"HILLTOP":0,"INTERVAL":0,"UNIT":" ","DATESTAMP":1078790400000,"ShapeSTLen":336.64991886866335,"Shape_Length":336.6499188738328}},{"type":"Feature","id":132,"geometry":{"type":"LineString","coordinates":[[-82.235761430441855,28.518156577928355],[-82.235710008805597,28.518170566930579],[-82.235638389013204,28.518207372552229],[-82.235584016500638,28.518284639343815],[-82.235605806552201,28.518361174904911],[-82.235657551550943,28.518405731594708],[-82.235742667103665,28.518405111109896],[-82.235842896079944,28.518340804513421],[-82.235876782191511,28.518263844793402],[-82.235845952673984,28.518191973869104],[-82.235761430441855,28.518156577928355]]},"properties":{"OBJECTID_1":132,"OBJECTID":155628,"QUADNUMBER":0,"ELEVATION":80,"ORGCONT":0,"DEPRESSION":0,"HILLTOP":0,"INTERVAL":0,"UNIT":" ","DATESTAMP":1078790400000,"ShapeSTLen":283.99108544876458,"Shape_Length":283.99108544906608}},{"type":"Feature","id":133,"geometry":{"type":"LineString","coordinates":[[-82.226874681395017,28.520128072935531],[-82.226780016339958,28.520165154204886],[-82.226666747582996,28.520283320861701],[-82.226424832052757,28.520637659860476],[-82.22629920416162,28.520728939655243],[-82.226261006439685,28.520756317380901],[-82.226256005948713,28.520905409117866],[-82.226396482795309,28.521079974555821],[-82.226439830009681,28.521129204863545],[-82.226441800182002,28.521165254033431],[-82.226471016650535,28.521178571831236],[-82.226577823324902,28.521182175495447],[-82.22660676178316,28.521172971095783],[-82.226706386085652,28.521068134210214],[-82.226821124936905,28.520624947060661],[-82.22695220066457,28.520357566058617],[-82.226962801919186,28.520334907507507],[-82.226974225200522,28.52026244603103],[-82.226974891387556,28.520221926734546],[-82.226975111750292,28.520208421809095],[-82.226931275408049,28.52015017891625],[-82.226874681395017,28.520128072935531]]},"properties":{"OBJECTID_1":133,"OBJECTID":156349,"QUADNUMBER":0,"ELEVATION":80,"ORGCONT":0,"DEPRESSION":0,"HILLTOP":0,"INTERVAL":0,"UNIT":" ","DATESTAMP":1078790400000,"ShapeSTLen":952.14283490935827,"Shape_Length":952.14283490925209}},{"type":"Feature","id":134,"geometry":{"type":"LineString","coordinates":[[-82.244357010607942,28.505848338429978],[-82.244252840018831,28.505881079780526],[-82.244063102372678,28.505981987598087],[-82.243943549964271,28.50605533954398],[-82.243922860200357,28.506069159179194],[-82.243831389261189,28.506146523907578],[-82.243820934748271,28.506160184397132],[-82.243774555560421,28.506219265068999],[-82.243732010203502,28.506278392087985],[-82.243667124757664,28.506373825513268],[-82.243638592810655,28.506437066458052],[-82.243629046015656,28.506473245263681],[-82.243577541055544,28.506690418717394],[-82.243564784244214,28.50676736965433],[-82.243541991357461,28.506871208762398],[-82.243513852602106,28.506988768657106],[-82.243496059206507,28.507020630945345],[-82.243447688562412,28.507084188019064],[-82.243319574844804,28.507211753515246],[-82.243289779802922,28.507234454043878],[-82.243205710115859,28.507289402444083],[-82.243162406275502,28.50731700341953],[-82.242969249851299,28.50743165139702],[-82.242796510005903,28.507509973707968],[-82.242749427461163,28.507532732072175],[-82.242635363918509,28.507583649653593],[-82.242565818480443,28.507611200735475],[-82.242291402563552,28.507685994281101],[-82.24219754293361,28.507713802377662],[-82.242159642843873,28.507723174951526],[-82.242082487117301,28.507746417991257],[-82.242054042734793,28.507764907281388],[-82.242002970477387,28.507796918876402],[-82.241945711511534,28.507856134693863],[-82.241851014127505,28.508014792949957],[-82.241845228083804,28.508055533531653],[-82.241850635518361,28.508195460381494],[-82.241850990229949,28.508213479684017],[-82.241891484214833,28.508280682334235],[-82.241959783551778,28.508329942767322],[-82.242016803963878,28.508365272015617],[-82.242089655855978,28.508409804983501],[-82.242166003747442,28.508436092478167],[-82.242205456843521,28.508449531253959],[-82.242313386615265,28.508461856257334],[-82.242370267374184,28.508465948949411],[-82.242480698371594,28.508442286341687],[-82.242550601497683,28.508392222834079],[-82.242602384187833,28.508355448967844],[-82.242730193664798,28.508246173536325],[-82.242900009480451,28.508190332277259],[-82.24292752111981,28.508190107143911],[-82.24300183541429,28.508184852545071],[-82.243151623135859,28.508219655372365],[-82.243234136660021,28.508300048783727],[-82.243263955031324,28.508394696157044],[-82.243268558015089,28.508426271074626],[-82.243265374334072,28.508543584996833],[-82.243254918492426,28.508557245441761],[-82.243224238342179,28.508634252771845],[-82.24309083759843,28.508852084160136],[-82.243072115946234,28.508901660276134],[-82.243069201889654,28.509041772480888],[-82.243072043422956,28.509064317126398],[-82.243071533383215,28.509095831711917],[-82.243084664492926,28.509154250730134],[-82.24310789829083,28.50918127606111],[-82.243146690139014,28.509234948824275],[-82.243242812070534,28.509265702150536],[-82.243319232249959,28.509287485231795],[-82.243433794662906,28.50924585949187],[-82.243578576885014,28.509195056735376],[-82.243667809942863,28.509176188345382],[-82.243816921240352,28.50917467836868],[-82.2440087448296,28.509182147528779],[-82.244064781701994,28.509158935913298],[-82.244132557038924,28.5091223493101],[-82.244188115074436,28.509049598585936],[-82.244227681886358,28.508976926207094],[-82.244243280249563,28.508922520756585],[-82.244248028321152,28.508787221076911],[-82.244255075134575,28.508588623721863],[-82.2442688483777,28.508489181643807],[-82.244283575358338,28.508448559344391],[-82.244308211695909,28.508389486924063],[-82.244344147682256,28.508303542048541],[-82.244439490383684,28.507986734128732],[-82.244500353737038,28.507823709834458],[-82.24458797317935,28.507588137130462],[-82.244610541474316,28.507538325582058],[-82.244724893414329,28.507311813889679],[-82.244739338168955,28.507288918713794],[-82.244891794571814,28.507080045069614],[-82.24496209869929,28.506925859205687],[-82.244965786897936,28.506777040559221],[-82.244956699869206,28.506745408806253],[-82.244875144524272,28.506606208526588],[-82.244840323204656,28.506543582279239],[-82.244720687743751,28.506345930371289],[-82.244704288321728,28.506291973180232],[-82.244683401251166,28.50623796541344],[-82.244667717802969,28.506179515930128],[-82.244650606582226,28.506130051010349],[-82.244614459600257,28.506031102068189],[-82.244591379529822,28.505954552104459],[-82.244563880211942,28.50591424216465],[-82.244501906838067,28.505869566409288],[-82.244435579425655,28.505856635925511],[-82.244357010607942,28.505848338429978]]},"properties":{"OBJECTID_1":134,"OBJECTID":157581,"QUADNUMBER":0,"ELEVATION":95,"ORGCONT":0,"DEPRESSION":1,"HILLTOP":0,"INTERVAL":0,"UNIT":" ","DATESTAMP":1078790400000,"ShapeSTLen":3816.6191014278402,"Shape_Length":3816.6191014325032}},{"type":"Feature","id":135,"geometry":{"type":"LineString","coordinates":[[-82.249830832488612,28.50435857800526],[-82.249923867361616,28.504262928358315],[-82.250141626885437,28.504089487622689],[-82.250233659117598,28.504016337009151],[-82.250384353613725,28.503915789394075],[-82.25046114856795,28.503874530495398],[-82.25060792958152,28.503778431212847],[-82.250927527952257,28.50355868948628],[-82.251205919267434,28.503434399817529],[-82.251520135857646,28.503309716636469],[-82.251745391239581,28.503266938758738],[-82.251921641505135,28.503247461607693],[-82.252014993702062,28.50325087990192],[-82.252048834914973,28.503255243178781],[-82.252196707268482,28.503290008049479],[-82.252372428592622,28.503383104028334],[-82.25240711596993,28.50341420950733],[-82.252509736134755,28.503517075436406],[-82.252556145607116,28.503575348721231],[-82.252587339115522,28.503624701658822],[-82.252691493196949,28.503831434149276],[-82.252719833735242,28.503898766275434],[-82.252732054339361,28.503934943141907],[-82.252786021561064,28.504119376135058],[-82.2528903110709,28.504556031570853],[-82.252931064408514,28.504727078343706],[-82.252996254080713,28.50492966728622],[-82.253100617757212,28.50516341990075],[-82.253168488605823,28.505239401315105],[-82.253168201652556,28.505257411856938],[-82.253253983690186,28.505333335498126],[-82.25339721796621,28.505417856048567],[-82.253494951305498,28.505507154443851],[-82.253639838801334,28.505727059359288],[-82.253776321228472,28.505834014599259],[-82.253837375220826,28.505856158851312],[-82.25387299529055,28.505869269336863],[-82.254076461466809,28.505908107053937],[-82.254372736168293,28.505905324951879],[-82.254734427015833,28.505852417686715],[-82.255370697116064,28.505634362748935],[-82.255883548291678,28.505372272477555],[-82.256301606861754,28.50515627424754],[-82.25651454811063,28.505122906056268],[-82.256791109906928,28.505151956517103],[-82.256906206856058,28.50519588196715],[-82.257021938951638,28.505240093065193],[-82.257251684923219,28.505395760436215],[-82.257410107021329,28.505570243868846],[-82.257455382676994,28.505619491387584],[-82.257632682202342,28.505893262252442],[-82.257762718789309,28.506162785824603],[-82.257822729808865,28.506369808211367],[-82.257873482720427,28.506635534256667],[-82.257878269125925,28.50701466638959],[-82.257867272974778,28.507181692342648],[-82.257851690348303,28.507235807849771],[-82.257825565399827,28.507308371141402],[-82.257797819346251,28.507362908555024],[-82.257723626797286,28.507480745452735],[-82.257371478613152,28.507935355155464],[-82.257257806436684,28.50808084235938],[-82.256910716988344,28.508458690119319],[-82.25685311731344,28.508499619487299],[-82.256391004310743,28.50882904571364],[-82.256256175898784,28.508897720674788],[-82.256076685761798,28.508998769343776],[-82.256013242347734,28.509044409705609],[-82.255971850493594,28.509072038212647],[-82.255823089245766,28.509132098087399],[-82.255619011416869,28.509210608430418],[-82.255366519749941,28.509235605374784],[-82.255155997465096,28.509196962455018],[-82.254982893758722,28.509139653385258],[-82.254884506083641,28.509091148069807],[-82.25484078494631,28.509064439304019],[-82.25465049714127,28.508921636430266],[-82.2544615900336,28.508693302388227],[-82.254380524377126,28.508522604164888],[-82.254333368059804,28.508351476980192],[-82.254332897192143,28.50806273857533],[-82.254381668267087,28.507854809972049],[-82.254597741188618,28.50742862076849],[-82.254592236086296,28.507333713803501],[-82.254560179118698,28.507297864840339],[-82.254513976462562,28.507266891589527],[-82.254408260316353,28.507236304057511],[-82.254219444562992,28.50716134996906],[-82.254140042454864,28.507125746468329],[-82.254013854796312,28.507054951199397],[-82.25382038344955,28.50691211244429],[-82.253764150849847,28.50686750420989],[-82.253631348665223,28.506850661606883],[-82.253557106683459,28.506891942785728],[-82.253519259983364,28.506937625375922],[-82.253518179246669,28.507005154749848],[-82.253618819978939,28.507509857011325],[-82.253635984867486,28.507635866108082],[-82.253631548098923,28.507712642703712],[-82.253615026290248,28.507785043798389],[-82.253595598935604,28.507839391585204],[-82.253545727825596,28.507916443345383],[-82.253496297382569,28.50796676485869],[-82.253468981164303,28.507994003608342],[-82.253360880676126,28.508071735077749],[-82.253300863415944,28.508103913759381],[-82.253275688736366,28.508117665567774],[-82.253145398901097,28.508222705423506],[-82.252934897697017,28.508540327452316],[-82.252925087733558,28.508554001871282],[-82.252889367161245,28.50862672464611],[-82.252819248810795,28.508848449643754],[-82.252812749881883,28.508934206613077],[-82.252853478114048,28.509186579408389],[-82.252932837296711,28.509343755489649],[-82.253025859166982,28.509487313087366],[-82.253114278679718,28.509558765213342],[-82.253231083538907,28.509616228502765],[-82.253276371516137,28.509624953744471],[-82.253409036227737,28.509650805084469],[-82.253776205302799,28.509656227926282],[-82.254326879336574,28.509669277831396],[-82.254531288414995,28.509690113881316],[-82.25456058052184,28.509698634944765],[-82.254780035661895,28.50977791829358],[-82.254945374568749,28.509920682044317],[-82.255021690467245,28.510069094451822],[-82.255041513158119,28.51010958988692],[-82.25506906374514,28.510226431234475],[-82.255088388753606,28.510257914027115],[-82.255272426739353,28.51102790772638],[-82.255287910253855,28.511099869874261],[-82.255299793054846,28.511275897706597],[-82.255297615071356,28.511411237047795],[-82.255221839337565,28.51178654823639],[-82.255167813415852,28.511963168152686],[-82.255039594497347,28.512216811071617],[-82.254909276301504,28.512403181354301],[-82.254784098405693,28.512507995675808],[-82.254726416313687,28.512553718467281],[-82.254512221920521,28.512663892392677],[-82.254372487342721,28.512719560080971],[-82.254010115026091,28.51281298047947],[-82.253751901514676,28.512914734453442],[-82.253724021648182,28.512937463449163],[-82.253650911602307,28.512987768746253],[-82.253328066666739,28.51328880453104],[-82.253210212462477,28.513375424119776],[-82.253150687704135,28.513416614468767],[-82.252955750416831,28.513522250952366],[-82.252474663592807,28.513716339509738],[-82.252161287373013,28.51378672803337],[-82.251771272881527,28.513808598680466],[-82.251505920676863,28.513797406460011],[-82.251408719278089,28.51379366201763],[-82.250931410631267,28.513753093069308],[-82.250658099726905,28.513719570821458],[-82.250429806011056,28.513671977750938],[-82.250331619266674,28.513650208123774],[-82.250154177948232,28.513584105754472],[-82.249809943024616,28.51342503043811],[-82.249745110208991,28.513398336303197],[-82.249393665357843,28.513171625853307],[-82.249160805871625,28.512970597227127],[-82.248939047446569,28.512755924185473],[-82.248876310623615,28.512639187567018],[-82.248742161184168,28.51238789788772],[-82.248656111634801,28.51224865050942],[-82.248525961462008,28.51198811863528],[-82.248421462479698,28.511921522314985],[-82.248383434864238,28.511899101669833],[-82.248141899064407,28.511878909817629],[-82.248082118744563,28.511856776953564],[-82.24803528110958,28.511784995728661],[-82.248026909018648,28.511590988717376],[-82.248027038621984,28.511424115174226],[-82.247981993839602,28.511162673915454],[-82.248003846805517,28.510562399179886],[-82.248094416669318,28.510065140237955],[-82.248097905140312,28.510047174402455],[-82.248300841966724,28.50948575064589],[-82.248307109496537,28.509454033329021],[-82.248308349557362,28.509377213121141],[-82.24829625343898,28.509214966554531],[-82.248187754597623,28.508683424399514],[-82.248187231084714,28.508200504807839],[-82.24824488820272,28.508037437799352],[-82.248303726069679,28.507761828412985],[-82.248347744567297,28.5075718520233],[-82.248352454151103,28.506962644307077],[-82.248404203383316,28.50645223281083],[-82.248461056828575,28.506180818341672],[-82.248570361470058,28.505909204148075],[-82.248576341995317,28.505895493727994],[-82.24861996732109,28.505809360393901],[-82.248839674631313,28.505396727688225],[-82.248971852570961,28.505214897538043],[-82.249024485052615,28.505164898430042],[-82.249156564894164,28.505028095559783],[-82.249469559089292,28.504781538892495],[-82.249830832488612,28.50435857800526]]},"properties":{"OBJECTID_1":135,"OBJECTID":158191,"QUADNUMBER":0,"ELEVATION":140,"ORGCONT":0,"DEPRESSION":0,"HILLTOP":0,"INTERVAL":0,"UNIT":" ","DATESTAMP":1078790400000,"ShapeSTLen":14521.731104035553,"Shape_Length":14521.731104036891}},{"type":"Feature","id":136,"geometry":{"type":"LineString","coordinates":[[-82.229994602704593,28.5300956692607],[-82.230062945100599,28.530103848808867],[-82.230081485862925,28.530144321989699],[-82.23006786906798,28.530194247589606],[-82.230004907670107,28.530248891208881],[-82.229960723226469,28.530289987647606],[-82.229885027264217,28.53034024931274],[-82.229816739777291,28.530367807966137],[-82.229740993169656,28.53038205152583],[-82.229697914193437,28.530355327360542],[-82.229698648297884,28.530310310698944],[-82.22975630036558,28.530228587723357],[-82.229831795665262,28.530151304763663],[-82.229894542620897,28.530109888199721],[-82.229994602704593,28.5300956692607]]},"properties":{"OBJECTID_1":136,"OBJECTID":158639,"QUADNUMBER":0,"ELEVATION":90,"ORGCONT":0,"DEPRESSION":0,"HILLTOP":0,"INTERVAL":0,"UNIT":" ","DATESTAMP":1078790400000,"ShapeSTLen":348.11473099699816,"Shape_Length":348.11473099029718}},{"type":"Feature","id":137,"geometry":{"type":"LineString","coordinates":[[-82.235762309725217,28.522547555558972],[-82.235609056022099,28.522567018888886],[-82.235549167563406,28.522590181351028],[-82.235432437416733,28.522685802532795],[-82.235409932954539,28.522731387571508],[-82.235384100733427,28.522785658062308],[-82.235375668139966,28.522871384952271],[-82.235394415658917,28.522898356151448],[-82.2356606410968,28.522936602652241],[-82.235725640326493,28.522913502559305],[-82.235799502754602,28.52281790951923],[-82.235816039011269,28.522745510662872],[-82.235819379369545,28.522736543641759],[-82.235825918100232,28.522610271176248],[-82.235762309725217,28.522547555558972]]},"properties":{"OBJECTID_1":137,"OBJECTID":162106,"QUADNUMBER":0,"ELEVATION":80,"ORGCONT":0,"DEPRESSION":0,"HILLTOP":0,"INTERVAL":0,"UNIT":" ","DATESTAMP":1078790400000,"ShapeSTLen":462.1696765338537,"Shape_Length":462.16967653395284}},{"type":"Feature","id":138,"geometry":{"type":"MultiLineString","coordinates":[[[-82.227346826301698,28.504715798850565],[-82.227360903311194,28.50470798801177],[-82.22735882387417,28.504696717514552]],[[-82.227365798447522,28.50468562497441],[-82.227395819997895,28.504685354574725],[-82.227475387535051,28.50455353139013],[-82.227479988428712,28.504504014385752]]]},"properties":{"OBJECTID_1":138,"OBJECTID":162439,"QUADNUMBER":0,"ELEVATION":80,"ORGCONT":0,"DEPRESSION":1,"HILLTOP":0,"INTERVAL":0,"UNIT":" ","DATESTAMP":1078790400000,"ShapeSTLen":996.7795807747176,"Shape_Length":91.514583871453667}},{"type":"Feature","id":139,"geometry":{"type":"LineString","coordinates":[[-82.254932506041982,28.528617068803076],[-82.254979354377966,28.528648323896824],[-82.255013336244247,28.528683929883229],[-82.255073676461294,28.528791902421613],[-82.255081954290489,28.528913571074725],[-82.25506175426564,28.528936401387824],[-82.255001578837309,28.528977580176161],[-82.254887232847736,28.528964901148562],[-82.254866619753358,28.528933693354574],[-82.254780865119514,28.528893789116943],[-82.254755981636848,28.528889534298646],[-82.254716894011494,28.528813070527562],[-82.25471661611617,28.52879055388161],[-82.25471849639905,28.528713749797305],[-82.254798449701383,28.528636509636197],[-82.254932506041982,28.528617068803076]]},"properties":{"OBJECTID_1":139,"OBJECTID":162981,"QUADNUMBER":0,"ELEVATION":100,"ORGCONT":0,"DEPRESSION":1,"HILLTOP":0,"INTERVAL":0,"UNIT":" ","DATESTAMP":1078790400000,"ShapeSTLen":396.55849758471163,"Shape_Length":396.5584975772486}},{"type":"Feature","id":140,"geometry":{"type":"LineString","coordinates":[[-82.2433587590927,28.50031387240892],[-82.24335694300359,28.500361100210554],[-82.243176736834343,28.500466632365235],[-82.242519593093874,28.500671138650699],[-82.242054335434304,28.500995686465732],[-82.241855082518484,28.501092249833199],[-82.241851734778024,28.501101494061093],[-82.24174038086305,28.501143153381619],[-82.241550813261995,28.501194526476532],[-82.241343799775024,28.501178139349882],[-82.241206754803272,28.501107197035292],[-82.241070522893423,28.500986722179487],[-82.240920596903067,28.50080304370632],[-82.240801180597842,28.500591891265977],[-82.240781737962564,28.500528890156318],[-82.240789064528585,28.500274017080013],[-82.240751315581221,28.500037433288629],[-82.240758558590613,28.499906390020829],[-82.240749077235321,28.499662842327581],[-82.240684650679142,28.499374703874004],[-82.24060496476929,28.499199508137306],[-82.240525448555189,28.499132372246205],[-82.240486291960806,28.499101211143504],[-82.240164906216037,28.498720632399664],[-82.240124839219689,28.498666666765555],[-82.240110372111303,28.498572211602461],[-82.24010109534278,28.498513557090419],[-82.240156323028401,28.498382266633381],[-82.240281152060604,28.498259164698805],[-82.240485019220884,28.498153654952148],[-82.240573837442113,28.498121005011306],[-82.240591184498868,28.498116440894837],[-82.240817212783782,28.498064683310691],[-82.241237956378697,28.498038438621048],[-82.241375801358743,28.498059591382045],[-82.241593260064761,28.498102840080335],[-82.241687588889221,28.498124570664011],[-82.241814967795591,28.498159373411653],[-82.242219722937151,28.49829109090728],[-82.242343757673055,28.498335140097726],[-82.242353207863061,28.498343979829265],[-82.24281385671982,28.498579114543297],[-82.242832276939652,28.498587781208268],[-82.243051318391636,28.49873039257805],[-82.24316865447922,28.498832898287624],[-82.24329207172164,28.498994289484244],[-82.243311117853779,28.499003249129618],[-82.243398216685392,28.499155741270265],[-82.243408799729906,28.49917388575],[-82.243474978542551,28.499511570568522],[-82.243471402114423,28.499890603314256],[-82.243420255859178,28.500125785389365],[-82.243347818285756,28.500252921930187],[-82.2433587590927,28.50031387240892]]},"properties":{"OBJECTID_1":140,"OBJECTID":163386,"QUADNUMBER":0,"ELEVATION":155,"ORGCONT":0,"DEPRESSION":0,"HILLTOP":0,"INTERVAL":0,"UNIT":" ","DATESTAMP":1078790400000,"ShapeSTLen":3546.9173208216407,"Shape_Length":3546.9173208201896}},{"type":"Feature","id":141,"geometry":{"type":"MultiLineString","coordinates":[[[-82.240034177494721,28.537102743304498],[-82.240256698866006,28.53711425900855],[-82.240340401882804,28.537122626353042],[-82.240432264806117,28.53718034476865],[-82.240520580578348,28.537306230845989]],[[-82.239235175979957,28.537270878754761],[-82.239308413484054,28.537222240483242],[-82.239651678378124,28.537128898347717],[-82.23990736825192,28.537108468070578],[-82.240034177494721,28.537102743304498]]]},"properties":{"OBJECTID_1":141,"OBJECTID":164923,"QUADNUMBER":0,"ELEVATION":120,"ORGCONT":0,"DEPRESSION":0,"HILLTOP":0,"INTERVAL":0,"UNIT":" ","DATESTAMP":1078790400000,"ShapeSTLen":2949.1458711070277,"Shape_Length":456.60278457873335}},{"type":"Feature","id":142,"geometry":{"type":"LineString","coordinates":[[-82.234087254127815,28.520649405450083],[-82.234020060670019,28.520649969672665],[-82.23397398083209,28.520650513745565],[-82.233799290987434,28.520728800873126],[-82.233640786653396,28.520874548417069],[-82.233530971580151,28.521056080457569],[-82.233438674454405,28.521183247375188],[-82.233311350777342,28.521261004916081],[-82.233051568439109,28.521299661647582],[-82.232670283750636,28.521294008639096],[-82.232039637761645,28.521394405118691],[-82.231942504511011,28.521386424574672],[-82.231758416655623,28.52137453806716],[-82.231580741745034,28.521321923692437],[-82.231252514783421,28.521162439470583],[-82.231056706010804,28.521006312540298],[-82.23102194447533,28.520979418492018],[-82.230861992663066,28.520899728732882],[-82.230808036890764,28.520873158701903],[-82.230748174518212,28.520855795421468],[-82.230610580186081,28.520856879053834],[-82.230462841993813,28.520930429350251],[-82.230400257244952,28.520962566178131],[-82.230296036997288,28.52103582321601],[-82.229977581532026,28.521336584057426],[-82.229754997815007,28.52160477689786],[-82.229729605032276,28.521632037386329],[-82.229656326424703,28.521691332801915],[-82.229594936934106,28.521727988907681],[-82.229230353701013,28.521875634167035],[-82.228859520556966,28.521856596269],[-82.228804756270975,28.521879538690332],[-82.228675007484313,28.521948538683979],[-82.228315250741318,28.522114251023947],[-82.228220770313428,28.52217834750093],[-82.228190326206146,28.522201039473568],[-82.228149052101315,28.52226017835169],[-82.228136299664072,28.522296314473778],[-82.228098393339849,28.522423040825977],[-82.228029327960797,28.522576945877557],[-82.227982394671358,28.522708338049721],[-82.227981440343825,28.522884495275537],[-82.2279974624049,28.522960958686888],[-82.228276204432674,28.522976588510069],[-82.228296388136016,28.522994286649258],[-82.228298834558672,28.523197501395437],[-82.228300163775984,28.523233545285368],[-82.228297700927541,28.523305834773389],[-82.22829228582107,28.52332378166269],[-82.228222088318262,28.523351589979406],[-82.228008113342682,28.523366900281893],[-82.227810836749043,28.523377918649981],[-82.227742857771631,28.523387466680457],[-82.22780242019023,28.523423121483489],[-82.227892565871315,28.523467317125064],[-82.227923059261585,28.523480641484287],[-82.228005972425336,28.523497736313036],[-82.228068469938123,28.523510906762162],[-82.228225117496663,28.523518518493383],[-82.228250078874709,28.523518264505945],[-82.228395799195269,28.52348971563158],[-82.228752468561268,28.523396290932059],[-82.228811005304607,28.523377890919672],[-82.22895421161779,28.523385611976238],[-82.229066385988531,28.523452314891834],[-82.229108927066648,28.523551074695227],[-82.229193784406945,28.523645010429963],[-82.229317180303994,28.52372959048212],[-82.229354567584181,28.52375201389539],[-82.229435975373235,28.523782867596939],[-82.229468539396962,28.523786940842172],[-82.229773232445638,28.52382033791168],[-82.229794915756528,28.523824544981629],[-82.229866446562283,28.523833049519073],[-82.230012986372017,28.523872329773138],[-82.230100618019975,28.523952791781138],[-82.230243914649833,28.524190713964067],[-82.230429080590113,28.524333479100545],[-82.230547385672352,28.524377463680299],[-82.23091850949956,28.524378497288083],[-82.231406257316053,28.524252377167585],[-82.231887118642106,28.52423452360134],[-82.231906388521836,28.524229700140186],[-82.23207495301159,28.524174135324742],[-82.232196400882614,28.524064512639264],[-82.232310642771225,28.524004882345977],[-82.23240592803181,28.524008611202181],[-82.232454343994405,28.524021611517767],[-82.232546826339856,28.524079617720538],[-82.232741076415806,28.524253735190879],[-82.232731874510378,28.52430793336767],[-82.232704826645175,28.524357964388781],[-82.232439185700073,28.524558926380838],[-82.232395011099314,28.524599742984968],[-82.2321761411323,28.524836462110077],[-82.232091377329311,28.525090080207725],[-82.232070718706908,28.525297790061288],[-82.232164131392395,28.525730099807017],[-82.232366639091708,28.526026176760837],[-82.232462285482541,28.52616527522455],[-82.232604777531137,28.526452708024323],[-82.232701292576067,28.527087964515832],[-82.232738732266398,28.52714640591536],[-82.232859414275836,28.527280755429871],[-82.232889267733952,28.527294076147388],[-82.232978801468477,28.527297740455481],[-82.233099493621921,28.527273937909719],[-82.233213658446758,28.527218811526478],[-82.233238911056077,28.527200549764636],[-82.233458435967734,28.526923307935384],[-82.233557463463981,28.526854760486046],[-82.233617354767915,28.52683159889979],[-82.233657112547789,28.526826752587926],[-82.23390146642717,28.526792962338124],[-82.234083039578408,28.526764298705331],[-82.234336676853147,28.526671523232611],[-82.234363631642722,28.526666801666874],[-82.23455607623373,28.52663798690369],[-82.234624549660339,28.526637444553455],[-82.234714001912906,28.526645601554151],[-82.234738252647134,28.526649850316197],[-82.234826554413743,28.526689795341909],[-82.234917621126129,28.526756515412355],[-82.234976401629936,28.526801153968155],[-82.23506084139423,28.526881577631766],[-82.235287899258168,28.527163888356633],[-82.235440807353243,28.527284287194199],[-82.235477557946496,28.527306415838197],[-82.235629708533196,28.527354770511522],[-82.23574875371061,28.527353733806148],[-82.235863338637913,28.527312122546771],[-82.235903604999692,28.527275472345131],[-82.235924976045879,28.527221151785664],[-82.235941380355143,28.52711722785844],[-82.235923899941668,28.527090274406198],[-82.235844576301389,28.527009920004627],[-82.235768287229945,28.526979125358896],[-82.235682328170896,28.526952722030117],[-82.235474614949865,28.526936596346118],[-82.235447810774673,28.526932319657281],[-82.235376638190672,28.526901314698826],[-82.235313108409869,28.52683409245844],[-82.235317757940976,28.526626464959705],[-82.235414185012374,28.526363996148444],[-82.235488024633071,28.526033976035077],[-82.235485971121875,28.52588508313687],[-82.235443777370705,28.525370962211479],[-82.235432357498098,28.525325785187995],[-82.235343096790075,28.525069416697683],[-82.235243490987898,28.524898750333641],[-82.235211084161676,28.524845151917919],[-82.235153231248461,28.524782519016906],[-82.235133906392107,28.524751033441618],[-82.234976978102694,28.52460356709285],[-82.234946057123011,28.524576726983884],[-82.234909593968084,28.524536298964726],[-82.234791991641018,28.524370468373789],[-82.23473194125728,28.524167942607079],[-82.234678469781173,28.523757806658956],[-82.234603564477666,28.523523844291852],[-82.234594647320648,28.523442685326373],[-82.234607837885406,28.52337925361978],[-82.235000451516001,28.523357740724371],[-82.235108680232699,28.523352344210732],[-82.235102765255576,28.523243930061419],[-82.235063581064622,28.523095411751921],[-82.234682938641384,28.523089774137613],[-82.234674910592602,28.523071941356768],[-82.234684876405865,28.522774045360354],[-82.23471066945433,28.522683475391247],[-82.234827135169141,28.522565050228842],[-82.235017405323688,28.52247317254125],[-82.235181925242316,28.522390258881327],[-82.235259624924254,28.52229499154851],[-82.235279085040276,28.522199831358453],[-82.235200576604001,28.522069677181239],[-82.235028137415767,28.521931576977405],[-82.234930183900047,28.521855767737204],[-82.234756234572416,28.521613527023771],[-82.234521413829256,28.52098385222564],[-82.234468627328368,28.520884968304525],[-82.234432238066944,28.52084033505631],[-82.234342983304145,28.520741838850522],[-82.234151670858267,28.520662319852679],[-82.234087254127815,28.520649405450083]]},"properties":{"OBJECTID_1":142,"OBJECTID":164925,"QUADNUMBER":0,"ELEVATION":80,"ORGCONT":0,"DEPRESSION":0,"HILLTOP":0,"INTERVAL":0,"UNIT":" ","DATESTAMP":1078790400000,"ShapeSTLen":10312.950987387874,"Shape_Length":10312.950987400336}},{"type":"Feature","id":143,"geometry":{"type":"LineString","coordinates":[[-82.233283479832451,28.524032344005782],[-82.233344629715319,28.524049712061579],[-82.233413436805904,28.524107709608511],[-82.23342515153611,28.52413459841225],[-82.233417874912547,28.524188817690316],[-82.233410667030157,28.524238532326308],[-82.233372444325809,28.524306721685942],[-82.233278567624524,28.524334523654613],[-82.233173030657241,28.524330942946325],[-82.233097811067978,28.524313675656021],[-82.233055656594715,28.524268958111776],[-82.233044037459194,28.524196767613081],[-82.233076306194093,28.524101772568866],[-82.233139114615668,28.524056129588448],[-82.233220697134684,28.5240371828131],[-82.233283479832451,28.524032344005782]]},"properties":{"OBJECTID_1":143,"OBJECTID":165054,"QUADNUMBER":0,"ELEVATION":80,"ORGCONT":0,"DEPRESSION":1,"HILLTOP":0,"INTERVAL":0,"UNIT":" ","DATESTAMP":1078790400000,"ShapeSTLen":375.22282456175105,"Shape_Length":375.22282456545128}},{"type":"Feature","id":144,"geometry":{"type":"LineString","coordinates":[[-82.23513789489931,28.531348654533435],[-82.235229342895579,28.531352347414444],[-82.235315461571588,28.531369470079106],[-82.235388972342889,28.531414017023558],[-82.23544689977534,28.53147215502608],[-82.235446752207238,28.531481154392065],[-82.235431568464548,28.531549065204253],[-82.235403457407443,28.531585298054353],[-82.235369514321491,28.531626237722445],[-82.235221351359201,28.531686287526949],[-82.235089698755743,28.531714462050775],[-82.235002999652153,28.531733347517342],[-82.234940206967806,28.531738466877435],[-82.234769457907575,28.531730975754876],[-82.23470966908603,28.531708829000664],[-82.234587587997453,28.53166029780148],[-82.234563133247661,28.531629030385538],[-82.234569426770605,28.531556789317026],[-82.234634240878947,28.531506667475359],[-82.234870069453621,28.531486272903354],[-82.234883166121307,28.531468150070619],[-82.234989015680299,28.531413196308698],[-82.235083268587132,28.531362608240265],[-82.23513789489931,28.531348654533435]]},"properties":{"OBJECTID_1":144,"OBJECTID":165127,"QUADNUMBER":0,"ELEVATION":75,"ORGCONT":0,"DEPRESSION":1,"HILLTOP":0,"INTERVAL":0,"UNIT":" ","DATESTAMP":1078790400000,"ShapeSTLen":685.66949695560493,"Shape_Length":685.66949695820222}},{"type":"Feature","id":145,"geometry":{"type":"LineString","coordinates":[[-82.22807154954333,28.50503103647717],[-82.228246803608656,28.505034099919957],[-82.228414875215734,28.505046073292188],[-82.228499757926386,28.505058962364732],[-82.228585209571378,28.505076085161015],[-82.228640587908302,28.505093674482374],[-82.228791203352714,28.505155516311106],[-82.228845572027552,28.505195604665129],[-82.228861129550538,28.505222528988025],[-82.22889442623098,28.505298936339798],[-82.228891871300789,28.505416255302862],[-82.228889067936009,28.505470532829754],[-82.228863725855248,28.505533814974104],[-82.228731466876496,28.505679606697964],[-82.228679114605995,28.505711587489611],[-82.228612764160573,28.50573917570232],[-82.22854272750871,28.505757984791966],[-82.228436357701597,28.505767899987973],[-82.228232305830019,28.505765321896089],[-82.22816461916527,28.505756862308662],[-82.228107821613051,28.505748269813175],[-82.228033743763959,28.505740013087969],[-82.227897839610989,28.505678071766223],[-82.227822921709503,28.505642511191652],[-82.22774020265291,28.50557561236262],[-82.227715687004334,28.505548848199957],[-82.227662400032045,28.505481484924182],[-82.227652950400909,28.505472636055931],[-82.227610491564704,28.505369098314969],[-82.227593832040881,28.505292633008828],[-82.227591884147074,28.505216060048497],[-82.227612233846187,28.505184231628384],[-82.227675759336819,28.505134098880063],[-82.227740264705787,28.505101710097239],[-82.227816145816092,28.505078460177678],[-82.22790985471363,28.505059672225357],[-82.228014374393624,28.505045233451412],[-82.22807154954333,28.50503103647717]]},"properties":{"OBJECTID_1":145,"OBJECTID":165590,"QUADNUMBER":0,"ELEVATION":85,"ORGCONT":0,"DEPRESSION":1,"HILLTOP":0,"INTERVAL":0,"UNIT":" ","DATESTAMP":1078790400000,"ShapeSTLen":1118.2666559898653,"Shape_Length":1118.2666559903846}},{"type":"Feature","id":146,"geometry":{"type":"LineString","coordinates":[[-82.234048949332561,28.520879965622253],[-82.234002153314279,28.520884722200766],[-82.23393139119112,28.520908038033088],[-82.233906059183397,28.520930793767633],[-82.233870400772801,28.520998728928816],[-82.233865490944083,28.521143315313502],[-82.233911111269592,28.521327940351732],[-82.233963403908575,28.52141752302154],[-82.234089833048799,28.521551943793245],[-82.234120039529529,28.521583287162581],[-82.234153080899191,28.521637168114577],[-82.234331105608305,28.522100379640317],[-82.234404095814199,28.522176430900124],[-82.234492612514089,28.522202596048547],[-82.234571892855044,28.522206406059869],[-82.234671830489717,28.522160387845531],[-82.234689548101557,28.52213303231937],[-82.234692687343752,28.521979699816615],[-82.234595733210369,28.521764040807597],[-82.234452216883227,28.521539627184275],[-82.234445959483523,28.52153054050272],[-82.234345351770116,28.521107429501058],[-82.234176508000431,28.520905774972018],[-82.234048949332561,28.520879965622253]]},"properties":{"OBJECTID_1":146,"OBJECTID":169482,"QUADNUMBER":0,"ELEVATION":85,"ORGCONT":0,"DEPRESSION":0,"HILLTOP":0,"INTERVAL":0,"UNIT":" ","DATESTAMP":1078790400000,"ShapeSTLen":1182.2743328927347,"Shape_Length":1182.2743328890379}},{"type":"Feature","id":147,"geometry":{"type":"LineString","coordinates":[[-82.256638211263535,28.505748912542224],[-82.256795405061169,28.505760997666563],[-82.25684956995805,28.505774053380122],[-82.257001913726398,28.505849397651627],[-82.257133054621562,28.505970060884778],[-82.257291948898796,28.506234887718421],[-82.257374931151674,28.506644813417154],[-82.257373208282928,28.506712340420147],[-82.25736949477232,28.506983292420625],[-82.25731895713723,28.507182192918037],[-82.257228951795767,28.507368216673239],[-82.257055333162455,28.507581904868783],[-82.256988197691868,28.507618498495724],[-82.25680382823694,28.507665449761411],[-82.256601127634639,28.507658144616322],[-82.256435110172973,28.507637225686715],[-82.256138929875306,28.507554186935323],[-82.25598268047365,28.507483290445823],[-82.255834970941237,28.507358471322245],[-82.255740023254717,28.507255423011593],[-82.255724957381986,28.507237499111557],[-82.255691275244104,28.507183614598873],[-82.255620596459508,28.50696322588616],[-82.25562407862526,28.506746583178245],[-82.255643659745189,28.506683224845357],[-82.25566323164179,28.506619863819477],[-82.255733021339793,28.506497475832351],[-82.255925713773422,28.506211420999996],[-82.256109924848289,28.506015597015733],[-82.256304926398172,28.505864930386988],[-82.256543279127683,28.505763492374111],[-82.256638211263535,28.505748912542224]]},"properties":{"OBJECTID_1":147,"OBJECTID":169567,"QUADNUMBER":0,"ELEVATION":150,"ORGCONT":0,"DEPRESSION":0,"HILLTOP":0,"INTERVAL":0,"UNIT":" ","DATESTAMP":1078790400000,"ShapeSTLen":1991.3904228322599,"Shape_Length":1991.3904228330298}},{"type":"Feature","id":148,"geometry":{"type":"LineString","coordinates":[[-82.26867659490334,28.513764571312279],[-82.268588287783544,28.513765169090178],[-82.268548313035197,28.513783810308276],[-82.268450673456456,28.513888423903172],[-82.268450569462232,28.514014780861455],[-82.268494862207731,28.514046001230312],[-82.26852442891844,28.514077324678578],[-82.268573135621622,28.514112817941861],[-82.26864807301483,28.514148355881634],[-82.268749675897865,28.51415636724175],[-82.268830098345362,28.5141286576571],[-82.268900294621233,28.514060293103459],[-82.268902599268699,28.513915674577856],[-82.268859026916786,28.513839430241646],[-82.268798310348217,28.513795060072098],[-82.268720386975644,28.513786501117028],[-82.26867659490334,28.513764571312279]]},"properties":{"OBJECTID_1":148,"OBJECTID":171247,"QUADNUMBER":0,"ELEVATION":100,"ORGCONT":0,"DEPRESSION":1,"HILLTOP":0,"INTERVAL":0,"UNIT":" ","DATESTAMP":1078790400000,"ShapeSTLen":463.10669440214866,"Shape_Length":463.10669439865069}},{"type":"Feature","id":149,"geometry":{"type":"LineString","coordinates":[[-82.24205659137624,28.531136437381996],[-82.241968546351245,28.531159816157672],[-82.241894212388303,28.531205595591423],[-82.241902437444111,28.531250728078927],[-82.241937397590604,28.531304633391869],[-82.242051423314052,28.531416380844359],[-82.242095564582854,28.53145661182748],[-82.242149724193197,28.531510204939117],[-82.242192886348377,28.53153241144711],[-82.242251964488887,28.53155904534605],[-82.24232287547747,28.531567249326418],[-82.242403949600515,28.531539559616977],[-82.24242408246343,28.531521242133849],[-82.242430668610126,28.531430983035555],[-82.242407375224857,28.531367937009112],[-82.242397495711799,28.531345580040799],[-82.242362753734113,28.531278170833552],[-82.242352161109253,28.531260307018027],[-82.242299576184735,28.531188451279192],[-82.242222707919879,28.531153149595422],[-82.242178621490737,28.531148940252368],[-82.24205659137624,28.531136437381996]]},"properties":{"OBJECTID_1":149,"OBJECTID":171362,"QUADNUMBER":0,"ELEVATION":110,"ORGCONT":0,"DEPRESSION":1,"HILLTOP":0,"INTERVAL":0,"UNIT":" ","DATESTAMP":1078790400000,"ShapeSTLen":509.09653992053677,"Shape_Length":509.09653991852781}},{"type":"Feature","id":150,"geometry":{"type":"LineString","coordinates":[[-82.228836655134728,28.504135106229995],[-82.228763712288583,28.504135876009315],[-82.228697576818888,28.504149947585006],[-82.228653825090731,28.504204561109731],[-82.228655052614485,28.504285904201215],[-82.228654832484025,28.504299409159614],[-82.228689513258843,28.50433052343417],[-82.228794301331234,28.504338600882246],[-82.228886866896147,28.50435131165279],[-82.228938129559822,28.504346326448804],[-82.229007113069969,28.504314276024065],[-82.229044617967361,28.504250585335651],[-82.229026950948622,28.504196611192924],[-82.228962190308508,28.504165680326015],[-82.228890976187643,28.504139165574955],[-82.228836655134728,28.504135106229995]]},"properties":{"OBJECTID_1":150,"OBJECTID":172967,"QUADNUMBER":0,"ELEVATION":80,"ORGCONT":0,"DEPRESSION":1,"HILLTOP":0,"INTERVAL":0,"UNIT":" ","DATESTAMP":1078790400000,"ShapeSTLen":337.94294735020247,"Shape_Length":337.94294734846028}},{"type":"Feature","id":151,"geometry":{"type":"LineString","coordinates":[[-82.229122467679232,28.519900113131648],[-82.229011677308677,28.519905753720472],[-82.228901011182828,28.519942910357315],[-82.228834360782244,28.519988497417138],[-82.22876477623474,28.520056853847876],[-82.228736031429548,28.52009307200581],[-82.228692978645412,28.520143182445356],[-82.228669495453119,28.520170461183312],[-82.228626794110014,28.520238593628374],[-82.228616385347834,28.520288274632225],[-82.228634310011373,28.520405569700568],[-82.228711227770958,28.520436370961292],[-82.228810571805823,28.52042636537897],[-82.22889002361967,28.520380655703612],[-82.228915056280883,28.520375906876119],[-82.229011009125813,28.520338846315294],[-82.229062221069242,28.520297840258202],[-82.229119355038449,28.520247629258066],[-82.229149085783632,28.52022942746358],[-82.229188374975578,28.52017476636685],[-82.229228443205187,28.520111396275489],[-82.229226861318764,28.520012030457998],[-82.229229104419773,28.519953245848477],[-82.229199121975668,28.519908400051051],[-82.229122467679232,28.519900113131648]]},"properties":{"OBJECTID_1":151,"OBJECTID":174827,"QUADNUMBER":0,"ELEVATION":55,"ORGCONT":0,"DEPRESSION":1,"HILLTOP":0,"INTERVAL":0,"UNIT":" ","DATESTAMP":1078790400000,"ShapeSTLen":617.69350809698096,"Shape_Length":617.69350810018386}},{"type":"Feature","id":152,"geometry":{"type":"MultiLineString","coordinates":[[[-82.232654756397977,28.533988325944538],[-82.232724301411977,28.534001303466813],[-82.232760487622528,28.534019207189939],[-82.232864978510548,28.534126338809244],[-82.232933685138264,28.534229634483175],[-82.232948883723068,28.534279082302291],[-82.232951546235569,28.534351433337783],[-82.232918437326958,28.534419405271379],[-82.232795045698694,28.534569247615764],[-82.232712309329685,28.534619709684776],[-82.232695520704439,28.534628781771058],[-82.232613564548586,28.534670246043238],[-82.232568244696381,28.534702319074103],[-82.232456064395919,28.534752968558067],[-82.232401214221156,28.534780417975547],[-82.232348220956936,28.534812676410944],[-82.232225054977476,28.534908489820726],[-82.23216665065334,28.534958695193144],[-82.23196878493232,28.535122795722561],[-82.231916836636415,28.535168572971866],[-82.231776791877465,28.535201423755211],[-82.231729446642518,28.535201879918706]],[[-82.231085916844549,28.53483857975402],[-82.231082671740609,28.534833018696208],[-82.231033359805522,28.534756694543184],[-82.23098652343343,28.534684907673888],[-82.230987699789594,28.53461287310958],[-82.231009043626173,28.534599068796794],[-82.231085306764953,28.534553321808744],[-82.231174221668482,28.534516450386906],[-82.231240375089357,28.534502087908717],[-82.231283406077637,28.534492779117343],[-82.231364911346049,28.534478610608428],[-82.231489455113675,28.534454855258378],[-82.231576157084319,28.534435972025488],[-82.23164877889424,28.534417181330767],[-82.231738983045886,28.534380335313624],[-82.231797589435104,28.534357148755806],[-82.231869640951729,28.534334139541397],[-82.231964468770272,28.53428805266563],[-82.232128371367196,28.534205418130259],[-82.232170904615913,28.534186819342924],[-82.2323532498324,28.534072326324416],[-82.232471032445261,28.534030751262847],[-82.23258754893358,28.533989161122825],[-82.232654756397977,28.533988325944538]]]},"properties":{"OBJECTID_1":152,"OBJECTID":175310,"QUADNUMBER":0,"ELEVATION":95,"ORGCONT":0,"DEPRESSION":1,"HILLTOP":0,"INTERVAL":0,"UNIT":" ","DATESTAMP":1078790400000,"ShapeSTLen":1638.2808589312051,"Shape_Length":1369.6456738423458}},{"type":"Feature","id":153,"geometry":{"type":"LineString","coordinates":[[-82.231212858132992,28.529989753461326],[-82.231044877717508,28.530009299899504],[-82.230935970713986,28.530055487687278],[-82.230911509715526,28.530064753972496],[-82.230846917631837,28.530101358310858],[-82.230826853943583,28.53011517757292],[-82.230834516091448,28.530155514834163],[-82.230751800208594,28.530165452164038],[-82.230683912329141,28.530247332807232],[-82.230666318587581,28.53030592324518],[-82.230688048611086,28.530346440554158],[-82.230772809035841,28.530368335517373],[-82.23090859119047,28.530321931633814],[-82.230931140508233,28.530312648747675],[-82.231076750589892,28.530252572760087],[-82.231082797040798,28.530234638239694],[-82.231128317420868,28.530229577125876],[-82.231259948398034,28.530241930909423],[-82.231347704380937,28.530236569514614],[-82.231415224649169,28.530177480665465],[-82.231411579822534,28.530087096903451],[-82.231344910689927,28.530015623615043],[-82.231212858132992,28.529989753461326]]},"properties":{"OBJECTID_1":153,"OBJECTID":176024,"QUADNUMBER":0,"ELEVATION":85,"ORGCONT":0,"DEPRESSION":1,"HILLTOP":0,"INTERVAL":0,"UNIT":" ","DATESTAMP":1078790400000,"ShapeSTLen":618.96621608354917,"Shape_Length":618.96621609471822}},{"type":"Feature","id":154,"geometry":{"type":"LineString","coordinates":[[-82.232037720725245,28.499931985417458],[-82.232032932329901,28.499940958455301],[-82.231984548786855,28.500004510650477],[-82.231918399337289,28.500059400788139],[-82.231874034639389,28.500073194928376],[-82.231840852807423,28.50006777786345]]},"properties":{"OBJECTID_1":154,"OBJECTID":177076,"QUADNUMBER":0,"ELEVATION":105,"ORGCONT":0,"DEPRESSION":1,"HILLTOP":0,"INTERVAL":0,"UNIT":" ","DATESTAMP":1078790400000,"ShapeSTLen":1323.031680728973,"Shape_Length":86.547632167512987}},{"type":"Feature","id":155,"geometry":{"type":"LineString","coordinates":[[-82.235091745638201,28.521168328983617],[-82.235002892500589,28.521241221035524],[-82.235009380208297,28.521354154096016],[-82.235008294800039,28.521381158758786],[-82.23503764461006,28.521425991714249],[-82.23506691350795,28.521475329327686],[-82.235124346349977,28.521524455773115],[-82.235194667539048,28.521528428913271],[-82.235241602568507,28.521514392831261],[-82.235330517357411,28.521477518669425],[-82.235346242152005,28.52145463854799],[-82.235351627377582,28.521359868168577],[-82.235344824464562,28.521305749858865],[-82.235301050729902,28.521243005063397],[-82.235204233336319,28.521176214823893],[-82.235091745638201,28.521168328983617]]},"properties":{"OBJECTID_1":155,"OBJECTID":178910,"QUADNUMBER":0,"ELEVATION":75,"ORGCONT":0,"DEPRESSION":1,"HILLTOP":0,"INTERVAL":0,"UNIT":" ","DATESTAMP":1078790400000,"ShapeSTLen":391.23514625803585,"Shape_Length":391.23514626019505}},{"type":"Feature","id":156,"geometry":{"type":"LineString","coordinates":[[-82.244782877134867,28.52065118668326],[-82.244857681627266,28.520654932889059],[-82.244919614692989,28.520663308746343],[-82.244975715755373,28.520676387303084],[-82.245013043484406,28.520703031310617],[-82.24502985935284,28.520770786300922],[-82.245004664957577,28.520825061072735],[-82.244947903455795,28.520852493749508],[-82.244810932870266,28.520894400248203],[-82.244716780006641,28.520899974034688],[-82.244673261900886,28.520900272586015],[-82.244617805435766,28.52088719815865],[-82.244581143719913,28.520819762182999],[-82.244562523271554,28.520784066313439],[-82.244619650107566,28.520733848841026],[-82.244701016401578,28.520687867527982],[-82.244782877134867,28.52065118668326]]},"properties":{"OBJECTID_1":156,"OBJECTID":179696,"QUADNUMBER":0,"ELEVATION":65,"ORGCONT":0,"DEPRESSION":1,"HILLTOP":0,"INTERVAL":0,"UNIT":" ","DATESTAMP":1078790400000,"ShapeSTLen":382.67955158986774,"Shape_Length":382.67955159344842}},{"type":"Feature","id":157,"geometry":{"type":"MultiLineString","coordinates":[[[-82.223660444613628,28.517751890034777],[-82.223638528634183,28.517759210777314]],[[-82.223696166840639,28.518033514984246],[-82.223854945925552,28.517948534588331],[-82.223886125686548,28.517880546218862],[-82.223892282307645,28.517817302123539],[-82.223860312853901,28.51777693856226],[-82.223660444613628,28.517751890034777]]]},"properties":{"OBJECTID_1":157,"OBJECTID":180075,"QUADNUMBER":0,"ELEVATION":95,"ORGCONT":0,"DEPRESSION":0,"HILLTOP":0,"INTERVAL":0,"UNIT":" ","DATESTAMP":1078790400000,"ShapeSTLen":427.42489401730575,"Shape_Length":199.63370279061826}},{"type":"Feature","id":158,"geometry":{"type":"LineString","coordinates":[[-82.233791105044475,28.518874150359125],[-82.233826726022855,28.518887257943476],[-82.233816037221871,28.518914422608042],[-82.233784529084289,28.518923877499461],[-82.233753180266419,28.518924044230378],[-82.233734763748231,28.51891508761436],[-82.233765921172733,28.518887898568959],[-82.233791105044475,28.518874150359125]]},"properties":{"OBJECTID_1":158,"OBJECTID":180909,"QUADNUMBER":0,"ELEVATION":90,"ORGCONT":0,"DEPRESSION":0,"HILLTOP":0,"INTERVAL":0,"UNIT":" ","DATESTAMP":1078790400000,"ShapeSTLen":73.926508478450927,"Shape_Length":73.926508478249261}},{"type":"Feature","id":159,"geometry":{"type":"LineString","coordinates":[[-82.23861471022704,28.522720199332397],[-82.238564728548766,28.522725196787142],[-82.238512589790915,28.522743677291039],[-82.238494574395006,28.522789040194763],[-82.23851410921263,28.522847256098622],[-82.238604644093542,28.522828416706027],[-82.238658690399191,28.522809954472301],[-82.23872069482313,28.522813828501029],[-82.238779368587345,28.522786424839087],[-82.23876843992349,28.522750268899575],[-82.238688169303657,28.522728436865695],[-82.23861471022704,28.522720199332397]]},"properties":{"OBJECTID_1":159,"OBJECTID":181117,"QUADNUMBER":0,"ELEVATION":80,"ORGCONT":0,"DEPRESSION":0,"HILLTOP":0,"INTERVAL":0,"UNIT":" ","DATESTAMP":1078790400000,"ShapeSTLen":227.85639666204963,"Shape_Length":227.8563966751035}},{"type":"Feature","id":160,"geometry":{"type":"LineString","coordinates":[[-82.231990063462533,28.522708286969522],[-82.232058330369654,28.522720962073709],[-82.232083405150462,28.522752521294834],[-82.232077826992452,28.522820271940102],[-82.231992171404229,28.522893198065258],[-82.231902210137278,28.522916551038868],[-82.231882557585521,28.522943887848154],[-82.231782056414346,28.522985394134103],[-82.231710092640299,28.523003900439697],[-82.231677026856275,28.522990824049483],[-82.231646259127984,28.522954972965398],[-82.231641952649895,28.522905391739567],[-82.231665577401145,28.522869101404623],[-82.231705570592652,28.522809947412807],[-82.231769103612791,28.522759812832824],[-82.231791580385689,28.522755032643893],[-82.231896255594918,28.522731583343223],[-82.231990063462533,28.522708286969522]]},"properties":{"OBJECTID_1":160,"OBJECTID":181143,"QUADNUMBER":0,"ELEVATION":90,"ORGCONT":0,"DEPRESSION":1,"HILLTOP":0,"INTERVAL":0,"UNIT":" ","DATESTAMP":1078790400000,"ShapeSTLen":387.99598474846141,"Shape_Length":387.9959847558768}},{"type":"Feature","id":161,"geometry":{"type":"LineString","coordinates":[[-82.230213330387585,28.530535755398617],[-82.230121015476954,28.530545563335668],[-82.230029026494989,28.530614194702348],[-82.229960362273331,28.530664546464894],[-82.229935901048009,28.5306738125749],[-82.229751100395561,28.530742950040686],[-82.22965899056949,28.53078006506448],[-82.229631953349738,28.530789292162442],[-82.229581864730633,28.530839311847423],[-82.229585244059308,28.530906901899908],[-82.229604568385582,28.530938377410941],[-82.229613723930768,28.530965508160584],[-82.229708675364463,28.531068304579758],[-82.229746416028448,28.531108739915435],[-82.229772397653576,28.53120306618619],[-82.229820637500097,28.531265860154626],[-82.229911453780801,28.531269540541302],[-82.230001574692722,28.531237189501272],[-82.230025059972135,28.531209910565348],[-82.230051099715595,28.531182662490504],[-82.230138200195142,28.531100463575793],[-82.230166796395736,28.531073244533982],[-82.230206715993745,28.531018865484626],[-82.23026137162168,28.53096412035622],[-82.230265532215085,28.530905351524403],[-82.230276652150792,28.530733831581141],[-82.230277013963203,28.530711319198872],[-82.230276749839618,28.530688521833508],[-82.230281141397867,28.530575727248596],[-82.230213330387585,28.530535755398617]]},"properties":{"OBJECTID_1":161,"OBJECTID":182499,"QUADNUMBER":0,"ELEVATION":85,"ORGCONT":0,"DEPRESSION":1,"HILLTOP":0,"INTERVAL":0,"UNIT":" ","DATESTAMP":1078790400000,"ShapeSTLen":772.29462201350452,"Shape_Length":772.29462201787692}},{"type":"Feature","id":162,"geometry":{"type":"LineString","coordinates":[[-82.235250132257093,28.510647525828357],[-82.235313239135863,28.510701232728614],[-82.235321866718323,28.510800398698937],[-82.235308631244195,28.510827532726559],[-82.235261576758006,28.510927402386606],[-82.235234334989826,28.510950140040915],[-82.235168550779562,28.510982238600462],[-82.235057992453235,28.510974370992923],[-82.23500915624291,28.510947584374186],[-82.234985863285374,28.510884817477908],[-82.234998706712901,28.510803361780461],[-82.23502276937063,28.510740064521375],[-82.235096895642997,28.510666988513758],[-82.235250132257093,28.510647525828357]]},"properties":{"OBJECTID_1":162,"OBJECTID":185223,"QUADNUMBER":0,"ELEVATION":100,"ORGCONT":0,"DEPRESSION":0,"HILLTOP":0,"INTERVAL":0,"UNIT":" ","DATESTAMP":1078790400000,"ShapeSTLen":368.22464388507359,"Shape_Length":368.22464388375346}},{"type":"Feature","id":163,"geometry":{"type":"LineString","coordinates":[[-82.243708340863435,28.52994816149576],[-82.244005096478006,28.529958916208116],[-82.244316410634283,28.530019098129628],[-82.244459125046362,28.530058595172967],[-82.244516277879669,28.530085200879054],[-82.244801616402299,28.530208942855147],[-82.244909602175738,28.530298091397523],[-82.245071040403175,28.530445612811722],[-82.245106219300396,28.530485731757729],[-82.245136923445656,28.530526073528527],[-82.245232936843223,28.530683184736557],[-82.245272497802148,28.530809187439015],[-82.24530662529591,28.530993947245758],[-82.24530589782826,28.531038966654418],[-82.245295865687126,28.531540039125503],[-82.245275202267663,28.531630404080552],[-82.24512892067338,28.532128367538668],[-82.245078146946824,28.532300244355994],[-82.244988462236549,28.532463471961393],[-82.244954070737307,28.532730107103664],[-82.244792959018554,28.532997690742523],[-82.244769992925654,28.533151334116859],[-82.24479001954326,28.533218849510991],[-82.244829389066012,28.533277306568579],[-82.245092028857613,28.533419334202673],[-82.245169368920202,28.533504166809887],[-82.245198570126774,28.533558288287693],[-82.245275724955818,28.533773972266594],[-82.245324654811185,28.533913607770351],[-82.245354149993418,28.533949429991534],[-82.245411100410905,28.533989540181619],[-82.24586195299166,28.534247052210869],[-82.246005013237209,28.534304286183978],[-82.246123501766817,28.534298733238707],[-82.24616837187267,28.534293943477127],[-82.2462427277503,28.534207356668269],[-82.246424461474177,28.53397098311812],[-82.246513718357221,28.533794248154329],[-82.246593784121515,28.533631182320839],[-82.246701712626688,28.533526436834187],[-82.246812386543425,28.533489263015266],[-82.247044090689997,28.53348709302843],[-82.247656788002999,28.533589877039404],[-82.2478633780553,28.533596958989005],[-82.248013753842514,28.533518635112493],[-82.248129849851821,28.533422990892255],[-82.248398506123905,28.533312100428741],[-82.248450291334777,28.533275594221269],[-82.248491695242478,28.533248254075009],[-82.248569305719826,28.533197719613238],[-82.248655245858387,28.533106776310124],[-82.248781717119471,28.533042499763454],[-82.248929379927134,28.532973431602759],[-82.248954702347433,28.53295067222362],[-82.249277967741776,28.532866342457439],[-82.249574878358288,28.532868080156437],[-82.249820434254474,28.532879303295232],[-82.250164494536449,28.532894295073152],[-82.250616335082739,28.532772732652614],[-82.251042696879836,28.532723731106977],[-82.251136802072935,28.532682134019147],[-82.251302566789846,28.532522669723672],[-82.251436859113326,28.532449203885221],[-82.251918069221304,28.532331942007154],[-82.251966216713583,28.532322696588459],[-82.252862545733805,28.532179085459301],[-82.253254874254793,28.532017378588193],[-82.253332840169676,28.531944618656119],[-82.253366377727815,28.531849352214195],[-82.253360439072466,28.531741210728566],[-82.253351209488855,28.531718587163933],[-82.253278199110056,28.53164253548794],[-82.253184906693392,28.531593811249351],[-82.25262858874224,28.531526659446651],[-82.252561758918418,28.531504720446655],[-82.252485678938299,28.531460430335308],[-82.25246562685858,28.531433447736703],[-82.252464521220517,28.531343375735098],[-82.252488580385631,28.531279794975234],[-82.253029788727488,28.530814607159797],[-82.253078103549043,28.530755549688596],[-82.253214867722988,28.530528452937219],[-82.253224722184783,28.530393216088218],[-82.253126974476999,28.530303637323929],[-82.253107845425319,28.530299457205196],[-82.252894933075524,28.530287801125141],[-82.252612223788134,28.530358010916764],[-82.252273313684682,28.530501246770545],[-82.252017079842943,28.53051719044478],[-82.251935165875693,28.530477332338137],[-82.251737722828366,28.530379745035304],[-82.251417517631538,28.53031497027342],[-82.2511967460634,28.530195143702446],[-82.251075842756435,28.530033789377402],[-82.251063762470409,28.529988900994528],[-82.251070115868089,28.529753992085624],[-82.251182964286201,28.529383082150179],[-82.251333038570223,28.529124366941335],[-82.251474121125881,28.528947142029523],[-82.251966812684103,28.528513993025527],[-82.252130290542183,28.528377005756887],[-82.252507202148109,28.52813884216933],[-82.253113121204422,28.527826426384575],[-82.253559177265174,28.527546900072476],[-82.253770863898367,28.527395889493505],[-82.254080087344747,28.527108751258275],[-82.25413366812306,28.526999943452214],[-82.254125833880238,28.526850979671167],[-82.253990185530682,28.526730533584189],[-82.253930465532491,28.526703900558481],[-82.253753198636971,28.526664821783822],[-82.253666794004971,28.526665720375014],[-82.253520432651698,28.526694292115643],[-82.252351297420432,28.527210753730554],[-82.252062813187365,28.527362215039904],[-82.251984862689937,28.527394450737841],[-82.251928518527166,28.527435681525873],[-82.251698073633762,28.527559732088864],[-82.250955259128702,28.528026907088147],[-82.250616268949088,28.528214879162082],[-82.250174514709769,28.528386097217449],[-82.249851210159306,28.528526584054053],[-82.249682277144643,28.528553028451036],[-82.249544409210671,28.528491085705031],[-82.249409210523027,28.528343336423301],[-82.249372209202932,28.528217366292463],[-82.24937773977274,28.528072781154219],[-82.249463455714576,28.527837459426138],[-82.249569747897496,28.527317600537366],[-82.249662628425313,28.527113611243792],[-82.249822631201326,28.526954077128504],[-82.249896959729639,28.526908281634753],[-82.250087374207794,28.526766862730415],[-82.250500639677654,28.526496791178662],[-82.250665612925829,28.526346314589837],[-82.250682394965168,28.526336962372714],[-82.250911287897949,28.526190666299087],[-82.251049420743783,28.526116965422215],[-82.251430486026265,28.525978197888552],[-82.251471660900407,28.525964361777241],[-82.25170847668295,28.525921440671308],[-82.25183798561622,28.525906734209688],[-82.251993932333619,28.525878283657779],[-82.252336123686902,28.525888460395407],[-82.252612536635169,28.525890216080562],[-82.252904104978825,28.525865145977082],[-82.253255210331119,28.525798609684841],[-82.253287994884758,28.525789164148311],[-82.253396958269704,28.525738744403718],[-82.253477758970419,28.525688251697119],[-82.253692860069677,28.525523763698068],[-82.253798919321639,28.525414488928316],[-82.253851134772006,28.525350981604159],[-82.25394705538254,28.525196548732254],[-82.253968550453223,28.525133216992327],[-82.253985273232161,28.525087834644363],[-82.25399833586259,28.524952352517595],[-82.254004474881143,28.524889107230585],[-82.253957678678802,28.524695476037746],[-82.253929111691235,28.524641649361229],[-82.25384752043152,28.524502455013078],[-82.253740690213448,28.524381526153753],[-82.25370158722221,28.524345855389576],[-82.253584488213264,28.52426589050647],[-82.253346380216357,28.524150629421978],[-82.253310188514078,28.52413301991891],[-82.253182066437802,28.524102432753246],[-82.252629703600689,28.524030822052957],[-82.252259137582826,28.524034364772437],[-82.251969278805348,28.524072968228843],[-82.251863240901343,28.52410119087693],[-82.251823989701379,28.524115056928331],[-82.251498423497125,28.524344008143007],[-82.251083497353207,28.524916306436058],[-82.251065853569813,28.52493915851467],[-82.25097052244476,28.525057294962352],[-82.250792541793402,28.525221391624587],[-82.250693379765295,28.525298947351832],[-82.250668346950121,28.525303700189887],[-82.250358233063409,28.525487252815228],[-82.249857450468667,28.525708390926621],[-82.249759807334357,28.525758090415177],[-82.24967564317528,28.525831916394267],[-82.249539634542217,28.525932364778924],[-82.249321939377978,28.526178146183653],[-82.249199550622123,28.526386837397798],[-82.249099224292948,28.526694580236267],[-82.24902067944781,28.526803633071985],[-82.24897047481133,28.526980020329482],[-82.248907157717014,28.527057463025855],[-82.248713166414149,28.527221640420859],[-82.248473685169415,28.527350073047565],[-82.248367111001812,28.52745033105457],[-82.247894711627993,28.527617211433025],[-82.247773926278114,28.527726579740971],[-82.247465961040845,28.528013720335725],[-82.247294800122063,28.528150601411362],[-82.247239455192243,28.528209856438529],[-82.247203067738539,28.52832308965295],[-82.247213037601327,28.528458298183786],[-82.247489068976122,28.528722057888611],[-82.247531148815341,28.528771265618992],[-82.247531103485116,28.52889311777437],[-82.247446640616687,28.529011388014286],[-82.24729533636166,28.529107426055351],[-82.24721936154026,28.529175706904731],[-82.247215125437705,28.529279502592384],[-82.247277193116048,28.529319674007638],[-82.247574300991445,28.529348432040539],[-82.247608053310202,28.529397827267033],[-82.24757936254926,28.529470346162906],[-82.247556598187956,28.529493147555016],[-82.247395568685405,28.529557823401753],[-82.247376863259305,28.529566884549517],[-82.247283127740261,28.5295859666154],[-82.24699723320235,28.529615604614477],[-82.246841785496031,28.529612529550452],[-82.246576348846972,28.529524793670252],[-82.246403831375261,28.529508279752246],[-82.245984633404305,28.529629395497793],[-82.245831647421156,28.529671376235409],[-82.24553425180585,28.529660618546163],[-82.245326970007881,28.529617500832614],[-82.244663550597593,28.529447380437837],[-82.244433482050496,28.529309702109252],[-82.244378529884401,28.529265113133796],[-82.244310287865929,28.529211631042457],[-82.244273037224758,28.529180212428933],[-82.244200676771257,28.529104168175408],[-82.243992862896846,28.528817329854977],[-82.243860012162159,28.528525249359006],[-82.243776504476642,28.528228145237598],[-82.24366528999289,28.528062121537925],[-82.243544305476931,28.527946070120315],[-82.243198235771132,28.527700840128507],[-82.243039511789448,28.527544348524778],[-82.243009027639317,28.52749050132709],[-82.242931598547628,28.527134660967494],[-82.242925749420834,28.527022021441891],[-82.242907887125142,28.526742352667537],[-82.242868017803602,28.526675153028261],[-82.242818113545042,28.526634850448211],[-82.242572255407623,28.526524263017095],[-82.242446445759242,28.52639014066089],[-82.242393587941848,28.526295765490087],[-82.242379816332388,28.526079183275538],[-82.242377461315698,28.525632537020524],[-82.242414995758665,28.52548779480496],[-82.24244816725755,28.525415323993276],[-82.242546946727941,28.525242928249824],[-82.242565047771436,28.525152543832132],[-82.242566818882196,28.525003688449608],[-82.242523911013336,28.524927175566372],[-82.242456526634015,28.524860190031987],[-82.242342695789702,28.524815988597464],[-82.242274285487483,28.524812318048333],[-82.242145500823284,28.524822520410684],[-82.241832454346053,28.524870376412842],[-82.24171739262043,28.524862464569779],[-82.241570340757519,28.524854711483428],[-82.241383913808576,28.524788769910963],[-82.241011527558854,28.524589072804407],[-82.240971725842741,28.524557902315205],[-82.24077723192427,28.524397301654506],[-82.240734027278108,28.524338786954051],[-82.240585439636206,28.524110104601526],[-82.240466242564437,28.523844913385208],[-82.240455472609227,28.523759233732878],[-82.240460561513459,28.523524588923515],[-82.240511645873127,28.523452065197688],[-82.240734697574851,28.523350739775022],[-82.240913500444734,28.523294728080675],[-82.241353021734312,28.523299963014367],[-82.241405126220158,28.523046773486151],[-82.241438422611964,28.52300582801486],[-82.241472713257622,28.522982897053595],[-82.241733931432307,28.52289471252724],[-82.241755351163249,28.522876412688362],[-82.241873731013442,28.522758007891962],[-82.24188804790974,28.522703876696415],[-82.241883826332582,28.522608986047143],[-82.241871535376916,28.522577589966463],[-82.241674419056267,28.522421464533824],[-82.241669463203124,28.522371870359091],[-82.241708395025995,28.522299194542828],[-82.24183761870249,28.522261974610636],[-82.241966111402746,28.522269780333083],[-82.242131633242792,28.522322509227457],[-82.242227111884162,28.522353261602806],[-82.242346001293726,28.52236121853694],[-82.242628252385259,28.522318048121218],[-82.242815756456551,28.522356693673562],[-82.242853991660155,28.522406148912847],[-82.242843860340358,28.522636498639738],[-82.242836749426502,28.522798785148332],[-82.242848544579189,28.522821449099339],[-82.24289025057908,28.522893172586059],[-82.243050788654415,28.522977355192559],[-82.243109925443491,28.523040009504378],[-82.243154118676074,28.523116267267184],[-82.24320531931636,28.52311577948787],[-82.243444667859634,28.523113716648652],[-82.243523388112024,28.523113011596532],[-82.243601760460834,28.523094298057742],[-82.243674427592111,28.523111530722925],[-82.243731549566633,28.523061583444711],[-82.243847794508127,28.522956663656647],[-82.243941454447111,28.522942080502123],[-82.244026712207557,28.522932452731773],[-82.244099731398933,28.522967707137795],[-82.244266143094933,28.523083764928021],[-82.244349840786327,28.523091843830365],[-82.244528101800327,28.523108432195162],[-82.244567201239704,28.523144094800152],[-82.244592881251606,28.523297229380983],[-82.244656277163287,28.52337344665926],[-82.244844160303501,28.523506935421238],[-82.244905165664335,28.523533594518216],[-82.245012677960489,28.523532682393721],[-82.24503074946665,28.523523345689728],[-82.245249552319493,28.523367926574114],[-82.245282282091239,28.523322464939341],[-82.245216434476205,28.523318545801715],[-82.244962151245304,28.52329397069839],[-82.244954505372633,28.523212830003146],[-82.244979021055855,28.523081708905607],[-82.2451775733131,28.523070693091565],[-82.245442594822023,28.523063877360407],[-82.245687875203046,28.523012068741746],[-82.245727710811863,28.523002436317221],[-82.245869723080588,28.522965100994064],[-82.245970863326249,28.522923588566666],[-82.246060719914539,28.522827905985224],[-82.246132519247823,28.522701036618685],[-82.246182545570775,28.522614707662679],[-82.246219880224189,28.522442946612038],[-82.246265614145628,28.522225978018163],[-82.246357951858059,28.522134831352727],[-82.246421972502944,28.522093701715949],[-82.246585747361664,28.522056070806212],[-82.246883272367668,28.52205781611616],[-82.247178786105422,28.522104852386406],[-82.247377106252259,28.522107337427702],[-82.247693914416061,28.522064019577996],[-82.247940880962105,28.52206625357681],[-82.248030894631498,28.522078919761263],[-82.248353461214009,28.522233795139559],[-82.248600479620308,28.522272337427889],[-82.248887339587554,28.522260439920419],[-82.249283671502027,28.522166613513143],[-82.249325983106928,28.52216180215186],[-82.24982429804642,28.52221108074929],[-82.249984309518553,28.522168895810317],[-82.250348094890342,28.522030193763317],[-82.250410108721212,28.521993537988585],[-82.250679057190652,28.521783577241951],[-82.250967660506348,28.521663354267265],[-82.251092741612638,28.521644368750707],[-82.251288998689915,28.521656107282212],[-82.251829424428522,28.521872222394315],[-82.251947164899306,28.52191168124401],[-82.251977166384677,28.521915998382276],[-82.252129689408761,28.521941533394539],[-82.252440513986357,28.521952169683988],[-82.252643745858919,28.521927968114106],[-82.252843088224211,28.521867407952897],[-82.252872750803164,28.52185342500443],[-82.252946786431238,28.521825649166377],[-82.253161563349579,28.521719973081304],[-82.253385967872106,28.52157362341185],[-82.253590472760933,28.521390991910803],[-82.253702374679818,28.521236763013597],[-82.253766200899008,28.521127806199726],[-82.253773457686577,28.521114109439186],[-82.25381431070258,28.521000924697184],[-82.25396292776027,28.520394912420862],[-82.254084673225478,28.520145408408826],[-82.254271618677052,28.519940890661527],[-82.254426237460578,28.519835598554732],[-82.254726396985049,28.519593661599131],[-82.254933475684837,28.519330011302536],[-82.255082233428524,28.519112082091258],[-82.255285633131294,28.518600173257731],[-82.255373910417745,28.518283559212293],[-82.255387085866744,28.518220124622882],[-82.255408742328356,28.518107258784568],[-82.25547810316948,28.517573992058185],[-82.255499103120528,28.517501648290683],[-82.25550572498318,28.51748794179818],[-82.255538170517696,28.517419960109184],[-82.255599200934967,28.517324754929248],[-82.255645785485711,28.517292691667244],[-82.255834517163919,28.5170561124283],[-82.255951836271393,28.516843140256341],[-82.255963823815037,28.516694136319686],[-82.255895454238654,28.516608855099275],[-82.255798054161289,28.516578094259025],[-82.255579757614285,28.516584668087667],[-82.255238860373296,28.516615040366514],[-82.254872300281122,28.516649871513447],[-82.254477236491297,28.51666718272223],[-82.253799865664448,28.516691399096974],[-82.252955565860432,28.516672156348715],[-82.252920437796945,28.516668057402054],[-82.252268299696951,28.51655665030194],[-82.252221011643456,28.516552681129426],[-82.252112367422299,28.51654457663831],[-82.251731239461009,28.516570487677892],[-82.251448631499869,28.516636478166454],[-82.25124994176133,28.516697037788173],[-82.250898545973115,28.516862631945845],[-82.250631898750612,28.517050106958507],[-82.250467881094309,28.517182575518209],[-82.250062911956164,28.517416442314808],[-82.249875921189329,28.517540918826445]]},"properties":{"OBJECTID_1":163,"OBJECTID":185701,"QUADNUMBER":0,"ELEVATION":100,"ORGCONT":0,"DEPRESSION":0,"HILLTOP":0,"INTERVAL":0,"UNIT":" ","DATESTAMP":1078790400000,"ShapeSTLen":29202.751607450031,"Shape_Length":29202.751607487597}},{"type":"Feature","id":164,"geometry":{"type":"MultiLineString","coordinates":[[[-82.249810351400569,28.497855889147843],[-82.249695722662906,28.497744143227241],[-82.24967319481334,28.49771290459848],[-82.249590101462303,28.49766853427672],[-82.249376161860567,28.497525992669608],[-82.249163272804552,28.497437784785017],[-82.249088847793274,28.497411248579063],[-82.248901341349693,28.497336300742813],[-82.248666129895923,28.497243867529832],[-82.248543231932473,28.497144536761439]],[[-82.25256969257309,28.497805029235661],[-82.252393075697626,28.497931459057174],[-82.252206677108575,28.498104740628374],[-82.252191321946739,28.498104826867728],[-82.251990959336098,28.498350253561156],[-82.251775212646479,28.498677391980099],[-82.251683164702015,28.499029978367904],[-82.251575486717101,28.499121503747627],[-82.251265487150945,28.499223450864339],[-82.25084667644677,28.499209218296016],[-82.250644513658543,28.499129865796871],[-82.250519853163325,28.499004775279733],[-82.250393167206965,28.498807325228555],[-82.250347362818786,28.498672509903137],[-82.250252611918881,28.498438602748703],[-82.250033012217173,28.498052563214483],[-82.249971182382794,28.497998890478073],[-82.24990771870668,28.497927178202826],[-82.249810351400569,28.497855889147843]]]},"properties":{"OBJECTID_1":164,"OBJECTID":186586,"QUADNUMBER":0,"ELEVATION":80,"ORGCONT":0,"DEPRESSION":1,"HILLTOP":0,"INTERVAL":0,"UNIT":" ","DATESTAMP":1078790400000,"ShapeSTLen":11532.357560643606,"Shape_Length":1936.4312874950911}},{"type":"Feature","id":165,"geometry":{"type":"LineString","coordinates":[[-82.249861775108258,28.532599757857565],[-82.250362143335551,28.532463659530464],[-82.250412857124758,28.532454159981356],[-82.250538173897851,28.532421389363947],[-82.250608388600227,28.532353312224686],[-82.250615184540635,28.532249278061315],[-82.250581425825928,28.532199886331778],[-82.250445774579362,28.532079436817842],[-82.250368991836794,28.53203936528929],[-82.250239013138966,28.5319640089104],[-82.250181073277702,28.531905876377166],[-82.250167380457285,28.531842671452189],[-82.250352131205176,28.531656139919587],[-82.250375390848959,28.531642361524092],[-82.250627210486158,28.531463993123442],[-82.250681287143806,28.531404719234175],[-82.250722336479541,28.531359359194724],[-82.250880219159228,28.531132261899142],[-82.25096358578196,28.530883403958505],[-82.250967204577663,28.530738799794719],[-82.250952959311647,28.530590029110616],[-82.250859445545927,28.530396933573201],[-82.250745373934635,28.530208370505378],[-82.250594302398937,28.529893826746083],[-82.250562629260614,28.529794938311952],[-82.250555032109716,28.529749819634098],[-82.250517132265685,28.529560515766907],[-82.250538893370219,28.529163423062787],[-82.250528341248256,28.529064231263806],[-82.250488474757887,28.528996753273823],[-82.250419230902722,28.528925250822997],[-82.250303546316559,28.528876813090999],[-82.250041628481654,28.528888175967005],[-82.249829582987971,28.528972421243626],[-82.249663853803057,28.529021132361745],[-82.249563893963142,28.529068515120258],[-82.249471788888897,28.529105354793181],[-82.249192112695511,28.529225401170613],[-82.249158049495151,28.529234831823292],[-82.248958473555163,28.529308879807306],[-82.248804777433989,28.529355364292709],[-82.248667232055269,28.529392768497338],[-82.248525349449764,28.529421103788355],[-82.24843431760732,28.529430948884837],[-82.248392072211246,28.529431262556891],[-82.248317191234349,28.529432015767789],[-82.248131731125966,28.529424631484531],[-82.248067363154036,28.529447749879385],[-82.248000983069886,28.529516148991004],[-82.247982768781966,28.529534213847604],[-82.247864459469042,28.529648110183814],[-82.247734344138905,28.529780156102326],[-82.24765624467689,28.529821677449196],[-82.247511704190075,28.529895289991792],[-82.247307499807135,28.529978285344697],[-82.247224994854818,28.530015254904555],[-82.247135003912547,28.530079133392686],[-82.247089054908017,28.530111206993908],[-82.246942256788955,28.530166499977145],[-82.24688962653363,28.530176252566047],[-82.24679723618442,28.530190573776334],[-82.246677773377627,28.530178105580458],[-82.246622953471217,28.530165033562703],[-82.246547293572405,28.530134257400928],[-82.246513099635067,28.530111881696886],[-82.246435172469347,28.530063067155591],[-82.246397146877982,28.530040635209076],[-82.246192035660897,28.530060584440161],[-82.246076268322071,28.530057171288721],[-82.245947616163065,28.530058369804369],[-82.245705060653577,28.530020161239904],[-82.245641921604744,28.530006985665427],[-82.245591579360749,28.529993971004068],[-82.245460729377101,28.529972633301419],[-82.245312251353852,28.529973877868045],[-82.245244749055331,28.529992729778758],[-82.245234414397075,28.53003790730504],[-82.245278267970846,28.530096152237888],[-82.245433800899775,28.53025259727287],[-82.245511560148458,28.530351219547573],[-82.245545886281874,28.530405119664081],[-82.245580710500732,28.530468031513919],[-82.245617381698452,28.530535178338699],[-82.24562853357979,28.530557837765347],[-82.245693181143352,28.53071511003219],[-82.245725988765884,28.530823024634934],[-82.245796359380961,28.531061705265422],[-82.245815420237989,28.531228546319209],[-82.245837396601118,28.531413149301489],[-82.245810811070783,28.531553523199332],[-82.245770964955938,28.531761274967231],[-82.245749244297073,28.531838395449849],[-82.245734504469397,28.531879012389268],[-82.245715787895435,28.531928877455812],[-82.245621332154599,28.532110332497208],[-82.245586239776387,28.532182776805413],[-82.245561536995567,28.532246074180001],[-82.245572005922867,28.532390573324289],[-82.245605479556971,28.5324576871106],[-82.245643419175252,28.532525137507648],[-82.245714264909793,28.532655472474715],[-82.24573424458994,28.532686680088212],[-82.245796234256701,28.532731357712613],[-82.245938728122525,28.532784074751831],[-82.245987865409546,28.532792858546667],[-82.246071193676869,28.532823728487422],[-82.246130441971459,28.532841072523258],[-82.246361177968183,28.532897709596437],[-82.246450498943091,28.532914869907202],[-82.246625854725195,28.532953928225265],[-82.246791612772569,28.532992866598651],[-82.246852417044309,28.53299249803387],[-82.246866058190093,28.533019404682218],[-82.247027608626439,28.533081081430112],[-82.247071776491168,28.53308079265193],[-82.247134943265976,28.533052873724579],[-82.247164487617127,28.532966852490095],[-82.247201845656321,28.532912437062183],[-82.247247581783654,28.532894157993017],[-82.247513016203953,28.532824029629602],[-82.247585977560362,28.532823250573571],[-82.247686965410452,28.532831265175869],[-82.247761058184778,28.532839790766737],[-82.247808777317331,28.532857267892467],[-82.247867001260772,28.532897401804629],[-82.247930494423628,28.532928306796947],[-82.247918609972771,28.532950953028866],[-82.24796163629486,28.533140038838635],[-82.248005356523578,28.533166758712358],[-82.248075053381342,28.533170720868672],[-82.248156848627261,28.533138252099672],[-82.248179541084284,28.53312024581794],[-82.24824640006868,28.533101381896238],[-82.248279262259729,28.53308772166119],[-82.248349334827608,28.533028377956729],[-82.248380639415004,28.532991898392837],[-82.248515578124142,28.532918445082384],[-82.248553633086644,28.532900071346546],[-82.248617647083677,28.532858941629833],[-82.24877110753998,28.532708608511943],[-82.24886626918645,28.532680523700282],[-82.248940096864473,28.532666252246763],[-82.249194784454247,28.532627780182786],[-82.249310628549921,28.53262697656228],[-82.249501431449133,28.532620635528218],[-82.249664576140631,28.532623521031429],[-82.249720825365159,28.532627598199458],[-82.249861775108258,28.532599757857565]]},"properties":{"OBJECTID_1":165,"OBJECTID":186713,"QUADNUMBER":0,"ELEVATION":90,"ORGCONT":0,"DEPRESSION":1,"HILLTOP":0,"INTERVAL":0,"UNIT":" ","DATESTAMP":1078790400000,"ShapeSTLen":6124.1186517753895,"Shape_Length":6124.1186517842207}},{"type":"Feature","id":166,"geometry":{"type":"LineString","coordinates":[[-82.237324281575638,28.523296078047146],[-82.237305118287992,28.523372950997555],[-82.237228304066804,28.523414192533604],[-82.237173118258184,28.52342363180232],[-82.236990269058865,28.52345257158025],[-82.23691701955272,28.523471063031529],[-82.236862399182684,28.52348529807205],[-82.236849460553998,28.523769645180451],[-82.236847671472248,28.523801142060883],[-82.236851567838528,28.523954566965987],[-82.236854010543979,28.524040429269064],[-82.236934020981806,28.524039748341487],[-82.236987923223808,28.524030013633492],[-82.23716172819644,28.524006021881775],[-82.237247637685471,28.523996132835286],[-82.237362546696886,28.524013055977942],[-82.23741984493428,28.524030654513293],[-82.237546255472168,28.5240882515014],[-82.237751439435613,28.524181165601849],[-82.237798851180216,28.524216655894222],[-82.237887274932731,28.524288125879504],[-82.237910088085599,28.524301637395624],[-82.238017004863949,28.524377269022303],[-82.238039195204479,28.524390498270254],[-82.238105140379872,28.524466749335506],[-82.238117899331826,28.524547672116505],[-82.23812320024679,28.524615567232367],[-82.238121754430821,28.524665076196541],[-82.238027339318066,28.524923071398174],[-82.237982052743632,28.525031980239476],[-82.237902664784755,28.525231063585835],[-82.237860855252663,28.525520403423815],[-82.237814543724909,28.525850208794761],[-82.237758327866672,28.525922952526493],[-82.237694656616796,28.525982089238802],[-82.237652029395974,28.526045719797285],[-82.237634013080196,28.526091082570385],[-82.237622673630213,28.526158758653363],[-82.237606982350329,28.52625818153426],[-82.237605105083773,28.526294464620236],[-82.237590623398475,28.526398407047317],[-82.237577309817325,28.526430034166484],[-82.237485492478541,28.526448869706101],[-82.237449013935077,28.526449255611343],[-82.237334471137203,28.526409539512102],[-82.237151503368381,28.526406955294366],[-82.237029973514936,28.526403459652116],[-82.236965129375449,28.526377037432869],[-82.236870790558172,28.526197143833659],[-82.236860266973437,28.526174784854639],[-82.236809382523504,28.526116737088774],[-82.236665276521848,28.526045690092687],[-82.236637898474257,28.526036906506345],[-82.23646083368476,28.526025113439008],[-82.236401322755256,28.526025483206006],[-82.236259456177038,28.526013292945809],[-82.236220852592382,28.525986629821716],[-82.236146272355811,28.525969085195555],[-82.236152070332594,28.525887832208344],[-82.23617294373085,28.525824490789461],[-82.236236877366125,28.525670522056732],[-82.236286968988324,28.525462614243249],[-82.236313763483992,28.525349544922953],[-82.236323258991632,28.525277056313698],[-82.236328678324512,28.525101235175338],[-82.236323654170604,28.525056146358377],[-82.236310141834522,28.524785250646026],[-82.236311603362253,28.524695218114744],[-82.236317395483198,28.524654488673111],[-82.236328090893778,28.524586800266459],[-82.236340442763222,28.524496340925555],[-82.236351616443059,28.524478188798138],[-82.236398296512192,28.524401102981557],[-82.236486389658111,28.524296399980884],[-82.236648020814727,28.524154906431811],[-82.236650919297858,28.524055599757919],[-82.236653932743366,28.52398810066018],[-82.23665434552268,28.523884256794744],[-82.236654572750766,28.523712881501236],[-82.236654033248556,28.523667567409372],[-82.236653011859559,28.523573000373812],[-82.236631907272184,28.523532486502358],[-82.236529455094427,28.523497146678782],[-82.236494546565496,28.523479538568171],[-82.236427148016304,28.523453084425459],[-82.236403694213962,28.523439841769342],[-82.23633937065533,28.523381625884685],[-82.236326117379704,28.523291401466622],[-82.236501892909686,28.523303466780025],[-82.236544920931735,28.523294159039466],[-82.236743252347992,28.523296649649755],[-82.236786758197766,28.523296353655795],[-82.236959556940832,28.523294869389975],[-82.237074122433569,28.523293781604796],[-82.237175168030902,28.523297301256427],[-82.237324281575638,28.523296078047146]]},"properties":{"OBJECTID_1":166,"OBJECTID":186760,"QUADNUMBER":0,"ELEVATION":70,"ORGCONT":0,"DEPRESSION":1,"HILLTOP":0,"INTERVAL":0,"UNIT":" ","DATESTAMP":1078790400000,"ShapeSTLen":3517.2979987757799,"Shape_Length":3517.2979987793906}},{"type":"Feature","id":167,"geometry":{"type":"LineString","coordinates":[[-82.234825410189515,28.519054052853104],[-82.234968710462837,28.519016746534735],[-82.235012008509216,28.51902995603109],[-82.235055426514677,28.519074678943177],[-82.235098557597212,28.519137420442387],[-82.235103983781812,28.519236542211846],[-82.235103650399523,28.519335880583949],[-82.235108892054726,28.519367467263184],[-82.235134275754334,28.519380730276346],[-82.235146796940043,28.519358097545759],[-82.235153217550604,28.519317369740463],[-82.235136144351699,28.519186853753538],[-82.235136339337785,28.519096525573683],[-82.235136505697781,28.519046713815531],[-82.235143192450479,28.519028788810395],[-82.235149967695918,28.519006083908991],[-82.235174216670544,28.519010320877673],[-82.235199443136977,28.519032872030277],[-82.235217927849064,28.519037044976802],[-82.235230031781114,28.519000898478772],[-82.235205469385278,28.518937833417912],[-82.23518793509443,28.518874850030763],[-82.235163433899004,28.518807571787278],[-82.235145482870692,28.51873079400216],[-82.235095740651687,28.518681768830614],[-82.235075117461335,28.518658137702154],[-82.235029009273802,28.51860081182517],[-82.235005756320845,28.518542582854327],[-82.23498424401393,28.518460736392594],[-82.234979262194798,28.518407605669733],[-82.234966975197665,28.51837592829693],[-82.234992618984435,28.518294646358829],[-82.235073491564663,28.518239658976089],[-82.235036380350124,28.518240033586263],[-82.234986732737667,28.518263047249345],[-82.234954878868422,28.518254204271809],[-82.234949708062899,28.518218122857508],[-82.234880446387621,28.518227941056779],[-82.234836981567611,28.518264265357136],[-82.234762231250343,28.518296524479684],[-82.234687428737416,28.518292772702193],[-82.234594137967278,28.518284559107926],[-82.234501236976556,28.518213317493629],[-82.234414080043493,28.518182394595645],[-82.234313955527142,28.518201390304281],[-82.234245107808746,28.518224724656385],[-82.234171072793558,28.518252499350702],[-82.234126255771017,28.518293304113982],[-82.234107674512074,28.51833415118795],[-82.234095347778663,28.51838381426251],[-82.234101998094303,28.518446931149946],[-82.234101660301008,28.518468838964182],[-82.234137763810153,28.518515433617505],[-82.23417627915731,28.518588254490325],[-82.234221410918252,28.518689830834777],[-82.234325886809515,28.518890675116971],[-82.234395193901108,28.518987563506542],[-82.23446948671149,28.51903963440645],[-82.234602240935828,28.519071234705699],[-82.234712945636332,28.519063893293968],[-82.234825410189515,28.519054052853104]]},"properties":{"OBJECTID_1":167,"OBJECTID":186847,"QUADNUMBER":0,"ELEVATION":70,"ORGCONT":0,"DEPRESSION":1,"HILLTOP":0,"INTERVAL":0,"UNIT":" ","DATESTAMP":1078790400000,"ShapeSTLen":1464.753398429501,"Shape_Length":1464.7533984226186}},{"type":"Feature","id":168,"geometry":{"type":"LineString","coordinates":[[-82.231311396274791,28.523477001753665],[-82.231196893771568,28.523514115351098],[-82.2310944404,28.523596398874762],[-82.23109041156664,28.523686680286204],[-82.231152446333198,28.523767111161135],[-82.231206557704525,28.523784673529839],[-82.231365052758363,28.52379681099001],[-82.231391363259164,28.523792076674194],[-82.23158424507686,28.523736256286458],[-82.231649477712409,28.523699645073819],[-82.231679647903633,28.523654152256821],[-82.23167570289894,28.523582066750773],[-82.231632285454708,28.523537334667875],[-82.231494291701694,28.523484377332881],[-82.231390680534062,28.523480813610586],[-82.231311396274791,28.523477001753665]]},"properties":{"OBJECTID_1":168,"OBJECTID":190072,"QUADNUMBER":0,"ELEVATION":95,"ORGCONT":0,"DEPRESSION":0,"HILLTOP":0,"INTERVAL":0,"UNIT":" ","DATESTAMP":1078790400000,"ShapeSTLen":494.02909289215415,"Shape_Length":494.02909288623721}},{"type":"Feature","id":169,"geometry":{"type":"LineString","coordinates":[[-82.251496700750408,28.530603000804899],[-82.251619499973231,28.530647031693913],[-82.251692658725176,28.530714074072637],[-82.251716813328088,28.530763626807886],[-82.251735416377073,28.530840117661661],[-82.251737258390378,28.530885173839707],[-82.251717242263865,28.530975540363848],[-82.251648654351285,28.531061921881282],[-82.251553839084181,28.531108014328538],[-82.251452853623832,28.531099999881874],[-82.251329545295889,28.531087488763884],[-82.251257525698549,28.531029460335795],[-82.251216226020958,28.53097125594682],[-82.251197006467791,28.530853950306447],[-82.251193105681082,28.530817876278469],[-82.251200028479062,28.530745644144112],[-82.251231054252699,28.530686649074557],[-82.251293223125543,28.530640993529961],[-82.251435256875467,28.530603647842504],[-82.251496700750408,28.530603000804899]]},"properties":{"OBJECTID_1":169,"OBJECTID":191368,"QUADNUMBER":0,"ELEVATION":90,"ORGCONT":0,"DEPRESSION":1,"HILLTOP":0,"INTERVAL":0,"UNIT":" ","DATESTAMP":1078790400000,"ShapeSTLen":575.70022843755453,"Shape_Length":575.70022843818424}},{"type":"Feature","id":170,"geometry":{"type":"LineString","coordinates":[[-82.234284475358763,28.518950717552098],[-82.234283174034985,28.518991505071071],[-82.234294969378823,28.519013889155989],[-82.23431877643219,28.519045147881787],[-82.234423606337302,28.519130044127806],[-82.234638964425059,28.519186788368639],[-82.234763690323462,28.519190049664662],[-82.234887614364482,28.519202589282536],[-82.234926075678516,28.519238241368139],[-82.234917881822881,28.519269939716089],[-82.234809700908087,28.51931163838352],[-82.234824175586894,28.519365570227368],[-82.234953801971329,28.519382395109112],[-82.23500610542601,28.51943174254669],[-82.235005505836099,28.519508283530108],[-82.235004939736399,28.519621124148198],[-82.235031238780735,28.51965691544504],[-82.235119051000979,28.519647326747542],[-82.235230017905465,28.519592155453552],[-82.235295288914273,28.519591572308247],[-82.235296829582452,28.519771976261097],[-82.235259391101934,28.519988764545349],[-82.235237242816851,28.52005236976423],[-82.235211494093946,28.520061611083019],[-82.235116838571258,28.520098410283627],[-82.235035064668821,28.520090347614328],[-82.235005696786942,28.520086035558307],[-82.234947484773542,28.520045906814708],[-82.234913235068262,28.519987499243022],[-82.234838774179934,28.519884409177308],[-82.234717809075164,28.519768069015043],[-82.234092656823748,28.519570794122327],[-82.233957939762007,28.519513380504652],[-82.233917498355112,28.519482195475078],[-82.233781263088389,28.519320920312673],[-82.233784190579215,28.519298435956397],[-82.234083776690241,28.51929095941399],[-82.234082448630687,28.5192549155656],[-82.234025924407504,28.519228315137159],[-82.233859902241292,28.519207367826393],[-82.233789653397736,28.51919888302006],[-82.23372070775423,28.519149893998438],[-82.233784870041958,28.519099762793406],[-82.233787109577193,28.519040978117292],[-82.23367433860065,28.51901057435985],[-82.233639609304106,28.518943153713764],[-82.233650463186621,28.51886618542575],[-82.233727074939182,28.518797915471676],[-82.233801201170451,28.51872512086101],[-82.233854808894407,28.518616328922079],[-82.233911499694216,28.518593122174632],[-82.233953437303853,28.518610811808845],[-82.233984062977754,28.518655659060602],[-82.234065849015352,28.518623490210857],[-82.234124235943852,28.518613807568403],[-82.234154706180263,28.518636357100458],[-82.234166623734865,28.518660446427173],[-82.234190485699514,28.518706900641707],[-82.23427894053674,28.518924577020119],[-82.234284475358763,28.518950717552098]]},"properties":{"OBJECTID_1":170,"OBJECTID":192179,"QUADNUMBER":0,"ELEVATION":80,"ORGCONT":0,"DEPRESSION":0,"HILLTOP":0,"INTERVAL":0,"UNIT":" ","DATESTAMP":1078790400000,"ShapeSTLen":2048.6001169175365,"Shape_Length":2048.6001169200244}},{"type":"Feature","id":171,"geometry":{"type":"LineString","coordinates":[[-82.25203088834958,28.517511065613437],[-82.251963687858535,28.517511641421621],[-82.251869547965867,28.5175169404007],[-82.251643905137158,28.51758222291889],[-82.251609054025337,28.517600648450173],[-82.251552299712444,28.517628367208182],[-82.251411757405279,28.51773326548226],[-82.251337267972062,28.517828862751358],[-82.251295791273435,28.51790151897498],[-82.251284382167128,28.517973700891119],[-82.25128858237349,28.518149631239783],[-82.25129525616633,28.518172232653491],[-82.251382225725564,28.518374531712286],[-82.251479808029572,28.518513365138634],[-82.251599558537805,28.518665692669124],[-82.251689331099612,28.518773189203969],[-82.251732896250402,28.518849430930732],[-82.251739787394925,28.51885853007736],[-82.251772322186767,28.51894391587194],[-82.251781045909112,28.518998062267428],[-82.251770821727547,28.519156092344932],[-82.251762485728889,28.519196791071309],[-82.251734442154515,28.519269325971745],[-82.251661294513568,28.519400687296542],[-82.251569170922181,28.519518858899822],[-82.251475051217753,28.519641504367797],[-82.251356105552929,28.519796203800219],[-82.251303859403293,28.519941047042952],[-82.251283270261098,28.520026907471134],[-82.251326322560189,28.520134941796403],[-82.251440718884211,28.520183364901836],[-82.251528399122094,28.520182773088361],[-82.251671345976547,28.520127152014183],[-82.251830251712335,28.51999489003725],[-82.25203937230269,28.519803321733804],[-82.25233681553739,28.519611162287688],[-82.252444217896411,28.519537923993472],[-82.252575511267793,28.519450917387438],[-82.252679834166727,28.519409440073662],[-82.252882944381497,28.519353442337394],[-82.253186185874412,28.519237898562235],[-82.25322991959716,28.519223811709875],[-82.253288376011085,28.519209617991134],[-82.253552091961438,28.519085423175778],[-82.25369410847982,28.519007551606613],[-82.253802083022052,28.518938827424506],[-82.253872710766501,28.518883985190985],[-82.253953386534121,28.518761442599256],[-82.254093678021718,28.51855240847641],[-82.254111048156062,28.518507319931253],[-82.254163743213553,28.518294665080671],[-82.254161918031855,28.518208804628532],[-82.254160158460465,28.518159251846562],[-82.2541554138827,28.518096154081345],[-82.254129422449168,28.518001565294515],[-82.254114995882887,28.517983646370645],[-82.254067303148574,28.517925367149843],[-82.254044056115518,28.517898624403358],[-82.253965171166485,28.517790982738955],[-82.253835833777842,28.517756165482545],[-82.253728831285684,28.51772556367612],[-82.25347470281109,28.517732251572493],[-82.253291028028187,28.517734181332106],[-82.253113189141629,28.517731118105747],[-82.252752358132582,28.517648668169954],[-82.25247932271877,28.517597149992557],[-82.25203088834958,28.517511065613437]]},"properties":{"OBJECTID_1":171,"OBJECTID":194784,"QUADNUMBER":0,"ELEVATION":80,"ORGCONT":0,"DEPRESSION":1,"HILLTOP":0,"INTERVAL":0,"UNIT":" ","DATESTAMP":1078790400000,"ShapeSTLen":3229.8495874622145,"Shape_Length":3229.8495874649939}},{"type":"Feature","id":172,"geometry":{"type":"LineString","coordinates":[[-82.230310861133418,28.515656417593288],[-82.230404078338893,28.515669127968479],[-82.230545659620162,28.515776171776235],[-82.230607267180744,28.51584336536812],[-82.230619406051076,28.515883764613793],[-82.230592770789229,28.515947309963522],[-82.230549091624638,28.515997127908374],[-82.230473987764071,28.516011375285817],[-82.230412362645851,28.515984991327635],[-82.230337879508397,28.515922414239888],[-82.230251670219175,28.515832966962947],[-82.230265427608344,28.515774322506758],[-82.230260727237109,28.515670418595899],[-82.230310861133418,28.515656417593288]]},"properties":{"OBJECTID_1":172,"OBJECTID":196937,"QUADNUMBER":0,"ELEVATION":85,"ORGCONT":0,"DEPRESSION":0,"HILLTOP":0,"INTERVAL":0,"UNIT":" ","DATESTAMP":1078790400000,"ShapeSTLen":383.1760743157123,"Shape_Length":383.17607432179227}},{"type":"Feature","id":173,"geometry":{"type":"LineString","coordinates":[[-82.266290074240757,28.511516943607152],[-82.266198493453956,28.51152228266745],[-82.266133429360622,28.511549902871277],[-82.266066440786147,28.511618309370093],[-82.266064630713117,28.511731132685565],[-82.26607095303585,28.511776236845186],[-82.266131379483383,28.511838617903031],[-82.266149075254674,28.511852062532292],[-82.266207522068456,28.511878676521619],[-82.266277837206786,28.511882362008244],[-82.266405689939972,28.511849609718073],[-82.266468701184934,28.511790447296228],[-82.266508121599202,28.511645717160892],[-82.266401071703996,28.51153830211565],[-82.266290074240757,28.511516943607152]]},"properties":{"OBJECTID_1":173,"OBJECTID":196938,"QUADNUMBER":0,"ELEVATION":170,"ORGCONT":0,"DEPRESSION":0,"HILLTOP":0,"INTERVAL":0,"UNIT":" ","DATESTAMP":1078790400000,"ShapeSTLen":439.10548174146976,"Shape_Length":439.105481741782}},{"type":"Feature","id":174,"geometry":{"type":"LineString","coordinates":[[-82.247406103568707,28.512472229681727],[-82.247446984768004,28.512476396287202],[-82.247501876009608,28.512484962485342],[-82.247585198933663,28.512515840690607],[-82.247638498352032,28.512582915363211],[-82.247637324896871,28.512655227272042],[-82.247598480394018,28.512723122246339],[-82.247554239886085,28.512768729985826],[-82.247521311277765,28.512787173534225],[-82.2474059636655,28.512837789733023],[-82.247325124399239,28.512811455643057],[-82.247297607465597,28.512811670853175],[-82.247225753198023,28.512744640635798],[-82.247191211161123,28.512704245736764],[-82.24717673113652,28.512650315190228],[-82.247200415432985,28.512609520201973],[-82.247169154602702,28.512564668939813],[-82.247209708669203,28.512510019270231],[-82.247406103568707,28.512472229681727]]},"properties":{"OBJECTID_1":174,"OBJECTID":198941,"QUADNUMBER":0,"ELEVATION":125,"ORGCONT":0,"DEPRESSION":1,"HILLTOP":0,"INTERVAL":0,"UNIT":" ","DATESTAMP":1078790400000,"ShapeSTLen":452.36663478735812,"Shape_Length":452.3666347883954}},{"type":"Feature","id":175,"geometry":{"type":"LineString","coordinates":[[-82.247578328774708,28.536821544587561],[-82.247500279647539,28.53689908739333],[-82.247498176267769,28.536989396228758],[-82.247591305645486,28.537087648087692],[-82.247664350350107,28.537082366117897],[-82.247726781942106,28.537100030279259],[-82.247793601352782,28.537004622431493],[-82.247770865863117,28.536946087206381],[-82.247660877540113,28.536861408624393],[-82.247578328774708,28.536821544587561]]},"properties":{"OBJECTID_1":175,"OBJECTID":199277,"QUADNUMBER":0,"ELEVATION":150,"ORGCONT":0,"DEPRESSION":0,"HILLTOP":0,"INTERVAL":0,"UNIT":" ","DATESTAMP":1078790400000,"ShapeSTLen":302.07852506621964,"Shape_Length":302.07852506122578}},{"type":"Feature","id":176,"geometry":{"type":"LineString","coordinates":[[-82.257437083369155,28.530575089432052],[-82.257360704904428,28.53058934325939],[-82.257281892401508,28.530635071896345],[-82.257250721249932,28.530703070418781],[-82.257230364714431,28.530775426639853],[-82.25723360641625,28.530852293215538],[-82.257251172171664,28.530874457676074],[-82.257304557484886,28.530937312380825],[-82.257337552984595,28.53095489616414],[-82.257407169729134,28.530963359106412],[-82.257465832251953,28.530976471814977],[-82.257550963113061,28.530975556965032],[-82.257603089241357,28.530957066489865],[-82.257652103831262,28.530893516902641],[-82.257666202684987,28.530852600321793],[-82.257675112811469,28.530775884859114],[-82.25767840720809,28.53073061870743],[-82.257652809225519,28.530690338687151],[-82.257605021736907,28.530677362442496],[-82.257586350146298,28.530605087400922],[-82.257498386603174,28.530583447170638],[-82.257437083369155,28.530575089432052]]},"properties":{"OBJECTID_1":176,"OBJECTID":199442,"QUADNUMBER":0,"ELEVATION":110,"ORGCONT":0,"DEPRESSION":1,"HILLTOP":0,"INTERVAL":0,"UNIT":" ","DATESTAMP":1078790400000,"ShapeSTLen":472.32026607082457,"Shape_Length":472.32026607306562}},{"type":"Feature","id":177,"geometry":{"type":"LineString","coordinates":[[-82.249810015069286,28.513817612665338],[-82.249592223194057,28.513634502124923],[-82.249470801585161,28.513545464712752],[-82.2494045675232,28.513487226859198],[-82.249086773670527,28.513196776865449],[-82.248767671651038,28.51298764010366],[-82.248674766902155,28.512916408152396],[-82.248638796717131,28.512884996419206],[-82.248606603466627,28.512858423382365],[-82.248552516655806,28.512800054597648],[-82.248522966405503,28.512728205838474],[-82.248531376389778,28.512683010726676],[-82.24858259681173,28.512601192156769],[-82.248577870120982,28.512497569585395],[-82.248565587579748,28.512466174954085],[-82.248543421319567,28.512412154843414],[-82.248502793858648,28.512313146668372],[-82.248475580181676,28.512254830666233],[-82.248413260994695,28.51215161927643],[-82.248367916548517,28.512106873440342],[-82.248293556304858,28.51207611198204],[-82.248208377829641,28.512081235025047],[-82.248031391888603,28.512105480369833],[-82.247991075055467,28.512105823754499],[-82.247864572562037,28.512134069800343],[-82.247715884106725,28.512149091636545],[-82.2476309379458,28.512100195645129],[-82.247589732565714,28.512037205521573],[-82.247553515052942,28.511902228585043],[-82.247541889155002,28.511830321678875],[-82.247499292522875,28.511298192594765],[-82.247546453496113,28.510914089253298],[-82.247623065489577,28.510290575832208],[-82.247718837571682,28.509946754018831],[-82.247835116842253,28.509679453692542],[-82.247912587667344,28.509399009147856],[-82.247912199060622,28.509146289637044],[-82.247863636857872,28.508943629223175],[-82.247847951245518,28.508885179241101],[-82.247785852353701,28.508768454409275],[-82.247739157900455,28.508371636402888],[-82.247803974906049,28.508082300619986],[-82.247918122925498,28.50782848335038],[-82.247965686212098,28.507656572883647],[-82.247998390717939,28.507295353903249],[-82.248005541497719,28.507209328841505],[-82.248006585251943,28.506550541837367],[-82.24807343912785,28.506134883030494],[-82.248152516849032,28.505912990598951],[-82.248271272214126,28.505690747716507],[-82.248308983616511,28.505613549526657],[-82.248573111179383,28.505263671240559],[-82.248781293483191,28.505049858297273],[-82.248806053611048,28.505022309332766],[-82.248969598085793,28.50479978349933],[-82.249564527705516,28.504288841833812],[-82.24962882087074,28.504229703727368],[-82.249750023163188,28.504093035749062],[-82.249809347630944,28.504024835357402]]},"properties":{"OBJECTID_1":177,"OBJECTID":199840,"QUADNUMBER":0,"ELEVATION":135,"ORGCONT":0,"DEPRESSION":0,"HILLTOP":0,"INTERVAL":0,"UNIT":" ","DATESTAMP":1078790400000,"ShapeSTLen":4241.1944838910367,"Shape_Length":4241.1944838909485}},{"type":"Feature","id":178,"geometry":{"type":"LineString","coordinates":[[-82.241896292824464,28.53084006367455],[-82.242015190717751,28.530848020832508],[-82.242185501941719,28.530882519906953],[-82.242239812360523,28.53092710548977],[-82.242215618853081,28.53095916842372],[-82.242061272571249,28.531005635621817],[-82.242007016906513,28.530997079691275],[-82.2418039258758,28.530971734411619],[-82.241785016637934,28.530954044168404],[-82.241782843864186,28.530890696945931],[-82.241817766045301,28.530868067978094],[-82.241896292824464,28.53084006367455]]},"properties":{"OBJECTID_1":178,"OBJECTID":201090,"QUADNUMBER":0,"ELEVATION":115,"ORGCONT":0,"DEPRESSION":0,"HILLTOP":0,"INTERVAL":0,"UNIT":" ","DATESTAMP":1078790400000,"ShapeSTLen":341.11890108806108,"Shape_Length":341.11890109461388}},{"type":"Feature","id":179,"geometry":{"type":"LineString","coordinates":[[-82.239653753105657,28.526632296315029],[-82.239910118405163,28.526647897470934],[-82.240016921775478,28.52665149054754],[-82.240209307903598,28.526744519130556],[-82.240261279667195,28.526775569950662],[-82.240496016944448,28.526940324830683],[-82.240556300842144,28.526971481734908],[-82.240622351908456,28.527002421759093],[-82.240762698698987,28.527068910727881],[-82.240844673265798,28.527104263775573],[-82.240984838483087,28.527102928769526],[-82.241058660316469,28.52708866431767],[-82.241207871119315,28.527042127064398],[-82.241409148613997,28.526981613606939],[-82.24143154988721,28.526981615303605],[-82.241662211810564,28.52704247727608],[-82.241743945382353,28.527290029903334],[-82.241935462676864,28.527753115749878],[-82.242062653432839,28.527959581805263],[-82.242131890005254,28.52803108044526],[-82.242154563021501,28.5280533207956],[-82.242273131190373,28.528160621384163],[-82.242273738125633,28.528241953397746],[-82.242275906399641,28.528305020916285],[-82.242227945482185,28.52854024918793],[-82.242220544191582,28.528562672185895],[-82.242190792211176,28.528621673792021],[-82.242126493827897,28.528640283832814],[-82.242047839898305,28.528636491576815],[-82.2419716117452,28.528641718429189],[-82.241918114877379,28.528664690929595],[-82.241884890427301,28.528701139965552],[-82.241874244269368,28.52880513100941],[-82.241859137516855,28.528868545110914],[-82.24179837706194,28.528945735411366],[-82.241754563625406,28.528964034496894],[-82.241640129371746,28.528996650431811],[-82.241391484480758,28.529057696879104],[-82.241224983166006,28.529104292108702],[-82.240944765318503,28.529179011129855],[-82.240886934189319,28.529193203852802],[-82.240785247310669,28.529189673688634],[-82.240506285984935,28.529147059141529],[-82.240472359942785,28.52914747924164],[-82.240311352555892,28.529171348833753],[-82.240240657848801,28.529190162401243],[-82.240039224230259,28.52925967622274],[-82.239971023913043,28.529282734396535],[-82.239767459463067,28.529365731748968],[-82.239727621938798,28.529375365139696],[-82.239604249437903,28.529367339870273],[-82.239564928533454,28.529345180795278],[-82.239552025125974,28.529272976048347],[-82.239547291758001,28.529209877820463],[-82.239604634592311,28.528988275633463],[-82.239746132910255,28.528747757888333],[-82.239844207651714,28.528579853683386],[-82.239861582966697,28.528376604398897],[-82.23989769702105,28.528241128927313],[-82.239916788782281,28.528168769339626],[-82.239932312398935,28.528118869167422],[-82.239940960409754,28.52801963806137],[-82.239940418450558,28.527974326728661],[-82.239932682463433,28.527938483803698],[-82.239902427043404,28.527870844922194],[-82.239881172792224,28.527839619718968],[-82.239800968612087,28.527813286446328],[-82.239676815212206,28.527814264432369],[-82.239645375499691,28.527819217843902],[-82.239460888873438,28.527870370623138],[-82.239189475380044,28.527954203168612],[-82.239042174089022,28.528000753796871],[-82.238987411938439,28.528023700302693],[-82.238910881390282,28.528046944047357],[-82.238862876432279,28.528047462497323],[-82.23879340518468,28.528029990662912],[-82.238761426959115,28.527989625305999],[-82.238761169439314,28.52792658413852],[-82.238865854750458,28.527785499404366],[-82.238881503646255,28.527767404177673],[-82.238938413999065,28.527730694035075],[-82.238974195599297,28.527694274599924],[-82.239081765746946,28.527612047472022],[-82.239228800508201,28.527502453842352],[-82.239289491483575,28.5274297702152],[-82.239319529564952,28.527393275082581],[-82.239360363457109,28.527361422449506],[-82.239418212979714,28.527266191392904],[-82.239423207987912,28.527234448822739],[-82.23939842020026,28.52702701568106],[-82.239374186972285,28.526982244183699],[-82.239283458988055,28.526816194265034],[-82.239264777261141,28.526784718988832],[-82.239263239591253,28.526721383194712],[-82.239289277896376,28.526694134250217],[-82.239360688040648,28.526671108659261],[-82.23957695516863,28.526633022815972],[-82.239653753105657,28.526632296315029]]},"properties":{"OBJECTID_1":179,"OBJECTID":201280,"QUADNUMBER":0,"ELEVATION":70,"ORGCONT":0,"DEPRESSION":1,"HILLTOP":0,"INTERVAL":0,"UNIT":" ","DATESTAMP":1078790400000,"ShapeSTLen":3933.5321321829879,"Shape_Length":3933.5321321927663}},{"type":"Feature","id":180,"geometry":{"type":"LineString","coordinates":[[-82.234159777963868,28.518631428752418],[-82.234130951223406,28.518555081042273],[-82.234062501818045,28.518515098582235],[-82.233994223030351,28.518542659332752],[-82.233974875337069,28.518551985945525],[-82.233931499702024,28.518543284386215],[-82.23391382469525,28.518489309221259],[-82.233926083824784,28.518444151709197],[-82.233857454726774,28.518453700300832],[-82.233807251262746,28.518472209061127],[-82.233682524182825,28.51846894417811],[-82.233602256817591,28.518447110004399],[-82.233538968836484,28.518443216882677],[-82.233468453326651,28.518529564749485],[-82.233383849836571,28.518656543392161],[-82.23326377176096,28.518878759064002],[-82.233222695066416,28.518964918195611],[-82.233213220567762,28.518996602400023],[-82.233197597975632,28.519091519342293],[-82.233188970309655,28.519267577039248],[-82.233229988126894,28.519420628048398],[-82.233277795720426,28.51951044159269],[-82.233308492170863,28.519550786147793],[-82.233399526170743,28.519658308906155],[-82.233457669667771,28.519702943864839],[-82.233726813610673,28.519835783339133],[-82.234343114333484,28.519947678674406],[-82.234510545885357,28.520000155537389],[-82.234623651880014,28.520048859452874],[-82.234642412001108,28.520075837966925],[-82.234687864977147,28.520309986671585],[-82.234686131163457,28.520377783136443],[-82.234615464640029,28.520473139082505],[-82.234490745810902,28.520469597916932],[-82.234187605268446,28.520341673219797],[-82.234069161672096,28.520306692038059],[-82.233786566097294,28.520331840702092],[-82.233396877000004,28.520488739774521],[-82.23311035705936,28.520676218218469],[-82.23285067510227,28.520786917022875],[-82.232610986558186,28.520888299541603],[-82.232229763188599,28.521036301661898],[-82.23199622443974,28.52107444951255],[-82.231759576102391,28.521067523624534],[-82.23157237847002,28.521010567133239],[-82.231435398380711,28.520935110614737],[-82.231118465936191,28.520671919702522],[-82.230991502442748,28.520609812184993],[-82.230928020541597,28.520578896440931],[-82.230854077409418,28.52056136223085],[-82.23065590874161,28.520549574846157],[-82.230446460017077,28.520601246852817],[-82.230292325270341,28.520674720287211],[-82.230181267077342,28.520775186529775],[-82.23012517939361,28.520879451413535],[-82.229877791493777,28.521256238151462],[-82.229703480323124,28.52142908554584],[-82.229588949336986,28.521507002057366],[-82.229409851733266,28.521580716992197],[-82.229285030540723,28.521622480870292],[-82.229137416400746,28.521610204406716],[-82.229109972806683,28.521606201849938],[-82.228968977095022,28.521580211873921],[-82.228835780305502,28.521586127403065],[-82.228720342100686,28.521641235136517],[-82.228614109402514,28.521759500727704],[-82.228499163354144,28.521823618300797],[-82.228171647971934,28.521934859884119],[-82.228040984864037,28.521981330060175],[-82.22795261859109,28.522063232065332],[-82.227890614952571,28.522176700879363],[-82.227810349758911,28.522506918306703],[-82.227742102122946,28.522611309962464],[-82.227387816104866,28.522754289531782],[-82.227264604837941,28.522854603175876],[-82.22727042746115,28.522967532310954],[-82.227396739883062,28.523070153514301],[-82.227381501839901,28.52310176483471],[-82.227379732213393,28.523327435289129],[-82.227355974925047,28.523332207868513],[-82.22724993208935,28.523360414950137],[-82.227250746148357,28.523427962510873],[-82.227323441871832,28.523522027144939],[-82.227522550396472,28.523633173598906],[-82.227558736690014,28.523650798122461],[-82.227676126073661,28.52367226322383],[-82.228137395082129,28.523717780793238],[-82.228316420493911,28.523765908189247],[-82.228469457818548,28.523877315646697],[-82.228584345246304,28.524052120264642],[-82.228720224198852,28.524195389354041],[-82.228894754777102,28.524283992075095],[-82.229029837305731,28.524318909080527],[-82.229057366463735,28.524318686708988],[-82.229271912254617,28.524307612116512],[-82.229392180878378,28.524270576126511],[-82.229482466059068,28.52418842091901],[-82.229601668155894,28.524137863950202],[-82.229765515067697,28.524136272215227],[-82.229919137331862,28.52421166069735],[-82.230121338358813,28.524408390346768],[-82.23033160596087,28.524541904622136],[-82.230492923246715,28.524617112465506],[-82.230646653467275,28.524647193016886],[-82.230848963297049,28.524641019313179],[-82.230895971183728,28.524622478279042],[-82.230939155753944,28.524603892294273],[-82.231189695772585,28.52442581540997],[-82.231373845281354,28.524356382012627],[-82.231578771185596,28.524386257002806],[-82.231694383072437,28.524398691852298],[-82.232026471695406,28.524400066924937],[-82.232069973798104,28.524440296913227],[-82.232061488127826,28.52449000463778],[-82.231865118883633,28.524798776148565],[-82.231851803794598,28.524830406332256],[-82.231817100064006,28.52495716699563],[-82.231800409084556,28.525313799023326],[-82.231909514382139,28.525804560652215],[-82.232051987560681,28.526132804588954],[-82.232158155554913,28.526528972400492],[-82.232160090049177,28.526763698713914],[-82.232150587885613,28.526835906409779],[-82.232123586344386,28.526921956249506],[-82.232028637661045,28.527094112318565],[-82.231492543195316,28.52755478590413],[-82.231381188315879,28.527673271641365],[-82.231333415722247,28.527777352221001],[-82.231179434280961,28.528193884622187],[-82.231133330219095,28.528234951329409],[-82.230935798384735,28.528340524519106],[-82.230729835122332,28.528491295010465],[-82.230462072519458,28.528782561848278],[-82.230404371033046,28.528828266198779],[-82.230141438423232,28.529254954885861],[-82.230045165669054,28.529350546659298],[-82.229831062618004,28.529451685093566],[-82.229721954031163,28.52947085866592],[-82.229313205644516,28.529578262772386],[-82.229229554248946,28.529606193569794],[-82.229020072772158,28.529698100933306],[-82.228926585438671,28.52978022238316],[-82.228898464014406,28.529816730941857],[-82.228746166809984,28.530012085015212],[-82.228694482385919,28.530120902242665],[-82.228613837539484,28.530356275543955],[-82.22858472221975,28.530415287554014],[-82.228425377691806,28.530493192707628],[-82.227820864265098,28.530674664864968],[-82.227723118957115,28.530743218606663],[-82.22764611659511,28.530834269138012],[-82.227504467155057,28.53104326189429],[-82.227481926629096,28.531169623809561],[-82.227491031509928,28.531278082481098],[-82.22756331398493,28.531593337315485],[-82.227610783678486,28.531664860866048],[-82.227620503066518,28.531813853748918],[-82.227553727633193,28.531945272546416],[-82.227526948237809,28.531987230549451]]},"properties":{"OBJECTID_1":180,"OBJECTID":201781,"QUADNUMBER":0,"ELEVATION":75,"ORGCONT":0,"DEPRESSION":0,"HILLTOP":0,"INTERVAL":0,"UNIT":" ","DATESTAMP":1078790400000,"ShapeSTLen":21483.546819809504,"Shape_Length":9802.28375412268}},{"type":"Feature","id":181,"geometry":{"type":"MultiLineString","coordinates":[[[-82.234159777963868,28.518631428752418],[-82.234194449939338,28.51870239650081],[-82.234259933539178,28.518858798768065],[-82.234292862266855,28.518945270948539],[-82.234333295369538,28.519018028909091],[-82.234413615392498,28.519075881622502],[-82.23450055266197,28.519120320276588],[-82.234612742503245,28.519146494137573],[-82.234693457936217,28.519141038998367],[-82.234811999909496,28.519130998576991],[-82.234937158298237,28.519107244441813],[-82.234999434716542,28.51913391665574],[-82.235029622337862,28.519205784362036],[-82.235035186861083,28.519295906767749],[-82.235021539934706,28.519426872942152],[-82.235027697863828,28.519480977962324],[-82.23507703412362,28.519516785344113],[-82.235108316856156,28.519520831488673],[-82.23517730831739,28.51948877795645],[-82.235214957247976,28.519416078203598],[-82.23522181953031,28.519348344130826],[-82.235210148158515,28.519240134794973],[-82.235191556037307,28.519163632445203],[-82.235198119091137,28.519113905263534],[-82.235210771472879,28.519122789545346],[-82.235279179528064,28.519126744305346],[-82.235341379200946,28.519157919216436],[-82.235385024261234,28.519188867270952],[-82.23541217258159,28.519211439416974],[-82.235453203888966,28.519206326893752],[-82.235441361976669,28.519147921220117],[-82.23537903405672,28.519085230233461],[-82.235311589243253,28.519022745693874],[-82.235249769777582,28.518928540128137],[-82.235231248420718,28.518847543959435],[-82.235200921761489,28.518784395933839],[-82.235182329753371,28.518707904405304],[-82.235145379236883,28.518658753339334],[-82.235077632528615,28.518614279185702],[-82.235027966624514,28.518560468698926],[-82.235009568501098,28.51851098592126],[-82.235010476941255,28.518416157385495],[-82.235048548536938,28.518357263781098],[-82.235098137732479,28.518298226615318],[-82.235154841349342,28.518234487609828],[-82.235174137586441,28.518189149969349],[-82.235136594901547,28.518176008163653],[-82.235061578639531,28.518185480888285],[-82.235005754350183,28.518195184766206],[-82.234974767582926,28.518172847466744],[-82.23495607948567,28.518141374264353],[-82.234893505006482,28.518132989547322],[-82.234855952043247,28.518160370377025],[-82.23481873526562,28.518205775039402],[-82.234750090528621,28.51825612923869],[-82.234693630086298,28.51826554984768],[-82.234619046985799,28.518248293998553],[-82.23456282555027,28.518203678766614],[-82.234538672677033,28.51815413096115],[-82.234520799724038,28.518073136271347],[-82.234521106451808,28.518014602155823],[-82.234571275221938,28.517959797098452],[-82.234689974901769,28.517900222958989],[-82.234762294754674,28.517899448330819],[-82.235016999026385,28.517897306177336],[-82.235125158996041,28.517896130977761],[-82.235234165193177,28.517881748346966],[-82.235348883568349,28.517831127317898],[-82.235441113369745,28.517708182172374],[-82.23545548430755,28.517690074191808],[-82.235538859919117,28.517599095604375],[-82.235671318784881,28.51748060583747],[-82.235965766663043,28.51735598478724],[-82.235986311774425,28.517351454504379],[-82.236150027773888,28.517318341695372],[-82.236758988149418,28.517290262906538],[-82.236795834157746,28.517267362044144],[-82.236892583045829,28.51718077722116],[-82.237019762853549,28.516953864550569],[-82.237255409799346,28.516667534001211],[-82.237300244308472,28.516585643309046],[-82.237313636553836,28.516549501585303],[-82.237375589245616,28.516359483133328],[-82.23739351681651,28.516201267272752],[-82.237360632064352,28.515980506306178],[-82.237308072672334,28.515868122068291],[-82.237210650544711,28.515720278006629],[-82.237110232834652,28.51548178275959],[-82.236937732326766,28.515190035560167],[-82.236773053868461,28.515047254202575],[-82.236552040809471,28.514945407453542],[-82.236438925195912,28.51493751295915],[-82.236313469979194,28.514979278078179],[-82.236138070098633,28.515102582269652],[-82.236093611220056,28.515121153177923],[-82.236028687539047,28.515139759621302],[-82.235854601382982,28.515182029277085],[-82.235825011522778,28.515191225946907],[-82.235750053643855,28.51523699866123],[-82.235707297108661,28.515269103536852],[-82.235654363377492,28.515337104367784],[-82.235594767388349,28.515500139543313],[-82.235583446970764,28.515527291917039],[-82.235517409869743,28.515613707097284],[-82.2353055779664,28.515773697010545],[-82.234704701440322,28.515855621947114],[-82.234305194409657,28.515791779011618],[-82.234167132546418,28.515743319015254],[-82.233997203544988,28.515568950280219],[-82.233946385250007,28.515546638762853],[-82.233617883215643,28.51552280803482],[-82.233559532649608,28.515491675320249],[-82.233426616562028,28.515402483588023],[-82.233377627510933,28.515384976432593],[-82.233160907345066,28.515373522290886],[-82.233014552187782,28.515401794010241],[-82.232843026643266,28.515444091515555],[-82.232584352335806,28.515572531017309],[-82.232381226527366,28.51578666141015],[-82.232348344667585,28.51584112300241],[-82.232316062616817,28.515859294671905],[-82.232219749511657,28.515918861880763],[-82.232115442487427,28.515919798981031],[-82.231967636903093,28.515880506825578],[-82.231804143568283,28.515900112362161],[-82.231696079411023,28.516013857364609],[-82.231633867600252,28.516258178918214],[-82.23155813532118,28.516389773104606],[-82.231472633470418,28.516453707679016],[-82.231422279558728,28.516481212242034],[-82.23126347528688,28.516527897675761],[-82.231163992727502,28.516546615656797],[-82.230879918298825,28.516544721863969],[-82.230684614316587,28.51651495661832],[-82.230469263736282,28.516458205141259],[-82.230246455226094,28.516388134647244],[-82.229981584729188,28.516268562607721],[-82.229920368949635,28.51625569854064],[-82.22982155149748,28.516233901625192],[-82.229739629845824,28.516234832425479],[-82.229081692520694,28.516362451779781],[-82.229050258746824,28.516367400018641],[-82.228951134955366,28.516363612079751],[-82.228595495481386,28.516317190329879],[-82.228425766737928,28.516327712927929],[-82.228358045777313,28.516360061393875],[-82.228200276112702,28.516460785939152],[-82.22815703909464,28.516483595952991],[-82.228062365463458,28.516520670014014],[-82.22739160387313,28.516689209835807],[-82.227318379063263,28.516784530242393],[-82.22730151549726,28.516915732110309],[-82.227289094279854,28.517010412065531],[-82.227275699151889,28.51704683254621],[-82.227175228887106,28.517164884412587],[-82.227124724825913,28.51720166649735],[-82.227004584043172,28.517270228368691],[-82.226962124640465,28.517284320006237],[-82.226826656428955,28.517312437847981],[-82.226657973980153,28.517336760639907],[-82.226388969422288,28.517352493111705],[-82.226190535419533,28.517318182393414],[-82.226000212088792,28.517256957048936],[-82.225732198529343,28.517056292311167],[-82.225620579923302,28.516917259591949],[-82.225587693765547,28.516854369894425],[-82.225514913011153,28.516805322580137],[-82.2254553853234,28.516805976311602],[-82.22541007190911,28.516838047005777],[-82.225331479700557,28.517104971470246],[-82.225174969082929,28.517363583552005],[-82.225153876241393,28.517440416576818],[-82.225148081231438,28.517598506995331],[-82.225154610185498,28.517630108188257],[-82.225197144248867,28.517846209064761],[-82.225201084629404,28.517918305674257],[-82.225197656608117,28.517932046920251],[-82.225165217109662,28.518076565935374],[-82.225081359122072,28.518235357769608],[-82.224968496771396,28.518367317488789],[-82.224922623761572,28.518394599271932],[-82.224810768679575,28.518504059814607],[-82.224756277757407,28.518549525508817],[-82.224498270355554,28.518714545110544],[-82.224408005776468,28.518755891891356],[-82.224351596450603,28.518801615956168],[-82.224262096235194,28.518874492173595],[-82.224244563372991,28.518928865105266],[-82.224247449839197,28.518987443571714],[-82.224272851626992,28.519077531008929],[-82.224355579107964,28.519144431768559],[-82.224548452533924,28.519205971900238],[-82.22459108228874,28.519259704019824],[-82.224594945835975,28.519571002739131],[-82.224646763569964,28.519728408606809],[-82.224806848885635,28.519916447871438],[-82.224898880204407,28.520001477331984],[-82.224938757912525,28.520028156045402],[-82.225114111909392,28.520144068344397],[-82.225239149051021,28.520205875964947],[-82.225864462006868,28.520471007412759],[-82.225897591890899,28.520479869346808],[-82.226075573416168,28.520473679159831],[-82.226157369394812,28.520441504219146],[-82.226276376778188,28.520363651706067],[-82.226485378774399,28.520104573788295],[-82.226516275154637,28.520054592593667],[-82.226536479700741,28.520031774589967],[-82.226701769719668,28.519863328072272],[-82.226841094308,28.519207694008145],[-82.226904525782771,28.519085233135431],[-82.226981375732819,28.519003473741979],[-82.227095533878625,28.51894835246754],[-82.227233916068386,28.518937994033742],[-82.227303078938206,28.518973490461931],[-82.2273174290181,28.518995897955168],[-82.227354550131054,28.519112875058124],[-82.227293442865317,28.519993509521736],[-82.227268591820518,28.520065794972101],[-82.227015730973449,28.520776560470875],[-82.226936798911495,28.521142812342315],[-82.2267763942437,28.52136535942201],[-82.226542623699473,28.521417271749165],[-82.226342604177205,28.521400954982564],[-82.226266883223175,28.521374672062969],[-82.226142626322442,28.521303589764766],[-82.22607951464569,28.52124988050841],[-82.225967128066941,28.521196677289844],[-82.225919498049521,28.521174687749699],[-82.225792705981817,28.521180399248397],[-82.225710426292252,28.521203562109989],[-82.225550702023,28.521344780608974],[-82.225442509804537,28.521621168317644],[-82.225269840111793,28.521888870368716],[-82.225180882748973,28.522007065840878],[-82.225150921602278,28.522039042408124],[-82.224956891523448,28.5221263628972],[-82.224901476020449,28.522149580042875],[-82.224845855606176,28.522186020526728],[-82.224715591373936,28.522286531235487],[-82.224466634099073,28.522523427697145],[-82.224354550450059,28.522646391846102],[-82.224270538143401,28.5228141815704],[-82.224179835719141,28.522882546139765],[-82.224080115571368,28.522915051740188],[-82.223911944858088,28.522907570619459],[-82.223736182901092,28.522861302594254]],[[-82.223902296150001,28.524433696548972],[-82.223951894834954,28.524414509365641],[-82.224002659061384,28.524323696314546],[-82.224021537179922,28.524264834757084],[-82.224020704581534,28.524237810786147],[-82.224001255199198,28.524174807482463],[-82.223860496062315,28.523995843869923]],[[-82.223847783822549,28.523862686260966],[-82.223848994437247,28.52386022446348],[-82.223918623576665,28.523828181007207],[-82.224042793412494,28.523826933174146],[-82.22424353009788,28.523956122413779],[-82.224349349726822,28.524058770341341],[-82.224425260995261,28.524229706813799],[-82.224448885756615,28.524310775396462],[-82.224440693163629,28.524459537502004],[-82.224413072930162,28.524505065112844],[-82.224293537743506,28.524614430466134],[-82.224144217755565,28.524705966625849],[-82.223979122238973,28.524784363364834],[-82.223957753240256,28.524787217531721]]]},"properties":{"OBJECTID_1":181,"OBJECTID":202838,"QUADNUMBER":0,"ELEVATION":75,"ORGCONT":0,"DEPRESSION":0,"HILLTOP":0,"INTERVAL":0,"UNIT":" ","DATESTAMP":1078790400000,"ShapeSTLen":17284.682459984262,"Shape_Length":13133.260056101721}},{"type":"Feature","id":182,"geometry":{"type":"MultiLineString","coordinates":[[[-82.225859523371824,28.50737460071019],[-82.225974624906712,28.507320026490273],[-82.226203418811423,28.507101158745233],[-82.226282240056463,28.507014924303572],[-82.22633013738951,28.506942078065059],[-82.226363735310443,28.506883120249089],[-82.226407741739038,28.506774489614966],[-82.226550089640241,28.506285780941948],[-82.226562117880931,28.506254128976334],[-82.226672029663817,28.506027571099249],[-82.226863817257623,28.505840880411725],[-82.227003641813894,28.505780746169226],[-82.227166881353995,28.505774929373125],[-82.227392595035866,28.505822523601694],[-82.227470294643069,28.505844330634176],[-82.227526305542142,28.505861930176227],[-82.227727683628629,28.505950311147124],[-82.227850072993604,28.506016860139205],[-82.228223847073025,28.506126272889777],[-82.22847515162799,28.506173632843275],[-82.228822127313265,28.506161417793553],[-82.229014830407877,28.506114600480586],[-82.229135298604248,28.506064060684068],[-82.229223305744696,28.505963867726575],[-82.22930340775207,28.505760004312329],[-82.229337635991527,28.505701058230912],[-82.229376050621781,28.505660174653844],[-82.229451307787201,28.505596398488073],[-82.229610964198841,28.505536215452363],[-82.229679581668364,28.505526387506158],[-82.229852911989227,28.505529422347546],[-82.230167472210368,28.505621478422306],[-82.230231880362297,28.505634398375072],[-82.23058788226173,28.505617501086096],[-82.231134711738108,28.505472716722998],[-82.231677650667052,28.505291863510376],[-82.232046659591589,28.505143992865349],[-82.232221173253109,28.505074710066545],[-82.232658203493415,28.504953587218434],[-82.232742145349832,28.504867117384382],[-82.232759093722663,28.504808236126401],[-82.232758929544119,28.504740412097444],[-82.232733005455714,28.504682115890059],[-82.232608984555981,28.504597533376739],[-82.232315244193913,28.504523473616317],[-82.231713093765208,28.504451999433496],[-82.231462495098697,28.504400152338665],[-82.231148235868034,28.504290372937334],[-82.230987399446704,28.504187873095521],[-82.230962101015251,28.504170104579163],[-82.230908444501111,28.504125526660065],[-82.230802361190499,28.504000086933075],[-82.230765494291376,28.503946151034764],[-82.230686708758583,28.503834278634415],[-82.230683106919102,28.503662846140372],[-82.230683475153086,28.503640061147188],[-82.230701561604477,28.503590193590743],[-82.230781594825984,28.503508465317086],[-82.230911212055958,28.503484773208296],[-82.231365342405354,28.50357070694006],[-82.231686550472773,28.503568011278599],[-82.231816969599691,28.50353504347661],[-82.231990052965628,28.503474745411719],[-82.232165005353764,28.503378461777782],[-82.232374157540846,28.503263746679121],[-82.232593728794512,28.503216702402565],[-82.232706280357192,28.503220093885801],[-82.232808712664919,28.503255439525105],[-82.232883622758948,28.503290716746037],[-82.232985029135548,28.503389086020132],[-82.23306810089781,28.503473992898595],[-82.233165903367507,28.503518276774329],[-82.233220637060811,28.503535859925545],[-82.233323659069612,28.503534907086802],[-82.233423286319947,28.503506888563766],[-82.233583146616866,28.503433206756366],[-82.233619495727822,28.503401297603556],[-82.233663809802678,28.503351481124721],[-82.233721786350401,28.50328776839125],[-82.233800416887533,28.503174223856721],[-82.233820191557967,28.503137890958843],[-82.233881493663574,28.502988385005484],[-82.233870924328897,28.502812368007849],[-82.233819988709158,28.502718288975512],[-82.233788513923301,28.502686939490342],[-82.233687803846934,28.502624601396455],[-82.233491187991916,28.502558804172139],[-82.233283863873027,28.502560695070354],[-82.233074437198781,28.502652616844106],[-82.23302408472162,28.502680402656548],[-82.232927986278355,28.502766989167437],[-82.232877761561753,28.502826021325752],[-82.232846876215675,28.502876004041827],[-82.232754294182186,28.502903820584848],[-82.232673677556406,28.502904497317882],[-82.232520401240322,28.502887928063174],[-82.232446392843698,28.502875177197719],[-82.232014437504574,28.502684838747296],[-82.231562409167694,28.502549113637031],[-82.231400563396903,28.502469403046952],[-82.231295259865647,28.502375492303592],[-82.231218101033761,28.502281368471142],[-82.23111381273155,28.502124422099151],[-82.231070572282007,28.502030163800388],[-82.231000825382964,28.501913347536231],[-82.230979356106474,28.501895624843534],[-82.230876829175074,28.501788239645553],[-82.23084064612793,28.501770325358216],[-82.230692269621528,28.501767328806192],[-82.230345076570387,28.501833588069768],[-82.230149419685205,28.501826334342077],[-82.22981095254427,28.501788844042871],[-82.229692057961216,28.501797621865009]],[[-82.234084442804019,28.498797287140956],[-82.234087085728177,28.498847936104298],[-82.23413052539793,28.499244726397571],[-82.234157503667802,28.499592051926427],[-82.234178364715248,28.500079167643765],[-82.234198164518446,28.500277529054745],[-82.234209106232342,28.500490694359137],[-82.234223378973866,28.500517884686879],[-82.234342446062271,28.500552878387772],[-82.234570545569611,28.500492150108929],[-82.234933217748633,28.500280039627963],[-82.235107192141356,28.500124917858482],[-82.23524672426008,28.500042528164016],[-82.235336472052239,28.499991875412],[-82.235858655540611,28.49959011508971],[-82.235967819050032,28.499525916416736],[-82.236020331040947,28.499444128139594],[-82.236038902781829,28.499403552331909],[-82.236084181651123,28.49929465190003],[-82.236085939562727,28.499028448802211],[-82.236049090855886,28.498933990559763],[-82.236001830159793,28.498771861375186],[-82.235991270247609,28.498713481312851],[-82.235983410896097,28.498645843846599],[-82.235984407226766,28.498505985724254],[-82.236082673394208,28.498324581359292],[-82.23627708756905,28.498092607167706],[-82.236485090844084,28.498009396031737],[-82.23655533454118,28.497977347701411],[-82.236612479452631,28.497886331791506],[-82.236628922193873,28.497829809631824]]]},"properties":{"OBJECTID_1":182,"OBJECTID":203106,"QUADNUMBER":0,"ELEVATION":95,"ORGCONT":0,"DEPRESSION":0,"HILLTOP":0,"INTERVAL":0,"UNIT":" ","DATESTAMP":1078790400000,"ShapeSTLen":28255.190501396479,"Shape_Length":8590.1078683277847}},{"type":"Feature","id":183,"geometry":{"type":"LineString","coordinates":[[-82.233578596043245,28.521628811390592],[-82.233684752537627,28.521632396144788],[-82.233750457163865,28.521645328369896],[-82.233806819581432,28.521680925593593],[-82.233891317510526,28.521797373529957],[-82.233954755764344,28.521909613932305],[-82.233960420398688,28.52195471890423],[-82.233970782003325,28.521986088356467],[-82.233975124278658,28.522112492706771],[-82.233959598709916,28.522162392253726],[-82.233936168384844,28.522225701678014],[-82.233892263238189,28.522289305322687],[-82.23382277667011,28.522312357220503],[-82.233734314965588,28.522322212396269],[-82.233655321793862,28.522300392328503],[-82.233581029389796,28.522265128161319],[-82.233535042103924,28.52222036590566],[-82.233499031629123,28.522152927610051],[-82.233472458105851,28.522094622000189],[-82.233449594233733,28.522045091667547],[-82.233455816155526,28.521977341660481],[-82.233473696655196,28.521783105642172],[-82.233492209991837,28.521746755192506],[-82.233508439586998,28.5216926522472],[-82.233578596043245,28.521628811390592]]},"properties":{"OBJECTID_1":183,"OBJECTID":203420,"QUADNUMBER":0,"ELEVATION":80,"ORGCONT":0,"DEPRESSION":1,"HILLTOP":0,"INTERVAL":0,"UNIT":" ","DATESTAMP":1078790400000,"ShapeSTLen":678.63550766214848,"Shape_Length":678.6355076663416}},{"type":"Feature","id":184,"geometry":{"type":"LineString","coordinates":[[-82.22992229671911,28.512726726109523],[-82.229768633479509,28.512732668119774],[-82.229638564665066,28.512783368156022],[-82.229583877212676,28.512801814362216],[-82.229495513209557,28.512884004389058],[-82.229457097048552,28.512924887067154],[-82.229379764566957,28.512997915779465],[-82.2292960653471,28.513147422135308],[-82.22925257489814,28.513341899601787],[-82.229245634090631,28.513414129989364],[-82.229209455493887,28.513513864596828],[-82.229201560576897,28.513527547613158],[-82.229026478549002,28.5138267363095],[-82.228973872928663,28.51391303457261],[-82.228933318072038,28.513967673417582],[-82.228900364006307,28.514026636140237],[-82.228882392060385,28.514108027694146],[-82.228880892869242,28.51412151583849],[-82.228869924424401,28.514284039405258],[-82.2289121639201,28.514401078827966],[-82.228929121068632,28.514459545089093],[-82.228953961252799,28.514545125408304],[-82.228973933692586,28.514693685308547],[-82.228991132928968,28.514815472645864],[-82.229015350370204,28.51486052405539],[-82.229073198328123,28.514923171437449],[-82.229137387840083,28.514949595901754],[-82.229204999246306,28.514962548797925],[-82.229271064263344,28.514952970791285],[-82.229378185965615,28.514897757495437],[-82.229400159484982,28.514883965883012],[-82.229450168703181,28.514838440013889],[-82.229490516849367,28.514797297816145],[-82.229606567492183,28.514665378551289],[-82.22966831481834,28.514606209991303],[-82.229708502093985,28.514574355886541],[-82.229789504243513,28.514550895892857],[-82.229835795932601,28.514537128954757],[-82.229914240471018,28.514513917749632],[-82.230056778777509,28.514444799235445],[-82.230080251157077,28.514417519357316],[-82.230127858906712,28.514362962977625],[-82.23015086510631,28.514286138555036],[-82.230170694306167,28.514168474644052],[-82.230169215599801,28.514141446357002],[-82.230157001297357,28.513870847811088],[-82.230159782871297,28.513857093994591],[-82.230209789365205,28.51357687024738],[-82.230211749556815,28.513495838610663],[-82.230218262506114,28.513292742894436],[-82.230217837348945,28.513161878506875],[-82.230135874672413,28.513009160158209],[-82.230079965478339,28.51290573633921],[-82.230040121791646,28.512838532699632],[-82.229984907988666,28.512771143009505],[-82.22992229671911,28.512726726109523]]},"properties":{"OBJECTID_1":184,"OBJECTID":204755,"QUADNUMBER":0,"ELEVATION":70,"ORGCONT":0,"DEPRESSION":1,"HILLTOP":0,"INTERVAL":0,"UNIT":" ","DATESTAMP":1078790400000,"ShapeSTLen":2009.608521582828,"Shape_Length":2009.6085215845546}},{"type":"Feature","id":185,"geometry":{"type":"MultiLineString","coordinates":[[[-82.246648432790295,28.497106481633228],[-82.246623675303638,28.497109137055219],[-82.246501325597947,28.497119150392159],[-82.246466686370852,28.49710537744582]],[[-82.245907854702097,28.497101980635101],[-82.245887071746026,28.497124971346043],[-82.245843122364093,28.497192803901754],[-82.245831438479229,28.497242749434747],[-82.245831130601971,28.497459435268251],[-82.245920924130189,28.497959516646322],[-82.245955515755767,28.498035933757553],[-82.24598840432111,28.498098538940894],[-82.246200574673182,28.49838992201925],[-82.246252581707097,28.498457272260374],[-82.246403650925416,28.498649961819087],[-82.246492321911035,28.498784467962913],[-82.246608648937837,28.498909747863408],[-82.246717536741343,28.498980898283619],[-82.246832053279476,28.49902060589087],[-82.247009709347608,28.499032388213845],[-82.247131863446242,28.498995362883974],[-82.247363032303085,28.498902852043994],[-82.24743336222275,28.498866022708299],[-82.247477229395713,28.498843219840658],[-82.247704993256761,28.498723644983716],[-82.247868840211481,28.498600467722884],[-82.247953739051439,28.498572539414269],[-82.248052278878347,28.498571518638936],[-82.248169842152066,28.498620268339767],[-82.248353622617813,28.498808014264863],[-82.248376290633587,28.498830253703186],[-82.248414946777473,28.498893213198137],[-82.248604895711182,28.499293226511483],[-82.248749134059281,28.49967072651236],[-82.248817913877957,28.499769519961799],[-82.248935497264384,28.499975852828534],[-82.249047747371534,28.500275000353351],[-82.249158504489841,28.500389229015465],[-82.249238677101232,28.500456083395328],[-82.249284729532803,28.50049633673866],[-82.249481063597585,28.500580120748236],[-82.249512980370341,28.500584457514684],[-82.249673861293161,28.500605603757748],[-82.249687225279388,28.500609993510114],[-82.249791872997221,28.500627056893432],[-82.249810078324941,28.500608712028484],[-82.24986618320149,28.500581273085118],[-82.250027918335959,28.500588637537671],[-82.250059918494387,28.500588472193456],[-82.250175158556473,28.500582880321751],[-82.250271996145045,28.500568325798696],[-82.250398276034929,28.500553578912115],[-82.250760749933733,28.500451172425436],[-82.250934311582043,28.500399862977268],[-82.251560969465942,28.500339856930555],[-82.251876800739026,28.500273725277012],[-82.251952879979726,28.500236968682582],[-82.252123958651339,28.500181410442892],[-82.252480996071796,28.500177986524267],[-82.252714025334683,28.500248149797319],[-82.252872234884137,28.500276005298037],[-82.252916332711351,28.500318488044371],[-82.253166620102803,28.500428826274455],[-82.253300204781311,28.500436685925671],[-82.253349763980736,28.500418168460325],[-82.253384829205146,28.500386237481209],[-82.253465310182193,28.500274961120112],[-82.253380747754278,28.500043424859712],[-82.253348990985529,28.499790879045257],[-82.253393861069924,28.49954688724694],[-82.25345596189365,28.499464922821808],[-82.253485911020846,28.499392687020052],[-82.253656460989504,28.499210486492824],[-82.253841990091757,28.499091508069142],[-82.253950845056551,28.499045301988531],[-82.254245237405328,28.498880120440667],[-82.254352816150316,28.498833900183204],[-82.254446466063825,28.498779063196874],[-82.254845891120553,28.49860991728568]],[[-82.258667429841012,28.500900025988823],[-82.25863700076188,28.501001202197177],[-82.258527864318026,28.501263816961327],[-82.258270427094217,28.501717632815595],[-82.258087081791103,28.501940491672361],[-82.257931907053148,28.502081803751643],[-82.25789756240475,28.502108953872472],[-82.257799696514383,28.502186818365878],[-82.257535653442034,28.502414862818988],[-82.257125334582199,28.502707500382289],[-82.257048104952659,28.502775770304151],[-82.257020720149498,28.502807503612761],[-82.257019130328104,28.502906825615369],[-82.257038375587385,28.502942812851707],[-82.257150813646234,28.503072813833327],[-82.257189332001673,28.503103965882595],[-82.257795323169972,28.503495351034577],[-82.257812945725021,28.503513302350733],[-82.257874853526573,28.503562476689755],[-82.258292303397056,28.503901426077451],[-82.258464587687257,28.504089300825871],[-82.258725782813855,28.504398448912255],[-82.258774603322564,28.504465750690457],[-82.258846170133296,28.504550784525367],[-82.258893372955981,28.504599769828939],[-82.259178136226055,28.504755274999198],[-82.259429024590659,28.504829584004291],[-82.259640680216918,28.50483672167065],[-82.259749974074197,28.504804028235949],[-82.259770098865218,28.504785702747728],[-82.259806230290039,28.504726772491992],[-82.259837402320329,28.504618252235062],[-82.260003595061846,28.504228581196351],[-82.260059148793275,28.504155815878871],[-82.260183691241068,28.503969658214402],[-82.260564746799403,28.503307431592624],[-82.260595332971647,28.503234925062969],[-82.261095301547257,28.502458502028112],[-82.261188245640199,28.502281026066544]]]},"properties":{"OBJECTID_1":185,"OBJECTID":205060,"QUADNUMBER":0,"ELEVATION":100,"ORGCONT":0,"DEPRESSION":0,"HILLTOP":0,"INTERVAL":0,"UNIT":" ","DATESTAMP":1078790400000,"ShapeSTLen":36230.695760334158,"Shape_Length":7548.2414455134476}},{"type":"Feature","id":186,"geometry":{"type":"LineString","coordinates":[[-82.23566734186258,28.512611457074868],[-82.235552633333441,28.51266206754223],[-82.235388944821679,28.512812540100199],[-82.235282736474431,28.513048158836249],[-82.235287157115948,28.513169783423198],[-82.235267357553425,28.513363990744345],[-82.235245705670778,28.513436610537738],[-82.235193484848523,28.513500118975941],[-82.235102939499669,28.513559760364274],[-82.234949064819034,28.513696568263629],[-82.234875655186485,28.513764871303248],[-82.234872950461224,28.513773839920507],[-82.234829319907206,28.513859971518571],[-82.234834958757304,28.51394558844466],[-82.234862870157585,28.513999694722415],[-82.235019916041225,28.514061328891835],[-82.235081695899851,28.5140787086596],[-82.23542899483266,28.514165824790016],[-82.235740270480903,28.51418578379867],[-82.235939097019639,28.514156762944584],[-82.236233094596173,28.514059437250207],[-82.236312889541651,28.514031456505265],[-82.236405793556699,28.513944822739237],[-82.236404109972483,28.513890767705277],[-82.236380032611095,28.513836995262697],[-82.236328024199778,28.513769641403691],[-82.236213308300506,28.513662389969308],[-82.236021339330847,28.513506315655917],[-82.235823236624199,28.513255333539625],[-82.235785607071293,28.513129346892153],[-82.235796053391013,28.512723104418363],[-82.235778380478664,28.512669132153107],[-82.23572230294657,28.512615522481077],[-82.23566734186258,28.512611457074868]]},"properties":{"OBJECTID_1":186,"OBJECTID":206261,"QUADNUMBER":0,"ELEVATION":90,"ORGCONT":0,"DEPRESSION":0,"HILLTOP":0,"INTERVAL":0,"UNIT":" ","DATESTAMP":1078790400000,"ShapeSTLen":1718.8561244392256,"Shape_Length":1718.8561244426858}},{"type":"Feature","id":187,"geometry":{"type":"LineString","coordinates":[[-82.258212569418177,28.509146050075131],[-82.258282746784587,28.509159027854789],[-82.258431254271827,28.509234322707414],[-82.258485898119787,28.509337437633093],[-82.258510196216321,28.5094185054094],[-82.258563198982642,28.5095443987212],[-82.25860335463733,28.509593575250854],[-82.258648137614657,28.509633810604569],[-82.258726192663971,28.509673622564918],[-82.258740123863873,28.509682517569686],[-82.258736275008857,28.509723274995572],[-82.25877943289602,28.50970495182688],[-82.258885447924129,28.509717525370057],[-82.259008866757512,28.509761274316126],[-82.259036725154601,28.5097790687851],[-82.259100777096933,28.509814756412393],[-82.25918543766258,28.509881662086343],[-82.259213298141248,28.509939980120631],[-82.259226927803937,28.51000768716942],[-82.259228344181736,28.510039228795005],[-82.259218288958749,28.510147444169263],[-82.2591815022612,28.510206650698009],[-82.259161236257626,28.510233697564871],[-82.25913036734768,28.510283686123763],[-82.259022103357722,28.510411234761005],[-82.258964432730281,28.510456670578407],[-82.258909605774349,28.510484408591374],[-82.258590022332839,28.510663367330668],[-82.25851400360466,28.510695622062649],[-82.258373704308084,28.510746507069378],[-82.25808144184731,28.510857412528363],[-82.257979972685732,28.510880914681682],[-82.257775407992881,28.510909892908334],[-82.257671094020338,28.51091084961735],[-82.257596940630123,28.510907114611797],[-82.257509479144233,28.510894485964336],[-82.25743042302166,28.51087718431334],[-82.257303828187716,28.510752062489082],[-82.257290549841215,28.51070237179303],[-82.257253063660642,28.51052686002226],[-82.257263038439191,28.510463381617861],[-82.257274779622421,28.510409221136761],[-82.257312635857957,28.51032301119368],[-82.257391167882417,28.510214230438674],[-82.257457310371834,28.510159340660543],[-82.257600478721542,28.510009149414568],[-82.257671958632315,28.509940815236121],[-82.257738476716156,28.509822877455861],[-82.257760710964973,28.509673727458999],[-82.25775376766272,28.509588085109218],[-82.257731102462913,28.509525054772812],[-82.257715426547719,28.509425792675309],[-82.257723701163329,28.509308548252747],[-82.25780301184794,28.509231016841671],[-82.257905480001966,28.509185011939394],[-82.257991591829651,28.509161596749063],[-82.258047965326909,28.509156671170725],[-82.258212569418177,28.509146050075131]]},"properties":{"OBJECTID_1":187,"OBJECTID":208383,"QUADNUMBER":0,"ELEVATION":120,"ORGCONT":0,"DEPRESSION":1,"HILLTOP":0,"INTERVAL":0,"UNIT":" ","DATESTAMP":1078790400000,"ShapeSTLen":2040.5283004519206,"Shape_Length":2040.5283004592466}},{"type":"Feature","id":188,"geometry":{"type":"LineString","coordinates":[[-82.234893004284615,28.518006619120825],[-82.23490871287018,28.518024554125475],[-82.234901937642107,28.518047262627459],[-82.234864261130355,28.518042846693628],[-82.234883681040344,28.518029304054107],[-82.234893004284615,28.518006619120825]]},"properties":{"OBJECTID_1":188,"OBJECTID":208828,"QUADNUMBER":0,"ELEVATION":85,"ORGCONT":0,"DEPRESSION":0,"HILLTOP":0,"INTERVAL":0,"UNIT":" ","DATESTAMP":1078790400000,"ShapeSTLen":45.708755237364997,"Shape_Length":45.708755237293957}},{"type":"Feature","id":189,"geometry":{"type":"LineString","coordinates":[[-82.229061361703359,28.531362935018258],[-82.228979280245966,28.531372872908651],[-82.228912352346683,28.531395943244995],[-82.228852092244097,28.53144161514507],[-82.228805053066651,28.531500689875802],[-82.228663678427026,28.531732197825971],[-82.228621044354142,28.531913174935898],[-82.228633287302287,28.532025890921844],[-82.228710907449354,28.53209272616164],[-82.228917617437531,28.532131641787789],[-82.229021801565224,28.532139714519779],[-82.229124502260177,28.532120464787436],[-82.229364618116108,28.532073408165719],[-82.229503830947891,28.532013248117703],[-82.229533632822736,28.531990548837314],[-82.229628721592306,28.531849921484735],[-82.229635689213978,28.531736875338726],[-82.229605210613926,28.531683017012156],[-82.229532588397717,28.531584449099714],[-82.229473233722473,28.531535301062672],[-82.229268414880494,28.531419862203638],[-82.22914227351815,28.531384782440696],[-82.229061361703359,28.531362935018258]]},"properties":{"OBJECTID_1":189,"OBJECTID":209108,"QUADNUMBER":0,"ELEVATION":95,"ORGCONT":0,"DEPRESSION":0,"HILLTOP":0,"INTERVAL":0,"UNIT":" ","DATESTAMP":1078790400000,"ShapeSTLen":955.92594503527835,"Shape_Length":955.92594504113094}},{"type":"Feature","id":190,"geometry":{"type":"LineString","coordinates":[[-82.223426909275119,28.516228555736653],[-82.22343265269852,28.516228497565542],[-82.223740586603128,28.516140092061839],[-82.223973581219369,28.516174002909903],[-82.223997604312103,28.51619175764689],[-82.224070957408514,28.516245312978459],[-82.224114521257661,28.516281040053745],[-82.224193595603083,28.516375195229454],[-82.224230319545384,28.51643785154732],[-82.224298254995347,28.516509625111038],[-82.224626262402367,28.5166418243107],[-82.224661571915505,28.516673229964848],[-82.224704773174906,28.516731471973724],[-82.224736469653152,28.516866666428154],[-82.224726208386741,28.5170246974576],[-82.224620712852001,28.517215010502248],[-82.224497052326299,28.517342608595609],[-82.224474481698152,28.51739241678348],[-82.224468497680945,28.517523483924968],[-82.224559614726303,28.517820403986352],[-82.224540590926566,28.518005625523507],[-82.22453345046371,28.518050845034555],[-82.22450460353329,28.518132369449209],[-82.224379145442029,28.518291185368984],[-82.224269856347803,28.518400684545028],[-82.224215996622576,28.518446151689115],[-82.224075498793411,28.518546807746912],[-82.223995974036285,28.518597017466025],[-82.223932022604899,28.51863392249771],[-82.223901082423623,28.518647593550721],[-82.223825907654103,28.518666350927813],[-82.22377727134355,28.518666851535542],[-82.223688681446916,28.518670169172868]]},"properties":{"OBJECTID_1":190,"OBJECTID":213241,"QUADNUMBER":0,"ELEVATION":85,"ORGCONT":0,"DEPRESSION":0,"HILLTOP":0,"INTERVAL":0,"UNIT":" ","DATESTAMP":1078790400000,"ShapeSTLen":3397.7225169477588,"Shape_Length":1382.7685319465957}},{"type":"Feature","id":191,"geometry":{"type":"MultiLineString","coordinates":[[[-82.230236147927783,28.531803551169059],[-82.23035226411703,28.531825279536843],[-82.230402665351818,28.531874318751488],[-82.230371678345847,28.531969329846948],[-82.230234782418748,28.532083551003595],[-82.230134601433434,28.53218359439887],[-82.23001341587586,28.532315742718719],[-82.229988008334331,28.532342995126598],[-82.229882993090996,28.532425257642778],[-82.229724936028802,28.532503178369534],[-82.2295778227395,28.532576741026698],[-82.229527872131612,28.532617761338141],[-82.229513323072297,28.532685684858681],[-82.229505820768694,28.53275340787971],[-82.22957162621168,28.53283866234441],[-82.229809555551498,28.532886130420625],[-82.23007559876558,28.532897085700597],[-82.230327775550577,28.532894928503751],[-82.230379616586191,28.532894457988682],[-82.23065974344307,28.53290558404494],[-82.230673232525547,28.532941502533646],[-82.230664441424636,28.533009209755015],[-82.230655814635625,28.533067916684043],[-82.230630069575753,28.533194515513404],[-82.230591366604145,28.5332128790239],[-82.230453043183147,28.533218735410461],[-82.23042153907106,28.533227904372097],[-82.230253957331485,28.53326124515592],[-82.229587718618959,28.533303209579898],[-82.229487799001305,28.533308697777343],[-82.229433886638489,28.533318148905263],[-82.229363899873931,28.533332466445941],[-82.229285937985225,28.533364686449364],[-82.22927234855959,28.533373799635996],[-82.229203268762163,28.533410636347476],[-82.229123959548701,28.533447346807158],[-82.229104046079357,28.533462514567248]],[[-82.228734482433836,28.533149208986451],[-82.228749979810999,28.533148262493068],[-82.228832058156868,28.533138602666448],[-82.228894238192282,28.53309295732468],[-82.228965461050691,28.533042635184305],[-82.229036250018396,28.53297880920725],[-82.229082164657697,28.532910720951055],[-82.229108374219507,28.532833657784359],[-82.229113694547735,28.532743390608587],[-82.229102562135893,28.532680495017658],[-82.229086261602887,28.53258122639582],[-82.229070115340434,28.532472957496847],[-82.229071925494395,28.532400936289172],[-82.229136890242501,28.532341540678242],[-82.229203678745435,28.532327461457587],[-82.229293357557012,28.532322125209955],[-82.229335452032373,28.532330816839014],[-82.229508265686746,28.532329342869854],[-82.22961837070649,28.532287675868048],[-82.22970266989816,28.532259757273728],[-82.229819273205763,28.532172857074389],[-82.229965566805788,28.532031747615125],[-82.230134142139136,28.531858827689458],[-82.230236147927783,28.531803551169059]]]},"properties":{"OBJECTID_1":191,"OBJECTID":213613,"QUADNUMBER":0,"ELEVATION":90,"ORGCONT":0,"DEPRESSION":1,"HILLTOP":0,"INTERVAL":0,"UNIT":" ","DATESTAMP":1078790400000,"ShapeSTLen":2751.4554674227338,"Shape_Length":2308.238313809145}},{"type":"Feature","id":192,"geometry":{"type":"LineString","coordinates":[[-82.235025196243299,28.518966520641651],[-82.23506871667287,28.518966226082185],[-82.235094038760181,28.518943466535049],[-82.235125201357263,28.518916000149353],[-82.235131536533785,28.518880058549644],[-82.235082382898725,28.518794725439609],[-82.235027111511812,28.518691318915366],[-82.234977954984302,28.518605985769451],[-82.234934524945189,28.518561262849417],[-82.234928940014811,28.518511655939136],[-82.234903947098957,28.518435365831575],[-82.23491114285153,28.51841016521772],[-82.234922410571585,28.518378382144984],[-82.234949764598326,28.518349172727852],[-82.234950572998486,28.518299524081403],[-82.234936297956409,28.518295060480874],[-82.234867881145902,28.518331629157412],[-82.234811616010134,28.51836835005048],[-82.234754998303956,28.518387051617516],[-82.234717541059126,28.518369134317307],[-82.234649353898305,28.5183516662123],[-82.234574772787397,28.518334410335875],[-82.234513281692983,28.51829902258066],[-82.234463384556918,28.518258716839647],[-82.234382334058552,28.518245870070349],[-82.234300983200328,28.518251040073775],[-82.234214001686908,28.518287932795722],[-82.234163693106836,28.518351747917098],[-82.234162739454362,28.518410268707076],[-82.234156449432291,28.518482509888276],[-82.234183935018137,28.518553427763781],[-82.234231741086049,28.518665018277954],[-82.234377576189715,28.518937462994753],[-82.234444559580893,28.519003154843674],[-82.234513451719636,28.519038936809839],[-82.234608171631223,28.519055096780797],[-82.234673452768931,28.519050929787696],[-82.234795603763857,28.519037500240803],[-82.23488241141105,28.519017396555505],[-82.235025196243299,28.518966520641651]]},"properties":{"OBJECTID_1":192,"OBJECTID":213704,"QUADNUMBER":0,"ELEVATION":65,"ORGCONT":0,"DEPRESSION":1,"HILLTOP":0,"INTERVAL":0,"UNIT":" ","DATESTAMP":1078790400000,"ShapeSTLen":1032.2250218750316,"Shape_Length":1032.2250218800582}},{"type":"Feature","id":193,"geometry":{"type":"MultiLineString","coordinates":[[[-82.269352011627532,28.514421585735473],[-82.269278777912916,28.514440373399733],[-82.269195774869374,28.514549382726976],[-82.269187809706679,28.514887836868358],[-82.269225319956121,28.515063617596422],[-82.269268321773893,28.515135347577818],[-82.269299741437194,28.515171190649585],[-82.269351219004307,28.515193218706884],[-82.269444575744927,28.515196905592077],[-82.269564115314296,28.51516404680385],[-82.269644622982312,28.515091307588339],[-82.269654087603399,28.515089880240527]],[[-82.269639687457158,28.514451031802619],[-82.26946905074611,28.514424995562248],[-82.269352011627532,28.514421585735473]]]},"properties":{"OBJECTID_1":193,"OBJECTID":214217,"QUADNUMBER":0,"ELEVATION":110,"ORGCONT":0,"DEPRESSION":0,"HILLTOP":0,"INTERVAL":0,"UNIT":" ","DATESTAMP":1078790400000,"ShapeSTLen":1266.4906203826963,"Shape_Length":528.24376281253262}},{"type":"Feature","id":194,"geometry":{"type":"MultiLineString","coordinates":[[[-82.24517651612689,28.500276677368674],[-82.245220965080222,28.500416255875781],[-82.245207166571305,28.500596746479353],[-82.245161866316934,28.500786705421024],[-82.245039391107852,28.501081219045581],[-82.244872591131013,28.5012676782748],[-82.244608691597108,28.50140565008898],[-82.24436863168691,28.501493543169278],[-82.243941941317843,28.501610331216689],[-82.243509572243966,28.501682016866141],[-82.243395659507499,28.501723646931577],[-82.243264504760333,28.501842167313711],[-82.242959625478093,28.502219386418833],[-82.24288850029771,28.502265211298202],[-82.242708373084255,28.502366238141256],[-82.242694636756198,28.502384360220042],[-82.242381124285785,28.502504529889389],[-82.242099103872832,28.502773403418981],[-82.242034603717329,28.502805521070258],[-82.241844673985483,28.502879404363227],[-82.241741857337004,28.502907385093401],[-82.241651411468538,28.502921721862631],[-82.24130027203455,28.502915914654331],[-82.241249504108552,28.502929908198599],[-82.241178088707315,28.502993736404228],[-82.241161857285405,28.503048129141341],[-82.241155903386783,28.503454418684601],[-82.241155244725874,28.503494940821284],[-82.241136729194423,28.503571816968964],[-82.24112597535229,28.503603478784999],[-82.24075286492166,28.504202720037256],[-82.240620385652448,28.504560425409739],[-82.240622606799562,28.50481767715727],[-82.240624221853253,28.50487622693273],[-82.240640028532539,28.504966193990967],[-82.240703081336335,28.505141751063857],[-82.240658029665383,28.505710775547094],[-82.240707601262287,28.505967484099223],[-82.240701496692282,28.506265437521542],[-82.240630577949801,28.506496150654392],[-82.240480443716876,28.506718836761756],[-82.240418908208198,28.506805020842798],[-82.240080670106366,28.507146636853324],[-82.23996720281616,28.507278604774232],[-82.239649307553677,28.507746271901919],[-82.239486548561473,28.508077139370105],[-82.239124193861826,28.508563668701736],[-82.23897216462862,28.508745518770425],[-82.238906724881929,28.508795638468118],[-82.23878127311545,28.508877921388184],[-82.238686468906479,28.508924013948132],[-82.238263134374819,28.509067838880597],[-82.238112386017519,28.509091838515758],[-82.237815301548068,28.509144103996935],[-82.237757076081181,28.509144500944579],[-82.237579613785812,28.509119193579146],[-82.237454784515634,28.509084128050418],[-82.237309690946603,28.50903587294852],[-82.237255958684486,28.508995803155845],[-82.237075093273944,28.508825801982191],[-82.23691700498091,28.508592769582972],[-82.236857391743797,28.508363226230955],[-82.236849196218856,28.50800206393972],[-82.2368960401745,28.507717288924212],[-82.236941615058541,28.507590662039895],[-82.236967180439962,28.507513596438017],[-82.236969115278129,28.507315225745643],[-82.2369511539748,28.507279251472593],[-82.236855500155741,28.507180680311627],[-82.236723723982891,28.507100793813404],[-82.236128668208494,28.506867040988347],[-82.236016287869091,28.506813848623388],[-82.235987857104789,28.506791543159782],[-82.235935403404895,28.506751478725963],[-82.235875073748659,28.506684309597592],[-82.235876255185673,28.50661199497187],[-82.235917148774291,28.506575646788757],[-82.235996796813993,28.506556665619811],[-82.236194887206423,28.506532426350972],[-82.236314867924193,28.506472586841159],[-82.236370652176134,28.506386328880371],[-82.236432912580028,28.506137777275423],[-82.236492270186801,28.50602877019826],[-82.23651915766311,28.505988017466635],[-82.236587519715968,28.505915149161481],[-82.236773326302583,28.505741881949547],[-82.236884134915286,28.50565519493297],[-82.236935521709853,28.505564382112848],[-82.236936902712316,28.505478843170931],[-82.236886890259029,28.505407012994969],[-82.236811476488029,28.50536244557026],[-82.236708280544846,28.505295857699785],[-82.236582941292141,28.505134439645119],[-82.236536459789534,28.504963314819687],[-82.236514596648874,28.504615771828767],[-82.236497641025764,28.504557306437643],[-82.236429258212056,28.504512820402024],[-82.236314617230647,28.504441586974522],[-82.236270579154336,28.504356325503817],[-82.236266764366405,28.504315755218819],[-82.236220531010773,28.504207949600683],[-82.236198644596541,28.504176444155799],[-82.235977276909168,28.503980042176273],[-82.235934946060965,28.503908023235255],[-82.235911598927814,28.503808956746202],[-82.235923334666211,28.503677961027552],[-82.23606058979442,28.503460182116275],[-82.236208034788305,28.50332358702374],[-82.236484037000096,28.503190005787381],[-82.23673605953158,28.503074975687731],[-82.237069498696656,28.502949997287939],[-82.237180774112645,28.502913127094192],[-82.237319309930456,28.50285295743133],[-82.237629430384743,28.502705733008185],[-82.237940039343485,28.502450172552969],[-82.238135184291053,28.502331056118539],[-82.23824414859962,28.50223984410497],[-82.238258445356223,28.502226229636307],[-82.238379141162341,28.502121371446705],[-82.238618480689553,28.501920631326698],[-82.239000397998936,28.501646267271063],[-82.239110004401795,28.501555059747719],[-82.239232518194484,28.501377890391471],[-82.239264327850933,28.501309909010303],[-82.239329176339268,28.501137934831252],[-82.239354395436607,28.501042845766907],[-82.239390870522968,28.500884585819378],[-82.239372605282313,28.50027564995996],[-82.239360032899327,28.500184128554391],[-82.239371543317063,28.500104256504489],[-82.239398310457943,28.500031700918527],[-82.239405315265373,28.499797090751969],[-82.239345602641734,28.499653101214321],[-82.239249205714287,28.499482469324093],[-82.239008525861522,28.499096721485667],[-82.238963990952101,28.499002170180226],[-82.238953772291367,28.498961793475122],[-82.238932699033086,28.498880765962372],[-82.238912794912665,28.498727423740064],[-82.23891083900682,28.498650851817786],[-82.238915365141736,28.498411426521155],[-82.23898849206175,28.498162721753882],[-82.239019308731883,28.498117242285712],[-82.239339676583484,28.497613308016565],[-82.239370195084774,28.497586113344251],[-82.239530658427526,28.497277722687542],[-82.239554380242183,28.497226596045667]],[[-82.243517956444734,28.497087430135412],[-82.24352047689176,28.497097022129754],[-82.24350080437236,28.497363274556267],[-82.243402380095318,28.497594496146188],[-82.243413974681573,28.497747731674671],[-82.243464250027685,28.497882599137924],[-82.243497852615761,28.49794098425733],[-82.243519884067254,28.497963212118623],[-82.243591726941276,28.498030244515064],[-82.243611266568706,28.498048224946185],[-82.24371936930649,28.498128374738606],[-82.243758379286149,28.498168823078512],[-82.24426908017567,28.498592849767082],[-82.244474946675425,28.498798323160926],[-82.244621656358945,28.499022769970061],[-82.244641276843623,28.499036236542093],[-82.24473888687109,28.499211097134541],[-82.24489934881997,28.499534769381025],[-82.244939825654001,28.499642496742041],[-82.244987744932459,28.499804625160682],[-82.245099236279387,28.500110512520081],[-82.24517651612689,28.500276677368674]]]},"properties":{"OBJECTID_1":194,"OBJECTID":214407,"QUADNUMBER":0,"ELEVATION":135,"ORGCONT":0,"DEPRESSION":0,"HILLTOP":0,"INTERVAL":0,"UNIT":" ","DATESTAMP":1078790400000,"ShapeSTLen":13249.411870416152,"Shape_Length":11484.435449446592}},{"type":"Feature","id":195,"geometry":{"type":"MultiLineString","coordinates":[[[-82.228392019392103,28.532222095404979],[-82.228532535999932,28.532238784388205],[-82.228661827606615,28.532354954277032],[-82.228772642326049,28.532584018073479],[-82.228788123722936,28.532615450536134],[-82.228801320574178,28.532669654875601],[-82.22880240609814,28.532759719050535],[-82.228705761297661,28.532878105570092],[-82.22849934186732,28.532938529471497],[-82.228487043628022,28.532939436265409]],[[-82.228040996956423,28.532511988624904],[-82.228085886923779,28.532432384856069],[-82.228282774211664,28.532249977513864],[-82.228392019392103,28.532222095404979]]]},"properties":{"OBJECTID_1":195,"OBJECTID":216485,"QUADNUMBER":0,"ELEVATION":95,"ORGCONT":0,"DEPRESSION":0,"HILLTOP":0,"INTERVAL":0,"UNIT":" ","DATESTAMP":1078790400000,"ShapeSTLen":815.7908255967684,"Shape_Length":548.0102837096091}},{"type":"Feature","id":196,"geometry":{"type":"LineString","coordinates":[[-82.239352410254824,28.503096331506963],[-82.239474829519253,28.503122354430811],[-82.239657525395174,28.503179245975147],[-82.239774721027558,28.503250504570342],[-82.239972476536863,28.503483184076167],[-82.240010742944179,28.503609182147056],[-82.239994165340605,28.503920784152104],[-82.239913506874075,28.504160668537132],[-82.23965396118929,28.504542105262953],[-82.239534526600735,28.50480485205734],[-82.239498302746156,28.505026442097623],[-82.23950381106286,28.505554445601632],[-82.239506549173754,28.505779893985046],[-82.239506218841143,28.505879232541563],[-82.239493917933487,28.50604624321986],[-82.239438962101772,28.506317680476403],[-82.23938080452055,28.506471454124977],[-82.239333262476933,28.50656231341631],[-82.239117648000715,28.506798807395743],[-82.238841537252185,28.507017944170777],[-82.238624293358768,28.507236690990272],[-82.23849288738495,28.507409235397564],[-82.238331270746414,28.507708882694658],[-82.238136911158406,28.50793636304434],[-82.238061385365668,28.507977621788207],[-82.237962570972456,28.50795584156424],[-82.237899607267778,28.507893416208862],[-82.237853024205677,28.507767322087876],[-82.237846300737104,28.507708700929314],[-82.237841830734524,28.507550769453267],[-82.237843495472731,28.507487755407926],[-82.237937529372587,28.506976750346599],[-82.237915624367986,28.506828167051442],[-82.237838826815548,28.506711542724229],[-82.237658092865743,28.506573339056747],[-82.237579953453903,28.506420673430938],[-82.237593989479677,28.506226110221757],[-82.237599354537522,28.506171863252916],[-82.237623059622493,28.506090554305111],[-82.237925757164291,28.505613976999712],[-82.23795346080253,28.505523424527333],[-82.237971686369406,28.505464556642799],[-82.23797937406799,28.505306495549437],[-82.237942758804593,28.505158018287027],[-82.237779356074512,28.504897612414673],[-82.237684976641063,28.504681986618785],[-82.237647191290421,28.504172428384617],[-82.237605809900629,28.504041890854111],[-82.237573061942157,28.503970003661067],[-82.237578848182892,28.503771389713631],[-82.237617433368115,28.503680702763791],[-82.237685573177714,28.503621335254827],[-82.238270296602622,28.503426627226187],[-82.238493530435761,28.503311801351959],[-82.238789923694696,28.503182697734676],[-82.239075772891653,28.503112275661682],[-82.239164933162613,28.503097913089295],[-82.239352410254824,28.503096331506963]]},"properties":{"OBJECTID_1":196,"OBJECTID":216675,"QUADNUMBER":0,"ELEVATION":155,"ORGCONT":0,"DEPRESSION":0,"HILLTOP":0,"INTERVAL":0,"UNIT":" ","DATESTAMP":1078790400000,"ShapeSTLen":4382.1403378353079,"Shape_Length":4382.1403378424784}},{"type":"Feature","id":197,"geometry":{"type":"LineString","coordinates":[[-82.233678481232104,28.529168698396624],[-82.233715092603816,28.529199838593964],[-82.233745420764691,28.529262695384954],[-82.233762586301509,28.529348463772518],[-82.233737092818302,28.529420754110319],[-82.23368650158335,28.529461763524566],[-82.233623268059574,28.529493892101591],[-82.233554787264239,28.529494713694966],[-82.233518322948626,28.529454293459526],[-82.23348792305039,28.529395939457618],[-82.233494858845432,28.529323700015741],[-82.233527392918674,28.529251229781291],[-82.2335653881632,28.529196831392113],[-82.233615608998122,28.529178322699305],[-82.233678481232104,28.529168698396624]]},"properties":{"OBJECTID_1":197,"OBJECTID":217915,"QUADNUMBER":0,"ELEVATION":80,"ORGCONT":0,"DEPRESSION":0,"HILLTOP":0,"INTERVAL":0,"UNIT":" ","DATESTAMP":1078790400000,"ShapeSTLen":325.87940152515193,"Shape_Length":325.8794015251583}},{"type":"Feature","id":198,"geometry":{"type":"LineString","coordinates":[[-82.234903557495102,28.517947940961452],[-82.234941090857902,28.517961074727406],[-82.234958644327364,28.5179835318174],[-82.234945530858141,28.518042181020864],[-82.234901727484655,28.518060766645931],[-82.234851734547348,28.518065768163222],[-82.234833318087141,28.518056811694645],[-82.234803195423595,28.518020974620654],[-82.234809467455463,28.517989246208426],[-82.234834790396619,28.517966490314993],[-82.234903557495102,28.517947940961452]]},"properties":{"OBJECTID_1":198,"OBJECTID":219934,"QUADNUMBER":0,"ELEVATION":80,"ORGCONT":0,"DEPRESSION":0,"HILLTOP":0,"INTERVAL":0,"UNIT":" ","DATESTAMP":1078790400000,"ShapeSTLen":145.76767331294911,"Shape_Length":145.76767331498974}},{"type":"Feature","id":199,"geometry":{"type":"LineString","coordinates":[[-82.239354789511779,28.528137787878659],[-82.239592668248889,28.528148939324524],[-82.239652015477148,28.528198091086811],[-82.23965973842374,28.528274726479204],[-82.239567370895628,28.52840639574838],[-82.23945901028037,28.528655780027435],[-82.239319608002063,28.528846523903926],[-82.239263900733093,28.529045627572334],[-82.239258939442422,28.529311788225439],[-82.239247765761135,28.529329941481503],[-82.239157847878275,28.529389598813065],[-82.238989813612918,28.529372855527477],[-82.238894990208365,28.529301589789537],[-82.238771074570138,28.52920800683178],[-82.238392016525381,28.529103059136801],[-82.238308763983554,28.529067681598768],[-82.238279121760442,28.529041136904052],[-82.238225816164032,28.528973769991694],[-82.2382067791727,28.528924283442947],[-82.238200099698929,28.528784611746485],[-82.238229280824228,28.528721096659851],[-82.238287144358992,28.528625865169648],[-82.238408097461075,28.528507214399458],[-82.238596523752662,28.528410810612424],[-82.238917604205923,28.528263440621849],[-82.238972369542239,28.528240486017662],[-82.239207714399029,28.52817055582927],[-82.239354789511779,28.528137787878659]]},"properties":{"OBJECTID_1":199,"OBJECTID":220041,"QUADNUMBER":0,"ELEVATION":75,"ORGCONT":0,"DEPRESSION":0,"HILLTOP":0,"INTERVAL":0,"UNIT":" ","DATESTAMP":1078790400000,"ShapeSTLen":1454.9640246130537,"Shape_Length":1454.9640246096587}},{"type":"Feature","id":200,"geometry":{"type":"LineString","coordinates":[[-82.22837922113284,28.532456917666892],[-82.228465537890685,28.532501064232228],[-82.228544780512578,28.532586206364371],[-82.2285758943936,28.53264006926787],[-82.228580840556504,28.532689666592223],[-82.22855529361442,28.532725926199113],[-82.228498233933479,28.532771642180677],[-82.228417938877683,28.532790320475748],[-82.228361116581269,28.532781727318159],[-82.228293150556823,28.532750751189873],[-82.228262895621796,28.53268338856309],[-82.228233424477864,28.532607038133396],[-82.228253159515674,28.532534684528514],[-82.22828491133383,28.532471199748993],[-82.228334346845429,28.532461690731886],[-82.22837922113284,28.532456917666892]]},"properties":{"OBJECTID_1":200,"OBJECTID":221903,"QUADNUMBER":0,"ELEVATION":100,"ORGCONT":0,"DEPRESSION":0,"HILLTOP":0,"INTERVAL":0,"UNIT":" ","DATESTAMP":1078790400000,"ShapeSTLen":360.91156819470456,"Shape_Length":360.91156819471661}},{"type":"Feature","id":201,"geometry":{"type":"LineString","coordinates":[[-82.245713434084834,28.537320847309875],[-82.24567549423243,28.537267721734281],[-82.245658697754195,28.53711891913003],[-82.245659231637006,28.53704688386377],[-82.245674845552131,28.536951954962507],[-82.245810734179543,28.536661832147477],[-82.245853099924872,28.536535158984016],[-82.245970576977413,28.536393943835179],[-82.246238120142777,28.536075633703742],[-82.246295956101676,28.53602091431997],[-82.246336998628394,28.535303252514719],[-82.24627408937863,28.535236048847199],[-82.246165573039377,28.535218929543287],[-82.246060087760725,28.535251668327366],[-82.245991663909606,28.535288234437093],[-82.245701783264678,28.535444451818694],[-82.245618935761428,28.535463119623035],[-82.245472479506574,28.535496176574842],[-82.245199163581034,28.535539190652326],[-82.244909211897081,28.535541757623761],[-82.244625099777764,28.535539885644354],[-82.244290133757175,28.535515996157542],[-82.244062783480814,28.535486409090932],[-82.243977511181441,28.535496323882011],[-82.243838599238941,28.535538202201078],[-82.243773004631137,28.535597323485963],[-82.2436426717138,28.535702345950099],[-82.243585755679803,28.535739058042218],[-82.243521234973883,28.535771177267073],[-82.243422795256109,28.53580371188033],[-82.243270036988108,28.535791672160869],[-82.243189554934219,28.535742543662383],[-82.243093217150232,28.535684768336484],[-82.242919337999609,28.535514859890156],[-82.242797864696357,28.53534899119008],[-82.242641704976705,28.534994133707769],[-82.242516331469474,28.534832721177789],[-82.242399676558009,28.534725440083903],[-82.242281079769626,28.534658950226273],[-82.242039411414225,28.534525628060294],[-82.241853170015077,28.534328825035416],[-82.2417668454693,28.534167057108942],[-82.24165364811725,28.533649228470878],[-82.241602318092106,28.532986412447197],[-82.241597653783543,28.532918816911092],[-82.241603363769968,28.532408674816114],[-82.24165334630429,28.532128445948679],[-82.241647331230752,28.532065332962024],[-82.241618838905595,28.532006999086857],[-82.241465887968531,28.531809776176601],[-82.24144642578338,28.531746774609712],[-82.241435455688261,28.531634076517399],[-82.241441893444232,28.531394951204138],[-82.24148053662411,28.531340274264252],[-82.24153210375836,28.531317283714138],[-82.241609549828354,28.531316567573921],[-82.241739365045845,28.531401213179382],[-82.241804325407728,28.531499962313976],[-82.241822787172509,28.531544938521542],[-82.241852440176814,28.531571481504862],[-82.242215852331185,28.531694512342636],[-82.242338665657641,28.531698028096471],[-82.242368749133306,28.531697834556187],[-82.242708116450487,28.531527616202592],[-82.242765965058666,28.531472896460929],[-82.242767037333479,28.531445891807632],[-82.242763989118004,28.531436848518926],[-82.242705081640054,28.531320164807653],[-82.242704843733478,28.531216323125822],[-82.242741709755791,28.531152905260448],[-82.24279116525733,28.531102586814384],[-82.242900333911905,28.531079186878163],[-82.24317176941571,28.531112707066079],[-82.243278013227098,28.531111787724992],[-82.243646665763279,28.531108520075147],[-82.243775306227718,28.531147847260431],[-82.243877255277468,28.53121469601076],[-82.243897019689541,28.531218882605344],[-82.243936115424219,28.531254825071695],[-82.243968574444565,28.531344728973661],[-82.243995416237382,28.53162422426561],[-82.244050549602647,28.53173635643164],[-82.24404617535771,28.53180862694634],[-82.243993401158505,28.531985262336061],[-82.243885983138213,28.532216366744166],[-82.243835599009998,28.532640958193291],[-82.243772433196696,28.532826748395678],[-82.243770333206541,28.532916780214308],[-82.243793191274591,28.533006832205739],[-82.243881046210717,28.533114315441118],[-82.243904289598888,28.533141340499988],[-82.243930569818403,28.533217653503073],[-82.243935749840915,28.533569770599684],[-82.243968268017568,28.533695691532621],[-82.244038489840491,28.533785502280903],[-82.244138105610105,28.533838526526505],[-82.244600925846413,28.534028367808869],[-82.244649765934881,28.534055148119304],[-82.244780216026243,28.534180326637397],[-82.244968289495191,28.534422172883851],[-82.245395263926881,28.534612403624916],[-82.24568160304301,28.534912038020959],[-82.245774178910537,28.534965260569582],[-82.245829002225605,28.534978332904156],[-82.245952393934857,28.534986344326931],[-82.246027208606051,28.534990097037042],[-82.246180269361872,28.534943611429636],[-82.246599589683953,28.534736661857128],[-82.246671164540444,28.534663828922852],[-82.246880093461485,28.534368412675736],[-82.24692497640639,28.534323109987426],[-82.247055660057441,28.534236095475578],[-82.247140230851826,28.534190156552405],[-82.247202760294854,28.534162514873003],[-82.247339540883985,28.534093586453935],[-82.247761504217181,28.534040040933384],[-82.24788647910654,28.533989263446827],[-82.248071945650651,28.533838486510575],[-82.248373738901705,28.533736448950997],[-82.248486430113104,28.533613750183463],[-82.248778441087751,28.53340351750963],[-82.248876956238121,28.533366474367483],[-82.249238325904145,28.533299791542881],[-82.249289681899754,28.533290302061804],[-82.249575288867433,28.533278668774706],[-82.249809616077101,28.533272025343745]]},"properties":{"OBJECTID_1":201,"OBJECTID":229661,"QUADNUMBER":0,"ELEVATION":115,"ORGCONT":0,"DEPRESSION":0,"HILLTOP":0,"INTERVAL":0,"UNIT":" ","DATESTAMP":1078790400000,"ShapeSTLen":16000.037808775327,"Shape_Length":7912.0994770638454}},{"type":"Feature","id":202,"geometry":{"type":"LineString","coordinates":[[-82.226104245167733,28.510152733702313],[-82.226187291415769,28.510161101961927],[-82.226236879835426,28.510219417736575],[-82.226238506850265,28.510237454819048],[-82.226202797790577,28.510269366332956],[-82.226151800796231,28.510296859203784],[-82.22607840048245,28.510324632962707],[-82.226043141904555,28.510329254801682],[-82.225977934342751,28.510325331548188],[-82.225918082818168,28.510307974188681],[-82.2258771448913,28.510267773946197],[-82.225891746577915,28.510235881362522],[-82.225929447423496,28.510199494569342],[-82.225978451690381,28.5101764690232],[-82.226035061066426,28.510158051747002],[-82.226104245167733,28.510152733702313]]},"properties":{"OBJECTID_1":202,"OBJECTID":230068,"QUADNUMBER":0,"ELEVATION":105,"ORGCONT":0,"DEPRESSION":0,"HILLTOP":0,"INTERVAL":0,"UNIT":" ","DATESTAMP":1078790400000,"ShapeSTLen":283.36246809082746,"Shape_Length":283.36246808933146}},{"type":"Feature","id":203,"geometry":{"type":"MultiLineString","coordinates":[[[-82.234507512200068,28.535320826127499],[-82.234362000852471,28.535335877586903],[-82.234139945812373,28.535373888438958],[-82.234098052499334,28.535392211521422],[-82.233855549588085,28.535507360888296],[-82.233545379227408,28.535807944781386],[-82.233428487384188,28.535988735114159]],[[-82.234632063973436,28.536426492065164],[-82.234649040078665,28.536416203956449],[-82.234782378252277,28.536284203827659],[-82.234897820276217,28.536111743513814],[-82.234955460418178,28.535912658300951],[-82.234958235018922,28.535781557851717],[-82.234883842135261,28.535516081643269],[-82.234747716782493,28.535386324000751],[-82.234620724913782,28.535324500770002],[-82.234507512200068,28.535320826127499]]]},"properties":{"OBJECTID_1":203,"OBJECTID":233888,"QUADNUMBER":0,"ELEVATION":115,"ORGCONT":0,"DEPRESSION":0,"HILLTOP":0,"INTERVAL":0,"UNIT":" ","DATESTAMP":1078790400000,"ShapeSTLen":1686.7852729893341,"Shape_Length":959.47437465794644}},{"type":"Feature","id":204,"geometry":{"type":"LineString","coordinates":[[-82.257657860716591,28.521055784968752],[-82.257806743534118,28.521108575932089],[-82.25783468367473,28.521121865026949],[-82.257904699298692,28.521184365906926],[-82.257942305885337,28.521233512176362],[-82.257965479447691,28.521265042232272],[-82.257994324063247,28.521341382035956],[-82.25800127804844,28.52138649885633],[-82.258006952853052,28.521431591937191],[-82.258001450438812,28.521535370583891],[-82.257987142959323,28.521589502529494],[-82.25797211456802,28.521648416480861],[-82.257925796678165,28.521743521647164],[-82.257761113442342,28.521957325172789],[-82.257690338991466,28.522021166088798],[-82.257439942830715,28.522312133616516],[-82.257144544597367,28.522576659545802],[-82.256970428355601,28.52270028759261],[-82.256900580248853,28.522745852898833],[-82.256729244850789,28.522855723598386],[-82.256605215400285,28.522888513724869],[-82.256451622261693,28.522889981308555],[-82.256141093365073,28.522861355426528],[-82.256054492056762,28.522834952655746],[-82.25596738644677,28.522799818760465],[-82.255851931256387,28.522737591971204],[-82.25582299726112,28.52270627904505],[-82.255787894537193,28.52262085220033],[-82.255792355681621,28.52246274795645],[-82.255822754547822,28.522363224017141],[-82.255907273328674,28.522240737156288],[-82.256085242051668,28.522076631094642],[-82.256274085507926,28.521952907812999],[-82.256340445976065,28.521884782587797],[-82.256375089279473,28.521839344460798],[-82.256402624209244,28.521798315076783],[-82.256468726028785,28.521666868916508],[-82.256512052638854,28.521598742870957],[-82.256582401455603,28.521521385292932],[-82.256778431550956,28.521348223432728],[-82.256902963067972,28.521283921308317],[-82.257112058674736,28.521173670319317],[-82.25719768754135,28.521141243891122],[-82.257347525426184,28.521094704895763],[-82.257386143362481,28.52108082762215],[-82.257534267964388,28.521061286307312],[-82.257657860716591,28.521055784968752]]},"properties":{"OBJECTID_1":204,"OBJECTID":234095,"QUADNUMBER":0,"ELEVATION":130,"ORGCONT":0,"DEPRESSION":0,"HILLTOP":0,"INTERVAL":0,"UNIT":" ","DATESTAMP":1078790400000,"ShapeSTLen":2101.0815765931443,"Shape_Length":2101.0815765948537}},{"type":"Feature","id":205,"geometry":{"type":"MultiLineString","coordinates":[[[-82.245871426906319,28.537321595463641],[-82.245843756264421,28.537270662994423],[-82.245812521251636,28.5371447637297],[-82.245813545331458,28.537081459580858],[-82.245834785168398,28.536954800301807],[-82.245836445487029,28.536891790066662],[-82.246389631388865,28.536164489087533],[-82.246573967709992,28.536004977947464],[-82.246658200180846,28.535584468742414],[-82.246750802277589,28.535398481241423],[-82.24697197753612,28.53521606874186],[-82.24712178339783,28.535133515792488],[-82.247217181832724,28.53509193621052],[-82.247357332734623,28.534973236333641],[-82.247349406743609,28.534869581987504],[-82.247282521840816,28.534771098062588],[-82.247292610535297,28.534622065290865],[-82.247324986094355,28.534558591231601],[-82.247354378639386,28.534522092832024],[-82.247396639724172,28.534481252356159],[-82.2474724069464,28.53442619841843],[-82.247531724837614,28.534398511908453],[-82.247805405175441,28.534332991568817],[-82.247850502502132,28.534314419298695],[-82.24800809708843,28.534146125527755],[-82.248135847275236,28.534081872515557],[-82.248257049110222,28.534026533903663],[-82.248371218677079,28.533971116906432],[-82.248507002337163,28.533924976094745],[-82.248574646847118,28.533897115081665],[-82.248580841054746,28.533870172309836],[-82.248666692898865,28.533666092953858],[-82.248815520879475,28.533524992969152],[-82.248919302205309,28.533478731702242],[-82.24922257747572,28.533403721140292],[-82.249809790879851,28.533380375191001],[-82.250008512071275,28.533345107691527],[-82.250239812198288,28.53332260764175],[-82.250367574035906,28.533327828685671],[-82.250529087327379,28.533342074890911],[-82.250725394598632,28.533430637105752],[-82.250807585454794,28.53349301436522],[-82.250998627312839,28.533631317829023],[-82.251098810898554,28.533688854857857],[-82.251186904281909,28.5337422940576],[-82.251340484523809,28.53382216086931],[-82.251407257797183,28.533848605075544],[-82.251451761968013,28.533866325986764],[-82.251534465623223,28.533896911282053],[-82.251566891092196,28.533910256487125],[-82.251778738554535,28.533948918399556],[-82.251942294169183,28.533965599076662],[-82.252120421034476,28.534031419560574],[-82.252168135949788,28.534049175783636],[-82.252226362188694,28.534089307805527],[-82.252295610634121,28.534160798423702],[-82.252396342778553,28.53426365381295],[-82.25249632689399,28.534492844417183],[-82.252864480891063,28.534958677948495],[-82.252972156263795,28.53514744408103],[-82.253048978759807,28.535304590744786],[-82.253077112065597,28.535385423736059],[-82.253091037430522,28.535435124281083],[-82.25310173029419,28.535565839877957],[-82.253100639930068,28.535633359961366],[-82.253049006152452,28.535819020048557],[-82.252971502303396,28.535982120018144],[-82.25296161064648,28.536000288231737],[-82.252913798228263,28.536068358226615],[-82.252866166505115,28.536130820689177]],[[-82.250995464503887,28.536725842695123],[-82.250652558103553,28.536716694550158],[-82.250498503876955,28.536745161754869],[-82.250412977565873,28.536849632489069],[-82.250410095568455,28.536874067018697]]]},"properties":{"OBJECTID_1":205,"OBJECTID":236656,"QUADNUMBER":0,"ELEVATION":120,"ORGCONT":0,"DEPRESSION":0,"HILLTOP":0,"INTERVAL":0,"UNIT":" ","DATESTAMP":1078790400000,"ShapeSTLen":15462.001240898746,"Shape_Length":4071.9989807706488}},{"type":"Feature","id":206,"geometry":{"type":"LineString","coordinates":[[-82.226014352885315,28.508411590156207],[-82.226087230250911,28.5084156089207],[-82.226141473105741,28.508424171311592],[-82.226277429056012,28.508522132499944],[-82.226331088939645,28.508566712211888],[-82.226347107167285,28.50864346475089],[-82.226336135135043,28.508688638458558],[-82.226273886920339,28.508738785583596],[-82.226173766750463,28.508757778892289],[-82.22611617683674,28.50875817971977],[-82.226078988595631,28.508763054728824],[-82.225958046212668,28.508764336887584],[-82.22591027897235,28.508751066022317],[-82.22584118212994,28.508711074986966],[-82.225817311871708,28.508684322957933],[-82.225817411515465,28.508639013055724],[-82.225832447436076,28.508580391219201],[-82.225850115942094,28.508517010519512],[-82.225934147520704,28.508426050143598],[-82.22598861025341,28.50842083062706],[-82.226014352885315,28.508411590156207]]},"properties":{"OBJECTID_1":206,"OBJECTID":237020,"QUADNUMBER":0,"ELEVATION":95,"ORGCONT":0,"DEPRESSION":1,"HILLTOP":0,"INTERVAL":0,"UNIT":" ","DATESTAMP":1078790400000,"ShapeSTLen":481.9548644983289,"Shape_Length":481.95486449660115}},{"type":"Feature","id":207,"geometry":{"type":"LineString","coordinates":[[-82.229798451149847,28.507808788612031],[-82.229595591124536,28.507810732247965],[-82.229542906903319,28.507824693982865],[-82.22939825307553,28.507866771208608],[-82.229316476956626,28.507898945376038],[-82.229187462153902,28.507963452789866],[-82.229141594706576,28.507990728788375],[-82.22893628242683,28.508182319010853],[-82.228794424519947,28.508445342271898],[-82.228781907329477,28.508467973544622],[-82.228721507944016,28.508522653889106],[-82.228510835097808,28.508650842499897],[-82.228398488754152,28.508791826029626],[-82.228391870903721,28.508922603094224],[-82.228445795515313,28.50898997940681],[-82.228621867822341,28.50906059002379],[-82.228790014793304,28.509068058238178],[-82.228904434676679,28.509035452225838],[-82.229012195242561,28.508980252555499],[-82.229373920659214,28.508769538298512],[-82.229389363059084,28.508764661196928],[-82.229759837851091,28.50856728773703],[-82.23022294731399,28.508378108528003],[-82.23033428504246,28.50825991587211],[-82.230376369434452,28.508151253859605],[-82.230372794262252,28.508056375043687],[-82.230339124687717,28.508002480569026],[-82.230293148058919,28.507957717073207],[-82.230208427617683,28.507895575855308],[-82.229957064023509,28.507811919475099],[-82.229798451149847,28.507808788612031]]},"properties":{"OBJECTID_1":207,"OBJECTID":237808,"QUADNUMBER":0,"ELEVATION":115,"ORGCONT":0,"DEPRESSION":0,"HILLTOP":0,"INTERVAL":0,"UNIT":" ","DATESTAMP":1078790400000,"ShapeSTLen":1678.2450400313737,"Shape_Length":1678.2450400333473}},{"type":"Feature","id":208,"geometry":{"type":"MultiLineString","coordinates":[[[-82.266733121250979,28.506711305552599],[-82.266669639696303,28.506743464436948],[-82.266630883280925,28.506766335630001],[-82.266564532397325,28.506834743862626],[-82.266341192500676,28.507197826049175],[-82.266242560030051,28.507324937461352],[-82.266180263238567,28.507379599291855],[-82.266067685754095,28.507457569771901],[-82.265892045837518,28.507558395539331],[-82.265429926889951,28.507729689516019],[-82.265389397385917,28.507743543030969],[-82.265219954034265,28.507817420701297],[-82.265212129895261,28.507826331330371],[-82.265149756403119,28.507885783410806],[-82.264963641423975,28.508081598881063],[-82.264893584497244,28.508181477538223],[-82.264628479545891,28.508355492328636],[-82.264433549657852,28.508542189750106],[-82.264402468147367,28.508605684478514],[-82.264358847297856,28.508732346385987],[-82.264262476950975,28.509157501517301],[-82.264187992536193,28.509334153965785],[-82.264123328095081,28.509416083931747],[-82.263992266969538,28.50953013204543],[-82.263788251124481,28.509644954210422],[-82.263665422569602,28.509763310084821],[-82.263663628715989,28.509835612487887],[-82.263700304103878,28.509902762728967],[-82.263940812752679,28.509986231434027],[-82.264193857081594,28.510047053448286],[-82.264221299646451,28.510051329565595],[-82.26431969426325,28.510059584209181],[-82.264640500966252,28.510083539843631],[-82.26481768259255,28.51008657488708],[-82.264887576608047,28.510076754657071],[-82.26503242810783,28.510021415405671],[-82.265117476299309,28.509943953387161],[-82.265317599774278,28.509793051894377],[-82.265397748254159,28.509742549726482],[-82.265491607211899,28.509674202038838],[-82.265725911145921,28.509586205401796],[-82.265824596697215,28.509576168674723],[-82.265933020369616,28.509597769933965],[-82.266035028263076,28.509700617643553],[-82.266125861763868,28.509862158796189],[-82.266185150665223,28.50991579290389],[-82.266322148422944,28.509950690838433],[-82.266884487705639,28.509954555060098],[-82.267148201732695,28.509988207050764],[-82.267169248231895,28.509992406715543],[-82.267368260619918,28.509990648255013],[-82.267413058578555,28.509990079157724],[-82.267532435533354,28.509966501331295],[-82.267641940199383,28.509920297493291],[-82.267899991183668,28.509827527451197],[-82.268178938002933,28.509748234678263],[-82.268361252504178,28.509710522038588],[-82.268541878009728,28.509711841793173]],[[-82.268916556253828,28.510665011814002],[-82.268900347756087,28.510729720643273],[-82.268884582187241,28.511276040119984],[-82.268799103609027,28.51138051172034],[-82.268576332571115,28.511387329989756],[-82.268354949080361,28.51126752667081],[-82.268312648495268,28.51123183116621],[-82.26817984845799,28.511133663296821],[-82.268156529052078,28.511111425811098],[-82.267874966336834,28.510793599066982],[-82.267802729553949,28.510789615903139],[-82.267780535525233,28.510816915086505],[-82.267798350057916,28.510983736918437],[-82.267956633841933,28.5112485376942],[-82.26806639022756,28.511387506724709],[-82.268151407651331,28.511472418747267],[-82.268388618628308,28.511722994704751],[-82.268505131906736,28.511879772310078],[-82.26854221631244,28.512001242691564],[-82.268529245559321,28.512172745251231],[-82.268466091229996,28.512241197680616],[-82.268409917831988,28.512273149823955],[-82.268137071002087,28.512330002257709],[-82.267815395373361,28.512400602922789],[-82.26758733149272,28.512538212816967],[-82.267512650564115,28.51264704323928],[-82.267498571136073,28.512687950056108],[-82.267438463340895,28.513085693696421],[-82.267370363691811,28.513343478903412],[-82.267284376035647,28.513438939683294],[-82.267130566926312,28.513494725744444],[-82.267092736417766,28.513499610528733],[-82.266687795664609,28.513534848513661],[-82.266537126210238,28.513554365963415],[-82.266496664013388,28.513563714248171],[-82.266432875775777,28.513591348332703],[-82.266354717703862,28.513677910454682],[-82.266349235008761,28.513700352684097],[-82.266337625609637,28.514106576649347],[-82.266277163243515,28.514206574294793],[-82.26621122455883,28.514288499577916],[-82.26598317678193,28.514385299834206],[-82.265899616585273,28.514408742159709],[-82.265844367671662,28.514422695896751],[-82.265548496200211,28.514479541269615],[-82.265379178064308,28.514544423358828],[-82.265327113708224,28.514598932132529],[-82.265293250215521,28.514675909922801],[-82.265302617141799,28.515050584603262],[-82.265258074398687,28.515195244020841],[-82.265220726408558,28.515249942389243],[-82.265119519825546,28.515377016393781],[-82.264709299720408,28.515742005777501],[-82.264631057234652,28.515832780123539],[-82.264619665261435,28.515864720174871],[-82.264628894883359,28.515968399166812],[-82.264667820435989,28.516134915797437],[-82.264715780808118,28.516256231525873],[-82.264862132558932,28.516467138224911],[-82.264925529787064,28.516583869628214],[-82.264943862824097,28.516637839422604],[-82.264991514463432,28.516899025929536],[-82.264995480833136,28.516971118519997],[-82.264983056378782,28.517187934601775],[-82.264969582587241,28.517309904204435],[-82.264929296618476,28.517508927058714],[-82.264903748583208,28.517585728795019],[-82.264835308642674,28.517744437254315],[-82.264679680450186,28.518192499145094],[-82.264703453961047,28.518386414339741],[-82.2647197959773,28.518444862771716],[-82.264777868917889,28.518534794015814],[-82.26494330441372,28.518673048704478],[-82.265058125958745,28.518735255501664],[-82.265157588811533,28.518797273806886],[-82.26530896019834,28.518895105938043],[-82.265440837479105,28.518970755667596],[-82.265736256437279,28.519103296162971],[-82.26576931973355,28.519116653014216],[-82.266089833040496,28.519280464137669],[-82.266304830349554,28.519440996486338],[-82.266328779933147,28.519504051624725],[-82.266335531814121,28.519521860660301],[-82.266342056479971,28.519593984257821],[-82.266334042177306,28.520095085394786],[-82.266340503952279,28.520131190998949],[-82.266390184779979,28.520266045108816],[-82.266545002890837,28.520508288004454],[-82.266563691561018,28.520539756806244],[-82.26658898065466,28.520638843608396],[-82.266602945141088,28.520846146810747],[-82.266569424687262,28.520981929269496],[-82.266528374349321,28.521068098276327],[-82.266349206360104,28.521268227587562],[-82.266165230062171,28.521369232375449],[-82.265964870667091,28.521533629123784],[-82.265755574397275,28.521657403130042],[-82.265728473256374,28.52167113121649],[-82.265636158434518,28.521721774626226],[-82.265095387530664,28.521965823138814],[-82.264641601354683,28.522132432976516],[-82.264470567303164,28.522183791073854],[-82.264071132935939,28.522273115412354],[-82.263827912797495,28.52231625454813],[-82.263334281258125,28.522293537362199],[-82.263024769165384,28.522201620147126],[-82.26288384367578,28.522130925077995],[-82.262765402067714,28.52205516751944],[-82.262614334999554,28.521898799439548],[-82.262535011551662,28.521777647450179],[-82.262465283417683,28.521656335206263],[-82.262399065943995,28.521436007849633],[-82.262375426064111,28.521273616483469],[-82.262369860590752,28.521102167630815],[-82.262448498540152,28.520866749327727],[-82.262633465713492,28.520544852902802],[-82.262655944670911,28.520499255321717],[-82.262736396690016,28.520390220675452],[-82.262773602214168,28.520344812060703],[-82.262835768860484,28.520258627680782],[-82.26293854802077,28.520153807897408],[-82.263139262305828,28.519966894986627],[-82.263199510216353,28.519921207916148],[-82.263441415052796,28.51963913436116],[-82.263453975062419,28.519454112447836],[-82.263389708855101,28.519152197738265],[-82.263393530086333,28.518913041051217],[-82.263475760195305,28.518533301712377],[-82.263477064368203,28.518411463250146],[-82.263424147093758,28.51824027312594],[-82.26332653266374,28.518141974662097],[-82.263188533427822,28.518089042307633],[-82.263072915774728,28.518076641463317],[-82.26287346327257,28.518064876476831],[-82.261937541936348,28.518132357807751],[-82.261774419365835,28.518129495016854],[-82.261518578592941,28.518122655208778],[-82.2612826590494,28.518070767484751],[-82.261047328701054,28.517982580359416],[-82.26097622916069,28.517947363843383],[-82.260894685434835,28.51788472693568],[-82.260799304297123,28.517727630753782],[-82.260728556899366,28.517471223508927],[-82.260587667121882,28.517319198155061],[-82.260570674204089,28.517301259575586],[-82.260494609671312,28.517256695873069],[-82.26025941361263,28.517159786809394],[-82.259832806650849,28.517068941836325],[-82.259800881443283,28.517064607544508],[-82.259539995229787,28.517053488391994],[-82.259451531244139,28.51706336119722],[-82.259374232189955,28.517095613430669],[-82.259311083578453,28.517123245662038],[-82.259156393721028,28.517233049793106],[-82.25908648419302,28.517283398802459],[-82.258972125336967,28.517352051818399],[-82.25884830590239,28.517411862603055],[-82.258825692102846,28.517425658373416],[-82.258668604147758,28.517485896010385],[-82.258528727623315,28.517509771271524],[-82.258423200842188,28.517506209226685],[-82.258233285116631,28.517498781233346],[-82.258006911337901,28.517410696318354],[-82.257939816750948,28.517325438989914],[-82.257893503250145,28.517141101325006],[-82.25789618908388,28.516973970468687],[-82.257928163824715,28.516815647781943],[-82.257969359073314,28.516720481898457],[-82.258012902181292,28.516638847672841],[-82.258215012889067,28.516325609584985],[-82.258446617978137,28.516048188859653],[-82.258650188237922,28.515802787702903],[-82.258772920742814,28.515571303734628],[-82.258866859964499,28.515299779548947],[-82.259001499283556,28.51468486562505],[-82.259100331759811,28.51422822139191],[-82.259076601861011,28.512955639840726],[-82.259136671657984,28.51276107993122],[-82.259449645545487,28.512356630131382],[-82.259462655752515,28.512343007793518],[-82.259574903831108,28.512206504434054],[-82.259680299123119,28.512097212680445],[-82.259915431583309,28.511878378438492],[-82.259965427241468,28.511832849528624],[-82.260165981669175,28.511695753511152],[-82.260438701169903,28.511526064121163],[-82.260959997857682,28.511137708142929],[-82.261204911292978,28.510986525452058],[-82.261257966399427,28.51095003894137],[-82.261395576173442,28.51082679224918],[-82.261470402199961,28.510749489326372],[-82.261533289263753,28.510618002519447],[-82.261543480500222,28.510541019741751],[-82.261444070453663,28.510077141865594],[-82.261460391869903,28.509657470238899],[-82.261527065838521,28.5094492024479],[-82.261543862768576,28.509399317127684],[-82.261600061865465,28.509286042622644],[-82.261731803096978,28.509090680281137],[-82.261757126353501,28.509027394865672],[-82.261793931817763,28.508846616779088],[-82.261843199540252,28.508606904786955],[-82.261847260652871,28.508593444737311],[-82.261907884008394,28.508403112660492],[-82.26219763698704,28.507809255563448],[-82.262249282018857,28.507700706137577],[-82.262279510220623,28.507650704562778],[-82.262535630682748,28.507318997226861],[-82.262884604882714,28.50698167767721],[-82.262986722616205,28.506917657826516],[-82.263185897426695,28.506825571888509],[-82.263433200452909,28.506764472004722],[-82.263646436242595,28.506712794226551],[-82.263965775857116,28.506588143701102],[-82.264085165663488,28.506523773655754],[-82.26421332289658,28.506391685878096],[-82.264273433502638,28.506273668907781],[-82.264294631673849,28.506187821455931],[-82.264298482033695,28.506147342685047],[-82.264292253228589,28.506056930340957],[-82.264235658789758,28.505755113285083],[-82.264238986404109,28.505547470735749],[-82.264256917535917,28.505466082728873],[-82.264305940523244,28.505321194559382],[-82.264343495713106,28.505253281061762],[-82.264406296916363,28.505167099999369],[-82.264533390761713,28.505021493162911],[-82.264593763437034,28.504966794308732],[-82.264720194867422,28.504861709504738],[-82.26488017549957,28.504739889192265]]]},"properties":{"OBJECTID_1":208,"OBJECTID":238111,"QUADNUMBER":0,"ELEVATION":140,"ORGCONT":0,"DEPRESSION":0,"HILLTOP":0,"INTERVAL":0,"UNIT":" ","DATESTAMP":1078790400000,"ShapeSTLen":33979.863460514309,"Shape_Length":19288.936581224705}},{"type":"Feature","id":209,"geometry":{"type":"MultiLineString","coordinates":[[[-82.245697287126021,28.500276446275418],[-82.245855417153024,28.500586293007757],[-82.245944144648234,28.500757098240523],[-82.245998898818698,28.500892014332766],[-82.246119316923995,28.501120907776549],[-82.24612713775052,28.501269881688604],[-82.246055499346738,28.501387743830072],[-82.245907640751,28.501511123666599],[-82.245727731939795,28.501598360772608],[-82.244489847198267,28.501988942361521],[-82.244388241757989,28.502021444592401],[-82.244273616147169,28.502067568576415],[-82.244108419274596,28.502154704912797],[-82.244039869883778,28.502200567274862],[-82.243959989239769,28.502273576414574],[-82.243806565625775,28.502423900933191],[-82.243742691550935,28.502496553677847],[-82.24372035436933,28.502532860118222],[-82.243665197295215,28.502659649076179],[-82.243527089502422,28.503089611415632],[-82.24330969601732,28.503357889762572],[-82.243152797225633,28.503485661883648],[-82.243043563658759,28.50355436282798],[-82.242878286563311,28.503646281169459],[-82.242742967023602,28.503706219736539],[-82.242008909200081,28.503956484649613],[-82.241982244799871,28.503983721759031],[-82.24193400999448,28.504038559565419],[-82.241916441543893,28.50405662792642],[-82.241773219489815,28.504288130909302],[-82.241738079011498,28.504324553638249],[-82.241352647641904,28.504657422805092],[-82.241322407296707,28.50470741259026],[-82.241296789348183,28.504906053729663],[-82.24141762032869,28.505306617287562],[-82.241414412131093,28.505464739175505],[-82.241413612643143,28.505514257986583],[-82.241365686079277,28.505668157788765],[-82.241363007082455,28.505794473577804],[-82.241414978199245,28.505943154511804],[-82.241500887569742,28.506050612596617],[-82.24161698131536,28.506229925276621],[-82.241623009846791,28.506410388262758],[-82.241599298190707,28.506491979436721],[-82.241460078716244,28.506673723817546],[-82.240970001498994,28.50694899208894],[-82.240810553868357,28.507036199927942],[-82.240694698495389,28.507118322337821],[-82.240493179850787,28.507314192251521],[-82.240227579490636,28.507713844649917],[-82.240042688032972,28.508225398817064],[-82.239992441652007,28.508325237868902],[-82.23998255948193,28.508343397071904],[-82.239932388992585,28.508438450802874],[-82.239642590735031,28.508869886705785],[-82.239465966545424,28.509029768754576],[-82.239425775112252,28.50906162305035],[-82.238990665169965,28.509300425299077],[-82.2383408946028,28.509559044839399],[-82.238103437604011,28.509642456552886],[-82.237782187504251,28.509685979923354],[-82.237642482604727,28.509660020950285],[-82.237475639894299,28.509612054917564],[-82.237285276485522,28.509514534777932],[-82.237067348891415,28.509380938669405],[-82.236889533874574,28.50922026224028],[-82.236673993628003,28.509136508963223],[-82.236543226725189,28.509033834415249],[-82.236504079760692,28.508961859802469],[-82.236421641747967,28.50860173445918],[-82.236312959779269,28.508399713986659],[-82.236281174355028,28.508269016876216],[-82.236257270338356,28.508165432512733],[-82.236233095253993,28.507881457931845],[-82.236292163811299,28.507632583533574],[-82.236296015744131,28.507474758440761],[-82.236223252532866,28.507385200316818],[-82.235966277096153,28.507292753360755],[-82.235893547681783,28.507279741395205],[-82.235089894545482,28.506889989323621],[-82.234803592389099,28.506870065878871],[-82.234759726487184,28.506852340987638],[-82.234681117769043,28.506808017032572],[-82.234657883563855,28.50678098843623],[-82.234594082656557,28.506691252427576],[-82.234569893745203,28.506447801161254],[-82.234571288944295,28.506362273050165],[-82.234589516532708,28.506303405614503],[-82.234681480538342,28.506234771056846],[-82.234800503035387,28.506233734414614],[-82.234952631155949,28.506282082040798],[-82.235081890062418,28.506280898418968],[-82.23517476993463,28.506234790032494],[-82.235314663643734,28.506012538027122],[-82.23537938646686,28.505966643379438],[-82.235479237776062,28.505925121089835],[-82.235569036326936,28.50591077329975],[-82.235649664424059,28.50591010564851],[-82.235826107134784,28.505958195379158],[-82.235929199072089,28.505952735899857],[-82.235971732601726,28.505934134992238],[-82.236054809381855,28.505861455260874],[-82.236177570823997,28.505629980317707],[-82.236179088027839,28.505575968378579],[-82.236108123814944,28.505454624436585],[-82.236061254729393,28.505346817181074],[-82.236061450012627,28.505256488819008],[-82.236084073374542,28.505084826005497],[-82.236056893002242,28.504985703956471],[-82.235873583018503,28.504730405161226],[-82.235817421710919,28.504446586926349],[-82.23573476625333,28.504257559656853],[-82.235643471541863,28.504127521360147],[-82.235604385211289,28.504091856022402],[-82.235531967290058,28.504020309603749],[-82.235467308188731,28.503944352547169],[-82.235415595244731,28.503858998510644],[-82.235380886178618,28.503751054425724],[-82.235381252381941,28.503728269427789],[-82.23537056102829,28.50363835693058],[-82.235398725668105,28.503479990659866],[-82.23546280432133,28.50331673368623],[-82.235531035118825,28.503212340675006],[-82.235623589010814,28.503107696119056],[-82.235660720311515,28.503066796746342],[-82.235688613134258,28.503043790764163],[-82.235789386878821,28.502984271955199],[-82.235885874031482,28.502951715543841],[-82.23634615767034,28.502816794077443],[-82.236608582222573,28.502651813620147],[-82.236656522884601,28.502615265243989],[-82.236826793017585,28.502491897898594],[-82.23726447189523,28.502329960223729],[-82.237348877941145,28.502293307337585],[-82.237480014174466,28.502215313655054],[-82.237767146244238,28.501987034775471],[-82.238033950071426,28.501591905542568],[-82.238217816740402,28.501418890538499],[-82.238302667074421,28.501354949179152],[-82.238368461974886,28.501282045645997],[-82.238573141713303,28.501009388512728],[-82.23864828349727,28.500873286700607],[-82.238707837477136,28.500633704402816],[-82.238711740104975,28.500274949720687],[-82.238708858461408,28.499979419358251],[-82.238716234342618,28.499722017876717],[-82.238636920579225,28.499524306659502],[-82.238514333228338,28.499272584378378],[-82.238488431030632,28.499173484854914],[-82.238488801256494,28.499150972339255],[-82.238481830514388,28.498713281797752],[-82.238508441781775,28.498532664625124],[-82.238581936268162,28.498261175954859],[-82.23869361087209,28.498002832431197],[-82.238867557561107,28.497730635676639],[-82.239147096506017,28.497299361456729],[-82.239150363513545,28.497280078768487]],[[-82.244388762011312,28.49709273696644],[-82.244322927936082,28.497202478394225],[-82.244284690936141,28.497351713950451],[-82.244271093341354,28.497559223296523],[-82.244303507725789,28.497730447606163],[-82.244320123714971,28.497770899938185],[-82.244337948285633,28.497815875388234],[-82.244493107416616,28.498071653072682],[-82.244534875610498,28.498139149626727],[-82.24463634223082,28.498273531116133],[-82.244695467083361,28.498336185944734],[-82.244774681139276,28.498461845549212],[-82.2449216292096,28.498631974575133],[-82.245102225601968,28.498937039038196],[-82.245314828636694,28.499359299714268],[-82.245493611717308,28.499736946604045],[-82.245657246573472,28.500141420439178],[-82.245697287126021,28.500276446275418]]]},"properties":{"OBJECTID_1":209,"OBJECTID":238314,"QUADNUMBER":0,"ELEVATION":125,"ORGCONT":0,"DEPRESSION":0,"HILLTOP":0,"INTERVAL":0,"UNIT":" ","DATESTAMP":1078790400000,"ShapeSTLen":15058.911968489581,"Shape_Length":12381.148663616425}},{"type":"Feature","id":210,"geometry":{"type":"LineString","coordinates":[[-82.25141376767408,28.526776930846019],[-82.251295995133418,28.526778279403661],[-82.251092319733146,28.526829776713896],[-82.250778652177331,28.526994987608763],[-82.250639246278794,28.527068392780926],[-82.250199861620914,28.527370493845016],[-82.250030547532077,28.527552433673844],[-82.249985369646211,28.527616028538358],[-82.249958937216959,28.527747120569558],[-82.249979021444759,28.527850656840869],[-82.250090768255234,28.527944639970364],[-82.250219130257051,28.527961436295143],[-82.250298555575256,28.527956237727764],[-82.250529851580197,28.527859215973713],[-82.250751775966023,28.527748858190662],[-82.250787907765982,28.527730454890285],[-82.251001571923325,28.52761576895147],[-82.251295831572307,28.527423569054928],[-82.251531162403012,28.527195739279087],[-82.251595281654431,28.527068773963645],[-82.251604629686142,28.526964771042902],[-82.251571034576131,28.526865852974524],[-82.251530090752354,28.526825660638384],[-82.25141376767408,28.526776930846019]]},"properties":{"OBJECTID_1":210,"OBJECTID":245780,"QUADNUMBER":0,"ELEVATION":110,"ORGCONT":0,"DEPRESSION":0,"HILLTOP":0,"INTERVAL":0,"UNIT":" ","DATESTAMP":1078790400000,"ShapeSTLen":1444.728039558931,"Shape_Length":1444.7280395588868}},{"type":"Feature","id":211,"geometry":{"type":"LineString","coordinates":[[-82.249810098494763,28.518609875399225],[-82.249334299276484,28.518673160310712],[-82.248995832024661,28.518671751630471],[-82.248700695210601,28.51860221579151],[-82.248121515399546,28.518449484729484],[-82.247908430318745,28.518410799289185],[-82.247720860556583,28.518376365785144],[-82.247320475042869,28.518326053833224],[-82.247194837491392,28.518300003368868],[-82.247142084843588,28.518277952990147],[-82.246959512680263,28.518212072415523],[-82.246880302091526,28.518203764968312],[-82.246735524211729,28.518214055757408],[-82.246695699041041,28.518223410533633],[-82.246638010323551,28.518269121773169],[-82.246577677659417,28.518360111327528],[-82.246558607212236,28.518391945605568],[-82.246541086911762,28.518446322249908],[-82.246449675702451,28.518717880278469],[-82.246324050932856,28.518849982733478],[-82.246281439080121,28.518872802775327],[-82.246067019390068,28.518955951982921],[-82.245971936461004,28.51897952475862],[-82.245860016968507,28.518975876104356],[-82.245567058087019,28.518969681609299],[-82.245556752287257,28.518974331991139],[-82.245448793263193,28.519002245410086],[-82.24539821527685,28.519043550643083],[-82.24535234726406,28.519070829365734],[-82.245272131070635,28.519243182922995],[-82.245258890987884,28.519270319692836],[-82.245215712445102,28.519487307796929],[-82.245176824239522,28.51963653800367],[-82.245150974663403,28.519731612780571],[-82.245050899528579,28.519944520182008],[-82.245033184963148,28.519971877049837],[-82.244942400875686,28.520085561608219],[-82.244870628114057,28.52013137508504],[-82.244831941596814,28.520149745335086],[-82.244747024685651,28.520177671716347],[-82.244698811736399,28.520191416505998],[-82.244646255522568,28.520196670781051],[-82.244489958874183,28.520207092721503],[-82.24443955149674,28.520198306116079],[-82.244183790468909,28.520146693296127],[-82.244116145084632,28.520214795087576],[-82.244107241951724,28.520250989846289],[-82.244076040774019,28.520359787020507],[-82.244028873265719,28.520427862805906],[-82.244000987298065,28.520450592517335],[-82.243943243945324,28.520460281856],[-82.243784460921333,28.52046616863764],[-82.243693008814631,28.520462493209262],[-82.243613851991867,28.520490202816134],[-82.243509779232483,28.520594993236109],[-82.243495387589093,28.520653907195573],[-82.243479300958057,28.520699020063375],[-82.243458183867574,28.520857195380302],[-82.243466698404049,28.520884320959887],[-82.243481186890676,28.520938249117627],[-82.243592342388439,28.521068246117238],[-82.243605339534056,28.521095148891],[-82.243646263005431,28.52117586727444],[-82.243653509670608,28.521202968043998],[-82.243658943992941,28.521302097513878],[-82.243659287818232,28.521320109576191],[-82.243645733759365,28.521406057303594],[-82.24350511194902,28.521515740813907],[-82.243420114006909,28.521548161108992],[-82.243404685068754,28.521552751025471],[-82.24331373902146,28.521558078974291],[-82.243021610523201,28.521578902870452],[-82.242964537486316,28.521665148540222],[-82.242971549292477,28.521746285995231],[-82.243169537772985,28.521848104673637],[-82.24335486478526,28.521981852777611],[-82.243446459935086,28.522134403010426],[-82.243538344984159,28.522268942687827],[-82.243614851131028,28.522286231672002],[-82.243688889502124,28.522258450035778],[-82.243721666324731,28.522249295569374],[-82.243778998494307,28.522226089883677],[-82.243811211156157,28.522212417447783],[-82.243901813847785,28.52218906898301],[-82.244070202837975,28.522183024031438],[-82.244208786631603,28.522199670563516],[-82.244381647063634,28.522234198496772],[-82.244422943172111,28.522251888737273],[-82.244467383226834,28.522274108510164],[-82.244640713758542,28.522358172380144],[-82.24478726850154,28.522356910401342],[-82.244819338790904,28.522351967300366],[-82.244943935514243,28.522323695026937],[-82.245040223031481,28.522304925799912],[-82.245083671394227,28.522309121850924],[-82.245275377610341,28.522325316828812],[-82.245387523099552,28.522315179463458],[-82.245439011633948,28.522296683965401],[-82.245518804824357,28.522268983879187],[-82.245652982929457,28.522123195269696],[-82.24568564187166,28.52208223547526],[-82.245822811756582,28.521909476413033],[-82.24591741320144,28.521836648127699],[-82.245962722485643,28.52180457154429],[-82.246035207772266,28.521754257100138],[-82.246157111621443,28.521694428059799],[-82.246301345232425,28.521639107167903],[-82.24637794116579,28.521611084821412],[-82.246507163345612,28.521573857750269],[-82.24671268458944,28.52152689915982],[-82.246778107368513,28.52151731109835],[-82.246990951630153,28.52149267731939],[-82.247049263220021,28.52148777170752],[-82.247149594523449,28.521495785256928],[-82.247353032215955,28.521498322388624],[-82.247455497632899,28.521493129569329],[-82.24746765826238,28.52149300004006],[-82.247618638767293,28.521455494059321],[-82.247887816092074,28.521389626257474],[-82.24790453112773,28.521385052435274],[-82.248092333639178,28.521365165662854],[-82.24812753801632,28.521365051743281],[-82.248212016582528,28.521364130434879],[-82.248266979584045,28.521368190736425],[-82.248367085705681,28.521389988972288],[-82.248844756008381,28.521489390152354],[-82.248883729148986,28.521493535435916],[-82.248964144573236,28.521506072407071],[-82.249083253106448,28.521500529332023],[-82.249139007654605,28.521495314396802],[-82.249297396418129,28.521435101617929],[-82.249324496570111,28.521421368679992],[-82.24946652890273,28.521343220869603],[-82.249566676657579,28.521283686794948],[-82.249809580599162,28.521100979581178]]},"properties":{"OBJECTID_1":211,"OBJECTID":247161,"QUADNUMBER":0,"ELEVATION":85,"ORGCONT":0,"DEPRESSION":1,"HILLTOP":0,"INTERVAL":0,"UNIT":" ","DATESTAMP":1078790400000,"ShapeSTLen":5647.662796521352,"Shape_Length":5647.6627965259822}},{"type":"Feature","id":212,"geometry":{"type":"LineString","coordinates":[[-82.255014898591298,28.535145695751421],[-82.254949946512056,28.535129020517118],[-82.254932466074166,28.535102069569682],[-82.254898915123334,28.5350391740444],[-82.254874989753375,28.534935593509701],[-82.254842458237064,28.534809674392545],[-82.254713381161977,28.534598697124256],[-82.254568064129515,28.53444210299088],[-82.254529195490917,28.534352126190942],[-82.254563508791421,28.534248154002551],[-82.254739452744133,28.5340525103686],[-82.25477965602856,28.533979836687777],[-82.254796813495389,28.533907448058184],[-82.254818777674629,28.533735770654694],[-82.254820353922184,28.533717777618431],[-82.254839436428639,28.5336454151468],[-82.254951384832154,28.533608251266553],[-82.255002590452534,28.533607759009801],[-82.255053866994729,28.533602772915767],[-82.255179099688348,28.533615307697303],[-82.25548844941008,28.533639416152489],[-82.255565325180214,28.533634183193769],[-82.255737721468236,28.533619161286428],[-82.255953710144112,28.533599058923144],[-82.256025325851667,28.533602763430952],[-82.256340511651359,28.53362243925157],[-82.256456648620428,28.533603341126501],[-82.25674667681325,28.533555448891494],[-82.2568237690069,28.533536702176168],[-82.257153716756932,28.533434433092328],[-82.25720847768153,28.533411471166868],[-82.257407422947765,28.533337398756757],[-82.257661487415348,28.533217301101612],[-82.257780129391548,28.533162211524253],[-82.257908351739204,28.533148362534625]]},"properties":{"OBJECTID_1":212,"OBJECTID":254383,"QUADNUMBER":0,"ELEVATION":90,"ORGCONT":0,"DEPRESSION":1,"HILLTOP":0,"INTERVAL":0,"UNIT":" ","DATESTAMP":1078790400000,"ShapeSTLen":6311.3235894449754,"Shape_Length":1645.0627778679143}},{"type":"Feature","id":213,"geometry":{"type":"LineString","coordinates":[[-82.234432759592636,28.518371741088952],[-82.234511969389075,28.518380056700209],[-82.234580931448576,28.518388518091967],[-82.234659556933892,28.518432847379152],[-82.234794318695634,28.518526572569638],[-82.234821053029933,28.51853534412319],[-82.234875060860276,28.518597943279445],[-82.234939706597387,28.518714693838646],[-82.234974810716267,28.518759601699017],[-82.234985946107571,28.518822496924013],[-82.234999144360359,28.518876703470017],[-82.234957309960208,28.518931045799036],[-82.234924374165701,28.518949486307882],[-82.234838962566712,28.51896839470152],[-82.234811144702164,28.518986616991874],[-82.234690958416422,28.51901943554207],[-82.234611184421681,28.519006613778764],[-82.234561339038635,28.519002326154588],[-82.234487689240311,28.518967067664839],[-82.234459407219703,28.518935750819168],[-82.234396315559792,28.518841530813582],[-82.234377131500423,28.518801045727489],[-82.234338013302576,28.518688546055657],[-82.23431805843363,28.51865705871003],[-82.234303893001751,28.518544592689857],[-82.234310436711453,28.518535392784226],[-82.234319434555459,28.518454169455602],[-82.234371019174986,28.518390380049404],[-82.234432759592636,28.518371741088952]]},"properties":{"OBJECTID_1":213,"OBJECTID":257689,"QUADNUMBER":0,"ELEVATION":55,"ORGCONT":0,"DEPRESSION":1,"HILLTOP":0,"INTERVAL":0,"UNIT":" ","DATESTAMP":1078790400000,"ShapeSTLen":716.8770844703871,"Shape_Length":716.87708447063801}},{"type":"Feature","id":214,"geometry":{"type":"LineString","coordinates":[[-82.246406717760919,28.528894543026681],[-82.246338092271088,28.528904097926038],[-82.246204436379145,28.528977563018039],[-82.246185727874163,28.528986618594036],[-82.245926007900195,28.529020797135981],[-82.245872594235678,28.529039266521313],[-82.245835526095405,28.52907566301614],[-82.245827115779079,28.529120866886938],[-82.245845935337613,28.529183862687969],[-82.245878919839825,28.52920171909193],[-82.245938727260182,28.529223572149185],[-82.245983375252607,28.529232295507015],[-82.246062815031109,28.529227098483698],[-82.246218650384364,28.529166850617354],[-82.246317159449177,28.529129808430717],[-82.246543863165726,28.529159382153249],[-82.24659436980825,28.529122869934266],[-82.246595390315917,28.52905956571373],[-82.246535550172567,28.528960879035829],[-82.246476761595176,28.528916248243654],[-82.246406717760919,28.528894543026681]]},"properties":{"OBJECTID_1":214,"OBJECTID":261845,"QUADNUMBER":0,"ELEVATION":105,"ORGCONT":0,"DEPRESSION":0,"HILLTOP":0,"INTERVAL":0,"UNIT":" ","DATESTAMP":1078790400000,"ShapeSTLen":610.053227598283,"Shape_Length":610.05322760005174}},{"type":"Feature","id":215,"geometry":{"type":"LineString","coordinates":[[-82.226430290932171,28.516508193188976],[-82.226524183714645,28.516557230084899],[-82.226522369952519,28.516629239707786],[-82.226452565669604,28.516711099916101],[-82.226341897874164,28.516748255381284],[-82.226284948874579,28.5167489412744],[-82.226218363138301,28.516672671861812],[-82.226223242287674,28.516609424368216],[-82.226308332438592,28.516531983791904],[-82.226430290932171,28.516508193188976]]},"properties":{"OBJECTID_1":215,"OBJECTID":262732,"QUADNUMBER":0,"ELEVATION":85,"ORGCONT":0,"DEPRESSION":0,"HILLTOP":0,"INTERVAL":0,"UNIT":" ","DATESTAMP":1078790400000,"ShapeSTLen":292.20286677300589,"Shape_Length":292.20286677005862}},{"type":"Feature","id":216,"geometry":{"type":"LineString","coordinates":[[-82.2663947576184,28.506283338765272],[-82.26617123298432,28.506423232130274],[-82.265887383058782,28.50652947904749],[-82.265665195429577,28.506540518868356],[-82.26543882575794,28.506493250350793],[-82.265218515452773,28.506386960480981],[-82.265027871266213,28.506226169140241],[-82.264873643683131,28.505988430881125],[-82.264842046461411,28.505803712005271],[-82.264845528899329,28.50578574846093],[-82.264869177359401,28.505627599885354],[-82.264935908753998,28.50549587565213],[-82.265031421312273,28.505364227908029],[-82.265222220472367,28.50519548898049],[-82.265314555316237,28.505146244398681]]},"properties":{"OBJECTID_1":216,"OBJECTID":265952,"QUADNUMBER":0,"ELEVATION":150,"ORGCONT":0,"DEPRESSION":0,"HILLTOP":0,"INTERVAL":0,"UNIT":" ","DATESTAMP":1078790400000,"ShapeSTLen":15436.599314084173,"Shape_Length":961.30826438415613}},{"type":"Feature","id":217,"geometry":{"type":"LineString","coordinates":[[-82.223651826121909,28.521663872790878],[-82.223674511444798,28.521659570942905],[-82.223775290415574,28.521523226074684],[-82.22378870246439,28.521446570182292],[-82.223784587553013,28.521424007404768],[-82.223643153080587,28.521283786048205]]},"properties":{"OBJECTID_1":217,"OBJECTID":267330,"QUADNUMBER":0,"ELEVATION":90,"ORGCONT":0,"DEPRESSION":0,"HILLTOP":0,"INTERVAL":0,"UNIT":" ","DATESTAMP":1078790400000,"ShapeSTLen":1190.1121050077245,"Shape_Length":171.44342214870915}},{"type":"Feature","id":218,"geometry":{"type":"LineString","coordinates":[[-82.23351123810113,28.52513584145732],[-82.233600124282773,28.525139492039994],[-82.233711316538177,28.525188166561165],[-82.233751334881759,28.525205845996563],[-82.233863936346722,28.525286062256601],[-82.23392698908161,28.525343982808977],[-82.234007436052423,28.52543364144092],[-82.234034362529428,28.525469434521817],[-82.23405495681655,28.525541461470699],[-82.234056849687718,28.525582004323052],[-82.23405247804061,28.525654274604598],[-82.233983883160903,28.525740650036248],[-82.233794829505584,28.525796526791169],[-82.233550006999977,28.525780773321433],[-82.233454076405536,28.525777032849184],[-82.233233314930359,28.525697987360349],[-82.233121383888488,28.525576970659436],[-82.23307939991335,28.525482730164704],[-82.233058545305724,28.525388197141133],[-82.233100559084903,28.525283760360111],[-82.233197962978835,28.525197178908027],[-82.233302370030756,28.525151219906405],[-82.233382519863341,28.52514152997788],[-82.23351123810113,28.52513584145732]]},"properties":{"OBJECTID_1":218,"OBJECTID":268987,"QUADNUMBER":0,"ELEVATION":90,"ORGCONT":0,"DEPRESSION":0,"HILLTOP":0,"INTERVAL":0,"UNIT":" ","DATESTAMP":1078790400000,"ShapeSTLen":890.43520230020044,"Shape_Length":890.43520230310423}},{"type":"Feature","id":219,"geometry":{"type":"MultiLineString","coordinates":[[[-82.267606241484913,28.522691695500772],[-82.267843533148422,28.522698288751563],[-82.26785043710008,28.522699682801935]],[[-82.267607064962917,28.523086979736636],[-82.267473747936407,28.523094452934934],[-82.267430229061219,28.523094761488164],[-82.267114713329406,28.523097892541575],[-82.267024547681245,28.523094250156465],[-82.266986859934818,28.52308984317008],[-82.266858860330316,28.523091074607152],[-82.266781219720016,28.523064784708346],[-82.266779169637232,28.522992718255832],[-82.266786858500097,28.522952006391485],[-82.266839636475879,28.522892723192953],[-82.267128724721516,28.522781755591652],[-82.267188457323513,28.522767580460126],[-82.267350307578582,28.522730184602594],[-82.267474760873014,28.522710891084092],[-82.267606241484913,28.522691695500772]]]},"properties":{"OBJECTID_1":219,"OBJECTID":271530,"QUADNUMBER":0,"ELEVATION":80,"ORGCONT":0,"DEPRESSION":1,"HILLTOP":0,"INTERVAL":0,"UNIT":" ","DATESTAMP":1078790400000,"ShapeSTLen":1035.010475457655,"Shape_Length":672.52197733844537}},{"type":"Feature","id":220,"geometry":{"type":"MultiLineString","coordinates":[[[-82.246877438626328,28.537026657754247],[-82.247092215175797,28.537042573467211],[-82.24716443045989,28.537127618128633],[-82.247014531301815,28.537255477181688],[-82.246966158378115,28.537308545506345]],[[-82.246601482266954,28.537315092357503],[-82.246586760447684,28.53723240011092],[-82.246669250333227,28.53707809348959],[-82.246877438626328,28.537026657754247]]]},"properties":{"OBJECTID_1":220,"OBJECTID":272017,"QUADNUMBER":0,"ELEVATION":150,"ORGCONT":0,"DEPRESSION":0,"HILLTOP":0,"INTERVAL":0,"UNIT":" ","DATESTAMP":1078790400000,"ShapeSTLen":539.60038980018851,"Shape_Length":361.42465020140821}},{"type":"Feature","id":221,"geometry":{"type":"LineString","coordinates":[[-82.247300131792869,28.526237305511994],[-82.247311563296947,28.52628219273732],[-82.247286086001907,28.526314239972898],[-82.247255427050604,28.526350443824551],[-82.247136922610025,28.526437328148077],[-82.247052016105343,28.526424721587965],[-82.24705281851584,28.526374922271209],[-82.247121035676784,28.526311052747502],[-82.247211091592646,28.526242663293161],[-82.247300131792869,28.526237305511994]]},"properties":{"OBJECTID_1":221,"OBJECTID":272964,"QUADNUMBER":0,"ELEVATION":130,"ORGCONT":0,"DEPRESSION":0,"HILLTOP":0,"INTERVAL":0,"UNIT":" ","DATESTAMP":1078790400000,"ShapeSTLen":241.33543495966421,"Shape_Length":241.33543495507524}},{"type":"Feature","id":222,"geometry":{"type":"LineString","coordinates":[[-82.249809525224123,28.532762100408014],[-82.24973855502158,28.532758394138956],[-82.249542919227963,28.532746665870643],[-82.249404032514335,28.53274774390578],[-82.249276295631688,28.532771482722705],[-82.249106170302042,28.532804818022285],[-82.24900859674409,28.532823576256423],[-82.248882711552653,28.532851838382328],[-82.248859371092848,28.532870121184509],[-82.248787813107896,28.532902431761343],[-82.248573413540839,28.533062411530445],[-82.248534640552862,28.533085285685978],[-82.248466784384121,28.533126370957785],[-82.248451912891497,28.533135749180101],[-82.248065620996471,28.533279229040254],[-82.247992932094959,28.533302244386505],[-82.247907590720544,28.533316658158544],[-82.247817979227719,28.533317506569638],[-82.247521425507841,28.533293255347321],[-82.247116219066882,28.533260893294685],[-82.246980968640884,28.533235004631486],[-82.24668884003097,28.533174499884151],[-82.246547411150189,28.533135022741686],[-82.246470976148174,28.53311324075456],[-82.246263825685077,28.533061123376431],[-82.246182268449274,28.533039273813628],[-82.24604758280168,28.533017891318686],[-82.246040759452342,28.533004298094443],[-82.245850021793117,28.533006128735007],[-82.245555617954096,28.53296811755715],[-82.245481887577199,28.532937367111046],[-82.245442725603397,28.532865394515134],[-82.245435261285678,28.532852069512668],[-82.245339122542276,28.532663444270653],[-82.245356792483165,28.532600069408989],[-82.245322532946219,28.532541663726608],[-82.24531406891137,28.532392686205736],[-82.245312733787216,28.532356650687358],[-82.245312658569787,28.532203274410037],[-82.245328686585239,28.532121862793929],[-82.245351860346716,28.531995237905392],[-82.245380326705856,28.531936494228709],[-82.245461976130429,28.531755155434276],[-82.24548810217405,28.531682595616616],[-82.245500358886432,28.531637445287586],[-82.245511867654116,28.531479429845927],[-82.245523970722616,28.531285120026244],[-82.245523571641726,28.531231079184519],[-82.245526161396214,28.531149782059423],[-82.245505356573631,28.530892872731584],[-82.245495924081339,28.530843220987421],[-82.245484916516375,28.530811850933627],[-82.245453739098025,28.530721684297657],[-82.245415514756814,28.530631995996394],[-82.245372590246674,28.530555476003958],[-82.245305638613559,28.530461492953606],[-82.245263211897182,28.530394262591262],[-82.245124739024078,28.530250974382525],[-82.244956974620635,28.530099160239313],[-82.244916525935579,28.530067977674236],[-82.244868681890949,28.53001869561318],[-82.244813242433864,28.529965096859755],[-82.244739305191175,28.529907046746807],[-82.244720323677058,28.529893581830706],[-82.244658548769223,28.529835680304195],[-82.24463673706056,28.52979966179258],[-82.244631352840884,28.52973655951789],[-82.244656619824383,28.529677779325787],[-82.244744031552642,28.529654390025708],[-82.24478762904522,28.529649306145942],[-82.24487523970565,28.529653213310009],[-82.244935968056438,28.529657069635636],[-82.245109750273997,28.52971412559701],[-82.245172827313553,28.529731515493985],[-82.245198917532846,28.529740283430684],[-82.245447287507872,28.529814874963424],[-82.245603017559915,28.52984046106506],[-82.245749859666773,28.529861722777873],[-82.245791241490608,28.529874898872968],[-82.24592158516505,28.529887223628364],[-82.246018876904216,28.529886186612931],[-82.246099175774958,28.52986749792036],[-82.246265026240593,28.529820887077189],[-82.246332593008475,28.529797809753802],[-82.246369935309801,28.529783929801269],[-82.24650249756084,28.529777985566355],[-82.246595934994687,28.529817704228545],[-82.246614686617335,28.529844681045599],[-82.246740119883185,28.529884235037077],[-82.246786548050153,28.529901705857615],[-82.24684287514566,28.529901279567472],[-82.246924304507274,28.529891603683769],[-82.24716383810491,28.529839719817009],[-82.247233332142059,28.529816391296453],[-82.247445209170266,28.529733208826823],[-82.247463201735712,28.529728648973716],[-82.247641255787457,28.529600575584308],[-82.247709190460512,28.529554996880069],[-82.247759127798332,28.529513689294024],[-82.24786861608456,28.529390947192329],[-82.247950790244673,28.529295452508855],[-82.248068504448781,28.5292583694856],[-82.248103995548973,28.529239954533729],[-82.248249934838782,28.529197874032896],[-82.248280088808627,28.529193192587361],[-82.248445747539748,28.529119276214779],[-82.248499230939728,28.529096301174842],[-82.248530388550904,28.529069111493982],[-82.24867530377729,28.528932189402703],[-82.248699854456106,28.528877901657932],[-82.248715751334998,28.528805488964927],[-82.248716039082822,28.528787481196762],[-82.248711370443175,28.52871988589003],[-82.248692696731069,28.528647891112634],[-82.248673370217631,28.528616407504646],[-82.248609612327556,28.528522181094768],[-82.248584454642653,28.528495416593344],[-82.248518546783899,28.528455472969029],[-82.248458744747609,28.528433340405766],[-82.24830786716079,28.528385025787205],[-82.248247922452094,28.528372173131],[-82.248093051615839,28.528332812343852],[-82.248035264462786,28.528265668633413],[-82.24803457846258,28.528189113836206],[-82.248098122720506,28.528098166608448],[-82.248162283557875,28.528048036808627],[-82.248177863772682,28.528034435235952],[-82.248268707947815,28.527956775644519],[-82.24838634120303,28.527924197011501],[-82.248468061139576,28.527896232703974],[-82.24852040804808,28.527864235357132],[-82.248592043089715,28.52782742025278],[-82.248670776920648,28.527786191367731],[-82.248738361528396,28.52772231137515],[-82.24877990384816,28.527685683013615],[-82.248845765377908,28.52764907596297],[-82.248936865802108,28.527634734072421],[-82.248999447999282,28.527643120387545],[-82.249024110321329,28.527660873078482],[-82.249037170469776,28.527724077518155],[-82.249049572836228,28.52782778953431],[-82.249033768933913,28.527895697586811],[-82.249015386074149,28.527963568856517],[-82.249006906411637,28.528211672161234],[-82.24900617200295,28.528256977657986],[-82.248998753612554,28.528320197074297],[-82.248994810048472,28.528405985946701],[-82.248986731801651,28.528509724669565],[-82.248985164850382,28.528527717638937],[-82.248983269393136,28.528645048813949],[-82.248992647247405,28.528658670603114],[-82.249004517936697,28.528676550510387],[-82.249035349239819,28.528748416478429],[-82.249101186309616,28.52879285727694],[-82.249230312665034,28.528841460867511],[-82.249247513904365,28.528845906753073],[-82.24933015681458,28.528840461016458],[-82.249560070003142,28.528829257572934],[-82.24963950520052,28.528824058468068],[-82.249810043747601,28.52880452044316]]},"properties":{"OBJECTID_1":222,"OBJECTID":277275,"QUADNUMBER":0,"ELEVATION":95,"ORGCONT":0,"DEPRESSION":1,"HILLTOP":0,"INTERVAL":0,"UNIT":" ","DATESTAMP":1078790400000,"ShapeSTLen":5663.5961422736891,"Shape_Length":5663.5961422697392}},{"type":"Feature","id":223,"geometry":{"type":"LineString","coordinates":[[-82.234755332141717,28.516518724302191],[-82.234831342801201,28.516526995633125],[-82.234908267691353,28.516557796102006],[-82.234945211844916,28.516607225185755],[-82.234955283756534,28.516656882101202],[-82.234954974201969,28.516715416233264],[-82.234810172044035,28.516766498592517],[-82.234742388567525,28.516803071529758],[-82.234634905870095,28.516880792446429],[-82.234568701739889,28.516899381454753],[-82.23445790868,28.516905018356535],[-82.234415033768883,28.516905326040845],[-82.234328365340232,28.516883684702151],[-82.23427975520741,28.516843395612025],[-82.234264214332796,28.5167759447232],[-82.234243578216052,28.516667618971073],[-82.234259696519359,28.516581702862805],[-82.234337079854555,28.516544970135545],[-82.234412668330421,28.516539735161036],[-82.234597762789647,28.516529118099331],[-82.234693254647141,28.516519343172586],[-82.234755332141717,28.516518724302191]]},"properties":{"OBJECTID_1":223,"OBJECTID":279957,"QUADNUMBER":0,"ELEVATION":65,"ORGCONT":0,"DEPRESSION":1,"HILLTOP":0,"INTERVAL":0,"UNIT":" ","DATESTAMP":1078790400000,"ShapeSTLen":614.68360217532336,"Shape_Length":614.68360217356599}},{"type":"Feature","id":224,"geometry":{"type":"MultiLineString","coordinates":[[[-82.242834157355105,28.519838518423541],[-82.242766776066304,28.519771543802534],[-82.242565865179031,28.519692197284677],[-82.242365504025869,28.519657881197688],[-82.24203033785669,28.519570664804096],[-82.242037923952509,28.519457624895789],[-82.242048313272988,28.519448748030143],[-82.242677293268002,28.519528684924115],[-82.24282461415136,28.519558949968285],[-82.242852202219865,28.519554231004893],[-82.242880964974631,28.519477196615416],[-82.242793349008522,28.51935621921757],[-82.242696310302819,28.519302936550456],[-82.242518838408159,28.519277356039908],[-82.241900198332587,28.519269602331114],[-82.241830741538038,28.519252123858191],[-82.24153853355125,28.519160099658489],[-82.241399052826935,28.519080107987644],[-82.2412919239394,28.519017703249613],[-82.241159837570137,28.518955820069145],[-82.240927914800011,28.518894654336854],[-82.240788967048502,28.518900507849573],[-82.240619696971748,28.518960862652438],[-82.240491427652813,28.519097424735904],[-82.24040702422522,28.519251429993428],[-82.240343362162321,28.519310856717286],[-82.240317466928389,28.519329099288168],[-82.240212001081588,28.519361552882351],[-82.239969956280447,28.519332333930116],[-82.239843576969761,28.519234226328372],[-82.239814581170762,28.519207406465146],[-82.239415001030125,28.519107269165229],[-82.239184749497056,28.518982804956025],[-82.239104431042733,28.5189249523632],[-82.238918804592075,28.518692139017265],[-82.23877580902456,28.518395411109221],[-82.238653303290036,28.517782916922325],[-82.238625826700684,28.517701801589602],[-82.238497479448355,28.517567643699341],[-82.238254489523797,28.517439081002099],[-82.238226633579899,28.5174212822816],[-82.238045454023151,28.517269565724057],[-82.237859927310524,28.516991449139294],[-82.237834083699639,28.516928370540203],[-82.237790982295579,28.516666952392395],[-82.237784012710705,28.516229254811478],[-82.2377672493067,28.516039935167225],[-82.237727553885293,28.515805571557763],[-82.237634262099675,28.51552213626255],[-82.237551837270814,28.515396712151283],[-82.237483331848551,28.515320438094594],[-82.23744217471878,28.515293746336589],[-82.237346712197805,28.515222475015715],[-82.237187655315608,28.515088487665707],[-82.236927350237139,28.51476608475398],[-82.236873050371102,28.514721496878487],[-82.236789387191692,28.514672609023521],[-82.236757615118663,28.514659261788623],[-82.236656935132771,28.514633229334127],[-82.236628858004437,28.514628935223126],[-82.236493183321343,28.514630043093529],[-82.236013020032843,28.514765272077479],[-82.235907144189838,28.514784204951802],[-82.235650024123572,28.514777591118978],[-82.235040240866809,28.514620767661484],[-82.23471835033412,28.514623747778916],[-82.23460149504605,28.514687843153162],[-82.234580576858676,28.514715165417076],[-82.234574356021625,28.514782903810822],[-82.234584991264128,28.514837067934572],[-82.234663164111993,28.514908406260613],[-82.234726988642265,28.514957621156977],[-82.234879404942703,28.515028485484375],[-82.235035588388229,28.515103619357603],[-82.235074677612602,28.515139292901232],[-82.235110273567003,28.515193204449975],[-82.235106097791288,28.515292494486108],[-82.235030115298983,28.515361046585713],[-82.234836395737403,28.515430374265016],[-82.234735629250267,28.515449366878713],[-82.234702996242433,28.515449518898436],[-82.234514351015505,28.515442353307272],[-82.234413118781276,28.515411531378199],[-82.234323402525035,28.515380853742176],[-82.234165939059352,28.515305705016605],[-82.234107014571677,28.515270065387],[-82.233760653423815,28.51528230109799],[-82.233504521412925,28.515176077456552],[-82.233313959136581,28.515168890029457],[-82.233214207633608,28.515165381490384],[-82.233005217528586,28.515189762375719],[-82.23263724820427,28.515310357540113],[-82.23254655208946,28.515379008342617],[-82.232380891607519,28.515493140301995],[-82.232152509768781,28.515608174204587],[-82.232086869567908,28.515631268278284],[-82.231947925538279,28.515637113632689],[-82.231703266462318,28.515612357302306],[-82.231621201947533,28.515622016101624],[-82.231459302429229,28.515740706416786],[-82.231366203768303,28.515917666836348],[-82.231248009377836,28.51606307052246],[-82.231022338774707,28.516168856949953],[-82.230834320159133,28.516202219633232],[-82.230483275884154,28.516187377252571],[-82.229993288647876,28.516061024952862],[-82.229887498684747,28.51603492485016],[-82.229561128832529,28.516037844400504],[-82.229109206805262,28.516127529202429],[-82.228571316954401,28.516073738275335],[-82.228438770703548,28.516079665833082],[-82.228422700300897,28.516084244301521],[-82.228348098736205,28.516107508645433],[-82.228178047789996,28.51617655606784],[-82.228081735115779,28.516236120350666],[-82.227987783496431,28.516268702154189],[-82.227973705809092,28.51626881149766],[-82.227830285863334,28.516274593380921],[-82.227434740730644,28.516242012569265],[-82.227196361827097,28.516302886840535],[-82.227070210152164,28.516425950818221],[-82.227022661738928,28.516516534135004],[-82.226908633805238,28.516720529292453],[-82.226813847915395,28.516843427850297],[-82.22672925017865,28.516929881487549],[-82.226578245868097,28.517007896964593],[-82.226494832221007,28.517022316620512],[-82.226207487642284,28.517024871610136],[-82.226163407698124,28.517020659730303],[-82.225957534953551,28.51693221736506],[-82.225850583045286,28.51682055165314],[-82.225758212317089,28.516600153760063],[-82.225770150225557,28.516496180535164],[-82.225776941124636,28.516432949730032],[-82.225835302475417,28.51634672707333],[-82.225884533176128,28.516310205651966],[-82.225985746149902,28.516264210623397],[-82.226178684638924,28.51620361534431],[-82.226794072977683,28.516135134433188],[-82.226978061749818,28.516074707260213],[-82.227052392655494,28.516028926885223],[-82.227121531960805,28.515987588391546],[-82.227155894545774,28.51596016539014],[-82.227232307495086,28.515864888456566],[-82.227288354362784,28.515724325032753],[-82.22731325509892,28.51533599505926],[-82.227353644998075,28.515213813390339],[-82.227481787635668,28.515086262927717],[-82.227625940903224,28.515035455640867],[-82.227859597047328,28.51502883961194],[-82.228051107707785,28.515094862696618],[-82.228088358205113,28.515126006135738],[-82.228444910016478,28.51554701654247],[-82.228583783863158,28.515663029996464],[-82.228780053442051,28.515751619019511],[-82.229124378204631,28.515825202957451],[-82.229288060112694,28.515832611259764],[-82.229491588480755,28.515790164930245],[-82.22964123169136,28.515716631390543],[-82.229957129651794,28.515492668146472],[-82.230004859465041,28.515469635195547],[-82.230271069770595,28.515350010995114],[-82.230573985604039,28.515333575354695],[-82.230642019134621,28.515360044917394],[-82.230927512542763,28.515470303587843],[-82.231043497701435,28.515460227496881],[-82.231101905180424,28.515410029718662],[-82.231147220905655,28.515102726040471],[-82.231177965329195,28.515062031907668],[-82.231184256175027,28.514989790819104],[-82.231256503469737,28.514718280790621],[-82.231264155457424,28.514641557212034],[-82.231239099687173,28.514569474136149],[-82.231137435364658,28.51440807145622],[-82.231116837592637,28.514376567562348],[-82.231083607326369,28.514295667060328],[-82.23101017440051,28.51401191267075],[-82.23100701463143,28.513930821155757],[-82.230989663262605,28.513542812236828],[-82.231035227226627,28.513064129278597],[-82.230964281766504,28.512902259113492],[-82.230774307640161,28.512624073351883],[-82.230733477405579,28.512538854366465],[-82.230719981780069,28.512502946604769],[-82.23069797351819,28.512439904287827],[-82.230598524226608,28.512025534362156],[-82.230476401238235,28.511706272600922],[-82.230437983147155,28.511629803120652],[-82.230426117514682,28.511611924223462],[-82.230380207120447,28.511562654338281],[-82.230316662978751,28.511536242882265],[-82.230188526603499,28.511546447207103],[-82.230080728190842,28.511565348118413],[-82.230063372967322,28.511570196954231],[-82.229853771157963,28.511671393793371],[-82.22959257230238,28.511876902548444],[-82.229284307674149,28.512064659781998],[-82.229184376135066,28.512110674062175],[-82.229147679337572,28.51212456265953],[-82.229007736089471,28.512152904071218],[-82.228415483083054,28.51221689845304],[-82.228343739050544,28.512221906156885],[-82.228157566970793,28.51225979182556],[-82.228055723328396,28.512305784124106],[-82.22787923366036,28.512456363012554],[-82.227634068112863,28.512815165738939],[-82.227595944627538,28.512838047323971],[-82.227474900539647,28.512884070441451],[-82.227263305364744,28.51287266957215],[-82.227046929244608,28.512761589231324],[-82.226975800375996,28.512690055140538],[-82.226810343432362,28.512438906871779],[-82.226778887363608,28.512367032135298],[-82.226761640267966,28.512326564342658],[-82.226649305573872,28.512074963556344],[-82.226476025729511,28.511832722364982],[-82.226138414204101,28.511623579304697],[-82.225833365388851,28.511536140829048],[-82.22549258425299,28.511521128559018],[-82.225338631801691,28.511545073338322],[-82.225123643888978,28.511623683294843],[-82.224522406222619,28.511845706017322],[-82.224111893489322,28.511908043966603],[-82.224060254187023,28.511935808717936],[-82.223880650010372,28.512041039960785],[-82.223736371304199,28.512207550974143]],[[-82.223685382992514,28.512456825267769],[-82.223707370701376,28.512502900073912],[-82.223785397836025,28.512583528338542],[-82.224191110357012,28.512814652612459],[-82.224278724757255,28.512894840665385],[-82.224389753599354,28.513069880241591],[-82.224397065971175,28.513092487378422],[-82.224416562170106,28.51319150976957],[-82.224418304839844,28.513358412794783],[-82.224372845234711,28.51351684038746],[-82.224087771641933,28.513889490516792],[-82.224039796836422,28.513966550011791],[-82.224018532236983,28.514093195612993],[-82.224049275223109,28.514169572171134],[-82.224074995769499,28.514200859353231],[-82.22414415548765,28.514236345705331],[-82.224187378045798,28.514254060622655],[-82.224738314191143,28.514213193578499],[-82.225072188993295,28.514259633552722],[-82.225095159479409,28.514263867228081],[-82.225378153747286,28.514369892585087],[-82.225475496869649,28.514481714529857],[-82.225510504417159,28.514571654112768],[-82.225519702817309,28.514752162071879],[-82.225509513643061,28.514788329827077],[-82.22545674234388,28.514924150674481],[-82.225335915696789,28.515074026583271],[-82.225170100046313,28.515197437930496],[-82.225053090469615,28.51527081325662],[-82.224936367820092,28.515325900984553],[-82.224909907605266,28.515339633431918],[-82.224844910631916,28.515362737386642],[-82.224496676559511,28.515411229759437],[-82.224328488060664,28.515444280879837],[-82.224247417318679,28.515471954416665],[-82.224188243134819,28.515490627835984],[-82.224008124063147,28.515627642631909],[-82.223938564030135,28.515772539323212],[-82.223968170311082,28.515840172177992],[-82.224010869599297,28.515889401672521],[-82.224123554153536,28.5159243163573],[-82.224217975743173,28.515941554275695],[-82.224239016232929,28.515946037619671],[-82.224418375920038,28.516011915326111],[-82.224464917885157,28.516061188860512],[-82.224498444716914,28.516124084098646],[-82.224538434955846,28.516299639647016],[-82.224558959969769,28.51633563835756],[-82.224656479013518,28.516397935097434],[-82.224941489221038,28.516499197179467],[-82.225019216251212,28.516597839678887],[-82.225053920094112,28.516705778119853],[-82.225053401480878,28.516854639603466],[-82.224933748884325,28.517167188769942],[-82.224834017420164,28.517474927818057],[-82.224828181621788,28.517948762126398],[-82.2248263000821,28.5179850342763],[-82.224802160599822,28.518052835251943],[-82.224718593876986,28.518193610073133],[-82.224619325585209,28.518316177023554],[-82.224528519889091,28.518429850797045],[-82.224336255550028,28.518643828491893],[-82.224184436354093,28.518771351857531],[-82.224119548292279,28.518826254979153],[-82.223885327011388,28.518945704334204],[-82.22367152685662,28.518990092022026]],[[-82.223384566491902,28.515207710328294],[-82.223401727319157,28.515186297324],[-82.22355173146461,28.51501343468351],[-82.223622415946394,28.514877559823102],[-82.223669554352966,28.514773188628229],[-82.22366138194144,28.514647014750796],[-82.223631967598436,28.51460667397761],[-82.223444867124883,28.514545205991304],[-82.223414716202399,28.514549892745023],[-82.223404113175945,28.514551925125492]]]},"properties":{"OBJECTID_1":224,"OBJECTID":284866,"QUADNUMBER":0,"ELEVATION":80,"ORGCONT":0,"DEPRESSION":0,"HILLTOP":0,"INTERVAL":0,"UNIT":" ","DATESTAMP":1078790400000,"ShapeSTLen":29471.62481676869,"Shape_Length":18530.759048214997}},{"type":"Feature","id":225,"geometry":{"type":"LineString","coordinates":[[-82.245771940145218,28.533521277230221],[-82.245726420092311,28.533526335130521],[-82.245630260023802,28.533536104620087],[-82.245590915413601,28.533595275867381],[-82.245555469132398,28.533649709051442],[-82.245550481137229,28.533681163046992],[-82.245570560837649,28.533784979629399],[-82.245607070767477,28.533901938954092],[-82.245697727767492,28.533955142477915],[-82.245792432595991,28.533994879212681],[-82.245858195844548,28.534044104111299],[-82.245947725450335,28.534047759848562],[-82.246049935553671,28.534019774329877],[-82.24609980841899,28.533982961172054],[-82.246194216952034,28.533882833531287],[-82.246240885598581,28.533846556709232],[-82.246276972633709,28.533791847873889],[-82.246273594620348,28.533683742942745],[-82.246212608403113,28.533616557395863],[-82.246142360152461,28.533567562770486],[-82.246098352029691,28.533558852756656],[-82.245915726566736,28.53353348740524],[-82.245846113089385,28.533525018573748],[-82.245771940145218,28.533521277230221]]},"properties":{"OBJECTID_1":225,"OBJECTID":285513,"QUADNUMBER":0,"ELEVATION":95,"ORGCONT":0,"DEPRESSION":1,"HILLTOP":0,"INTERVAL":0,"UNIT":" ","DATESTAMP":1078790400000,"ShapeSTLen":677.83434626308872,"Shape_Length":677.83434626329529}},{"type":"Feature","id":226,"geometry":{"type":"LineString","coordinates":[[-82.239960209356212,28.527030978362976],[-82.239841164592491,28.52703201063558],[-82.239782564024054,28.527055197947387],[-82.239799376939274,28.527122664785779],[-82.23982800964437,28.527172277655286],[-82.239836021261667,28.527230626461964],[-82.239832862213021,28.527307416419482],[-82.239828734831846,28.527443005064345],[-82.239836967272709,28.527487860673116],[-82.239896173181947,28.527546010795561],[-82.240037454189249,28.527594497922976],[-82.240067533846982,28.52759403239493],[-82.240139201739368,28.527634047560312],[-82.240205034413137,28.527678491802433],[-82.240239720782014,28.527709891717514],[-82.240273993817979,28.52784511377078],[-82.240264657535647,28.527908322593461],[-82.240261654540305,28.527935300881044],[-82.240191930470885,28.528170535373715],[-82.240172980955137,28.528233896537294],[-82.240144009608215,28.528283908037679],[-82.24010455016824,28.5284286214041],[-82.24006137193112,28.528605092232649],[-82.240040140574749,28.528690938494098],[-82.240039290643537,28.528821788512367],[-82.240039348362075,28.528858087144961],[-82.240086967263238,28.528920604251809],[-82.240156430108556,28.528938075433832],[-82.240202588746627,28.528933312440195],[-82.240260833635205,28.528932637344695],[-82.240420835243484,28.528931265116878],[-82.240672639548606,28.528951593056611],[-82.240833583571302,28.528931945233555],[-82.240870143643747,28.528927053752703],[-82.241034592943137,28.528848915627464],[-82.241119296147403,28.528834496480439],[-82.241204923893363,28.528802077415651],[-82.24122167898183,28.52871617576216],[-82.240973281421461,28.528565038495309],[-82.240842036413085,28.528489658140018],[-82.240724729266418,28.528422895642418],[-82.240666501935536,28.528383046474858],[-82.240657440757175,28.528310890061309],[-82.240647311820624,28.528225212956773],[-82.24071509374275,28.528188355582898],[-82.240764529175962,28.528178842951249],[-82.240848222105669,28.528187212748534],[-82.241053212374467,28.528253102207426],[-82.241080581144161,28.528261887620545],[-82.241147567963438,28.52827483020096],[-82.241180707039987,28.528283410442977],[-82.241241994056978,28.528292056191475],[-82.24130023755508,28.528291377947184],[-82.241416374566015,28.528272292680693],[-82.241466025432885,28.528249274877403],[-82.241525275115393,28.528226099223264],[-82.241591231349844,28.528144186835753],[-82.241624462508994,28.528108022998872],[-82.241639471734985,28.528089638038978],[-82.241654542875111,28.527949676066548],[-82.241650081389835,28.527909093700963],[-82.241637096726876,28.527841675338454],[-82.24162559328424,28.527801004434611],[-82.241603934174876,28.527755994155793],[-82.241600748892068,28.527715426662084],[-82.241543294532136,28.52754895365479],[-82.24146603219009,28.527459613317344],[-82.241415204585579,28.527437307386915],[-82.241275909042216,28.527384624054591],[-82.241181262134191,28.527380905716612],[-82.241071869756468,28.527418087125003],[-82.241039656159998,28.527431749887334],[-82.240866757613034,28.527478554546398],[-82.240844350741597,28.527478833397112],[-82.240720907843823,28.527475311970459],[-82.240642624642319,28.527449005566442],[-82.240480788116201,28.527405319854491],[-82.240346074021929,28.527307386447465],[-82.240321486158152,28.527284849598679],[-82.240242232602697,28.527199984114613],[-82.24020377884365,28.527164325460987],[-82.240141802053287,28.527079121664894],[-82.240023354483967,28.527043867832806],[-82.239960209356212,28.527030978362976]]},"properties":{"OBJECTID_1":226,"OBJECTID":286951,"QUADNUMBER":0,"ELEVATION":65,"ORGCONT":0,"DEPRESSION":1,"HILLTOP":0,"INTERVAL":0,"UNIT":" ","DATESTAMP":1078790400000,"ShapeSTLen":2664.7626888341242,"Shape_Length":2664.7626888439236}},{"type":"Feature","id":227,"geometry":{"type":"LineString","coordinates":[[-82.227649263395605,28.532122222532792],[-82.2277147718831,28.53199796143193],[-82.227756620651022,28.531943340747208],[-82.227974304358256,28.531702376312783],[-82.228012755487597,28.531620692627111],[-82.228118354290658,28.531267718156681],[-82.2282850028393,28.530977431764917],[-82.228473984699093,28.530808714288707],[-82.22892350380198,28.530556618416234],[-82.228979424810305,28.530501880689091],[-82.229032035512333,28.53041558981122],[-82.229146884726489,28.530161791281632],[-82.229371700815619,28.529875618451463],[-82.229563281840612,28.52974295016919],[-82.229730313068231,28.529664576799309],[-82.229847531338507,28.529618496826409],[-82.230128892658115,28.5295528176947],[-82.230213108385144,28.529529398931643],[-82.230300098467694,28.529492509676519],[-82.230481834251592,28.529296961342784],[-82.230602300776411,28.529052244085563],[-82.230636753991021,28.528979512300957],[-82.230843965659702,28.528752206298254],[-82.231175003177242,28.528505356497703],[-82.231529661660929,28.528339854704544],[-82.231629822480699,28.5282800450697],[-82.231765942761925,28.52813458270283],[-82.231863236032865,28.527975685546409],[-82.232089327550142,28.527806589256688],[-82.232218136365987,28.527755872827306],[-82.232383761895278,28.527763303765674],[-82.232465144667955,28.52783496795567],[-82.232511304651908,28.527947269170866],[-82.232503610474552,28.528105329480603],[-82.232425698675655,28.528331454037378],[-82.232412956759816,28.52848522959933],[-82.23242549524295,28.528697016256078],[-82.232450167934417,28.52883240742247],[-82.232453898112681,28.529035355301648],[-82.232434598792281,28.529080703329864],[-82.232317832727006,28.529217126012824],[-82.232248386113454,28.529276476679474],[-82.232168293573835,28.529322178547442],[-82.232080492806276,28.529408877270669],[-82.232056751693477,28.529530712217532],[-82.232119155741927,28.529588909890784],[-82.232374641920032,28.529618298369382],[-82.232607176005416,28.529643184156242],[-82.233034902117836,28.529824178445228],[-82.233133613465014,28.529814445982492],[-82.233297849324515,28.529749822105824],[-82.233411925865255,28.529739724670101],[-82.233576571982226,28.529846480836511],[-82.233667289276312,28.529895187839028],[-82.233818553657144,28.529880493592678],[-82.233951531210991,28.529770716918431],[-82.234086412707669,28.529661257165746],[-82.234170927050783,28.529619830895239],[-82.23432994689108,28.529600442233424],[-82.234587583629946,28.52961607015683],[-82.234793919804858,28.529677490181697],[-82.234914412929953,28.529784537597646],[-82.234926988288095,28.529798207169275],[-82.235035855234415,28.529950413616692],[-82.235236274402411,28.530061563453547],[-82.235580637829827,28.530135126987386],[-82.235807886556358,28.530209749334912],[-82.236038923187152,28.530248116516614],[-82.236109392603339,28.530243090687083],[-82.236193465139152,28.530228670289294],[-82.236211600669762,28.530215108954913],[-82.236299100287496,28.530146704104787],[-82.236309407370584,28.530024694204659],[-82.236300549608458,28.529821675102816],[-82.236303970034768,28.529808214248295],[-82.236337461342217,28.52967693389289],[-82.236463756109217,28.529544850437016],[-82.236573076155736,28.529512456205676],[-82.236612763492587,28.529511823112884],[-82.236682307063063,28.529524802239248],[-82.236705191866108,28.529533816518082],[-82.236795343369224,28.529578006165277],[-82.236876931277536,28.529676398460879],[-82.236882980290275,28.529816345624308],[-82.236883103889951,28.529847861700731],[-82.23681833280358,28.529974806801889],[-82.236768804321784,28.530029628639682],[-82.23671381844693,28.530066087272299],[-82.236628959019811,28.53008950305999],[-82.236526460339405,28.530135491053759],[-82.236517923477351,28.530149170166744],[-82.236323845948306,28.530435184857602],[-82.236303493061527,28.530467014479051],[-82.236219191381764,28.53053546339768],[-82.236031031026229,28.530654380597806],[-82.23585255773844,28.530728406076637],[-82.235464950248399,28.530795001343737],[-82.235278839448654,28.530945749669701],[-82.235113667144844,28.531028381189753],[-82.234805570616359,28.531085290994536],[-82.234444953295309,28.531066114591567],[-82.234272803218843,28.531027080995056],[-82.234065099587184,28.530852802347997],[-82.234021302816089,28.530830583511882],[-82.23393041599563,28.530831400586244],[-82.233844775151496,28.530863812387288],[-82.233798978590471,28.531121580907811],[-82.23372511412822,28.53121689214835],[-82.233572740179866,28.53129968385409],[-82.233395988967473,28.531346417064054],[-82.233350309606251,28.531401001844099],[-82.23334268360864,28.531436929275401],[-82.233370007971445,28.531527044887291],[-82.233394092600008,28.531581097428312],[-82.233394317707805,28.531684662160643],[-82.233339090780035,28.531892783310166],[-82.233328877107297,28.531969763867728],[-82.233342801344122,28.53201918858316],[-82.233431297414555,28.532086156730266],[-82.233513170241096,28.532049193912648],[-82.233588857253594,28.531881580883713],[-82.233689261731314,28.53176774128422],[-82.233858479935151,28.531712178561005],[-82.233987195898791,28.53170648595658],[-82.234736605085203,28.5318619802778],[-82.235107617301551,28.5318722795569],[-82.2353463751314,28.531829414247007],[-82.235641149025085,28.531686783480499],[-82.23589054510937,28.531422857952048],[-82.235988584810684,28.531336285189465],[-82.23611582887888,28.531303557898049],[-82.236231819589079,28.531293476419417],[-82.236307053835901,28.531310741908381],[-82.236448258419927,28.531363745499888],[-82.236590909172165,28.53152482236748],[-82.236624518795693,28.531583208856407],[-82.236671143976665,28.531627983308304],[-82.236709104978743,28.531654634760212],[-82.236787884580423,28.531689955185225],[-82.237103872332952,28.531777510955937],[-82.237255113369301,28.53184357209458],[-82.237613038504449,28.53226457898683],[-82.237696701700841,28.532353990559283],[-82.237765439444829,28.532416767457445],[-82.237837960624262,28.532443011585091],[-82.238079532917496,28.532463491240158],[-82.238427394358283,28.532401734407806],[-82.238520093722826,28.532328605158327],[-82.238534356352787,28.53223816492827],[-82.23842407698946,28.532054138963858],[-82.238408188178184,28.531968669457775],[-82.238382907821276,28.531752216370929],[-82.238382029381768,28.531648361356687],[-82.238319121858027,28.531581442685649],[-82.238272424392051,28.531541171641567],[-82.238122841382875,28.531452336189052],[-82.238021164950567,28.531407999803637],[-82.237869660338248,28.53131913675637],[-82.237828580772685,28.531287947769993],[-82.237709023884165,28.531162617080124],[-82.23766662012568,28.531054871604216],[-82.237660227141419,28.530896910645087],[-82.237688502385055,28.530810868368921],[-82.237721234636552,28.530765413991745],[-82.237732189726515,28.530760765776684],[-82.237891449324991,28.530687065650401],[-82.237936269072321,28.530646259698727],[-82.237973855536936,28.530578062114753],[-82.23797414819883,28.530560063381021],[-82.237956320716037,28.530515090939119],[-82.237827884972504,28.530385429283029],[-82.237811183371917,28.530349478323458],[-82.237825596790529,28.530250041472165],[-82.237905720566786,28.530163523954773],[-82.237963544086611,28.530149621263693],[-82.238133796831193,28.53014781507396],[-82.238281695203,28.530182606493096],[-82.238469474508577,28.530244061588498],[-82.238513640193375,28.530243766578423],[-82.238633637138165,28.530183927800856],[-82.238781412552115,28.530187191774768],[-82.238867303433693,28.53021810587483],[-82.238982339581497,28.530266540959087],[-82.239026411720147,28.530311277593167],[-82.239042687824536,28.530333719205622],[-82.239183870346508,28.530585106479435],[-82.239250709130772,28.530607052063317],[-82.239519878190109,28.530622538411681],[-82.23962368295642,28.530653387955009],[-82.2397745721577,28.530701712186122],[-82.239850603185531,28.530669186391911],[-82.239861141343013,28.530651021579061],[-82.239901042438916,28.530479298485474],[-82.239904533946756,28.530461323876509],[-82.2399008113496,28.53037544503157],[-82.23983240650675,28.530055739630729],[-82.239826961973094,28.529839260761729],[-82.239878495797271,28.529739446839766],[-82.239953763581596,28.529675662312016],[-82.240033717448057,28.529638677301747],[-82.24024701393887,28.529587036058036],[-82.240561979738999,28.529579735384015],[-82.240654361234348,28.529565417525514],[-82.240793594843126,28.529582078063768],[-82.240970811705083,28.529585143992598],[-82.241298493655876,28.529464594304269],[-82.24132374641421,28.529446331048817],[-82.241611853117718,28.529398732606662],[-82.241934203221902,28.529409239686874],[-82.241973027948902,28.529422397139832],[-82.242125356737361,28.529420931896798],[-82.242461571689219,28.529445121471767],[-82.242854554022159,28.529283446090723],[-82.242915666844979,28.529224275473684],[-82.24293695404846,28.529174450387135],[-82.242940822963163,28.529093168135276],[-82.242930733388789,28.529084316104807],[-82.242817716309318,28.528160124553338],[-82.242730674769533,28.528003129972998],[-82.242706868709064,28.527971595758963],[-82.242641820356397,28.527918156734977],[-82.242620995105881,28.527900171343809],[-82.242541094533067,28.527815302960036],[-82.242359309784518,28.527541735132754],[-82.242307525870856,28.527420357984298],[-82.242291624507857,28.527375131807837],[-82.242272877821065,28.527307638056378],[-82.242198896811786,28.526897812668317],[-82.241976131655903,28.526665097141418],[-82.241865791450323,28.526445055815117],[-82.241793639277802,28.526396021644018],[-82.241540831236506,28.526398484523718],[-82.241358304318439,28.52636832943924],[-82.241234268962543,28.526401105564595],[-82.241063623424381,28.526506467041621],[-82.240850844281695,28.526526597757517],[-82.240751509260463,28.526495798946428],[-82.240659446042656,28.526451584607621],[-82.240576994799767,28.526366687073246],[-82.240562935540311,28.526325992621615],[-82.240485030208134,28.526236647427378],[-82.24028152567216,28.526197785178766],[-82.239894021601401,28.526102022578382],[-82.239853767878131,28.526097860743203],[-82.239710320797528,28.526144179704417],[-82.238955986145271,28.526372221797079],[-82.23882932510044,28.526409469677528],[-82.238736408141136,28.52649610410003],[-82.238695262437105,28.526586770327867],[-82.238579297871041,28.526673677040602],[-82.238557324146186,28.526687470119253],[-82.238328744289106,28.52673441263607],[-82.238235321827972,28.526694685510922],[-82.238221408291722,28.526645261246166],[-82.23824048940881,28.526455543424593],[-82.238387287349468,28.526124750432096],[-82.238433238618441,28.525934806750673],[-82.238444431057673,28.525600906612429],[-82.238476658343004,28.525429084483577],[-82.238590968143257,28.525206791547809],[-82.238607973646737,28.525184209294626],[-82.23886406460187,28.524861262750058],[-82.238977309167439,28.524625731195407],[-82.238981482632184,28.524526438487232],[-82.23897019943395,28.524472270523972],[-82.238951314260333,28.524413779245428],[-82.23884965111732,28.524211569447125],[-82.2388402016621,28.524044848353338],[-82.238886672788979,28.523823392650598],[-82.238958846876287,28.523673742101575],[-82.238967960108866,28.523664569943779],[-82.239009951112138,28.523600935565035],[-82.239036700921716,28.523569193517947],[-82.239212575339891,28.523378063457553],[-82.239215013903532,28.523346290187156],[-82.239166384245507,28.523306280861544],[-82.238929880886744,28.523290370820572],[-82.23891368835308,28.523105557753638],[-82.239313901896438,28.523088351208457],[-82.2394083463344,28.523064771576802],[-82.239477902719784,28.523037224814583],[-82.239511276498575,28.522991766129614],[-82.239520426489022,28.522901265213271],[-82.239494713972732,28.522829468274146],[-82.239486288565928,28.522757314206775],[-82.239524359205902,28.522698419391304],[-82.239539380291049,28.522680031020236],[-82.239674303949869,28.522606587340242],[-82.239778626636607,28.522605643480553],[-82.239960879424387,28.522612997972221],[-82.240026522186895,28.522589897395601],[-82.240276399387014,28.522294171209147],[-82.240445285729663,28.522139260429295],[-82.240810364766304,28.521960074254757],[-82.240911474458372,28.521841739691894],[-82.24097771937079,28.521741827883897],[-82.241046459705629,28.521488568320759],[-82.241151659334733,28.521275445435826],[-82.241266773518689,28.521120986387732],[-82.241361463587978,28.52104337955371],[-82.241371769750131,28.521038718661035],[-82.241441128255602,28.52098386888531],[-82.241494538656696,28.520965401240506],[-82.241556349737706,28.520942254399412],[-82.241660950519929,28.520923310362868],[-82.24173832057842,28.520927089816166],[-82.24199489822297,28.521046531704453],[-82.242089616078502,28.521045758388158],[-82.242228801675381,28.520985874092478],[-82.242301646411562,28.520913049197546],[-82.242362831272999,28.520691211375759],[-82.242469198559874,28.5205639465497],[-82.242666549225504,28.520350006495065],[-82.242767348816145,28.520249958088723],[-82.242813156147548,28.520226894314764],[-82.242905071829369,28.520122235341013],[-82.242910095298427,28.52000944992912],[-82.242834157355105,28.519838518423541]]},"properties":{"OBJECTID_1":227,"OBJECTID":287271,"QUADNUMBER":0,"ELEVATION":80,"ORGCONT":0,"DEPRESSION":0,"HILLTOP":0,"INTERVAL":0,"UNIT":" ","DATESTAMP":1078790400000,"ShapeSTLen":27763.017935342221,"Shape_Length":17699.097884612751}},{"type":"Feature","id":228,"geometry":{"type":"LineString","coordinates":[[-82.230414249445445,28.502848410412398],[-82.230550813512536,28.502869546513306],[-82.230583303920071,28.502878405726179],[-82.230660920874811,28.50290470750695],[-82.230701578928205,28.502922389556556],[-82.230766258802731,28.50295810310276],[-82.230811666304646,28.502998074155848],[-82.230860058087771,28.503051869560405],[-82.230877382228101,28.503087831317025],[-82.230876912867288,28.503155645617642],[-82.230852508870228,28.503200930060068],[-82.230789453008569,28.503183531530205],[-82.230739202752673,28.503165728635182],[-82.230634503695839,28.503112623396188],[-82.230575655051723,28.503072487398232],[-82.230546152279814,28.503077177335179],[-82.23049424571829,28.503082149798136],[-82.230384822853622,28.503083303541224],[-82.23033058238002,28.503074731995309],[-82.230262334881161,28.503061775269732],[-82.23021538358806,28.502998987085174],[-82.23021652874786,28.502967487670304],[-82.230247219822033,28.502890483161273],[-82.230414249445445,28.502848410412398]]},"properties":{"OBJECTID_1":228,"OBJECTID":287578,"QUADNUMBER":0,"ELEVATION":95,"ORGCONT":0,"DEPRESSION":0,"HILLTOP":0,"INTERVAL":0,"UNIT":" ","DATESTAMP":1078790400000,"ShapeSTLen":551.08909941798652,"Shape_Length":551.0890994168567}},{"type":"Feature","id":229,"geometry":{"type":"LineString","coordinates":[[-82.227391945714672,28.50668449907505],[-82.227475038019008,28.506728893748317],[-82.22754417060689,28.5068049057557],[-82.22766706302103,28.50699782559278],[-82.227916670854583,28.507383710836748],[-82.228033021009281,28.507468482819377],[-82.22813714847122,28.507517074710083],[-82.228433178019884,28.507568658431456],[-82.228527883380266,28.507567604983286],[-82.228545229422977,28.507563032477854],[-82.228689725472094,28.50753024702756],[-82.229044348441448,28.507441297055063],[-82.229448938391585,28.507387879396937],[-82.229634169539906,28.507368261649521],[-82.22986175508737,28.507379576792022],[-82.2303351616995,28.507460978517692],[-82.230530772896785,28.507549563583492],[-82.230657631412242,28.507656691974496],[-82.230719849588581,28.507764417267978],[-82.230768938957169,28.50797160206125],[-82.230780316776816,28.508097822496236],[-82.230730412464112,28.508215666694134],[-82.230545438001243,28.508415948726146],[-82.230528501305287,28.508434037101615],[-82.230437960678799,28.508493675410971],[-82.229679023997221,28.508892990624407],[-82.229321935303815,28.509171589816695],[-82.229192432009043,28.509226796624532],[-82.228889514634062,28.509283761816054],[-82.228672092516334,28.509394142417158],[-82.22860494294153,28.509430724790427],[-82.228565200632445,28.50943556958455],[-82.228350061249245,28.509406113984703],[-82.228039235143001,28.509241773759676],[-82.227743845722827,28.509190198966412],[-82.227710369572506,28.509163606845462],[-82.227618215515449,28.50904706293105],[-82.22759752037247,28.508943518569765],[-82.227590583234829,28.508898399121147],[-82.227610410228891,28.50878073548683],[-82.227624019997023,28.508731098746456],[-82.227663941786332,28.508676728411881],[-82.227727755913321,28.508608300013499],[-82.227872545035765,28.508440155120166],[-82.227946054281432,28.508326545904737],[-82.227958876203971,28.508168557079724],[-82.227959660814179,28.508159559327037],[-82.227936157945109,28.50811001547897],[-82.227894808000627,28.508056306526917],[-82.227835960674668,28.508016161255394],[-82.227694002401094,28.50797243483759],[-82.227648564872467,28.507972700450882],[-82.227550732680157,28.50796921518722],[-82.227188303816433,28.508026542411265],[-82.226974952631494,28.508005833526024],[-82.226881472710986,28.507970603030294],[-82.226831364594815,28.507944077251882],[-82.226801658469654,28.507921746726399],[-82.226702026727096,28.507832407883733],[-82.226653366047259,28.507756087004338],[-82.22660744159964,28.507630278429385],[-82.226658949931789,28.507453638568666],[-82.226769967731357,28.507276620573549],[-82.226971955567336,28.507053761855175],[-82.227124477878974,28.506804100864869],[-82.227238713314392,28.506703952886379],[-82.22728501051489,28.506689906173495],[-82.227391945714672,28.50668449907505]]},"properties":{"OBJECTID_1":229,"OBJECTID":289638,"QUADNUMBER":0,"ELEVATION":110,"ORGCONT":0,"DEPRESSION":0,"HILLTOP":0,"INTERVAL":0,"UNIT":" ","DATESTAMP":1078790400000,"ShapeSTLen":3986.8349829278732,"Shape_Length":3986.8349829300828}},{"type":"Feature","id":230,"geometry":{"type":"LineString","coordinates":[[-82.234184694125688,28.51871250428626],[-82.234110858405927,28.518767301252002],[-82.234060645618058,28.518785798391054],[-82.234022944548343,28.518822187395802],[-82.234004211434453,28.518872053693613],[-82.23401970153401,28.518903482903252],[-82.234079975874906,28.518934633738272],[-82.234139643145724,28.518924974148881],[-82.234243489109446,28.518874499118663],[-82.23423056538698,28.518843100702011],[-82.234226299676322,28.518829537628022],[-82.234203655584679,28.518766491633539],[-82.234189523515525,28.518730574526305],[-82.234184694125688,28.51871250428626]]},"properties":{"OBJECTID_1":230,"OBJECTID":290335,"QUADNUMBER":0,"ELEVATION":90,"ORGCONT":0,"DEPRESSION":0,"HILLTOP":0,"INTERVAL":0,"UNIT":" ","DATESTAMP":1078790400000,"ShapeSTLen":239.80249372539723,"Shape_Length":239.80249372458681}},{"type":"Feature","id":231,"geometry":{"type":"LineString","coordinates":[[-82.23622944600811,28.515503347239743],[-82.236161951250068,28.515522191925022],[-82.23607759061953,28.515595146390133],[-82.235955115724266,28.515925680373535],[-82.235913924574703,28.515980036334351],[-82.23589122816027,28.515998321243327],[-82.235683827968145,28.516122068400101],[-82.235599472497313,28.516154498947959],[-82.235573165097577,28.516159230460644],[-82.235410097420484,28.516192358594907],[-82.235191313273489,28.516189887848487],[-82.23494061340547,28.516142544863399],[-82.234723749436355,28.516139814678596],[-82.234381277976865,28.516188127508634],[-82.234301508194889,28.516175305541907],[-82.234110917430101,28.516091293259027],[-82.234019295747601,28.516020065321008],[-82.233903614744904,28.515894498647377],[-82.233884476794401,28.515890323934983],[-82.233784150700529,28.515882297840392],[-82.233614897107117,28.515942365085465],[-82.23349039458806,28.515925598673398],[-82.233469082418864,28.515898590977663],[-82.233391532325797,28.515709633255344],[-82.233328788250233,28.515633701823177],[-82.233294741322666,28.515602312500118],[-82.233171182867096,28.515567270691275],[-82.232998674552391,28.515591543842412],[-82.232913118963339,28.515619172480292],[-82.23285948155258,28.515651426856003],[-82.232823992281638,28.515669827022723],[-82.232767504131516,28.515720052026143],[-82.232724393805668,28.515774387757041],[-82.232697344000073,28.515824419736141],[-82.232660377840531,28.515932861531738],[-82.23265686273993,28.515991639379049],[-82.232680110867122,28.516136016095974],[-82.232816184814936,28.5163060229693],[-82.232851041811685,28.516405239726492],[-82.232859170702213,28.516495393966096],[-82.232852726011998,28.516576645334538],[-82.232823693113687,28.516630872145011],[-82.232759303653722,28.516694788491197],[-82.232594445002078,28.516759398387368],[-82.232292456953047,28.516757560772813],[-82.232098605372713,28.516795646343596],[-82.231969951485624,28.516837355170498],[-82.231670309918613,28.5169664132919],[-82.231511160613422,28.516994796347063],[-82.231159974898503,28.516988952392381],[-82.230834554585655,28.516933354231348],[-82.230805257629754,28.516924540221531],[-82.230526447804309,28.516796351138126],[-82.230325157745256,28.516662672845264],[-82.230089502099787,28.516556412587803],[-82.229903177983033,28.516485958508483],[-82.229754477684878,28.516500967955935],[-82.229600649591347,28.51655643372403],[-82.229469904253023,28.516647933564833],[-82.229310391786157,28.516698818352324],[-82.229098141102369,28.516687417875147],[-82.228804279878915,28.516541030377059],[-82.228675008347636,28.516542207196313],[-82.228586024322794,28.516583571741542],[-82.228499586719877,28.516665501582807],[-82.228489913417263,28.516787516412371],[-82.228490334851088,28.516801030192859],[-82.228505742822804,28.516836965618005],[-82.228637701960196,28.51698468293619],[-82.228656921983571,28.517061479337535],[-82.228662171197229,28.51709277842216],[-82.228648416424335,28.517151703335248],[-82.228553287270458,28.517256311241074],[-82.228473415203752,28.517288515071257],[-82.228423915748664,28.517302517939459],[-82.228200492677132,28.517309268462917],[-82.227906044305627,28.517198884671679],[-82.227822201184864,28.517199797690076],[-82.227739060709467,28.517236740295278],[-82.227642474128501,28.517273505958659],[-82.227438649264371,28.517451317785746],[-82.227401018049079,28.517483491780798],[-82.227331381852892,28.517515528921535],[-82.22716117932471,28.517593865912705],[-82.226906729577422,28.517659315287769],[-82.226749859139147,28.517665206929102],[-82.226235699534314,28.517647449440496],[-82.225993327047703,28.517599914568116],[-82.225733921624311,28.517498417280777],[-82.225634648078071,28.517503915059542],[-82.225538170490594,28.517613011388029],[-82.225455021095371,28.518001720938187],[-82.225426327383715,28.518074246160616],[-82.225231377024031,28.518374026770903],[-82.225054720155342,28.518533321592628],[-82.225009975316212,28.518569901149323],[-82.224815350063793,28.518693516740147],[-82.224684886675675,28.518766997004608],[-82.224659470856338,28.518834780207158],[-82.2246779841484,28.518915780570413],[-82.224841930076749,28.519063350286284],[-82.224837597464258,28.519406346760043],[-82.224871786579158,28.519545796992023],[-82.22494693376261,28.519685204671884],[-82.225334064341084,28.519997417578942],[-82.225539873457208,28.520090362753187],[-82.225829136659272,28.520205182635131],[-82.225937926048502,28.520204311468756],[-82.226052436055156,28.520167203182467],[-82.226073065936276,28.520157891804836],[-82.22616832666138,28.520084809912255],[-82.226345566887787,28.51988921660887],[-82.226430511860642,28.519703425739458],[-82.226473979700216,28.519432126055335],[-82.226510448852608,28.519314674131977],[-82.226741352143065,28.518928951546645],[-82.22677097096917,28.518878952567647],[-82.226848752300043,28.518778907387723],[-82.226904749513935,28.518719673004156],[-82.226960668023324,28.518665221180296],[-82.226994954320844,28.518642302882135],[-82.22706266692748,28.518609949698789],[-82.227210667692361,28.518559197788576],[-82.227286558531745,28.518535948155197],[-82.227459990736449,28.518534200628199],[-82.227489354843513,28.518538521544386],[-82.227553057857747,28.518555924056983],[-82.227650060538878,28.518650021877381],[-82.227646526227687,28.518983735522799],[-82.22756217809939,28.519368215345676],[-82.227537478665965,28.520018264857978],[-82.227518231650123,28.520099630330659],[-82.227429918351504,28.520335182129376],[-82.227269283340192,28.520571231141023],[-82.227214292756102,28.520725316206246],[-82.227204390582884,28.521370483445775],[-82.227189156381712,28.52140237176647],[-82.227116000266946,28.521493198199],[-82.226980133091203,28.521584624766028],[-82.226819670326407,28.521653792511824],[-82.226755866753805,28.521681410734892],[-82.226513233093641,28.52168819328589],[-82.226187950018414,28.521623565777762],[-82.226063871696184,28.521620029350171],[-82.226023963077992,28.521633882740232],[-82.225941826923432,28.521648316178688],[-82.225793649471996,28.521748879368094],[-82.225652380777049,28.521935077373126],[-82.225441824376702,28.522171619474587],[-82.225274860912947,28.522286009280027],[-82.225034147486525,28.522410166266383],[-82.224873658864041,28.522519858052682],[-82.224751546688978,28.522669715588307],[-82.224636021784846,28.522846952920698],[-82.224619807295426,28.522977886187441],[-82.224585840345995,28.523059350451994],[-82.224433276126646,28.523114824518021],[-82.224410572365585,28.523250466103949],[-82.224421995714962,28.523412982815067],[-82.224479541560882,28.523493641642716],[-82.224524246414688,28.523538392845786],[-82.22463518572124,28.523641103381831],[-82.224659326068675,28.523690661063529],[-82.224749840418539,28.523829704060386],[-82.224789985926506,28.523878891443058],[-82.224801854049375,28.523896773501434],[-82.224888052880701,28.524103582710563],[-82.224895884869341,28.524211744209168],[-82.224888442744657,28.524275251196375],[-82.224852601560272,28.524392715108526],[-82.224837214698368,28.524433605238769],[-82.224659076383247,28.524683220680714],[-82.224447329845518,28.524874721510667],[-82.224208336774282,28.524971596173007],[-82.22401951529281,28.525013948998946],[-82.223996352357943,28.525013041531828]]},"properties":{"OBJECTID_1":231,"OBJECTID":290441,"QUADNUMBER":0,"ELEVATION":70,"ORGCONT":0,"DEPRESSION":0,"HILLTOP":0,"INTERVAL":0,"UNIT":" ","DATESTAMP":1078790400000,"ShapeSTLen":14367.627598047446,"Shape_Length":9843.8549796061034}},{"type":"Feature","id":232,"geometry":{"type":"LineString","coordinates":[[-82.235760157726205,28.519198850130476],[-82.23573971846956,28.519176725709354],[-82.235734105788183,28.519167651500446],[-82.235777690852174,28.519162850270604],[-82.23579609839534,28.519171809331109],[-82.235783649097314,28.51918994468943],[-82.235760157726205,28.519198850130476]]},"properties":{"OBJECTID_1":232,"OBJECTID":290565,"QUADNUMBER":0,"ELEVATION":95,"ORGCONT":0,"DEPRESSION":0,"HILLTOP":0,"INTERVAL":0,"UNIT":" ","DATESTAMP":1078790400000,"ShapeSTLen":50.916602250157069,"Shape_Length":50.916602254902443}},{"type":"Feature","id":233,"geometry":{"type":"LineString","coordinates":[[-82.249823391551232,28.5253204495015],[-82.249945812531706,28.525229112469574],[-82.250169249160322,28.525023931434838],[-82.250497418297883,28.524673439590366],[-82.250831535645119,28.524192170433182],[-82.251035375182013,28.52389246080061],[-82.251101184342943,28.523819553099507],[-82.251128501491038,28.523792035138758],[-82.251281795037414,28.523650702090503],[-82.251646314801775,28.523426175629361],[-82.251822960061361,28.523226042331519],[-82.251876193962431,28.523099224229426],[-82.251880867197727,28.522968141415333],[-82.251839525356985,28.522833391942854],[-82.251802571141667,28.52278395673201],[-82.25164440336961,28.522631993020141],[-82.251526953557516,28.522574527023881],[-82.251339663616349,28.522522099824307],[-82.251112476399314,28.522524049416436],[-82.250857032042106,28.522571519219927],[-82.25052769897286,28.522637764620804],[-82.249824182484161,28.522694267577183],[-82.249147403555597,28.522758986076781],[-82.248828745968794,28.522798064255607],[-82.248590519475215,28.522809441341593],[-82.248298926219562,28.522757959636102],[-82.248270191556699,28.522753655613705],[-82.248211119916121,28.522727024271056],[-82.24800652914567,28.522557593143116],[-82.247785202848448,28.522473775430512],[-82.2477103165578,28.522474525588745],[-82.247496820336579,28.522539683433195],[-82.247001670368618,28.522571198530379],[-82.246777076122541,28.522650002683708],[-82.246565374869661,28.522841535072825],[-82.246292803000998,28.523037929260862],[-82.246291997181061,28.523087728605216],[-82.246413235344576,28.52310922557011],[-82.246399079685006,28.523271715403357],[-82.246379375883961,28.523303548078978],[-82.246037324089102,28.523324591721153],[-82.245948571487361,28.523352473460378],[-82.245802184972931,28.523462084933328],[-82.24554009355478,28.5237219289012],[-82.245271340962191,28.523801019716107],[-82.244986840070951,28.523943512106133],[-82.244848161738091,28.52397188740235],[-82.244689512112402,28.523968774099359],[-82.244571845390951,28.523924807022663],[-82.2444895371153,28.523830630929439],[-82.244378009881729,28.523565548481749],[-82.244321999686633,28.52350743243106],[-82.244293415872676,28.523494128179344],[-82.244219685694205,28.523463096344539],[-82.244119926089695,28.523459598572821],[-82.243965232661722,28.523528577632263],[-82.243693486300486,28.523752271086764],[-82.24309187989418,28.523956363698421],[-82.242797839389695,28.524094509341495],[-82.242754521837625,28.524121829542992],[-82.242646916475593,28.52416804062937],[-82.242540984656486,28.5242683074128],[-82.242544648292636,28.524358402129607],[-82.242714099532208,28.524523748933852],[-82.242842723091442,28.524563357736703],[-82.243208154872889,28.524560058328028],[-82.243296806295703,28.524617733780101],[-82.243295345214079,28.524708045187079],[-82.243151772816034,28.525038887334571],[-82.24307555850578,28.525319346227764],[-82.24306174842728,28.525658000439439],[-82.243095439690777,28.525711608194868],[-82.243175564153276,28.52574272572944],[-82.243254855974257,28.525746252715326],[-82.243373524486913,28.525767998804643],[-82.243422651654143,28.525817026477835],[-82.24342780094878,28.526209667576907],[-82.243429049770896,28.526290732262083],[-82.243490621626975,28.526479774755231],[-82.243519825474948,28.526533605198846],[-82.243516028473593,28.526610385553838],[-82.243418593837703,28.526778302106965],[-82.243397169640119,28.526837126642445],[-82.243369757877275,28.527067543310206],[-82.243374548569335,28.527166663030766],[-82.243409001191026,28.527252087911947],[-82.243423279941098,28.527279277130411],[-82.243544612519173,28.527413348831047],[-82.24371039445009,28.527529116869509],[-82.243848031000056,28.527604853852051],[-82.24422645176702,28.527709502348596],[-82.244294116404404,28.527799273442426],[-82.244320927590593,28.527961422188646],[-82.244387360566648,28.528087205428008],[-82.244493113153865,28.528235147197446],[-82.244581839718819,28.528288325230864],[-82.244725066969252,28.528296026879019],[-82.244814314878269,28.528277169424189],[-82.244962688713258,28.528203604256916],[-82.244989791158034,28.528189872183201],[-82.245068680550759,28.528139635161036],[-82.245235699888909,28.528020719264493],[-82.24547901504414,28.527932864874881],[-82.245841429686493,28.527879709991964],[-82.246186750447791,28.527894729500709],[-82.24649469397167,28.527846796015648],[-82.246564821353417,28.527823469393137],[-82.246633665007806,28.527800408550657],[-82.246868453341136,28.527685438081789],[-82.247230523878102,28.527415862914488],[-82.247303952619561,28.527347272665025],[-82.247323731821027,28.527311213139278],[-82.247518009684015,28.527128749321712],[-82.2479074244185,28.526949285080974],[-82.248077348910286,28.526848416363713],[-82.248170461734603,28.526788788807778],[-82.248278517940633,28.526715563472877],[-82.248449020324728,28.52657866881378],[-82.24851261574031,28.526524032650197],[-82.248582833352842,28.526455678582082],[-82.248698448692139,28.526310226009603],[-82.248713530295859,28.526287615345868],[-82.24886878633518,28.526064983541566],[-82.249055169075916,28.525896207055226],[-82.24944623097889,28.525653446525276],[-82.249712280151911,28.525425445224602],[-82.249823391551232,28.5253204495015]]},"properties":{"OBJECTID_1":233,"OBJECTID":291928,"QUADNUMBER":0,"ELEVATION":110,"ORGCONT":0,"DEPRESSION":0,"HILLTOP":0,"INTERVAL":0,"UNIT":" ","DATESTAMP":1078790400000,"ShapeSTLen":8741.2587548916963,"Shape_Length":8741.2587548995962}},{"type":"Feature","id":234,"geometry":{"type":"LineString","coordinates":[[-82.24980999320826,28.530632052168865],[-82.249750230807848,28.53068674503146],[-82.24973649578412,28.530705148384968],[-82.24966428400748,28.530777970591483],[-82.249464336982172,28.530915066072499],[-82.249410049109642,28.530947306460025],[-82.249353940390975,28.530974756901685],[-82.249249229279258,28.531039013009657],[-82.249186979966737,28.531089172284307],[-82.249144305987429,28.53111650414813],[-82.249114997391629,28.531148500983814],[-82.2489121859292,28.531303841846544],[-82.248892695274435,28.531321892015445],[-82.2488443785047,28.531381225930861],[-82.248783474306151,28.531467429508417],[-82.248761120550313,28.531503728551204],[-82.248706224989547,28.531693847985022],[-82.248696112321241,28.53172552082841],[-82.248680441133388,28.531784139803126],[-82.248673536906267,28.53181585639939],[-82.248575011948745,28.53189342381031],[-82.248501891502045,28.531903202790822],[-82.248427435897653,28.531917470642416],[-82.248232928463693,28.5319147537618],[-82.248141408436751,28.531915586919869],[-82.248129882156945,28.531915718062717],[-82.247986936481425,28.531930533973242],[-82.247918309182282,28.531940092385007],[-82.24787583755402,28.531954191466415],[-82.247741496270564,28.531991354278137],[-82.247636646153083,28.532024095834615],[-82.247507345530948,28.532065818709484],[-82.24742761879854,28.532089025243089],[-82.247355716393429,28.532103323048556],[-82.24727372104735,28.53210848939349],[-82.247184895756703,28.5321003422603],[-82.247021509762916,28.531993609429641],[-82.246871698965336,28.531918287687549],[-82.246861822917367,28.531895651316241],[-82.246826275372413,28.531878036234858],[-82.24678932338108,28.531828607846617],[-82.246793859939288,28.531666289953758],[-82.246791812401128,28.53163474762561],[-82.246776465674571,28.531436147291249],[-82.246741226826416,28.531359729282944],[-82.246721468027374,28.531315016885763],[-82.246664965882886,28.531247608610403],[-82.246651474358714,28.531171181761614],[-82.246684629735142,28.531139233511347],[-82.246939153053532,28.531150289488764],[-82.247109983886688,28.531112745269489],[-82.247287728414321,28.531043494213733],[-82.247543258835975,28.530833652683945],[-82.247653136136975,28.530647605006294],[-82.247657428475719,28.530579830918573],[-82.247730352701822,28.530502226032738],[-82.247850207004348,28.530451667254617],[-82.24789152992301,28.530428544099628],[-82.248087011884749,28.530291401324018],[-82.248249914430914,28.530150199500465],[-82.248291330852666,28.530082047129294],[-82.248314811142052,28.530054764154169],[-82.248374070538389,28.529991059291078],[-82.248438862822553,28.529981458037156],[-82.248522854040687,28.529971523852826],[-82.248656546840763,28.529974887668743],[-82.248757668254399,28.529973896723948],[-82.248980475460115,28.529967396763109],[-82.249142640512005,28.529911725993205],[-82.249218889316381,28.529865968865799],[-82.249250549776008,28.529847511014982],[-82.249352190163506,28.529774480699839],[-82.249515203092258,28.529745842247625],[-82.249551682694815,28.529745450388557],[-82.249613969014675,28.529772116702709],[-82.249672609989034,28.529825759037323],[-82.249686679725031,28.529866179979908],[-82.249692227130197,28.529879756422282],[-82.24972951940957,28.529987438931066],[-82.249809755082651,28.530131123705743],[-82.249897816652833,28.530313819636472],[-82.249907854333173,28.530485327402854],[-82.249866853814709,28.53056698672545],[-82.24980999320826,28.530632052168865]]},"properties":{"OBJECTID_1":234,"OBJECTID":292795,"QUADNUMBER":0,"ELEVATION":70,"ORGCONT":0,"DEPRESSION":1,"HILLTOP":0,"INTERVAL":0,"UNIT":" ","DATESTAMP":1078790400000,"ShapeSTLen":3012.2393357853671,"Shape_Length":3012.2393357852006}},{"type":"Feature","id":235,"geometry":{"type":"LineString","coordinates":[[-82.247532721127769,28.532990591289515],[-82.247612780507424,28.533025922026304],[-82.247644489265852,28.533043772189483],[-82.247643349028692,28.533075270680108],[-82.247593547320861,28.533107579760991],[-82.247531169212479,28.533126214120873],[-82.247469305367289,28.533113061450337],[-82.247419031630471,28.533095545547095],[-82.247388750796901,28.533068710771367],[-82.247388764463409,28.533028186355537],[-82.247457536372565,28.533009350919524],[-82.247532721127769,28.532990591289515]]},"properties":{"OBJECTID_1":235,"OBJECTID":293923,"QUADNUMBER":0,"ELEVATION":95,"ORGCONT":0,"DEPRESSION":0,"HILLTOP":0,"INTERVAL":0,"UNIT":" ","DATESTAMP":1078790400000,"ShapeSTLen":207.75460555191822,"Shape_Length":207.754605550977}},{"type":"Feature","id":236,"geometry":{"type":"LineString","coordinates":[[-82.232090716562453,28.512607755599337],[-82.23194203428659,28.512622767395023],[-82.23178316145858,28.512673667529384],[-82.231645314633198,28.512769865699948],[-82.231620878814724,28.512855674815221],[-82.231621426661889,28.513018058071594],[-82.231621319894415,28.513338589187189],[-82.231635211467378,28.513428815836939],[-82.231706239026195,28.51342802971029],[-82.231799649223134,28.513350411782376],[-82.231839071730548,28.513287019417213],[-82.231893705169227,28.513232270861003],[-82.232012776828398,28.513032558946122],[-82.232116038663918,28.512860228668007],[-82.232166366468689,28.512755890592004],[-82.232181199288746,28.512670248480003],[-82.232168776207033,28.512647579213503],[-82.232090716562453,28.512607755599337]]},"properties":{"OBJECTID_1":236,"OBJECTID":294135,"QUADNUMBER":0,"ELEVATION":90,"ORGCONT":0,"DEPRESSION":0,"HILLTOP":0,"INTERVAL":0,"UNIT":" ","DATESTAMP":1078790400000,"ShapeSTLen":780.24892233937339,"Shape_Length":780.24892233539117}},{"type":"Feature","id":237,"geometry":{"type":"LineString","coordinates":[[-82.249809903369567,28.529170079583764],[-82.249587581425303,28.5292261251812],[-82.249530820368321,28.529253840382619],[-82.249393403715928,28.529322757753977],[-82.249263729535983,28.529387274469563],[-82.24919154802248,28.52941929224378],[-82.249014583991297,28.529479846635208],[-82.248965651481697,28.529498086139544],[-82.248915445474125,28.529516596859384],[-82.24886217404071,28.52952633694867],[-82.248664678296066,28.529550610831919],[-82.248578271235246,28.529551503494012],[-82.248490028048735,28.529547585438081],[-82.248450343836524,28.52954821116699],[-82.248371619874106,28.529548916394006],[-82.248314439768436,28.529562835868756],[-82.248143385651602,28.529614165359092],[-82.248099850585149,28.529654991269059],[-82.248049832928515,28.529700804545136],[-82.247996334651617,28.529764300235218],[-82.247976123722253,28.529787124105077],[-82.24786024922382,28.529869255175935],[-82.247811093808266,28.529901564970292],[-82.247730077996522,28.529965279492693],[-82.247522449197504,28.530062027768842],[-82.247490226094456,28.53007597811688],[-82.247465687147283,28.530089742110036],[-82.247349503747543,28.53023068377928],[-82.247278426440459,28.530312529742616],[-82.247268671696759,28.530321700006755],[-82.247210835592924,28.530376131084051],[-82.247137219432034,28.53041742109243],[-82.246963827740913,28.530455212732264],[-82.246873365282511,28.530469563876412],[-82.246711433002787,28.530471194463964],[-82.246609536125149,28.530440380267592],[-82.246536221801648,28.530423136854385],[-82.246505158772308,28.530405298784704],[-82.246432068889305,28.53037427245803],[-82.24637668848591,28.5303161706282],[-82.246329409593656,28.530271675013278],[-82.246299555670191,28.53025835726697],[-82.246224025630525,28.530258824459334],[-82.246179080458845,28.530268388689425],[-82.24605171346532,28.530269610241252],[-82.246031879262915,28.530269648874899],[-82.245721471890874,28.530231991839258],[-82.24569137718656,28.530272979450498],[-82.245679341782861,28.530304632998327],[-82.24568472359482,28.530367736130092],[-82.245736259699996,28.530425793764145],[-82.245781540674031,28.530475044960326],[-82.245797174493291,28.530497473383598],[-82.245837255508135,28.530551439710095],[-82.245858859377279,28.530600681393047],[-82.245871782524944,28.5306323619665],[-82.245899458573675,28.530781017763498],[-82.24591359419793,28.53081693355881],[-82.245929214867743,28.530879878274526],[-82.2459885999492,28.531046376490966],[-82.246000318643226,28.531073264158849],[-82.246016358692302,28.531150005890495],[-82.246020403725282,28.53117679014931],[-82.246056872257086,28.531375087934805],[-82.246062612830841,28.531415686759239],[-82.246053094068117,28.531569215780898],[-82.246033005765042,28.531664084322195],[-82.246015265103097,28.531731964824466],[-82.246015467840309,28.531758987041037],[-82.245987435373891,28.531791002548744],[-82.245931333080534,28.531935789151913],[-82.245914897073661,28.531963160021487],[-82.245893242017289,28.532035500674244],[-82.245861363369016,28.532067462660649],[-82.245830066708052,28.532103653788454],[-82.245793909737316,28.532162865354689],[-82.245794256018812,28.532180877376668],[-82.245794976682575,28.532334257897261],[-82.245816501070806,28.532388285764139],[-82.245835114425205,28.532424253911799],[-82.245850342553894,28.532432884367449],[-82.245916669144307,28.532486627186486],[-82.246111568792728,28.532543380099543],[-82.246199451860306,28.532569803066252],[-82.246517931737557,28.532702116736587],[-82.246589030990833,28.532737618643942],[-82.246662477161337,28.532786656867405],[-82.246834125557626,28.53285718557979],[-82.246931478641713,28.53285193202376],[-82.247004176015935,28.532828638403842],[-82.24706271100996,28.532809950818834],[-82.247166564317027,28.532759474088696],[-82.247228655724143,28.532718317842573],[-82.247269206734032,28.532704189073044],[-82.247336625516539,28.532690122357106],[-82.247418136373724,28.532675944215754],[-82.247593155370026,28.532656177915044],[-82.247724585946798,28.532641496211458],[-82.247881888922194,28.532649093932054],[-82.247965673822691,28.532652673105705],[-82.248019195952438,28.532706532110396],[-82.248021714277357,28.532828134975727],[-82.248070978690194,28.532868434047611],[-82.248207237153352,28.53287154004299],[-82.248274093564262,28.532852954937528],[-82.248417823486122,28.532829143597574],[-82.248561250737282,28.532705981579902],[-82.248628320879021,28.532673613465459],[-82.248700020752167,28.532632584238211],[-82.248819228467468,28.532581720803023],[-82.248888794070098,28.532553889499717],[-82.249026771321894,28.532530280257632],[-82.249196900330546,28.532496947758268],[-82.249278468656939,28.532478271100331],[-82.249477394732338,28.532444736509625],[-82.249530027545362,28.532435261737799],[-82.249632799549218,28.532411779716771],[-82.249702927203757,28.532388454186073],[-82.2498101065529,28.532369524388926]]},"properties":{"OBJECTID_1":237,"OBJECTID":298021,"QUADNUMBER":0,"ELEVATION":85,"ORGCONT":0,"DEPRESSION":1,"HILLTOP":0,"INTERVAL":0,"UNIT":" ","DATESTAMP":1078790400000,"ShapeSTLen":3771.9502933911049,"Shape_Length":3771.9502933859821}},{"type":"Feature","id":238,"geometry":{"type":"LineString","coordinates":[[-82.243124387515593,28.531785543068107],[-82.243242077660582,28.53178898776796],[-82.243305305604366,28.531797379145694],[-82.243351809156351,28.531810626210376],[-82.243425537115399,28.531841377828226],[-82.243454758653286,28.531854695531532],[-82.243507277373666,28.531931047325134],[-82.24351916695602,28.532066283312577],[-82.243466523440404,28.532274430923959],[-82.243487960385252,28.532689234769428],[-82.243398210308612,28.532857242078407],[-82.243376266705496,28.533105454761682],[-82.243392224599532,28.533186706863919],[-82.243457723475913,28.533371012024158],[-82.243500573671525,28.533451749390977],[-82.243530176401919,28.533717782141839],[-82.243525253727782,28.533745022891139],[-82.243666772904348,28.533937590653224],[-82.243926652971879,28.534052567709292],[-82.244040066829939,28.534083253111248],[-82.244281414037644,28.534157758243015],[-82.244400300016281,28.534206248531145],[-82.244433356191209,28.534219607842488],[-82.24452123505688,28.534286277455266],[-82.244749420495438,28.534501040938657],[-82.24481774668844,28.534550017183726],[-82.244885724764814,28.534580982280961],[-82.245213577816031,28.53472692372674],[-82.245273664139759,28.534771291894106],[-82.245374501428174,28.534946471785538],[-82.245377467289771,28.535000541348015],[-82.245386978524436,28.535203563860822],[-82.245268165153107,28.53530845427542],[-82.245075420493805,28.5353552865874],[-82.244980204144696,28.535347061129503],[-82.24484549261183,28.535366482519379],[-82.244649140446157,28.535359239495175],[-82.244540761834998,28.535333119542862],[-82.244056924821535,28.53521562001043],[-82.243805313954994,28.535222590456836],[-82.243676145573943,28.535255309446363],[-82.24336646330292,28.535330231596088],[-82.243293428748927,28.535335502209733],[-82.243234756961613,28.53532266403769],[-82.243140981666386,28.535264648638961],[-82.243079078340713,28.535174943473951],[-82.24297961026123,28.534796875802616],[-82.242968673408768,28.534761000920714],[-82.242934414475641,28.534702594650771],[-82.2428236013548,28.53459061126842],[-82.242782013057351,28.534550412077632],[-82.24263732400955,28.534475148728411],[-82.242531965259019,28.534381235679131],[-82.24248134599452,28.53434570682462],[-82.242354741481535,28.534220579686135],[-82.242234848313956,28.534036439610873],[-82.242078330963622,28.533546211059246],[-82.242026838731846,28.533248670026865],[-82.242015111977935,28.532905757589202],[-82.2420725322267,28.532679649840272],[-82.242106366727796,28.532250632727543],[-82.242160481968284,28.532110316945754],[-82.242261222083883,28.532014493932827],[-82.242376162281502,28.531990885606007],[-82.242691071937216,28.531947561081395],[-82.242875226806632,28.531878104014993],[-82.243124387515593,28.531785543068107]]},"properties":{"OBJECTID_1":238,"OBJECTID":298050,"QUADNUMBER":0,"ELEVATION":120,"ORGCONT":0,"DEPRESSION":0,"HILLTOP":0,"INTERVAL":0,"UNIT":" ","DATESTAMP":1078790400000,"ShapeSTLen":4038.9232432526787,"Shape_Length":4038.9232432562244}},{"type":"Feature","id":239,"geometry":{"type":"MultiLineString","coordinates":[[[-82.246029980307696,28.500275542208783],[-82.246115268170357,28.500421534396718],[-82.246219613227836,28.500655291667819],[-82.246278080570804,28.50075845982197],[-82.246390788247425,28.501028341854603],[-82.246430979728345,28.501154357203454],[-82.246436794428789,28.501190172702024],[-82.246462725956007,28.501406626749837],[-82.246453959665601,28.50147433520808],[-82.246438089527672,28.501506224189772],[-82.246398888752836,28.501556104127612],[-82.246233738979697,28.501720070016738],[-82.246034912156603,28.501830153228457],[-82.24569082675842,28.50194179457332],[-82.24507559293086,28.502046657590768],[-82.24495400133587,28.502088467934716],[-82.244716919437423,28.502189910472779],[-82.244586348935727,28.502272136708683],[-82.244524188219515,28.502318075345141],[-82.244487208395157,28.502349968686705],[-82.244342742461498,28.502500129707446],[-82.244263064344281,28.502640682327556],[-82.244249882047782,28.502704115114486],[-82.244215036417202,28.50288041406775],[-82.244133979667282,28.503224132464631],[-82.244085921462315,28.503387029930074],[-82.244051385383457,28.503504516657266],[-82.24398404908375,28.503672239275808],[-82.243954525208053,28.503717744580367],[-82.243767066842722,28.503994564791135],[-82.243556329241002,28.504168086547722],[-82.243356998339465,28.504269154059031],[-82.243202278298781,28.504302106022571],[-82.242672581035265,28.504338521526172],[-82.242563434327423,28.504362199138139],[-82.242389422246717,28.504440506975019],[-82.242166052530692,28.504564338606816],[-82.241897717436416,28.504738274425527],[-82.241812137716749,28.504847228548542],[-82.241780084740597,28.504969526113712],[-82.241782367984584,28.50510491435081],[-82.241786223567487,28.505380192103818],[-82.241785274184537,28.505438713033051],[-82.241768367354993,28.505574149836715],[-82.241751914321142,28.505642046694398],[-82.241750903171848,28.50582270177923],[-82.241750464210369,28.50584971622791],[-82.241766723227869,28.505912675884236],[-82.241852318582971,28.506078935072523],[-82.241879479613871,28.506218583223951],[-82.241875773945424,28.506408214257242],[-82.241833466691546,28.506570905728182],[-82.241744759049439,28.50667559903912],[-82.241729456156392,28.506711713958815],[-82.241228185843099,28.507045940984113],[-82.24087874800486,28.507328886363066],[-82.240690596864724,28.507529147168007],[-82.240547327019954,28.507683814629129],[-82.240448708555476,28.507847201762157],[-82.240395738121663,28.507996533383231],[-82.240314219599838,28.508525418715855],[-82.240220080000171,28.508688582988139],[-82.240172270542132,28.508756656869974],[-82.240030577737869,28.50889333082592],[-82.239792007865788,28.509085079102501],[-82.239324680751764,28.509337830940844],[-82.239286562060059,28.509360706769794],[-82.238528030059982,28.509697044076489],[-82.238029958060125,28.509873140249777],[-82.237782360619363,28.509911677244563],[-82.237553982410802,28.509909092582475],[-82.23728781993951,28.509830322221379],[-82.236881845239182,28.509653554445212],[-82.236638669616582,28.509538489912149],[-82.236626809703864,28.509520330913357],[-82.236588705159065,28.509502682316619],[-82.236452852523712,28.509318894352255],[-82.236444900004358,28.509296566898708],[-82.236302549410752,28.508882490431287],[-82.236161872511232,28.508680915290888],[-82.236123229213732,28.508617960484393],[-82.236024785363341,28.50841578483352],[-82.235956234511946,28.508028257738879],[-82.235975192948118,28.50792436608868],[-82.235986960529232,28.507712049658828],[-82.235981324163362,28.507626423676772],[-82.235889233087008,28.507505380733374],[-82.235830876724307,28.507474540411145],[-82.235766192390287,28.50743882661807],[-82.235717935236281,28.507416829808534],[-82.235166918234384,28.507268343416989],[-82.234752563059061,28.507096237080813],[-82.234681184671061,28.507078736546273],[-82.234492643885218,28.507066791825004],[-82.2342424855064,28.507105294298221],[-82.234015426042404,28.507179541058299],[-82.233810368818681,28.507199474100382],[-82.233600340159313,28.507210333219383],[-82.233393107042801,28.507167195061928],[-82.233083695295591,28.506993880995559],[-82.233060245579225,28.506980644925221],[-82.232999543112953,28.506935977976664],[-82.23296429971991,28.506900358545185],[-82.232933536268845,28.506864507643012],[-82.232871796891061,28.506765797921521],[-82.232841062414067,28.506689142647584],[-82.232853628362946,28.506585462674327],[-82.232871002951114,28.50654008707227],[-82.232971655561997,28.50644877353422],[-82.233095393553569,28.506393767920454],[-82.233200706547066,28.506370049436484],[-82.233372762399483,28.506373065726816],[-82.233413076114104,28.506372727595586],[-82.233501588519971,28.506398882685225],[-82.233984645386258,28.506633772063044],[-82.234108566885354,28.506646300749665],[-82.234173661769404,28.506577891483385],[-82.234216999731828,28.506509770536002],[-82.234220193054085,28.506234593177354],[-82.234233256979678,28.506139633437339],[-82.234239529551687,28.50610791582546],[-82.234285420131144,28.506039825644717],[-82.234319286809622,28.506003388085517],[-82.234381600340299,28.505948732629545],[-82.234530510942719,28.5058796886407],[-82.234668806615275,28.505873828274975],[-82.234763073313843,28.505900066454004],[-82.234836978082157,28.505958125960483],[-82.234945169528345,28.505993253371749],[-82.235012547315662,28.506060240192078],[-82.235098090974674,28.506032333226763],[-82.235115507212186,28.50602326515342],[-82.235177326370817,28.505959597510355],[-82.235195926535198,28.505878217500079],[-82.235200892436154,28.505769651597035],[-82.235162095658353,28.505715976524566],[-82.235099803488552,28.505612757909219],[-82.235085321408491,28.505558826893633],[-82.235105864993585,28.505436660881596],[-82.235174369110922,28.505354792985859],[-82.235437342582102,28.505117775590207],[-82.23549125836422,28.505067798421578],[-82.235509617524016,28.505040447034993],[-82.235610806130026,28.5048770950361],[-82.235661364221258,28.504718724207152],[-82.235649225910763,28.50456070029637],[-82.235573718476189,28.504403559545935],[-82.235453783787463,28.504264716894241],[-82.235417180575126,28.504233577003472],[-82.235320378742188,28.504166795611845],[-82.235205801640276,28.503973705845624],[-82.235124914726796,28.503518763998802],[-82.235130385843419,28.503378683477269],[-82.235193182437555,28.503215689624223],[-82.235446224662979,28.502919727013303],[-82.23548058393817,28.502892303690842],[-82.235619271767106,28.502782881557923],[-82.235808573414516,28.502709000816644],[-82.235892051321116,28.502690073523294],[-82.23612114053148,28.502647366294923],[-82.23626343520867,28.502592026874698],[-82.236320827078487,28.502564329592019],[-82.236439465451681,28.502468446068264],[-82.236596001303184,28.502363203162442],[-82.236713827943831,28.502317118866088],[-82.237030852203503,28.502178717794667],[-82.237196140577652,28.502046271092109],[-82.237326678499073,28.501887225804552],[-82.237335857568354,28.5018735490819],[-82.23737720322238,28.501810193184841],[-82.237456552682403,28.501651344536608],[-82.237487941051626,28.501569847985351],[-82.23758327555332,28.501451720609271],[-82.237640111009057,28.501378990096736],[-82.237805600968571,28.501273565007256],[-82.23795169625204,28.501141445122919],[-82.238244935489007,28.500773377596389],[-82.238311416647605,28.500619157491869],[-82.238377162112656,28.500273559840814],[-82.238383618370676,28.500192920713765],[-82.238388580644084,28.500122016065657],[-82.238398131738975,28.500085837581647],[-82.238423083070174,28.499927707262145],[-82.238375300366044,28.499797374212822],[-82.238252344682621,28.499568442139434],[-82.238235382172391,28.499509696303107],[-82.238231912692143,28.499487139084653],[-82.238221712567665,28.499406245808789],[-82.238216568365374,28.499171477394277],[-82.238217300781059,28.49912646140146],[-82.238320319002938,28.498534243435287],[-82.238472178654277,28.498086161636603],[-82.238503485649915,28.498049694112431],[-82.238503846677546,28.498027181609178],[-82.238598133366111,28.497854730134666],[-82.238685507513509,28.497713991247924],[-82.23885352904847,28.497491535314939],[-82.238903500119122,28.497369182447599],[-82.238924532994986,28.497309972861849]],[[-82.244648605324784,28.497094318804201],[-82.244626735261036,28.497127485294257],[-82.244597289229731,28.497168196439098],[-82.244564772443823,28.497240680389172],[-82.24456063376212,28.497258923457981],[-82.244506361216636,28.497489568301287],[-82.244511288409015,28.497620204599958],[-82.244517152878728,28.497692605955454],[-82.244539147246272,28.497796161756796],[-82.244550946423118,28.497818536894037],[-82.244736922358456,28.498146189798501],[-82.245119414355543,28.498625729314291],[-82.245258162440962,28.498868072592579],[-82.245480232006116,28.4992586488159],[-82.245507932397516,28.499325977356289],[-82.245768474020394,28.499711683073308],[-82.24595152509913,28.50010261144212],[-82.246029980307696,28.500275542208783]]]},"properties":{"OBJECTID_1":239,"OBJECTID":299404,"QUADNUMBER":0,"ELEVATION":120,"ORGCONT":0,"DEPRESSION":0,"HILLTOP":0,"INTERVAL":0,"UNIT":" ","DATESTAMP":1078790400000,"ShapeSTLen":16918.650147767832,"Shape_Length":13571.071091359381}},{"type":"Feature","id":240,"geometry":{"type":"LineString","coordinates":[[-82.23342140713811,28.502875365074868],[-82.233509643348128,28.502879006996242],[-82.233597157058909,28.502887145615791],[-82.233616203107829,28.502896117443392],[-82.233677050567337,28.502931496001295],[-82.233698272426238,28.503003524890108],[-82.233700384180437,28.503030562919683],[-82.233700737489372,28.503048584972532],[-82.233701563767511,28.503075886894059],[-82.233657604124303,28.503143714609269],[-82.233602419966545,28.503153441162841],[-82.233521726229725,28.503158613143384],[-82.233496836339356,28.503154354396901],[-82.23342012305902,28.503150572666918],[-82.233398591949495,28.503137077983773],[-82.233317501509461,28.503088219539475],[-82.233306587730894,28.503011530300348],[-82.233307893977781,28.502971020609909],[-82.233403347720355,28.502884428624171],[-82.23342140713811,28.502875365074868]]},"properties":{"OBJECTID_1":240,"OBJECTID":301451,"QUADNUMBER":0,"ELEVATION":90,"ORGCONT":0,"DEPRESSION":1,"HILLTOP":0,"INTERVAL":0,"UNIT":" ","DATESTAMP":1078790400000,"ShapeSTLen":379.11661062896673,"Shape_Length":379.11661063108693}},{"type":"Feature","id":241,"geometry":{"type":"LineString","coordinates":[[-82.243534343927834,28.520026272909877],[-82.243634465578495,28.520047793988695],[-82.243729018496794,28.520096534402132],[-82.243795898310722,28.520154785533201],[-82.243746948598329,28.520213827400401],[-82.243653093444252,28.520201121039129],[-82.243569352443956,28.520156732167802],[-82.243502040855091,28.520085255073123],[-82.243534343927834,28.520026272909877]]},"properties":{"OBJECTID_1":241,"OBJECTID":301707,"QUADNUMBER":0,"ELEVATION":90,"ORGCONT":0,"DEPRESSION":0,"HILLTOP":0,"INTERVAL":0,"UNIT":" ","DATESTAMP":1078790400000,"ShapeSTLen":244.49766821557145,"Shape_Length":244.49766821409176}},{"type":"Feature","id":242,"geometry":{"type":"LineString","coordinates":[[-82.249015518504152,28.534773047202552],[-82.248894400444726,28.534783349321309],[-82.248842752887796,28.534810845511323],[-82.248630419377321,28.534921050835493],[-82.248518810053483,28.535016745008388],[-82.248405317625981,28.535148719565516],[-82.248246973931387,28.535244949251442],[-82.248166787739791,28.535335979216718],[-82.248153127483107,28.535349596219579],[-82.248084641954449,28.535508306902372],[-82.248092085670834,28.535760831172315],[-82.24812206619913,28.535846188897981],[-82.248149635326726,28.535882272085136],[-82.248187393277661,28.535922429690849],[-82.248243065466156,28.535962524766056],[-82.24832270326705,28.535984337778849],[-82.248427607504169,28.535987906011215],[-82.248599434082081,28.535968383361389],[-82.249032217791893,28.53587867149389],[-82.249195148897385,28.535895050712927],[-82.249219670528007,28.535922091446462],[-82.249163663862049,28.536021858350175],[-82.249012361459435,28.536117909066803],[-82.248778077449117,28.536359245008523],[-82.248749603280018,28.53641827270711],[-82.248705607751532,28.536526918161311],[-82.248704457591117,28.536558420271032],[-82.248701837372195,28.536721044996963],[-82.248722501742776,28.536788564008138],[-82.248738780881425,28.536810997199812],[-82.248786478645144,28.536869005587128],[-82.249056702029421,28.53693879495971],[-82.249177702535476,28.537055122745375],[-82.2492370115596,28.537067959877071],[-82.249330604529106,28.537058156445315],[-82.249356355094946,28.53704891155509],[-82.249412348209376,28.536989668072117],[-82.249440475235588,28.536912628244746],[-82.249461577861965,28.536754733052383],[-82.249483448318443,28.536312053280199],[-82.249485464189846,28.53622652700821],[-82.249445882365293,28.535983168355049],[-82.249447616106124,28.535915371896827],[-82.24947921962027,28.53582036807245],[-82.24969645095905,28.535565577603311],[-82.249711580520867,28.535421122944992],[-82.249689556136943,28.535358092136157],[-82.249639323819693,28.535218725044121],[-82.249600030201009,28.535155753931591],[-82.249497937199976,28.535057396267781],[-82.24927470439053,28.534851982753313],[-82.249075462476213,28.534786177415629],[-82.249015518504152,28.534773047202552]]},"properties":{"OBJECTID_1":242,"OBJECTID":302351,"QUADNUMBER":0,"ELEVATION":140,"ORGCONT":0,"DEPRESSION":0,"HILLTOP":0,"INTERVAL":0,"UNIT":" ","DATESTAMP":1078790400000,"ShapeSTLen":2515.3307367391958,"Shape_Length":2515.3307367430039}},{"type":"Feature","id":243,"geometry":{"type":"MultiLineString","coordinates":[[[-82.238500780578264,28.533438838169133],[-82.238654241098544,28.533446390156453],[-82.238846584797841,28.533503399815558],[-82.239150764511948,28.533491744952602],[-82.239229973703004,28.533500055039468],[-82.239230724978597,28.533572107022387],[-82.239194652124056,28.533626534250097],[-82.23887640800892,28.533755929618902],[-82.238831010679107,28.533792501265317],[-82.238815360908774,28.533810603694263],[-82.238749327419171,28.533897013024887],[-82.238737454013673,28.534037005045619],[-82.23878874271918,28.534149374377687],[-82.23882769298929,28.534194045154116],[-82.238850446405152,28.534211781376221],[-82.238954734099352,28.534292166686857],[-82.239436764727742,28.534441182249203],[-82.239480835736117,28.534485915995187],[-82.239498281487585,28.534594205651086],[-82.239488440472272,28.534648393588959],[-82.239425162007706,28.534761572813178],[-82.239359982816026,28.534834489034111],[-82.239110759720887,28.535048897899376],[-82.239104625004785,28.535071607231952],[-82.239051683669729,28.535139610136774],[-82.23875535868936,28.536126203195273],[-82.23871881120435,28.536248444267766],[-82.23861232124284,28.536461266668677],[-82.238570183787758,28.536533901088674],[-82.238428992422769,28.536715895164097],[-82.238327377999951,28.53682493801783],[-82.237832122216446,28.537095622249382],[-82.23779254083945,28.537137883476344]],[[-82.238636267694119,28.537227337553695],[-82.238744575686567,28.5371054071265],[-82.238961665052187,28.53701779279065],[-82.239442237610476,28.536981901045628],[-82.239800812888291,28.536852160660455],[-82.239945265518088,28.536823866014576],[-82.240296103443356,28.536816165917323],[-82.240362372125631,28.536833604704462],[-82.24051531359342,28.536913193409589],[-82.240647885842421,28.537065413609671],[-82.240680801474298,28.537087784005006],[-82.24086647127784,28.537280070609327],[-82.240867471860966,28.537307124788931]],[[-82.237105282445839,28.537029198187131],[-82.237200588372488,28.536930093075267],[-82.237367509679714,28.536779661799653],[-82.23755398279161,28.536646922719623],[-82.23785324681991,28.536504354250503],[-82.237904140893647,28.536404520618039],[-82.237892682745809,28.536282809617262],[-82.237779652979299,28.536189080485251],[-82.23773089403501,28.536117546587374],[-82.237516069896785,28.53579009628227],[-82.23741872004841,28.535479585804612],[-82.23730287101867,28.535047286232775],[-82.237191797598328,28.534872246304392],[-82.237034903361248,28.534760803352277],[-82.237007760783086,28.534697991431521],[-82.237000999567528,28.534562826252589],[-82.237119932689197,28.534372106166362],[-82.237190559604059,28.533924694881648],[-82.237224107861621,28.533829721120021],[-82.237281956487593,28.533775006422267],[-82.237403330023184,28.533669873933086],[-82.237464646540388,28.533638005033232],[-82.237643413225271,28.533545976920628],[-82.238249010846502,28.533454805814237],[-82.238466211434911,28.533439242660751],[-82.238500780578264,28.533438838169133]]]},"properties":{"OBJECTID_1":243,"OBJECTID":303075,"QUADNUMBER":0,"ELEVATION":115,"ORGCONT":0,"DEPRESSION":0,"HILLTOP":0,"INTERVAL":0,"UNIT":" ","DATESTAMP":1078790400000,"ShapeSTLen":9155.6752935722579,"Shape_Length":4647.5072145089416}},{"type":"Feature","id":244,"geometry":{"type":"LineString","coordinates":[[-82.242705018904871,28.523346183746995],[-82.24253478574262,28.523347705932249],[-82.241993494769048,28.523343737152995],[-82.242005671255427,28.523460957563536],[-82.242051424372676,28.523559746342823],[-82.242043013881243,28.523604950021387],[-82.242029906731133,28.523663599835313],[-82.242021220031404,28.523686289515247],[-82.241977528418474,28.523736390818573],[-82.241950365479838,28.523754626926749],[-82.241863012609656,28.523814036966687],[-82.241843735095912,28.523818861851801],[-82.241733710085896,28.523856034093942],[-82.241555791718085,28.523857461351064],[-82.24152514807416,28.523853418271003],[-82.241328195269389,28.523805361811188],[-82.241175467511141,28.52375278430095],[-82.24107028657663,28.523767228987232],[-82.241013881822255,28.523812951788784],[-82.241022771668597,28.523975158365293],[-82.241094731946319,28.524114521067947],[-82.241215914576628,28.524257877660155],[-82.241391194929903,28.524418514542806],[-82.24156723201925,28.524493613568193],[-82.241759217430214,28.524532599986919],[-82.241836661597688,28.52453188103404],[-82.241902577243238,28.524531307089692],[-82.242082008435531,28.524475584200847],[-82.242128186215325,28.524430008224414],[-82.242129430871458,28.524353199944187],[-82.242114582259333,28.524321773261637],[-82.242042149116472,28.524250233336552],[-82.241949167444261,28.524183490758077],[-82.241926604857341,28.524075427832614],[-82.241966797485532,28.524043292213964],[-82.242283100427741,28.523873339692958],[-82.242288370311897,28.523864399755109],[-82.24249251246367,28.523745104236166],[-82.242561169497932,28.523654219884609],[-82.242660640263182,28.523518135984215],[-82.242685422787417,28.523450066395363],[-82.242705018904871,28.523346183746995]]},"properties":{"OBJECTID_1":244,"OBJECTID":305748,"QUADNUMBER":0,"ELEVATION":110,"ORGCONT":0,"DEPRESSION":0,"HILLTOP":0,"INTERVAL":0,"UNIT":" ","DATESTAMP":1078790400000,"ShapeSTLen":1766.3104501521411,"Shape_Length":1766.3104501607997}},{"type":"Feature","id":245,"geometry":{"type":"LineString","coordinates":[[-82.225678752484455,28.511835296719926],[-82.22583986645293,28.511842967031122],[-82.225871636306323,28.511856308715959],[-82.226043878639942,28.511926877563205],[-82.22617065763491,28.512038515638185],[-82.226175556447146,28.512052083344287],[-82.226260912033155,28.512231867182216],[-82.226240116624908,28.512290702556005],[-82.226241029980812,28.51231323181803],[-82.226223357216142,28.512611304804384],[-82.226241529749487,28.512674291076785],[-82.226266434787689,28.512755096575159],[-82.226295286272361,28.512790921461914],[-82.226337907730255,28.512844922907401],[-82.226455113831037,28.512915915841717],[-82.226611632825225,28.513009359461524],[-82.226711684473258,28.513112223810641],[-82.226756524930565,28.513147965071699],[-82.226862932078888,28.513331946288137],[-82.226940116736074,28.513385556863053],[-82.227092844034502,28.513397615178651],[-82.22725452383672,28.513409792800747],[-82.227276286205694,28.5134095064527],[-82.227609791014046,28.513361374538917],[-82.227657932490075,28.513351849897447],[-82.227763324261403,28.51332392151172],[-82.227844863713671,28.513228424463879],[-82.227864874779129,28.513178586600702],[-82.227902799333251,28.513011336483842],[-82.227953050138396,28.512794152180401],[-82.227993806747222,28.512649458738967],[-82.228065751523573,28.512553842297187],[-82.228121343676762,28.512557924157534],[-82.228143840564698,28.512512620897468],[-82.228258753691165,28.512489027274423],[-82.229043138752175,28.512531581503424],[-82.229042726461145,28.512518066798616],[-82.229290202776355,28.512448018698784],[-82.229389336785843,28.512411001216378],[-82.229466793837105,28.512369766589636],[-82.229528821600269,28.512333122970322],[-82.229810085801816,28.512114073135354],[-82.229869105001441,28.512104404791199],[-82.229920321850102,28.512063398370266],[-82.230061253908445,28.512053079691878],[-82.230122957808234,28.512074967290165],[-82.230220185297455,28.512155272382884],[-82.23028909592712,28.512245073903394],[-82.230317876660607,28.512285391757118],[-82.230355238836836,28.512348339532785],[-82.230414358519141,28.512410722532046],[-82.230458200268686,28.512469242287303],[-82.230621390372704,28.5127023447296],[-82.230722313170759,28.51290906151209],[-82.230754687415214,28.513003465438167],[-82.230743790799295,28.513161481810759],[-82.230744777041721,28.513179505478657],[-82.230746677585316,28.513220048443905],[-82.230742004158841,28.513310329272244],[-82.230731097887059,28.513351275677081],[-82.230669827362078,28.513577325410964],[-82.230625258006995,28.513681450125766],[-82.230596016423476,28.513708942918964],[-82.230590286740906,28.51378570471817],[-82.230577126554621,28.513925681514028],[-82.230576143232341,28.514025007537636],[-82.230576416788182,28.514164871297712],[-82.230581164228411,28.514187447253185],[-82.230600396764672,28.514263953732037],[-82.23060926682885,28.514308811632343],[-82.230673926332202,28.514502399385428],[-82.230728597468612,28.514641835104019],[-82.230720533610992,28.514705049372957],[-82.230667465011535,28.514741524017175],[-82.230629043131771,28.514782693973295],[-82.230385570175031,28.514802977641807],[-82.23033614858079,28.514812198620362],[-82.230148181762274,28.514881590187148],[-82.230103582105031,28.514909172047712],[-82.230062338760519,28.514927503637946],[-82.22999475093124,28.514991377185645],[-82.229825863592723,28.515146275155772],[-82.229799032570014,28.515182801631582],[-82.229751214492154,28.515250860106008],[-82.229605406031268,28.515441798324598],[-82.229541365321438,28.515523443743906],[-82.229450303998021,28.515614593192538],[-82.229366018974346,28.515642514328238],[-82.229305255385356,28.515602351335353],[-82.229240599550749,28.515643468614872],[-82.229139361061996,28.515612923393395],[-82.229040832374196,28.515573118127651],[-82.228867199004256,28.515430218627408],[-82.228718753431863,28.515273840517867],[-82.228691356107021,28.515188229276919],[-82.228514625983721,28.514765555556608],[-82.228501283033197,28.514720640071712],[-82.228411556265343,28.514572603429276],[-82.228359843735859,28.51448724774075],[-82.228311532238607,28.514428946886959],[-82.228292695136531,28.514406752756379],[-82.228177232659931,28.514267684328289],[-82.22801872241358,28.514178998560592],[-82.227701507954961,28.514091691238672],[-82.227563017888031,28.514070242475725],[-82.227492769867155,28.514061754390038],[-82.227295810475695,28.514054478986569],[-82.227092950692565,28.514056421639907],[-82.226980960315117,28.514057530055123],[-82.226890019805495,28.514062855104925],[-82.226494882662379,28.514084312571402],[-82.226441271297247,28.514075751995122],[-82.226376214849864,28.514062829556],[-82.226175175513603,28.51399246611086],[-82.225906674431243,28.513900140349715],[-82.225846740568741,28.513887276815947],[-82.225770961557757,28.513865207640119],[-82.225414389948199,28.513837060668497],[-82.225360636518502,28.513837502646791],[-82.225279849802234,28.513847174445676],[-82.225053777093621,28.513898906312836],[-82.225030738612631,28.513899179078685],[-82.224882995414774,28.513895897284623],[-82.224829534770052,28.513878336684741],[-82.224793159535992,28.513833412007465],[-82.224716018882432,28.513816110707754],[-82.224687317141189,28.513771287909833],[-82.224694260033175,28.513699046914645],[-82.224716857715876,28.513608437057705],[-82.224842362067463,28.513368290043076],[-82.224845016170249,28.513323014745414],[-82.224826115366014,28.513187972323347],[-82.224807653835256,28.513142992738956],[-82.224726611986426,28.513012801256238],[-82.224724934372588,28.512958745133588],[-82.224725326271809,28.512895425670301],[-82.224727075562299,28.512827628304628],[-82.224774404717408,28.512750559700255],[-82.224871140116377,28.512704504317245],[-82.224954258415551,28.512708376789362],[-82.225170699739238,28.512814677006126],[-82.225209435974875,28.512832334068428],[-82.225292803765811,28.512899235981745],[-82.225431573698586,28.512943211973013],[-82.225494776763384,28.512951603635756],[-82.225565091955843,28.512955589920541],[-82.225620081470581,28.512918858701497],[-82.225692813005324,28.512814534525091],[-82.225687936222045,28.512760434098841],[-82.225670508348756,28.51265215124274],[-82.225662357300763,28.512602800809141],[-82.225619707659618,28.512589593545364],[-82.225513530864092,28.512509178188498],[-82.225391570390897,28.512415609200104],[-82.225280034528325,28.51238942928407],[-82.225132007166138,28.512363914312612],[-82.225083521613357,28.512355144380603],[-82.224863751056958,28.512334624232366],[-82.224802918891086,28.512298964740488],[-82.224791567568573,28.512249570817662],[-82.224843941899422,28.512176786318086],[-82.224853765025671,28.512163113895028],[-82.224968576743763,28.512067484084049],[-82.225142905049495,28.511971196124055],[-82.225202570256897,28.511961534148877],[-82.225526085817165,28.511859255819104],[-82.225631960656429,28.511840331031266],[-82.225678752484455,28.511835296719926]]},"properties":{"OBJECTID_1":245,"OBJECTID":308569,"QUADNUMBER":0,"ELEVATION":75,"ORGCONT":0,"DEPRESSION":1,"HILLTOP":0,"INTERVAL":0,"UNIT":" ","DATESTAMP":1078790400000,"ShapeSTLen":7016.4443055948241,"Shape_Length":7016.4443055969887}},{"type":"Feature","id":246,"geometry":{"type":"LineString","coordinates":[[-82.246758991300808,28.528439956078913],[-82.246731462139749,28.528440173920846],[-82.24665594937936,28.528440921946498],[-82.246477658540286,28.528465137922005],[-82.246424862664767,28.528524143455886],[-82.246427752098512,28.52858299021042],[-82.246445512602335,28.528632467983378],[-82.246538733888315,28.528645167199834],[-82.246633605434553,28.528635098937613],[-82.246692556528657,28.528630209450263],[-82.24675230748511,28.528616041451546],[-82.246881898770255,28.528556031792132],[-82.246882257049933,28.528533519379756],[-82.246952754308111,28.528487682831212],[-82.246950135346509,28.528451630695134],[-82.246893962381264,28.528443330145198],[-82.246758991300808,28.528439956078913]]},"properties":{"OBJECTID_1":246,"OBJECTID":309921,"QUADNUMBER":0,"ELEVATION":100,"ORGCONT":0,"DEPRESSION":1,"HILLTOP":0,"INTERVAL":0,"UNIT":" ","DATESTAMP":1078790400000,"ShapeSTLen":416.55489203489958,"Shape_Length":416.55489204117703}},{"type":"Feature","id":247,"geometry":{"type":"LineString","coordinates":[[-82.242730652884504,28.53298057476033],[-82.24280410917271,28.53298881273577],[-82.242887737702361,28.533001683177275],[-82.242935434254946,28.533059974305338],[-82.243046527828042,28.533194196366811],[-82.243043622510115,28.533334305350991],[-82.243064797350556,28.53352818630314],[-82.243012846857084,28.53361421425987],[-82.242958438762145,28.533614658096088],[-82.242909301979537,28.533606153835866],[-82.242866562185966,28.533597464868883],[-82.242856982358859,28.533557101978463],[-82.242808192429337,28.533566616927168],[-82.242779824448149,28.533539810186205],[-82.242711312629282,28.533463530925435],[-82.242701621306011,28.53335083880636],[-82.242708621474875,28.533274104256652],[-82.242706862867465,28.533224552314266],[-82.242693567871257,28.53305750474199],[-82.242697716158546,28.532999019837192],[-82.242730652884504,28.53298057476033]]},"properties":{"OBJECTID_1":247,"OBJECTID":311480,"QUADNUMBER":0,"ELEVATION":120,"ORGCONT":0,"DEPRESSION":1,"HILLTOP":0,"INTERVAL":0,"UNIT":" ","DATESTAMP":1078790400000,"ShapeSTLen":604.07997040227679,"Shape_Length":604.07997041225701}},{"type":"Feature","id":248,"geometry":{"type":"LineString","coordinates":[[-82.248059757389612,28.513558235443607],[-82.247925626877631,28.513622690506701],[-82.247835780735457,28.513718371683435],[-82.247808102504337,28.513768121754701],[-82.24775558109252,28.513890438025232],[-82.247750095126563,28.513913171888543],[-82.247744008523881,28.514012435084968],[-82.247762977036189,28.514066420538597],[-82.247879702584584,28.514286545088972],[-82.247922054228169,28.514358268650149],[-82.247932008203534,28.514376400339678],[-82.247973493517435,28.514461627314745],[-82.248030858301831,28.514515251192233],[-82.248048066337503,28.514519689115936],[-82.248140559557228,28.514536888657332],[-82.248255781051839,28.51445446697107],[-82.248284665107008,28.514409236282084],[-82.248349058148548,28.514304788997915],[-82.248380654255172,28.514250309666217],[-82.248393756763377,28.514191659187254],[-82.248438166829857,28.514096247514317],[-82.248459152137784,28.514064709036919],[-82.248504133521109,28.513973807140179],[-82.248511037358256,28.513942380129045],[-82.248536610094774,28.513824779814087],[-82.24852730070549,28.513806652402785],[-82.248515870074954,28.513761765192168],[-82.248418627346169,28.513681473302157],[-82.248353590434505,28.513627756223517],[-82.248335897624358,28.513614309265968],[-82.248223922505332,28.513574914262431],[-82.248196479646126,28.513570634918384],[-82.248173508420095,28.513566406054789],[-82.248059757389612,28.513558235443607]]},"properties":{"OBJECTID_1":248,"OBJECTID":311632,"QUADNUMBER":0,"ELEVATION":115,"ORGCONT":0,"DEPRESSION":1,"HILLTOP":0,"INTERVAL":0,"UNIT":" ","DATESTAMP":1078790400000,"ShapeSTLen":939.32465136768383,"Shape_Length":939.32465136749136}},{"type":"Feature","id":249,"geometry":{"type":"LineString","coordinates":[[-82.236512810025289,28.500279098676359],[-82.236515724191833,28.500256617835504],[-82.236824724424267,28.499942226631141],[-82.236880286414262,28.499869754005637],[-82.236899498777206,28.499828909871496],[-82.237031105523187,28.499525221426758],[-82.237043120228464,28.499258870510833],[-82.237011651003854,28.499186998038883],[-82.23695423841076,28.498979997613375],[-82.236938435140601,28.498889741271878],[-82.236942881659715,28.498812975881929],[-82.23696390943617,28.498700110981542],[-82.236981279974287,28.498654734821226],[-82.237009030060406,28.498600490295953],[-82.237066014849105,28.49851875156066],[-82.237268894898023,28.498277594209],[-82.237578153745488,28.497985998698972],[-82.237702846151024,28.49787190121399],[-82.237889534822784,28.49772143502916],[-82.238112196997164,28.497462641412735]]},"properties":{"OBJECTID_1":249,"OBJECTID":312364,"QUADNUMBER":0,"ELEVATION":105,"ORGCONT":0,"DEPRESSION":0,"HILLTOP":0,"INTERVAL":0,"UNIT":" ","DATESTAMP":1078790400000,"ShapeSTLen":27783.981753487311,"Shape_Length":1216.4296847203175}},{"type":"Feature","id":250,"geometry":{"type":"LineString","coordinates":[[-82.230482230698925,28.521859920467154],[-82.230559651890161,28.521899736083466],[-82.230604569308952,28.52193097225468],[-82.230615553076291,28.522003158658315],[-82.230614326746689,28.522039163553973],[-82.230601576217126,28.522075308023041],[-82.230531780715793,28.522157159420299],[-82.23036954661525,28.52221730454886],[-82.230327296435334,28.522217893230007],[-82.230256902987819,28.522218414098351],[-82.230071768850763,28.522152482709863],[-82.230049740640254,28.522129963999472],[-82.230053550336621,28.522053186615665],[-82.230229985516942,28.521907387604124],[-82.230327628908526,28.521883858485307],[-82.230400171439172,28.521869573117325],[-82.230482230698925,28.521859920467154]]},"properties":{"OBJECTID_1":250,"OBJECTID":312987,"QUADNUMBER":0,"ELEVATION":95,"ORGCONT":0,"DEPRESSION":0,"HILLTOP":0,"INTERVAL":0,"UNIT":" ","DATESTAMP":1078790400000,"ShapeSTLen":493.8104743829706,"Shape_Length":493.8104743874232}},{"type":"Feature","id":251,"geometry":{"type":"LineString","coordinates":[[-82.230749972128038,28.524903464982458],[-82.230872605214017,28.524956506010195],[-82.231043349704834,28.52508135971652],[-82.231102083337376,28.525207336827652],[-82.231102579619375,28.525333699039248],[-82.231101847150072,28.525378714833693],[-82.231033844240287,28.5255464299692],[-82.230915870884004,28.525678330993003],[-82.230842815167875,28.525724131122217],[-82.23072844881888,28.52575223324186],[-82.230580116200429,28.525744454194555],[-82.230462299140285,28.525709471559495],[-82.230385343845896,28.525601845460319],[-82.230348289009967,28.525480363782275],[-82.230351511057677,28.525322254256512],[-82.230351751183051,28.525268216718057],[-82.230372185316895,28.525114544624831],[-82.230506669600899,28.524950768563521],[-82.230627090549078,28.524904721275323],[-82.230749972128038,28.524903464982458]]},"properties":{"OBJECTID_1":251,"OBJECTID":313831,"QUADNUMBER":0,"ELEVATION":75,"ORGCONT":0,"DEPRESSION":0,"HILLTOP":0,"INTERVAL":0,"UNIT":" ","DATESTAMP":1078790400000,"ShapeSTLen":887.86518173353613,"Shape_Length":887.86518173513275}},{"type":"Feature","id":252,"geometry":{"type":"LineString","coordinates":[[-82.244022470604051,28.534498412923067],[-82.244279617103913,28.534505291267124],[-82.244382159335828,28.534535842532591],[-82.244521434359058,28.534629332141868],[-82.244538922297508,28.534656284429655],[-82.244640804896804,28.534727635384854],[-82.244890744786076,28.53482447055395],[-82.245058406150704,28.534904241478866],[-82.245140787149708,28.534993641685475],[-82.245169276718599,28.535052244590972],[-82.245197550697569,28.535124079888437],[-82.245226126348527,28.535177907407455],[-82.245144798856899,28.53525991058677],[-82.245057957072277,28.535287809946961],[-82.24497004684703,28.535302191321126],[-82.244844746021471,28.535294140941232],[-82.244738213064963,28.535272555719541],[-82.244641506537249,28.535237574525073],[-82.244490068396715,28.535144211619023],[-82.244439305775401,28.535117404940085],[-82.244081995175733,28.53497193687403],[-82.24387395457677,28.534856485376988],[-82.243806366314502,28.534762211338201],[-82.243809053054775,28.534635885206217],[-82.243882688449375,28.534554072586729],[-82.244022470604051,28.534498412923067]]},"properties":{"OBJECTID_1":252,"OBJECTID":313862,"QUADNUMBER":0,"ELEVATION":125,"ORGCONT":0,"DEPRESSION":0,"HILLTOP":0,"INTERVAL":0,"UNIT":" ","DATESTAMP":1078790400000,"ShapeSTLen":1153.9733969822723,"Shape_Length":1153.9733969846029}},{"type":"Feature","id":253,"geometry":{"type":"MultiLineString","coordinates":[[[-82.226556504528475,28.523659797552341],[-82.226513621295865,28.523660375277256],[-82.226435322677375,28.523674584248909],[-82.226374916530915,28.523729263479094],[-82.226346884702991,28.523760988941763],[-82.226318764990026,28.523797496993037],[-82.226229319449089,28.52390640425385],[-82.226207111942117,28.523933697577291],[-82.226124460974503,28.523979652829528],[-82.226078003637284,28.524002698531998],[-82.225979349903767,28.52404872544324],[-82.225842637249201,28.524113129626226],[-82.225717247262097,28.524150379430647],[-82.225549395261609,28.52420144419867],[-82.225457429241857,28.524229270985707],[-82.225376346574194,28.524257231250303],[-82.225350677308171,28.524261965143424],[-82.225279236980256,28.524325787640233],[-82.225140828482466,28.524611367702416],[-82.225097552582625,28.524674981000288],[-82.22504268241768,28.524742951080658],[-82.224968316750193,28.524829534586857],[-82.224889575781859,28.524870749793241],[-82.224639630104093,28.524972275098879],[-82.224588697840133,28.524995261819846],[-82.224415403743407,28.525105355903516],[-82.224320586330379,28.525151157806235],[-82.224272219479701,28.525174175364015],[-82.224198245091898,28.525197441806075],[-82.224051883115365,28.525225701198409],[-82.224033365739729,28.52522958205865]],[[-82.224925095983124,28.528077562254367],[-82.225011869568164,28.528033192658103],[-82.225207899092936,28.527981639695152],[-82.225358324309539,28.52793964218419],[-82.225389043360167,28.527939473010623],[-82.22547808619818,28.527934130421993],[-82.22564953523127,28.52793714020418],[-82.225687291550926,28.527936772487081],[-82.225808188364695,28.527940276615873],[-82.225888532474144,28.527957609789492],[-82.226009769150892,28.527979125847356],[-82.226035296027703,28.527983390281467],[-82.226103972124434,28.528009871798201],[-82.22612871511059,28.528023123102216],[-82.226189713736645,28.528049504561906],[-82.226243744174425,28.528071582570984],[-82.226314762483469,28.528111592594151],[-82.22633246721611,28.528125042372501],[-82.226478052735942,28.528222852479725],[-82.226576480716034,28.528307961137962],[-82.226634563624359,28.528356812116744],[-82.226647207823547,28.528365985045149],[-82.226791438368821,28.528585627593237],[-82.22682888556588,28.528644071509696],[-82.226891291746412,28.528701982851118],[-82.226947949168363,28.52871958685844],[-82.22700183998937,28.528750661204768],[-82.227162315654326,28.528798843610225],[-82.227257676143253,28.528798078629972],[-82.227389820698463,28.52877892442207],[-82.227508250721087,28.528737088175877],[-82.227564223951077,28.528718657804315],[-82.227674770665999,28.528649986157014],[-82.227684445707368,28.528645321043747],[-82.227758152617284,28.528599535964823],[-82.227852182155885,28.528562449682848],[-82.228128203290439,28.528510502045503],[-82.22815380140041,28.528510264146469],[-82.228224355816536,28.528500464334108],[-82.228452061298469,28.528507556624596],[-82.228498064393463,28.528511517256842],[-82.228611467935067,28.528542215627237],[-82.228678949041679,28.528564178888313],[-82.228728574875859,28.528581689317217],[-82.228781328880217,28.528603741390864],[-82.228907166512641,28.52865683650375],[-82.228952958744216,28.528674292852905],[-82.229104000947302,28.528673106065369],[-82.229136718652157,28.528668180005873],[-82.22931809480032,28.528612492328875],[-82.229364612143101,28.528584940906345],[-82.229537835344104,28.528479625834112],[-82.229574265186457,28.528443220402092],[-82.229682989976098,28.528329490554832],[-82.229727746488763,28.528292912188711],[-82.229806589048707,28.528206384424724],[-82.229815771345883,28.528192708244106],[-82.229874054639509,28.528110986837262],[-82.229880208260241,28.528047754313288],[-82.229873461919766,28.528029935333173],[-82.229842003553784,28.527957771847912],[-82.229699443929618,28.527909540651823],[-82.229646126519995,28.527882974534759],[-82.229504781909583,28.527838982114854],[-82.229348221477466,28.527786345477498],[-82.229230773788885,28.527728860217302],[-82.229160467278902,28.527684352313866],[-82.229104093978762,28.527648741488363],[-82.229031744386432,28.527572689971276],[-82.22900311110385,28.527523363560888],[-82.228945997215163,28.527415419886996],[-82.228919295138468,28.527366120882476],[-82.228881304479771,28.527262636839929],[-82.228876476615753,28.527244566429168],[-82.2288487315748,28.527140932467368],[-82.22883123374595,28.527037432831364],[-82.228820370383687,28.526879704424939],[-82.228823815919895,28.526825431400244],[-82.228829619550353,28.526744175995969],[-82.228836516748032,28.526635637151994],[-82.228850536402476,28.52659950697241],[-82.228919779582824,28.526395788958226],[-82.228932384117869,28.526368652151927],[-82.228953745264974,28.526314323661193],[-82.22897481531399,28.526278013747781],[-82.229041024992398,28.526142077962021],[-82.229054418613259,28.526105665477449],[-82.22903774925777,28.525911832170546],[-82.229033505667886,28.525857753469015],[-82.229027158131473,28.525776616887406],[-82.229042162403715,28.525641163541476],[-82.229057107918095,28.525510213008825],[-82.229037923645009,28.525469727205412],[-82.229009297480488,28.525420120136427],[-82.228930113793069,28.525371277737367],[-82.228497612054284,28.52524874329503],[-82.228183630996853,28.525156968922168],[-82.228061782704813,28.525094929537104],[-82.228006052813924,28.52505933159274],[-82.227891346237769,28.524952062481596],[-82.227844869782203,28.524898285573851],[-82.227830022269643,28.524866865434497],[-82.227753956848218,28.524704932991721],[-82.227703818507621,28.524601573608368],[-82.227666819568782,28.524516401579284],[-82.227622946514217,28.524498682588149],[-82.22755333628939,28.524490207041215],[-82.227373812054196,28.524433335725472],[-82.227113136328882,28.524291020219056],[-82.226842752222893,28.523959747858271],[-82.226764334075696,28.523825080517767],[-82.226749982433148,28.523802674791472],[-82.226671756146743,28.523695021588512],[-82.226556504528475,28.523659797552341]]]},"properties":{"OBJECTID_1":253,"OBJECTID":314886,"QUADNUMBER":0,"ELEVATION":65,"ORGCONT":0,"DEPRESSION":1,"HILLTOP":0,"INTERVAL":0,"UNIT":" ","DATESTAMP":1078790400000,"ShapeSTLen":7738.9296498702997,"Shape_Length":5123.5560115267681}},{"type":"Feature","id":254,"geometry":{"type":"MultiLineString","coordinates":[[[-82.223695201192371,28.522432011701863],[-82.223713554886359,28.52243987071752],[-82.223889947311847,28.522609835340948],[-82.223953642598445,28.522627530994871],[-82.224036061334289,28.522635604677344],[-82.22411536835331,28.522598897158844],[-82.224132874175098,28.522585047903288],[-82.224201109537674,28.522521470406431],[-82.224368688359007,28.522330254912713],[-82.224449815802501,28.522221253407604],[-82.224716522656877,28.522033825965135],[-82.224879916843847,28.52194218013873],[-82.224991133821362,28.521832708004144],[-82.225194820670652,28.521546560508899],[-82.22533842512091,28.521256538420733],[-82.225460804468852,28.521129205232899],[-82.225495804627826,28.521101786117409],[-82.225564947842685,28.521060449326843],[-82.225695184279104,28.521000742969072],[-82.225985860028217,28.520912404371987],[-82.226004152238559,28.520889559852527],[-82.225987305834536,28.520745257136554],[-82.225916816958602,28.520673726943546],[-82.225659102269006,28.52058576111239],[-82.225270610836674,28.520512460103394],[-82.22522979952106,28.520503784001594],[-82.225107016330782,28.52046001691858],[-82.225035931432828,28.520424500908327],[-82.224927524985176,28.520362335311855],[-82.224872291810712,28.520335748786849],[-82.224773783691361,28.52025542495188],[-82.224727019078458,28.520219656488312],[-82.224667038545206,28.520170493734589],[-82.22424262020246,28.519673475273944],[-82.224174456495291,28.519615489095578],[-82.224144606286927,28.519602165527047],[-82.224046123263193,28.51959837567286],[-82.223870719593037,28.519681429185923],[-82.223658022715057,28.519814099990615],[-82.223645021294516,28.519826276037737]],[[-82.223644444451836,28.520275767844005],[-82.223652968712614,28.520278939104937],[-82.223700448875078,28.520310209452429],[-82.223701610276024,28.520395777318519],[-82.223644222506422,28.520448981364694]]]},"properties":{"OBJECTID_1":254,"OBJECTID":315983,"QUADNUMBER":0,"ELEVATION":80,"ORGCONT":0,"DEPRESSION":0,"HILLTOP":0,"INTERVAL":0,"UNIT":" ","DATESTAMP":1078790400000,"ShapeSTLen":11010.528847386049,"Shape_Length":2132.8028645304789}},{"type":"Feature","id":255,"geometry":{"type":"LineString","coordinates":[[-82.249824245999903,28.519682994372008],[-82.250303373881266,28.519808749903866],[-82.250383909288118,28.519881629465381],[-82.250445643084802,28.519994195529765],[-82.250434888923607,28.520097870812048],[-82.25034231544339,28.520208506898648],[-82.250048518548141,28.520412459794393],[-82.249704924986276,28.520488151760016],[-82.249651737474153,28.520493395595732],[-82.24955005498667,28.520489594021576],[-82.249466004954542,28.520463496356861],[-82.249340029770792,28.52041943042666],[-82.249293234338651,28.520424480116617],[-82.249160246169097,28.520457148150545],[-82.249104916256201,28.520475880394482],[-82.249025128424805,28.520503579867352],[-82.248944677326961,28.520572093722969],[-82.248907254329666,28.520631003519462],[-82.248852245623922,28.520708271308745],[-82.248750887035456,28.520803806263121],[-82.248681328070248,28.520831640205028],[-82.248657506249529,28.520840911219715],[-82.248552117391611,28.520828620976744],[-82.248484937242424,28.52078867057417],[-82.24846169950915,28.52076164442828],[-82.248430226263551,28.520689765872302],[-82.248424278030228,28.520622156570354],[-82.248422102568284,28.520558808476693],[-82.248421896202842,28.5205317889355],[-82.248414117992056,28.520260972322394],[-82.248415564407992,28.520211174485002],[-82.248418365935834,28.520116650174],[-82.248450766466121,28.520012371493063],[-82.248498852161632,28.519966820532538],[-82.248526805139548,28.519939587059909],[-82.248581224894821,28.519898336806619],[-82.248676944188787,28.519875047086646],[-82.248715065618057,28.519852168646132],[-82.248859638394222,28.519814576467937],[-82.248982585527756,28.519809076086219],[-82.24907346268121,28.519808240877445],[-82.2492449044842,28.519810943929549],[-82.249382497139976,28.519809849555795],[-82.249419490703218,28.51977794589499],[-82.249459185186367,28.519736796315041],[-82.24955855019536,28.519645725696936],[-82.249630724374242,28.519654232192117],[-82.249714857737629,28.519635300617495],[-82.249763053224598,28.519661788895725],[-82.249824245999903,28.519682994372008]]},"properties":{"OBJECTID_1":255,"OBJECTID":316400,"QUADNUMBER":0,"ELEVATION":75,"ORGCONT":0,"DEPRESSION":1,"HILLTOP":0,"INTERVAL":0,"UNIT":" ","DATESTAMP":1078790400000,"ShapeSTLen":1810.0100989633736,"Shape_Length":1810.0100989624652}},{"type":"Feature","id":256,"geometry":{"type":"LineString","coordinates":[[-82.257998043574617,28.528241228553128],[-82.258080241153721,28.528263077946821],[-82.25812958650171,28.528298588090376],[-82.258155959783451,28.528330147184974],[-82.258211761657122,28.528401762365483],[-82.258266649084803,28.528690047187084],[-82.258262493564771,28.52878934031413],[-82.258261842360341,28.528829851512278],[-82.258253418312577,28.528915860281131],[-82.258197408161195,28.529056155360887],[-82.258183613592635,28.529078783564128],[-82.258128045619728,28.529151537112956],[-82.258055275956991,28.529219865725256],[-82.2579088349394,28.529293470353934],[-82.257866939682216,28.529312082291565],[-82.257792404153278,28.529330857228242],[-82.257593080757289,28.529310087960685],[-82.25754600262016,28.529292336027531],[-82.257471843124108,28.529248077540046],[-82.257428262748135,28.529212361331354],[-82.257389601307111,28.529149404764624],[-82.25733325188493,28.528991954544889],[-82.25732769880544,28.528779972198308],[-82.257331777599461,28.528725710863775],[-82.25736408543726,28.52862621373302],[-82.257412537411312,28.528558146327242],[-82.257451666251313,28.528512476582662],[-82.257624525689721,28.528348591255988],[-82.257848698541309,28.528256259175542],[-82.257998043574617,28.528241228553128]]},"properties":{"OBJECTID_1":256,"OBJECTID":316784,"QUADNUMBER":0,"ELEVATION":130,"ORGCONT":0,"DEPRESSION":0,"HILLTOP":0,"INTERVAL":0,"UNIT":" ","DATESTAMP":1078790400000,"ShapeSTLen":1114.3815912130642,"Shape_Length":1114.381591213468}},{"type":"Feature","id":257,"geometry":{"type":"LineString","coordinates":[[-82.2347351069496,28.517958477357986],[-82.234754010637317,28.517976167738283],[-82.234759378752301,28.518039560222935],[-82.234738929248095,28.518116408026426],[-82.234718848749495,28.518170750600934],[-82.234669429662219,28.518180253782237],[-82.234629249897466,28.518171592944814],[-82.234588817383099,28.518140127461649],[-82.234564738938985,28.518086355635397],[-82.234571795167682,28.518045632166125],[-82.234603893467536,28.518000168731906],[-82.234666558196551,28.517963532519676],[-82.2347351069496,28.517958477357986]]},"properties":{"OBJECTID_1":257,"OBJECTID":317561,"QUADNUMBER":0,"ELEVATION":80,"ORGCONT":0,"DEPRESSION":0,"HILLTOP":0,"INTERVAL":0,"UNIT":" ","DATESTAMP":1078790400000,"ShapeSTLen":229.98036750566223,"Shape_Length":229.98036750724575}},{"type":"Feature","id":258,"geometry":{"type":"LineString","coordinates":[[-82.229861863337291,28.516860853567952],[-82.229687569240681,28.516876093927277],[-82.22963893934174,28.516876327718983],[-82.229453593503635,28.516941246358549],[-82.229398113806852,28.516968969978212],[-82.229358932186443,28.516978322201886],[-82.229279972557833,28.517033043999337],[-82.229250729710998,28.517060539203818],[-82.229105540510758,28.517174644356029],[-82.228937138851066,28.517338555745738],[-82.228794383968108,28.517421175294317],[-82.228727242652951,28.517457757691353],[-82.228501608012351,28.517599836878603],[-82.228370958975702,28.517646028529818],[-82.22822979910832,28.517669850421786],[-82.228007069803979,28.517712623961557],[-82.227988504781635,28.51771267406356],[-82.227875633678224,28.517767810174828],[-82.227806000104977,28.517800136305059],[-82.22770419161327,28.517882152762223],[-82.227697132734377,28.517922866867504],[-82.227668802924242,28.517972880134987],[-82.227658585795226,28.518049580712621],[-82.227665805902163,28.518117214140325],[-82.227722074198439,28.518197845826819],[-82.227755965984471,28.518238235928109],[-82.227864192901706,28.518350202958899],[-82.227985155446788,28.518466268658496],[-82.228008461555888,28.518488790990201],[-82.22808769880082,28.518573663814788],[-82.228128191999431,28.518758502545811],[-82.228126642932509,28.51885331859642],[-82.228093463634039,28.518925786026458],[-82.22802708686072,28.519111247200918],[-82.227926938147974,28.51928812139445],[-82.227883513789592,28.519360734992063],[-82.227872584661654,28.519442216508068],[-82.227864344277009,28.51955495630353],[-82.227846476986741,28.519826018576438],[-82.227826501512254,28.519952400807906],[-82.227801096242629,28.520097011469723],[-82.227788688767404,28.520151456557887],[-82.227774366013179,28.520205585423891],[-82.227707789453476,28.520364305632317],[-82.227677811378328,28.52043681630937],[-82.227643130829392,28.520522771738605],[-82.22759777191969,28.520635893121057],[-82.227595178636079,28.520676665596117],[-82.227584337626638,28.520870711361052],[-82.227578945457239,28.520965473358217],[-82.227575477156392,28.521060272737053],[-82.227570680560277,28.521236375983928],[-82.227573658188007,28.521249925180467],[-82.227586410341459,28.521331137786628],[-82.227627563263013,28.521357824392947],[-82.22764133213883,28.521416255489399],[-82.22781995981795,28.52141007546474],[-82.228089837717889,28.521380559793784],[-82.228116860402011,28.521371324902415],[-82.228199564176876,28.52136167796294],[-82.228347425589092,28.521319646258377],[-82.228391082911202,28.521310350868443],[-82.228505029168844,28.521268452701442],[-82.228565777158337,28.521231792750363],[-82.228652570941961,28.521167884923546],[-82.228700594705955,28.521126834741988],[-82.228761558595735,28.52107666978511],[-82.228826369104183,28.521026553365378],[-82.22885211453999,28.52101731326032],[-82.229034332756484,28.520947845664672],[-82.229068888268742,28.520947724242774],[-82.22914945626988,28.520951273571487],[-82.229187756596914,28.520996224450645],[-82.229221951961634,28.521135676226756],[-82.229363385613482,28.521134367344604],[-82.22943693443932,28.521097583428244],[-82.22949356956272,28.521038638380212],[-82.229520891643332,28.521011124723852],[-82.229566157168847,28.520943025572581],[-82.229604033168386,28.520857112087821],[-82.229608384268275,28.520708015928935],[-82.229610995234779,28.520626718895386],[-82.229660830058208,28.520513657861976],[-82.229711343971573,28.520476863102392],[-82.22978710496983,28.520422095950771],[-82.2299453725836,28.520330381423086],[-82.230128027820712,28.52023391424089],[-82.230194910014191,28.520174816187165],[-82.230235466553339,28.520120169786846],[-82.230291390622767,28.520065438674351],[-82.230369636352989,28.520015204898773],[-82.230444953792386,28.519987455364586],[-82.230521973055502,28.519973229113596],[-82.230707594229614,28.519930825777433],[-82.230745199315422,28.519939743899027],[-82.230806418370577,28.519952619303407],[-82.230886754153147,28.519969953186056],[-82.230978617007921,28.519987151924227],[-82.231096558893867,28.52005364759134],[-82.231149796306852,28.520084999379602],[-82.231233760491335,28.52011560224166],[-82.231251672059969,28.52011554739266],[-82.231357344510101,28.520110131158223],[-82.231482284033774,28.52009988151968],[-82.231655251814345,28.52004859226339],[-82.231684147553295,28.520003365986494],[-82.231696846720453,28.519930921798615],[-82.231674810068156,28.51990869210999],[-82.23153806822873,28.519778926491483],[-82.231516827272088,28.519747701707491],[-82.231492827427331,28.519689146760658],[-82.231482453640169,28.519540427531147],[-82.231510660072033,28.519458888325769],[-82.231522549614382,28.519436243467268],[-82.231611586299636,28.519273014674987],[-82.231625403103067,28.519250119278006],[-82.231656929206352,28.519200137650078],[-82.231670284118266,28.519087460200048],[-82.231691074664454,28.518911277171725],[-82.23170608739062,28.518892890569674],[-82.231758242084737,28.51883388814235],[-82.231776039955918,28.518802028317989],[-82.23186006967849,28.518828414915088],[-82.232010837878889,28.518921779879257],[-82.232165368814378,28.519019693302578],[-82.232205616503279,28.519023860149989],[-82.232268482852561,28.519014236519844],[-82.232338456710153,28.518999919319551],[-82.232423989740639,28.518895467786312],[-82.232438500994718,28.518868359854917],[-82.232453289517352,28.518746408235916],[-82.232485816035705,28.518556577726468],[-82.232504223621149,28.518447897972479],[-82.232540441598857,28.518267123418578],[-82.232601232341068,28.518149410774853],[-82.232643092494939,28.518054256763723],[-82.232670484830422,28.518022236918348],[-82.232766765327824,28.517886126780009],[-82.232812029479391,28.517818024727667],[-82.232957582268284,28.517681122574576],[-82.233042082022223,28.517639975821965],[-82.233066550211831,28.517630719964576],[-82.233139379830945,28.517598423559203],[-82.233324867149989,28.517524500530218],[-82.233385456436125,28.517496837821511],[-82.233432199653791,28.517455781842738],[-82.233492105712159,28.517392084941275],[-82.23348943680827,28.517320013474997],[-82.233474887587562,28.517270298275189],[-82.233436733106331,28.51721662712513],[-82.233387410758027,28.517180830835496],[-82.2333317961955,28.517177039933443],[-82.233179784775146,28.517160204982233],[-82.23314764469059,28.51716964998278],[-82.233046231569418,28.517188630725872],[-82.233016653153697,28.517197823155715],[-82.232887877826158,28.517208028433295],[-82.232779078329273,28.517208905169539],[-82.232724041673336,28.517209612142459],[-82.232413139472754,28.517126619232492],[-82.232360812372761,28.51711807775645],[-82.232043983272362,28.517202172243106],[-82.231784637753137,28.517254055134362],[-82.231674195140428,28.517277709989607],[-82.231338555177445,28.517298804899781],[-82.231305931807526,28.517298956991876],[-82.231172174921909,28.517300355878252],[-82.230938021369909,28.517297964898244],[-82.230689153510113,28.517295673392738],[-82.230575678245131,28.517269470481299],[-82.230510137971166,28.517247538192567],[-82.230389280615839,28.517203522637843],[-82.230340295310157,28.51718601438693],[-82.230229136337456,28.517096809731687],[-82.230042706310115,28.516954027309012],[-82.229982152492653,28.516900359713198],[-82.229861863337291,28.516860853567952]]},"properties":{"OBJECTID_1":258,"OBJECTID":317967,"QUADNUMBER":0,"ELEVATION":65,"ORGCONT":0,"DEPRESSION":1,"HILLTOP":0,"INTERVAL":0,"UNIT":" ","DATESTAMP":1078790400000,"ShapeSTLen":6547.9408783739918,"Shape_Length":6547.9408783660556}},{"type":"Feature","id":259,"geometry":{"type":"LineString","coordinates":[[-82.225992530143628,28.508064323367201],[-82.226118925036246,28.508081396752001],[-82.226225323827194,28.508148036950033],[-82.226329634723896,28.508264454208497],[-82.226499527138841,28.508438836488747],[-82.226680517176177,28.508599841639878],[-82.226857139630994,28.508715488154721],[-82.226951185593947,28.508755236687591],[-82.226973528701734,28.508836282798683],[-82.226942988973846,28.508904284414946],[-82.22681587596297,28.509009046581209],[-82.226706517608122,28.509123050663472],[-82.226669286975721,28.509208973233076],[-82.226648953343144,28.509317627601423],[-82.226646466936117,28.509430440912606],[-82.226602983806188,28.509507559727982],[-82.226536821994259,28.509562165692273],[-82.226382389593937,28.509577096161724],[-82.226245467650244,28.509537933872146],[-82.226086669857551,28.509466974715156],[-82.225961612794876,28.509445690522721],[-82.22583676495745,28.509451151539466],[-82.225758366840196,28.509510668200914],[-82.225672202343674,28.509615102289381],[-82.225658563999332,28.509705554001194],[-82.225615792719793,28.509778180320041],[-82.225539074894286,28.509774394171021],[-82.225380763635997,28.5095953759967],[-82.22537983021401,28.509496023327838],[-82.225408705494203,28.509373972217148],[-82.225447131304222,28.509215453897912],[-82.225420565491476,28.509157145656125],[-82.225355735802466,28.509130715043209],[-82.225214738043192,28.509145534377943],[-82.225098911713815,28.509146606071081],[-82.22503977308709,28.509124467386101],[-82.224989540190734,28.50906613778994],[-82.224995566492268,28.508971378282418],[-82.225037434010503,28.508876225558378],[-82.225200561457257,28.508721536056729],[-82.225475700678203,28.50852493405899],[-82.225499029657229,28.508506655233276],[-82.225652407802386,28.508360855982133],[-82.225686839424995,28.50832892777786],[-82.225799421663382,28.508174442396314],[-82.225867078830305,28.508106068032941],[-82.225930454470884,28.508064946333349],[-82.225992530143628,28.508064323367201]]},"properties":{"OBJECTID_1":259,"OBJECTID":318848,"QUADNUMBER":0,"ELEVATION":100,"ORGCONT":0,"DEPRESSION":1,"HILLTOP":0,"INTERVAL":0,"UNIT":" ","DATESTAMP":1078790400000,"ShapeSTLen":2055.7406273092001,"Shape_Length":2055.7406273115707}},{"type":"Feature","id":260,"geometry":{"type":"LineString","coordinates":[[-82.249824842920049,28.520789643183225],[-82.249838426232429,28.520780239197791],[-82.250076228721213,28.520556956866177],[-82.250419969481044,28.520350736305907],[-82.250540446540626,28.520300188424756],[-82.250735469749358,28.520190050764114],[-82.250800124369661,28.52014864267889],[-82.250928036516484,28.51999405079777],[-82.250942437298605,28.519894609778952],[-82.250904212307063,28.519804924688501],[-82.250843357944504,28.519769266162054],[-82.250724334992043,28.519729792455315],[-82.250436719638913,28.519669353036004],[-82.250187039621864,28.519558742066216],[-82.25013215818278,28.519509652493952],[-82.250095055557495,28.519469227910324],[-82.250038565922736,28.519361586065354],[-82.249925496323002,28.519191034584694],[-82.249901547546273,28.519168789726528],[-82.249825556194068,28.519119714488529],[-82.249710005918473,28.519102797625202],[-82.249575983015504,28.519081423608629],[-82.249549741559292,28.519081655888176],[-82.249416848429306,28.519069303124166],[-82.24928203116572,28.519057212734346],[-82.248745042151512,28.51902602006092],[-82.2487169501089,28.519021729387365],[-82.248476913529771,28.518987771956795],[-82.248307186820682,28.518957786798293],[-82.248209637225372,28.518936031654519],[-82.248081657751811,28.518896717259327],[-82.24794360631887,28.518807758564638],[-82.247866477362734,28.51874966622729],[-82.247678739300824,28.518607174023074],[-82.247612846496423,28.518566948312593],[-82.247593858125882,28.518553765313555],[-82.247415947776474,28.518555200192708],[-82.247340429801028,28.518555945871562],[-82.247166088764743,28.518534911761002],[-82.247064550342571,28.518522386855082],[-82.246989459241391,28.51853664152663],[-82.246930413981701,28.51858684092953],[-82.246904382701757,28.518614094950639],[-82.246872784176432,28.518668851840903],[-82.246837055433261,28.51874129233445],[-82.246742623436603,28.518922759232808],[-82.246690330110724,28.518991046478714],[-82.246633926615573,28.519036494600918],[-82.246585982030595,28.519073042823571],[-82.246551208948361,28.519086954272534],[-82.246436716610518,28.519124079774798],[-82.246344751008991,28.519152198603223],[-82.246172453197829,28.51916270652778],[-82.246135415055903,28.519158587635292],[-82.246023566645235,28.519150434463672],[-82.24587459210403,28.51914293762432],[-82.245765874384617,28.519139332728329],[-82.245662402451075,28.519167301364632],[-82.245591481970934,28.519240147145535],[-82.24557390514515,28.519258495690419],[-82.245556740613807,28.519330891462292],[-82.245539793394883,28.519389497147387],[-82.245547706772456,28.519493432501008],[-82.245562713677188,28.519673733423605],[-82.24557690559871,28.519745670971854],[-82.245572886164339,28.519835953696624],[-82.245565132495813,28.519998516774031],[-82.245558132137603,28.520075253413051],[-82.245519192433292,28.520188462947559],[-82.245490720717456,28.520247490087868],[-82.245465252831579,28.520279248237959],[-82.245373062667539,28.52036139493006],[-82.245207052027666,28.520457530371242],[-82.245117878018249,28.520471894248256],[-82.244980495990333,28.520459760010247],[-82.2447428637455,28.520434835902222],[-82.244412367867682,28.52057337196133],[-82.24428257588221,28.520606084520804],[-82.244051747699416,28.520635276150067],[-82.243957495653603,28.520726394931003],[-82.243955304108809,28.520861733089241],[-82.244062270556711,28.520973670405077],[-82.244363904963734,28.521155865500099],[-82.244499157722032,28.521299113604844],[-82.244494136915804,28.521411899042274],[-82.24443379589566,28.521502604295986],[-82.244234587329004,28.521594668220001],[-82.243982817686813,28.521691693520612],[-82.243865788864966,28.521805612159508],[-82.24386951534143,28.521891490984562],[-82.244010081035086,28.52194419470997],[-82.244274744038094,28.521959882868934],[-82.244688171759861,28.522113932231626],[-82.245297443199874,28.522108330819663],[-82.245419544960299,28.522075812555336],[-82.245550518530777,28.521930266247331],[-82.245723972924949,28.521730100543358],[-82.245967157519601,28.521569924088478],[-82.246196746919964,28.521459386553484],[-82.246439468969243,28.521407545125477],[-82.246573802807504,28.521370102983408],[-82.247042776518853,28.521334318425307],[-82.247456852673793,28.521330490558736],[-82.247764422843034,28.521264547653111],[-82.248065889753079,28.521180513187637],[-82.24828925412821,28.521137991673388],[-82.248496245988292,28.521158590124617],[-82.248816658977219,28.521169065585585],[-82.249152667571465,28.521125137089363],[-82.249475406273021,28.520991273426034],[-82.249824842920049,28.520789643183225]]},"properties":{"OBJECTID_1":260,"OBJECTID":321453,"QUADNUMBER":0,"ELEVATION":80,"ORGCONT":0,"DEPRESSION":1,"HILLTOP":0,"INTERVAL":0,"UNIT":" ","DATESTAMP":1078790400000,"ShapeSTLen":6132.1050016637955,"Shape_Length":6132.1050016616446}},{"type":"Feature","id":261,"geometry":{"type":"LineString","coordinates":[[-82.248930088892266,28.520048750290716],[-82.248980849850966,28.520075281066507],[-82.249007859308733,28.520106566516887],[-82.24898899377466,28.520165431498135],[-82.248953782483923,28.520206360672983],[-82.248923829080837,28.520238353273154],[-82.248811635400699,28.520370053495981],[-82.248741939520812,28.52040689586358],[-82.248710285872079,28.520425356304013],[-82.24862177576523,28.520398922485391],[-82.248616392758592,28.520335819385121],[-82.248627066659395,28.520308653604683],[-82.248638949561965,28.520286007278415],[-82.248654558460288,28.520191080539394],[-82.248680673119793,28.520159332342018],[-82.248725556806846,28.520113736631657],[-82.248786584799078,28.520059060790636],[-82.248841137765169,28.520049326512307],[-82.248930088892266,28.520048750290716]]},"properties":{"OBJECTID_1":261,"OBJECTID":323013,"QUADNUMBER":0,"ELEVATION":70,"ORGCONT":0,"DEPRESSION":1,"HILLTOP":0,"INTERVAL":0,"UNIT":" ","DATESTAMP":1078790400000,"ShapeSTLen":405.47199159535882,"Shape_Length":405.47199159710374}},{"type":"Feature","id":262,"geometry":{"type":"LineString","coordinates":[[-82.233020139286566,28.5157266131237],[-82.233094801398138,28.515739376029149],[-82.233150447656186,28.515779755446246],[-82.233199929686322,28.515806274502872],[-82.233192418591642,28.515873996091443],[-82.233197942985541,28.515928100510106],[-82.23318381745662,28.516009538332867],[-82.233108847614318,28.516055300588771],[-82.233052166566935,28.516078226357667],[-82.232995769373744,28.516083430374689],[-82.232928531305618,28.516047966916645],[-82.23284764707148,28.515985314656579],[-82.232836955545011,28.51589540933735],[-82.232882092773252,28.51579551317737],[-82.2329448963837,28.515749870259185],[-82.233020139286566,28.5157266131237]]},"properties":{"OBJECTID_1":262,"OBJECTID":323478,"QUADNUMBER":0,"ELEVATION":65,"ORGCONT":0,"DEPRESSION":1,"HILLTOP":0,"INTERVAL":0,"UNIT":" ","DATESTAMP":1078790400000,"ShapeSTLen":391.47434326257417,"Shape_Length":391.47434326238891}},{"type":"Feature","id":263,"geometry":{"type":"LineString","coordinates":[[-82.249809708470053,28.5166514844368],[-82.249448589545139,28.51678571084458],[-82.24916152116532,28.516810834687305],[-82.248903579377611,28.516736417907417],[-82.24871313989577,28.516602895060455],[-82.248675652518784,28.516467910022957],[-82.248726159219871,28.516232713284388],[-82.248852771417177,28.515920224519743],[-82.249050896538463,28.515656767247858],[-82.249141559671799,28.515470755955128],[-82.248991825843007,28.515273583823944],[-82.248813384088947,28.515189455334486],[-82.248528217752607,28.515097246409223],[-82.248354645285445,28.515108028308887],[-82.248206927539812,28.5151815987406],[-82.247923646026337,28.515369140379512],[-82.247538957674436,28.51557567386503],[-82.247360241579074,28.515627197707786],[-82.247302930457209,28.515650116118287],[-82.246935867374432,28.515676201958644],[-82.246374158983116,28.515631464388917],[-82.24624040862669,28.51563288891581],[-82.246120948103083,28.515660944624379],[-82.245904407342607,28.515717048613194],[-82.245497110905902,28.515896841839481],[-82.245362411719526,28.51595678726148],[-82.245264223872994,28.515935016693632],[-82.245188007342634,28.515899729826284],[-82.245156813607863,28.515850375280372],[-82.245191043917615,28.515633541291589],[-82.245347279685376,28.515428936757051],[-82.245401782121249,28.515342658578824],[-82.245418210237375,28.515315568359902],[-82.245453444293659,28.515233834901156],[-82.245486196176074,28.515147857657102],[-82.24549224480235,28.515129633713823],[-82.245563549443219,28.514479328883059],[-82.245698179371189,28.513909454975025],[-82.245731080800383,28.513773662290362],[-82.245755182087763,28.51362903436646],[-82.245767499497845,28.513421499708194],[-82.245721405502636,28.513106011630679],[-82.245560937737437,28.512583943334704],[-82.245539141732749,28.512507410243749],[-82.245534310703022,28.512489340400542],[-82.245308522261666,28.511575281857414],[-82.245275283108697,28.511494384850636],[-82.245247888983954,28.51136824159483],[-82.245009243430488,28.510932711741365],[-82.244998753321994,28.510671151191062],[-82.245035852134393,28.510553417890623],[-82.2451719313176,28.510407933840025],[-82.245606938482467,28.510214421755865],[-82.245645780555492,28.51018676581392],[-82.245732692444918,28.510113844998902],[-82.246148057985138,28.509433226810557],[-82.246206993987627,28.509112300365299],[-82.246158856734766,28.508963669467825],[-82.246126031197974,28.508896287285939],[-82.24608434283526,28.508784040963359],[-82.246073552642542,28.508738877130835],[-82.246029195768855,28.508554273465791],[-82.246011601879587,28.508455280522384],[-82.246026226559422,28.50818417546105],[-82.246082474581044,28.507989575672909],[-82.246210329075723,28.507758441735604],[-82.246274428989281,28.507672005878334],[-82.246435416667467,28.507449448069686],[-82.24664723831539,28.50724891171447],[-82.246698413645788,28.50713107295973],[-82.246707730376144,28.507108398034372],[-82.246716576355851,28.507036184937672],[-82.246673479663912,28.506021134466032],[-82.246669525196992,28.505949041144856],[-82.246713453969463,28.505646220157423],[-82.246858919049643,28.505117004529044],[-82.247034419522379,28.504867329223295],[-82.247100781861533,28.504798930433235],[-82.247110524099014,28.504789771007918],[-82.247468136079263,28.504475110492223],[-82.247533224038264,28.504406694860378],[-82.247575954875259,28.504374866022196],[-82.247889525289608,28.50413283178651],[-82.248387314651538,28.503694974157728],[-82.248919488994744,28.50330651227053],[-82.249343444615633,28.502725057202419],[-82.249363721270853,28.502697731114324],[-82.24945312966085,28.502588531507605],[-82.249528590993009,28.502511239301235],[-82.249640416562599,28.502361238329694],[-82.24981004032685,28.502197317863065]]},"properties":{"OBJECTID_1":263,"OBJECTID":323817,"QUADNUMBER":0,"ELEVATION":115,"ORGCONT":0,"DEPRESSION":0,"HILLTOP":0,"INTERVAL":0,"UNIT":" ","DATESTAMP":1078790400000,"ShapeSTLen":7900.5096074868889,"Shape_Length":7900.5096075000365}},{"type":"Feature","id":264,"geometry":{"type":"LineString","coordinates":[[-82.249810038892804,28.518018899452144],[-82.250094803430386,28.517898910048757],[-82.250632095308205,28.517672888701135],[-82.250771784819264,28.517581195066434],[-82.250888444255594,28.517449262068766],[-82.250936745046715,28.517390204388523],[-82.251067635222711,28.517249158301365],[-82.251162380568914,28.517167038207354],[-82.251308892976894,28.517088946043337],[-82.251553087574749,28.517023610786346],[-82.251640980706711,28.517009225215499],[-82.25186354018112,28.517016220230232],[-82.252010512844294,28.517028464192894],[-82.252388683440088,28.517146588944051],[-82.252481113745731,28.517168291054382],[-82.252521922876895,28.517176958974769],[-82.252641672008025,28.517171414315527],[-82.253123513596961,28.517090181435098],[-82.253206208573957,28.517080519307765],[-82.25323813046451,28.517084855156497],[-82.253447894955443,28.517091691853715],[-82.253678405924589,28.517161822635007],[-82.253939778312414,28.517181964792734],[-82.254281599676702,28.517133873715323],[-82.255179090400205,28.51694946194953],[-82.255282625953683,28.516957502297874],[-82.255326836019648,28.516993231637301],[-82.255315804633682,28.517042910411266],[-82.255263302042465,28.517124705888278],[-82.25518184616142,28.517215722682749],[-82.255020953135855,28.517393257736593],[-82.25496481163826,28.517502035633882],[-82.254954277351359,28.517520194410363],[-82.254856977319022,28.518039885126246],[-82.254848147923596,28.518071579531171],[-82.254832335845975,28.518139480226761],[-82.254783227293856,28.518288873085385],[-82.254716688720478,28.518447322987061],[-82.254603618032903,28.518674147975847],[-82.254355836941102,28.519001440826763],[-82.254107401449062,28.519211103415635],[-82.253869964243364,28.519411889352082],[-82.253566417505681,28.519784923903796],[-82.253507658422762,28.519857642808926],[-82.253386811616878,28.519971521706534],[-82.253020016374236,28.520218536418295],[-82.252549416508586,28.520434993815474],[-82.252028011012811,28.520548096837636],[-82.251959391453951,28.52055765545369],[-82.251023498277675,28.520661079787683],[-82.250622471642203,28.520768638319897],[-82.250427665644821,28.520865268163377],[-82.250237827238038,28.521011486147504],[-82.249960957542754,28.521316189125592],[-82.249930292402965,28.521352671531769],[-82.249855035499337,28.521416453472522],[-82.24981014765882,28.521462045945821],[-82.249631619672172,28.52158110957475],[-82.249358298742237,28.521705457885439],[-82.2492200431724,28.52174763286072],[-82.248928486242804,28.52177269771218],[-82.248716790910393,28.521765835057924],[-82.248265601132289,28.521611892242451],[-82.248009547027621,28.521578296259545],[-82.247817392843544,28.521629647617559],[-82.24762686213333,28.521699022857732],[-82.247418360804446,28.521732437693682],[-82.247186118097986,28.521730093839668],[-82.24671169052246,28.521707283990725],[-82.246359535224499,28.521760280877842],[-82.246137990428451,28.521848128099489],[-82.245881272879174,28.522053444955155],[-82.245838652156152,28.52211707807967],[-82.245756466275083,28.522253105073069],[-82.245732402002147,28.522316684742957],[-82.245723921864794,28.522366383372798],[-82.245722458804138,28.52245670475611],[-82.245772473079001,28.522569054990623],[-82.245755501584412,28.522668464001576],[-82.245687211933401,28.522736555085199],[-82.245605353644422,28.522773524313873],[-82.245449179423716,28.522815463462344],[-82.245354531008687,28.522812034961973],[-82.245329714873307,28.522802994936047],[-82.245268553736409,28.522668280114214],[-82.245249000713642,28.522650580661782],[-82.245131110401175,28.522619838371863],[-82.244899984210051,28.522667318977668],[-82.244861434338318,28.522676688063783],[-82.24468572378035,28.522700663308846],[-82.24462457283127,28.522683288630446],[-82.244536203513377,28.522647852790541],[-82.244258608353945,28.522442883865189],[-82.244082558866523,28.522408314585135],[-82.243996939890579,28.522400206480953],[-82.243903426620534,28.522405503343577],[-82.243799315520718,28.522433471710926],[-82.243738646606175,28.522465633783689],[-82.243662019944466,28.522534189085142],[-82.243616279282463,28.522593272056259],[-82.243513846082791,28.522675284246436],[-82.243383281011859,28.522676461166153],[-82.243358466760469,28.522667710429499],[-82.24329591649321,28.522618805099007],[-82.243273441965584,28.522465432605578],[-82.243245788166192,28.522276252467123],[-82.243223552118522,28.522226724480749],[-82.243083542926144,28.522061189313593],[-82.242951669410886,28.521985525976476],[-82.242720670399194,28.521906365276902],[-82.24221277473265,28.521816416058531],[-82.241893488599644,28.521697310953581],[-82.241626749147514,28.521690869110468],[-82.241492489053357,28.521723520181329],[-82.241407129872854,28.521778454357172],[-82.24131114974017,28.521896851461982],[-82.241253409578619,28.522064132096467],[-82.241200005459874,28.522358100130077],[-82.241161933856844,28.522417006243469],[-82.241146360317913,28.52243088493449],[-82.241046039410008,28.522539936708664],[-82.240731303635414,28.522691893478587],[-82.240484648627941,28.522946860218148],[-82.240202800466534,28.523044072529114],[-82.24013565306862,28.523080941173323],[-82.240120570059744,28.523103542782714],[-82.240094220644878,28.523189607507884],[-82.24008890917969,28.523437757255806],[-82.24000817011202,28.523799484391287],[-82.240022484006928,28.524061101278011],[-82.24014532414246,28.524299035525349],[-82.240182846649375,28.524352981044085],[-82.240344955765806,28.524536530625955],[-82.240398559170885,28.524585602022221],[-82.240424865985261,28.524738747101825],[-82.240411842614748,28.524752368535061],[-82.240350872616204,28.524802827440968],[-82.24011165827234,28.524953761210782],[-82.239965311957988,28.525099665087467],[-82.239916860486815,28.525167717322706],[-82.239889260445196,28.525330320450134],[-82.239923020131243,28.525379704088071],[-82.240029493483192,28.525482635429768],[-82.240545730833148,28.52569004648312],[-82.240715008646944,28.52578757107861],[-82.240946196489546,28.525934561563286],[-82.241118698137853,28.525951078868726],[-82.241580042211652,28.5258744078699],[-82.241671566326801,28.525873589975145],[-82.241738127512249,28.52587301766577],[-82.241935947922883,28.525907301223548],[-82.242030474889191,28.525996844267045],[-82.242051578326056,28.526037076646176],[-82.242095045968654,28.526316502328491],[-82.242143486730498,28.526447127386191],[-82.242259541226716,28.526590419933765],[-82.242406495975374,28.526683716806041],[-82.242483605058808,28.526782336635385],[-82.242508533292309,28.527021290657387],[-82.24251483430325,28.527066395890841],[-82.24255539358181,28.527169907575779],[-82.242687315740525,28.527479998336869],[-82.242754827276116,28.527578497083997],[-82.242800750365333,28.527627753572279],[-82.243036585548779,28.527882864944111],[-82.24321480105101,28.528021299056928],[-82.243337840926372,28.52816889405748],[-82.243409179369863,28.528940033298074],[-82.243421138829348,28.52907076471217],[-82.243502268308589,28.529277498680841],[-82.243513335939127,28.529304654835769],[-82.243561601796145,28.52936716684394],[-82.243590604402684,28.529393985839206],[-82.243590991062121,28.529488830874001],[-82.243565943831882,28.529534105947839],[-82.24329538628956,28.529604444225726],[-82.243020468201962,28.529746774524284],[-82.242885477733267,28.529784201699094],[-82.242751635319607,28.529789839699355],[-82.242604228751588,28.529764064915881],[-82.242342324436322,28.529734900244996],[-82.241936619554991,28.529734025395484],[-82.241880792930857,28.529743742937391],[-82.241494390538065,28.529814875807634],[-82.241384856901917,28.529861067654519],[-82.241230369877655,28.529916533270995],[-82.241187413783507,28.52992162840636],[-82.241122691317443,28.529926721562134],[-82.240943414027882,28.529932639649843],[-82.240582527812705,28.529890961924579],[-82.240404161569572,28.529919675493584],[-82.240272075215358,28.529974863959996],[-82.240184431815806,28.530052560377907],[-82.240180051210331,28.530282704599347],[-82.240199308077067,28.530318694058757],[-82.240225094476813,28.530385996955349],[-82.240226495277454,28.53041752700538],[-82.240234689416525,28.53054398822054],[-82.24015787285461,28.530860461751416],[-82.240142845521191,28.530919373697603],[-82.240106761750511,28.530973793081134],[-82.239874552844967,28.531007466580846],[-82.239733922860793,28.531076621702887],[-82.239612684519997,28.531212992608605],[-82.239481142333972,28.531471373501923],[-82.239457347915689,28.531557465988481],[-82.239419918415265,28.531733722476691],[-82.239416118302842,28.531810510798451],[-82.239419164406058,28.531977425216223],[-82.239452005097235,28.532320039962293],[-82.239401400686802,28.532401864666536],[-82.239273224261751,28.532452592182402],[-82.23917869719412,28.532480396657672],[-82.238089068087675,28.532743056853633],[-82.237945328350321,28.532767146041564],[-82.237737242157948,28.532773538996455],[-82.237658514657596,28.532774238030775],[-82.237422029777193,28.532676986068171],[-82.237213402477479,28.532480462948737],[-82.237153180933419,28.532444810797461],[-82.237066311448203,28.532395880171038],[-82.236953182554217,28.532347459107331],[-82.236637880245993,28.532296214062143],[-82.23626978539869,28.532146087973786],[-82.236150963255497,28.532133623850253],[-82.236102884101598,28.532138367153465],[-82.236041861644523,28.532152513735095],[-82.235893275871234,28.532199046037739],[-82.23580691907712,28.5322359521995],[-82.235615285836474,28.532332599493742],[-82.235550199899819,28.532360205096172],[-82.23519904304365,28.53246722742443],[-82.234979932904523,28.532600108230369],[-82.234820669810063,28.532673524318657],[-82.234690935451766,28.532702005548519],[-82.234335369708674,28.532687115326151],[-82.234034664494118,28.532721320214286],[-82.234008351894758,28.532726052341079],[-82.233778896991652,28.532787046397782],[-82.233514562895564,28.53290668763842],[-82.233301214211522,28.532922010670163],[-82.233230185967557,28.532882005271365],[-82.23318761814987,28.53282377319125],[-82.232969419748727,28.532586607406873],[-82.232715127793853,28.532286497603305],[-82.232671921899666,28.532228269154587],[-82.232534352542785,28.532148298692238],[-82.232484100043706,28.532090253691372],[-82.232462882226201,28.532018222227592],[-82.232456643776501,28.531968621844531],[-82.232467571619097,28.531887140121114],[-82.232481532161145,28.531855523239805],[-82.232525462433472,28.531751384826919],[-82.232526510720234,28.531647557132338],[-82.232525772605939,28.531575223517944],[-82.232451445435288,28.531463125784416],[-82.232330503235374,28.531423608661001],[-82.232112171288733,28.531430140452393],[-82.231973830720477,28.531476521931772],[-82.231803309471474,28.531572861617612],[-82.231633535935018,28.531623914604118],[-82.231514629281293,28.531616220883667],[-82.231446294384838,28.531607761429335],[-82.231357837754871,28.531576810914952],[-82.231349671929635,28.531567985427518],[-82.231285416030687,28.531505265301284],[-82.231284519197331,28.531442212589511],[-82.231307882241339,28.531383416447973],[-82.231413189103236,28.531283145984613],[-82.231667572826765,28.531145365136709],[-82.231738733681851,28.531059025344423],[-82.231810780999794,28.530918378018491],[-82.231863485569576,28.530904415371211],[-82.232222845166064,28.530883050186343],[-82.232352522070073,28.53081883032684],[-82.232377842530695,28.530678724623154],[-82.232326972053329,28.530579870131472],[-82.232251200242828,28.530517280235493],[-82.232205715012483,28.530481537507132],[-82.232117473312371,28.530437364110078],[-82.232052641184723,28.530410938643737],[-82.23187081330299,28.530376278667752],[-82.23173241666538,28.530386639183916],[-82.231666768250733,28.530409727642297],[-82.231467872550127,28.530519792189583],[-82.231204448833552,28.53054488664532],[-82.23097584103526,28.530632619212984],[-82.230838504649029,28.530773849906261],[-82.230805694433542,28.530823805484051],[-82.230665682852432,28.531050556929369],[-82.230595228218732,28.531132687317481],[-82.230399537825562,28.53124249490693],[-82.230263486315479,28.531383739075302],[-82.230187025975994,28.531519829887763],[-82.230158993251209,28.531551556105985],[-82.230076971598237,28.53159751627172],[-82.229962328115619,28.531603103744906],[-82.229903172856808,28.531580967332694],[-82.229705674376234,28.531330270184988],[-82.229343755852241,28.531116879187795],[-82.22918576123989,28.531073235821179],[-82.229146081828887,28.531073577981768],[-82.228973611605383,28.531093071687788],[-82.228918210110123,28.531116012510051],[-82.228858606471377,28.53112116248516],[-82.22879871171304,28.531144331002078],[-82.228647367133007,28.531281155259229],[-82.228505235156703,28.531480855671898],[-82.228362817334855,28.531933552109926],[-82.228277424140643,28.532028992574592],[-82.228186926479921,28.53208385487088],[-82.228061142097971,28.532184418901739],[-82.227914789314411,28.532390009071943]]},"properties":{"OBJECTID_1":264,"OBJECTID":324076,"QUADNUMBER":0,"ELEVATION":90,"ORGCONT":0,"DEPRESSION":0,"HILLTOP":0,"INTERVAL":0,"UNIT":" ","DATESTAMP":1078790400000,"ShapeSTLen":29623.079442538557,"Shape_Length":19454.681221384832}},{"type":"Feature","id":265,"geometry":{"type":"LineString","coordinates":[[-82.225218881157957,28.528686021507401],[-82.225273887421253,28.528680680435397],[-82.225433256920851,28.52867903545215],[-82.225767353415932,28.528793577787813],[-82.226100039258824,28.528993657920488],[-82.226266005522177,28.52913646689225],[-82.226335867820993,28.529207986105103],[-82.226430102329616,28.529315557672398],[-82.226601237752391,28.529611808187855],[-82.226636541804282,28.529683729581542],[-82.226668645704081,28.529755613894885],[-82.226737643349011,28.529957983799321],[-82.226769426789446,28.530088682750566],[-82.22684150341918,28.530259569046873],[-82.226884634257317,28.530322312150084],[-82.226958777776801,28.530366590115349],[-82.227067589837844,28.530365715258942],[-82.227162334953348,28.530324136373338],[-82.227297236481633,28.530214686013284],[-82.22756404824726,28.530099581556463],[-82.227620675513805,28.530080874850672],[-82.227677282941869,28.530062455101145],[-82.227801974660665,28.530029694748357],[-82.228079132156225,28.529986483636893],[-82.228168760068016,28.529945121986781],[-82.228227046613142,28.529863401293163],[-82.228282262625086,28.529695814704631],[-82.228295651419856,28.529659682046976],[-82.228329174116496,28.529605224052538],[-82.228426725895872,28.529509658411282],[-82.228441037185689,28.529495764355165],[-82.22867956277139,28.529349343271523],[-82.228883560612928,28.529279877135941],[-82.229087895903234,28.529228144870448],[-82.229549016766512,28.5292061089005],[-82.229608188434284,28.529187433161173],[-82.229635293143048,28.529173704139815],[-82.22979350602543,28.529086495368873],[-82.229907861669048,28.528941041003819],[-82.230072310149836,28.528628211817765],[-82.230162405921362,28.52851902668651],[-82.230292199132336,28.528368983561286],[-82.230513100578705,28.528204607141557],[-82.23058858919417,28.528127043127498],[-82.230740367588453,28.527963210465042],[-82.230853202960233,28.527754691868058],[-82.230971462929858,28.527487431017924],[-82.230970796829837,28.527410595409481],[-82.230909574461592,28.5273977201166],[-82.230884540234058,28.527402468413403],[-82.230741307292277,28.527435273915586],[-82.230602266576895,28.52744562263301],[-82.2303389308411,28.527465943625284],[-82.229929538253572,28.527456265599465],[-82.229894415024006,28.527451880980877],[-82.22973187083808,28.527412965184666],[-82.229598200188718,28.527369064550793],[-82.229394132111665,28.527208329340358],[-82.229244628988951,28.526997628963198],[-82.229208465941113,28.526821850297992],[-82.229218108529835,28.52662329396156],[-82.22930252877984,28.526351657463874],[-82.229403005299972,28.526233605049967],[-82.229689421690409,28.526014337716227],[-82.229719243722315,28.525991360424761],[-82.229772971129975,28.525914366024995],[-82.229796602710522,28.525877796286231],[-82.229802750734038,28.525814843482785],[-82.229719838952349,28.525680122342866],[-82.229679637316949,28.525594626942194],[-82.229666794250022,28.525558720753875],[-82.229659921981167,28.525509107724638],[-82.229681078975901,28.52531041003769],[-82.229756125671997,28.525142785618122],[-82.229750068008642,28.525043370604216],[-82.229724066490803,28.524989570543415],[-82.229485246150077,28.524802226151596],[-82.229401473520312,28.524798354894955],[-82.229231633121117,28.524854180231756],[-82.229094077310435,28.524891561055043],[-82.229063289202244,28.524896236605226],[-82.228898808635563,28.524897814127964],[-82.228771027303935,28.524885512895551],[-82.228721823064319,28.524881231086749],[-82.228613460042354,28.524855097396056],[-82.228554312509345,28.52483324097544],[-82.228491388586775,28.524806552488009],[-82.228415819975211,28.524771268706491],[-82.22837274058196,28.524744555819517],[-82.228324687012076,28.524709049771598],[-82.228193564517952,28.524588347263812],[-82.22812122074447,28.524512294304351],[-82.227937504417994,28.524202386970313],[-82.227897917702137,28.524157699601474],[-82.227870842352502,28.524130903757452],[-82.227787736206665,28.524086517639812],[-82.227463110432566,28.523981101468546],[-82.227295753181977,28.52392411041129],[-82.227178755059171,28.523839333742291],[-82.227078447758302,28.523673153464674],[-82.226941920418582,28.523530148181788],[-82.226770801159645,28.523468327969884],[-82.226698235699772,28.523405776447078],[-82.226609591189856,28.523348092806781],[-82.226579096956016,28.523334757324889],[-82.226433203848472,28.523295485812906],[-82.226429404180422,28.523097043092783],[-82.226444356501588,28.523083153582029],[-82.226663863004674,28.523081431301222],[-82.226786495631885,28.522782430083538],[-82.226955770623476,28.522604742921608],[-82.227075698148553,28.522549695055378],[-82.227326328110337,28.522484199419488],[-82.227438709064543,28.522420051941825],[-82.227494146448834,28.522356298412475],[-82.227577981750457,28.522238038735402],[-82.227747617833344,28.521803427785983],[-82.227853632314421,28.521698666886596],[-82.22796587211154,28.521643526453762],[-82.228112749146348,28.521583470431651],[-82.228495068037262,28.52152582388333],[-82.228579718074144,28.521475390877168],[-82.228644599922603,28.52142077802101],[-82.228720922554487,28.52137051865666],[-82.22880329150037,28.521342571374877],[-82.228939036720206,28.521336976429875],[-82.229121261901923,28.521384866403661],[-82.229259349889958,28.521392516376618],[-82.229464044664638,28.521318559892102],[-82.229565702927559,28.521245545138825],[-82.229656630094269,28.521163394119359],[-82.229758947495839,28.521049584716039],[-82.229923185775434,28.520709743934308],[-82.23001646373109,28.520600603043405],[-82.230058802481835,28.520554982584979],[-82.230123047500996,28.520500355661504],[-82.230233090361679,28.520422661058873],[-82.230283447467869,28.520395155133478],[-82.230347329891856,28.520362762597784],[-82.230413053511299,28.520335163796915],[-82.230531737034951,28.520316117812143],[-82.230591898056616,28.52031547340707],[-82.230739730432035,28.520314243373498],[-82.231097525872471,28.520347184589927],[-82.23135735901873,28.520462177176086],[-82.231594933219398,28.520608700086072],[-82.231845851749839,28.520642546955962],[-82.232052384983902,28.520573107817022],[-82.232559950781976,28.520329319504683],[-82.232779892810953,28.520182942791507],[-82.232828108411965,28.520051565693887],[-82.232671471580332,28.519886086055028],[-82.232511702096062,28.519873945050815],[-82.232249895687403,28.519840243439024],[-82.23206762294852,28.519756056225425],[-82.231991406553405,28.519603414181589],[-82.232030234849347,28.519341331875086],[-82.232238120950697,28.519267134761346],[-82.232400008572071,28.519188967177133],[-82.232712147450314,28.518960455311408],[-82.232900371342353,28.518679155715368],[-82.232965679222247,28.518245187051814],[-82.233151697914835,28.518099225203326],[-82.233336335842012,28.517998269235505],[-82.23384442087108,28.517957391886998],[-82.234115713987961,28.517918878952099],[-82.234378488810066,28.517853242018226],[-82.234613049875449,28.517752075472607],[-82.23478156731214,28.5176196732425],[-82.234844695514226,28.517515225504397],[-82.234969123051044,28.517261264363661],[-82.235185241518224,28.517074303574848],[-82.23540985206192,28.516954993998468],[-82.236002118137378,28.516773619439356],[-82.236393395892151,28.516517392139651],[-82.236544144648832,28.516376043862788],[-82.236618100939069,28.516352770735999],[-82.236793636056774,28.51626098206059],[-82.236865476290163,28.516210668175205],[-82.23691799266841,28.516128871591288],[-82.23691345602262,28.515975444920066],[-82.236779891277095,28.515728647861401],[-82.2366528313148,28.515594225147673],[-82.236422489024605,28.515515343901612],[-82.23622944600811,28.515503347239743]]},"properties":{"OBJECTID_1":265,"OBJECTID":324152,"QUADNUMBER":0,"ELEVATION":70,"ORGCONT":0,"DEPRESSION":0,"HILLTOP":0,"INTERVAL":0,"UNIT":" ","DATESTAMP":1078790400000,"ShapeSTLen":27160.117260234998,"Shape_Length":11115.48766098721}},{"type":"Feature","id":266,"geometry":{"type":"LineString","coordinates":[[-82.247490661430831,28.497111594852228],[-82.2474813177963,28.497164329943562],[-82.247495140228324,28.497259060705112],[-82.24765855225867,28.497361288255359],[-82.247889512822269,28.497399920140349],[-82.248114158494985,28.497433958459116],[-82.24828327627236,28.497459437069921],[-82.24839629727397,28.497512623624818],[-82.248478087586037,28.497597513541194],[-82.248859922421616,28.498158080266233],[-82.248948248385076,28.498274561873298],[-82.249125144656816,28.498412986022103],[-82.249283179052242,28.498609974637112],[-82.249505319430298,28.498878687899207],[-82.249670861634669,28.499165836917957],[-82.249798238938666,28.499399598778037]]},"properties":{"OBJECTID_1":266,"OBJECTID":325813,"QUADNUMBER":0,"ELEVATION":85,"ORGCONT":0,"DEPRESSION":0,"HILLTOP":0,"INTERVAL":0,"UNIT":" ","DATESTAMP":1078790400000,"ShapeSTLen":3607.978201334583,"Shape_Length":1188.9369917423753}},{"type":"Feature","id":267,"geometry":{"type":"LineString","coordinates":[[-82.239728041473356,28.533725530591912],[-82.239886071073542,28.533728646206594],[-82.239988967996638,28.533736687521948],[-82.240024736830534,28.533740802182585],[-82.240117749311466,28.53376701157519],[-82.24018131601801,28.533793706103651],[-82.240225017121418,28.533860941187907],[-82.240224657423823,28.533883456280805],[-82.240141538767745,28.533996951565374],[-82.240112223573703,28.534028942862342],[-82.239997464338643,28.534120092326624],[-82.239881723649006,28.534193496971714],[-82.239739814590678,28.534262347546477],[-82.239647914819429,28.534285959015708],[-82.239592945407367,28.534281891663809],[-82.239473398030256,28.534273923624415],[-82.239242356903418,28.534235280825236],[-82.23903678663072,28.534165151433236],[-82.238992577895019,28.534129427715651],[-82.238975599685631,28.534070951222301],[-82.238977491464695,28.533994155466242],[-82.239055907763088,28.53389410511069],[-82.239529112889855,28.533759062655989],[-82.239600381929677,28.533744758374709],[-82.239677339378332,28.53373502974523],[-82.239728041473356,28.533725530591912]]},"properties":{"OBJECTID_1":267,"OBJECTID":328236,"QUADNUMBER":0,"ELEVATION":115,"ORGCONT":0,"DEPRESSION":0,"HILLTOP":0,"INTERVAL":0,"UNIT":" ","DATESTAMP":1078790400000,"ShapeSTLen":968.54379056898722,"Shape_Length":968.5437905687354}},{"type":"Feature","id":268,"geometry":{"type":"LineString","coordinates":[[-82.23232247233139,28.535498265038679],[-82.232716051202431,28.535057365032834],[-82.232962015762354,28.534847709856617],[-82.233157373482399,28.534719590567384],[-82.233666181615263,28.534520849511832],[-82.23377329632612,28.534506437883991],[-82.234037782942963,28.534494853749393],[-82.234237236659794,28.534429826976833],[-82.234567463281749,28.534232769199996],[-82.234821175438384,28.534018429432773],[-82.234879590260078,28.533968231022211],[-82.235078621117083,28.533889685685402],[-82.235282321117793,28.533838220427576],[-82.235890577549554,28.533859662715162],[-82.236051962891111,28.533813292251658],[-82.236075379530178,28.533790506091464],[-82.236093678503835,28.533727135839435],[-82.236068852074496,28.533601031777074],[-82.235928693752129,28.533444210069902],[-82.235908578470884,28.533422000348768],[-82.235793675256062,28.533246921655167],[-82.235741399800787,28.533116530295498],[-82.235749338688194,28.533021791723492],[-82.23576957201125,28.532958445220714],[-82.235844206322227,28.532894372621879],[-82.236008787859674,28.532847765658438],[-82.236350502825218,28.532849247771104],[-82.23655601041601,28.532883633083667],[-82.236976829147281,28.532978980545959],[-82.237382485453892,28.53310171326584],[-82.237471733523904,28.533123373302093],[-82.237557351526547,28.533131493594396],[-82.238189120195614,28.533044595616655],[-82.238327522681715,28.533034225796559],[-82.239364372630874,28.532790313638422],[-82.239515591946429,28.532739313502496],[-82.239985864127348,28.532626453417741],[-82.240075569280137,28.532580586502657],[-82.240112215589434,28.532530676976332],[-82.24013169061179,28.532394989104695],[-82.240033202914219,28.532233629524566],[-82.239996361940868,28.532098367824865],[-82.239995169662876,28.532053324763549],[-82.239987527874234,28.531814301998192],[-82.240043573211452,28.531673733679476],[-82.240094950957172,28.531583200615945],[-82.240195919317557,28.531473873287762],[-82.240493088127877,28.531222913631773],[-82.240622376377388,28.531063851699397],[-82.240624556027257,28.530969037312129],[-82.240625204781438,28.530928523478774],[-82.24055950701181,28.530757724447398],[-82.240531312511308,28.530523229051798],[-82.240542602842012,28.53041924240646],[-82.240555461585984,28.530297274612927],[-82.240621420864485,28.530215359097792],[-82.240775195461921,28.530164389125702],[-82.241358741429281,28.530208849848538],[-82.241914696536895,28.530099884170099],[-82.242232220193102,28.530092602132633],[-82.242527834362207,28.530134862147886],[-82.24283143942958,28.530235758902876],[-82.243033877364255,28.53030161650657],[-82.243168135607291,28.530309492838381],[-82.243549598847522,28.529990076001685],[-82.243708340863435,28.52994816149576]]},"properties":{"OBJECTID_1":268,"OBJECTID":329218,"QUADNUMBER":0,"ELEVATION":100,"ORGCONT":0,"DEPRESSION":0,"HILLTOP":0,"INTERVAL":0,"UNIT":" ","DATESTAMP":1078790400000,"ShapeSTLen":30370.808542189294,"Shape_Length":5214.4240622199741}},{"type":"Feature","id":269,"geometry":{"type":"LineString","coordinates":[[-82.232268889680029,28.503873939465887],[-82.232422952616886,28.503881514819671],[-82.232485712151302,28.503917201044096],[-82.232534022122053,28.50397550051683],[-82.232542448752127,28.504047367388402],[-82.232497000230467,28.504088438951371],[-82.232352656452079,28.504112509665596],[-82.232241457232888,28.504104357485677],[-82.232193543114903,28.504100377867651],[-82.232037365845571,28.504065475454524],[-82.231954919387064,28.504021106813806],[-82.231948409943001,28.503948978559617],[-82.231971749053315,28.503930697699495],[-82.232051377051079,28.503912004920192],[-82.232245782570345,28.503878718100548],[-82.232268889680029,28.503873939465887]]},"properties":{"OBJECTID_1":269,"OBJECTID":329771,"QUADNUMBER":0,"ELEVATION":105,"ORGCONT":0,"DEPRESSION":0,"HILLTOP":0,"INTERVAL":0,"UNIT":" ","DATESTAMP":1078790400000,"ShapeSTLen":462.18474025731985,"Shape_Length":462.18474025437735}},{"type":"Feature","id":270,"geometry":{"type":"LineString","coordinates":[[-82.238641954016373,28.533572876575953],[-82.238295244144084,28.533603133716792],[-82.237750220208795,28.533707444565064],[-82.237614506387189,28.533749358755951],[-82.237579728351406,28.533763277838524],[-82.237448377223544,28.533890794401294],[-82.237394923212818,28.533990588155987],[-82.237379044900536,28.534022187222885],[-82.237360524527759,28.534099062553572],[-82.237349323318853,28.534157739190807],[-82.237345449957473,28.534239021249629],[-82.237381234569128,28.534478113126514],[-82.237401703399343,28.534518334654507],[-82.237430909476274,28.534572166343462],[-82.237509863475708,28.534833193647295],[-82.237648385722395,28.535287734129614],[-82.237776236219901,28.535611565638266],[-82.237905553260958,28.535845083973516],[-82.2379551704432,28.535903396026729],[-82.238079627718918,28.536042012974402],[-82.238153142899066,28.536086558366001],[-82.238221977630701,28.536104026187722],[-82.238340952814909,28.536107491807886],[-82.238371185268235,28.536098018251199],[-82.238475828845921,28.536038542255099],[-82.238596515660817,28.535897385548971],[-82.238638821225308,28.535775220108743],[-82.238768657107428,28.535228077774846],[-82.238883261504185,28.535028310538131],[-82.23903175729059,28.534869199250267],[-82.239056597434939,28.534837150193393],[-82.239094179142967,28.534769232074073],[-82.239109561967382,28.534728343121536],[-82.239106413116019,28.534606727655916],[-82.239071520791043,28.534548317004276],[-82.238705856333482,28.534366713162385],[-82.238597743727823,28.53424575493905],[-82.23855588470829,28.534183032342082],[-82.238533101399696,28.534088473917567],[-82.238547069000177,28.533898693952175],[-82.238626550148396,28.533812165444989],[-82.238647393946124,28.533789636021005],[-82.238724865352779,28.53374811554048],[-82.238790242788227,28.533702501576609],[-82.238824051816437,28.533630044130391],[-82.238786877903706,28.533594110358017],[-82.238641954016373,28.533572876575953]]},"properties":{"OBJECTID_1":270,"OBJECTID":331550,"QUADNUMBER":0,"ELEVATION":120,"ORGCONT":0,"DEPRESSION":0,"HILLTOP":0,"INTERVAL":0,"UNIT":" ","DATESTAMP":1078790400000,"ShapeSTLen":2507.1977319428029,"Shape_Length":2507.197731943796}},{"type":"Feature","id":271,"geometry":{"type":"LineString","coordinates":[[-82.249809555729826,28.505875160314442],[-82.249636987020779,28.506102355314461],[-82.249502312425591,28.506320178201126],[-82.249416565644822,28.506519481566258],[-82.249389569192417,28.506646059548032],[-82.249373412099416,28.507250902886693],[-82.249328868913238,28.507513194000779],[-82.249231426446187,28.507802959412196],[-82.249220026405112,28.508033023617223],[-82.249272223608202,28.508366586214535],[-82.24928196522167,28.508397949368899],[-82.249402967566994,28.508789506925961],[-82.249449635495168,28.509068973763945],[-82.249451614253232,28.509105021713975],[-82.249447621169409,28.509312651611225],[-82.24939869236843,28.509529577868971],[-82.249331934994814,28.509900215995884],[-82.249315028590033,28.510035925217259],[-82.249319963174045,28.510523127231391],[-82.249370782010004,28.510743830815681],[-82.249482825293583,28.510977398675021],[-82.249495814138442,28.511004581570063],[-82.249622451594036,28.511206245205699],[-82.249661886639487,28.511260206352823],[-82.249749522628676,28.511340666638247],[-82.249810380273374,28.511376034256912]]},"properties":{"OBJECTID_1":271,"OBJECTID":335518,"QUADNUMBER":0,"ELEVATION":155,"ORGCONT":0,"DEPRESSION":0,"HILLTOP":0,"INTERVAL":0,"UNIT":" ","DATESTAMP":1078790400000,"ShapeSTLen":2096.9804210567477,"Shape_Length":2096.9804210569109}},{"type":"Feature","id":272,"geometry":{"type":"LineString","coordinates":[[-82.235050759154191,28.518889728025606],[-82.23505712851518,28.518812987560121],[-82.235007824340627,28.518736667344758],[-82.234951963291223,28.518669545264924],[-82.234934361536219,28.518611066485033],[-82.234896994416985,28.518548120957636],[-82.234860037336858,28.518498689192889],[-82.234829491261848,28.518449336572257],[-82.234809945350364,28.51843371008405],[-82.234779306644739,28.518416777210607],[-82.234602616983793,28.51837199292677],[-82.234492845524372,28.518344595803612],[-82.234410880154712,28.518343563283292],[-82.234348772324282,28.518360519084023],[-82.234292898619088,28.518407099056773],[-82.234275546298505,28.518482549122577],[-82.234270113803746,28.518568791482874],[-82.234293737112253,28.518686132831871],[-82.234346816679292,28.518810940841643],[-82.234424102318982,28.518934871490242],[-82.234527825671208,28.519003569694181],[-82.234653713709505,28.519031164537346],[-82.234720962713936,28.519028468561114],[-82.234845000311424,28.5190052001062],[-82.234985652179375,28.518952584582237],[-82.235038671841849,28.518915423473167],[-82.235050759154191,28.518889728025606]]},"properties":{"OBJECTID_1":272,"OBJECTID":338278,"QUADNUMBER":0,"ELEVATION":60,"ORGCONT":0,"DEPRESSION":1,"HILLTOP":0,"INTERVAL":0,"UNIT":" ","DATESTAMP":1078790400000,"ShapeSTLen":796.83449784870868,"Shape_Length":796.83449784629863}},{"type":"Feature","id":273,"geometry":{"type":"LineString","coordinates":[[-82.249810338073445,28.513163038022942],[-82.249744934597061,28.513132112014898],[-82.249687352238098,28.513091991102659],[-82.249546333655132,28.512948964298861],[-82.249497883962064,28.512859146789076],[-82.24927059164493,28.512590363337829],[-82.249133733990078,28.512388567465084],[-82.248827598676783,28.51193110392936],[-82.248800950214402,28.511877295092443],[-82.248775933693437,28.511841531154044],[-82.248604154988996,28.511463969522534],[-82.248523977341478,28.511040563219549],[-82.248510746164726,28.510711139572543],[-82.248521952229979,28.510413248946602],[-82.24853137285622,28.510146867112457],[-82.248613660291682,28.509726328097702],[-82.248707888390413,28.509319453097447],[-82.248702136346651,28.509120983658846],[-82.248687335193225,28.50896770240788],[-82.248673989938169,28.508922510978987],[-82.24859828271633,28.508697559214024],[-82.248544711353119,28.508409284212846],[-82.248549494129961,28.50819264560527],[-82.248628342133998,28.507826382795194],[-82.248658212412053,28.507641022446641],[-82.248668347315842,28.507528302186888],[-82.248674423533146,28.50742903797655],[-82.248721734517432,28.506638839200981],[-82.248879444667324,28.506064191046658],[-82.248895384871886,28.506027798945475],[-82.248913317413155,28.505987218092898],[-82.249049522036032,28.505674578516707],[-82.249138095441211,28.505538355291201],[-82.2492681925293,28.505365784079682],[-82.249455780786377,28.505120192812637],[-82.249809398554731,28.504814488433556]]},"properties":{"OBJECTID_1":273,"OBJECTID":339194,"QUADNUMBER":0,"ELEVATION":145,"ORGCONT":0,"DEPRESSION":0,"HILLTOP":0,"INTERVAL":0,"UNIT":" ","DATESTAMP":1078790400000,"ShapeSTLen":3275.1586444619261,"Shape_Length":3275.158644467429}},{"type":"Feature","id":274,"geometry":{"type":"LineString","coordinates":[[-82.243962961982348,28.527107338466234],[-82.244068904041072,28.527124429021502],[-82.244143574449197,28.527137183072142],[-82.244236572919192,28.52716338881303],[-82.244280148058593,28.527199120125804],[-82.244297705022362,28.527221566933974],[-82.244291434262905,28.527253284901008],[-82.244216459328911,28.527299064061424],[-82.24412274872877,28.527277347864512],[-82.244011110093155,28.527255691780347],[-82.243930975685885,28.527224852692427],[-82.243900054751023,28.527198015547047],[-82.243906326264408,28.52716657551905],[-82.243962961982348,28.527107338466234]]},"properties":{"OBJECTID_1":274,"OBJECTID":342214,"QUADNUMBER":0,"ELEVATION":120,"ORGCONT":0,"DEPRESSION":0,"HILLTOP":0,"INTERVAL":0,"UNIT":" ","DATESTAMP":1078790400000,"ShapeSTLen":309.93607224825081,"Shape_Length":309.93607224816685}},{"type":"Feature","id":275,"geometry":{"type":"LineString","coordinates":[[-82.228196466043585,28.51066183112264],[-82.228253195227538,28.510674926407376],[-82.228442154480675,28.510740919912433],[-82.22871990778566,28.510815062650398],[-82.228853106250199,28.511003609184783],[-82.228830812338444,28.511075932205287],[-82.228777944169622,28.511139425765879],[-82.228657895157454,28.511203763267218],[-82.228549989142621,28.511267971055929],[-82.228451540356488,28.511341021233044],[-82.228352013184292,28.511441353906264],[-82.228223092380006,28.511577901170067],[-82.228115203661744,28.511759177698558],[-82.228012177717218,28.511877476371581],[-82.227883157294372,28.511941985248697],[-82.227763614676334,28.51197451867823],[-82.227625883182228,28.511984879242384],[-82.227496759285856,28.511977056435427],[-82.227275104608168,28.511915717404921],[-82.227199393278241,28.511889432218936],[-82.227014131849444,28.511832494932968],[-82.226993807757353,28.511823516209873],[-82.226855754368501,28.511775051414695],[-82.22682717282936,28.511761743439383],[-82.226769945432565,28.511739912741444],[-82.226710098511944,28.511722276001827],[-82.226565076183746,28.511669503887362],[-82.226469974255281,28.511616236959341],[-82.226441151329524,28.511539610480781],[-82.226430964477643,28.511458427656823],[-82.226446684200468,28.511435829169262],[-82.226562908543414,28.511371739116608],[-82.226588722916219,28.511357993885795],[-82.226717080226607,28.511334000161199],[-82.226747301175848,28.511324817952897],[-82.226852571032225,28.511265086235838],[-82.226888131527801,28.511242454574237],[-82.226988010064261,28.511160142314974],[-82.22704008233022,28.511105636381149],[-82.227165246210419,28.510964539637335],[-82.227323641103339,28.510863828730784],[-82.227386654380382,28.510845207979568],[-82.227411263589502,28.510826942931224],[-82.227643455772636,28.510752767175141],[-82.227754112799914,28.510715622392759],[-82.227911409673027,28.510682431008846],[-82.227963392118795,28.510672953959606],[-82.228196466043585,28.51066183112264]]},"properties":{"OBJECTID_1":275,"OBJECTID":346591,"QUADNUMBER":0,"ELEVATION":80,"ORGCONT":0,"DEPRESSION":1,"HILLTOP":0,"INTERVAL":0,"UNIT":" ","DATESTAMP":1078790400000,"ShapeSTLen":1933.3262737738212,"Shape_Length":1933.3262737744369}},{"type":"Feature","id":276,"geometry":{"type":"LineString","coordinates":[[-82.244977589730652,28.517950597168117],[-82.244928732787685,28.517964618416872],[-82.244749455771682,28.518011342955472],[-82.244663812846142,28.518084286068724],[-82.244657647349953,28.518188334377346],[-82.244670930312864,28.518237742929553],[-82.244764854193861,28.518245962898803],[-82.24484912487442,28.518218024134516],[-82.244935550018255,28.518136093906673],[-82.244945224357721,28.51813142846774],[-82.245188792941818,28.518066091322336],[-82.245219679882652,28.51801610591583],[-82.245182939302438,28.517953172031941],[-82.244977589730652,28.517950597168117]]},"properties":{"OBJECTID_1":276,"OBJECTID":349436,"QUADNUMBER":0,"ELEVATION":100,"ORGCONT":0,"DEPRESSION":0,"HILLTOP":0,"INTERVAL":0,"UNIT":" ","DATESTAMP":1078790400000,"ShapeSTLen":468.69545648489628,"Shape_Length":468.6954564833195}},{"type":"Feature","id":277,"geometry":{"type":"LineString","coordinates":[[-82.26341803303265,28.51266729263715],[-82.263249660455244,28.512673361471144],[-82.262957752740732,28.512761770316413],[-82.262793844103797,28.51284894659403],[-82.262722649919468,28.512899284629789],[-82.262524796793286,28.513068220354523],[-82.262415482405871,28.513181960511734],[-82.262390018238946,28.51321372453662],[-82.262333960843662,28.51331828054148],[-82.26200849951725,28.514182979552341],[-82.261848225955035,28.514482387293793],[-82.26162102905549,28.514804890282132],[-82.261575203441183,28.514909011176176],[-82.261560878341612,28.51504475829287],[-82.26155988160734,28.515067260272804],[-82.261571813131141,28.51512115533794],[-82.261620283369609,28.515170444851783],[-82.26173881610363,28.51516037376167],[-82.261914635545281,28.515009748826017],[-82.262092099764644,28.514796102270136],[-82.262215642232277,28.514672966751981],[-82.262415752049719,28.514562873806423],[-82.262549294545252,28.514534702591295],[-82.262781591147998,28.514532515628286],[-82.263090392829284,28.514588121768664],[-82.263214029359077,28.514618642490351],[-82.263260526766459,28.514631882808036],[-82.26339654434004,28.514648479598165],[-82.263500007074839,28.514620494789714],[-82.263566284346652,28.514597397869647],[-82.263680494455471,28.514537463376385],[-82.263731559264954,28.514505451816213],[-82.26381199177753,28.514437220702796],[-82.264272307538363,28.513940872801065],[-82.264817055929726,28.513565732817614],[-82.264878502871994,28.513484039835252],[-82.264889472430013,28.513398061622958],[-82.264880241567681,28.513335186818367],[-82.264863893228537,28.513317261946806],[-82.264782649060905,28.513236608641805],[-82.264738778350207,28.513219183141452],[-82.26464642805557,28.513192713967509],[-82.264275210526208,28.513119451958119],[-82.264083674844386,28.513053760670591],[-82.263966158821233,28.513000519425997],[-82.263829578958408,28.512938603818569],[-82.263517282782331,28.512702568829177],[-82.26341803303265,28.51266729263715]]},"properties":{"OBJECTID_1":277,"OBJECTID":351885,"QUADNUMBER":0,"ELEVATION":170,"ORGCONT":0,"DEPRESSION":0,"HILLTOP":0,"INTERVAL":0,"UNIT":" ","DATESTAMP":1078790400000,"ShapeSTLen":3086.3840792191063,"Shape_Length":3086.3840792222986}},{"type":"Feature","id":278,"geometry":{"type":"LineString","coordinates":[[-82.246968417805689,28.520590447562601],[-82.246874103845585,28.52064555484295],[-82.246842589976609,28.520695250286703],[-82.246974030038416,28.520797927856368],[-82.247127196524801,28.520782953695516],[-82.247221857618555,28.520746147038277],[-82.247218914597838,28.520651270463556],[-82.247120592325672,28.520597976172361],[-82.246968417805689,28.520590447562601]]},"properties":{"OBJECTID_1":278,"OBJECTID":352063,"QUADNUMBER":0,"ELEVATION":65,"ORGCONT":0,"DEPRESSION":1,"HILLTOP":0,"INTERVAL":0,"UNIT":" ","DATESTAMP":1078790400000,"ShapeSTLen":316.57334355307512,"Shape_Length":316.57334355254898}},{"type":"Feature","id":279,"geometry":{"type":"MultiLineString","coordinates":[[[-82.247527754988212,28.536664164722417],[-82.247646589628829,28.536676626955394],[-82.247730425179284,28.536716227826773],[-82.247758936660063,28.536734026030409],[-82.247826105715006,28.536814791598829],[-82.247860435142286,28.536868691058885],[-82.247896251276316,28.536949625696973],[-82.247903673568274,28.537044271871792],[-82.247840702885497,28.537139447162918],[-82.247641261801917,28.537204501971594],[-82.247378531358137,28.537225138292616],[-82.247298868884272,28.53724384012104],[-82.247248276724548,28.537299977856488]],[[-82.246515418805359,28.53731663640875],[-82.246515253792595,28.537142576834896],[-82.246582746025766,28.536966132252811],[-82.246697645492546,28.53686568916892],[-82.246719621269989,28.536851894785752],[-82.246841890207207,28.536810365010485],[-82.246870695135925,28.536809884039901],[-82.247138608864233,28.536785096600742],[-82.24721862099986,28.536784126235634],[-82.247322387056215,28.536778670318167],[-82.24742874112448,28.536692195157912],[-82.247527754988212,28.536664164722417]]]},"properties":{"OBJECTID_1":279,"OBJECTID":353239,"QUADNUMBER":0,"ELEVATION":145,"ORGCONT":0,"DEPRESSION":0,"HILLTOP":0,"INTERVAL":0,"UNIT":" ","DATESTAMP":1078790400000,"ShapeSTLen":1254.6521962386496,"Shape_Length":918.99928856481051}},{"type":"Feature","id":280,"geometry":{"type":"LineString","coordinates":[[-82.245665788283034,28.528373371769995],[-82.245975409950432,28.528379502372069],[-82.246028301893574,28.528433069184828],[-82.246125180264002,28.528536152905488],[-82.246158941188355,28.528585257028233],[-82.246125557045332,28.528671514251254],[-82.24605336486394,28.528703541210739],[-82.245932099621612,28.528722848165842],[-82.245854806262784,28.528714566473788],[-82.245776287596357,28.528742291516217],[-82.245661716361411,28.528743387577084],[-82.245556752166991,28.528744322701684],[-82.245467868737194,28.528740679051872],[-82.245428181093331,28.528741025979908],[-82.245394335055209,28.528736659309061],[-82.245260865671199,28.528720076091549],[-82.245206907822421,28.528693233922773],[-82.245170949464679,28.528621577550997],[-82.245202816048476,28.52858961302876],[-82.245185918931014,28.528526644340864],[-82.245260470697417,28.528467359982184],[-82.245400163612246,28.528416204470457],[-82.245448945425835,28.528406957508949],[-82.24553301623088,28.52839253946253],[-82.245572844299986,28.528383185018804],[-82.245665788283034,28.528373371769995]]},"properties":{"OBJECTID_1":280,"OBJECTID":358155,"QUADNUMBER":0,"ELEVATION":100,"ORGCONT":0,"DEPRESSION":1,"HILLTOP":0,"INTERVAL":0,"UNIT":" ","DATESTAMP":1078790400000,"ShapeSTLen":766.74550180917447,"Shape_Length":766.74550180710048}},{"type":"Feature","id":281,"geometry":{"type":"LineString","coordinates":[[-82.242024977037929,28.536560938003156],[-82.241961607521233,28.536561554423823],[-82.241890564580913,28.536562349611224],[-82.241750223011181,28.53661321661642],[-82.241584130151608,28.536673329609616],[-82.241517619409223,28.536710201374749],[-82.241463572491853,28.536846013988988],[-82.241460673577734,28.53698584403703],[-82.241508580480044,28.537030625323414],[-82.241540931131453,28.53704847846593],[-82.241739813330653,28.537136807214718],[-82.241793485056618,28.53718137962138],[-82.241869707276976,28.537216947036701],[-82.241977242078278,28.537215764708101],[-82.242025980057491,28.537170228481298],[-82.242059138701592,28.537138281368406],[-82.242131100428537,28.537002412224449],[-82.24215017855785,28.536970567793031],[-82.242206025622309,28.53692032662412],[-82.242256973304947,28.536856809827793],[-82.2424008438865,28.536706644510382],[-82.242408032769475,28.536697445792985],[-82.2423680130088,28.536639256317557],[-82.242223796390903,28.536613525124004],[-82.242177865209541,28.536604783890713],[-82.242076451911927,28.536583256037719],[-82.242024977037929,28.536560938003156]]},"properties":{"OBJECTID_1":281,"OBJECTID":360437,"QUADNUMBER":0,"ELEVATION":105,"ORGCONT":0,"DEPRESSION":1,"HILLTOP":0,"INTERVAL":0,"UNIT":" ","DATESTAMP":1078790400000,"ShapeSTLen":844.53367799924354,"Shape_Length":844.53367800016451}},{"type":"Feature","id":282,"geometry":{"type":"LineString","coordinates":[[-82.235704056803414,28.518261100016126],[-82.235730224353489,28.518265375968763],[-82.235760359658627,28.518301212812407],[-82.235747897174306,28.518319348192254],[-82.235710064433803,28.518324216132246],[-82.23568533108876,28.518310677781596],[-82.235679367432084,28.518283872115749],[-82.235704056803414,28.518261100016126]]},"properties":{"OBJECTID_1":282,"OBJECTID":360974,"QUADNUMBER":0,"ELEVATION":90,"ORGCONT":0,"DEPRESSION":0,"HILLTOP":0,"INTERVAL":0,"UNIT":" ","DATESTAMP":1078790400000,"ShapeSTLen":75.50815033609021,"Shape_Length":75.508150333059547}},{"type":"Feature","id":283,"geometry":{"type":"LineString","coordinates":[[-82.253365473222331,28.533018068667776],[-82.253415313648574,28.533022349360806],[-82.25346389555358,28.5330263319027],[-82.253510320726676,28.533044078334179],[-82.253556247440102,28.533093050477699],[-82.25357443980495,28.533156035490403],[-82.253563467386712,28.533201489119072],[-82.253495466057046,28.533251576266398],[-82.253403865778708,28.533256906810337],[-82.253327854157504,28.533208122474022],[-82.253294311917756,28.5331452265116],[-82.253285014464723,28.533086573281398],[-82.253317326231169,28.533027603332361],[-82.253365473222331,28.533018068667776]]},"properties":{"OBJECTID_1":283,"OBJECTID":361071,"QUADNUMBER":0,"ELEVATION":110,"ORGCONT":0,"DEPRESSION":0,"HILLTOP":0,"INTERVAL":0,"UNIT":" ","DATESTAMP":1078790400000,"ShapeSTLen":286.1925587596175,"Shape_Length":286.1925587560379}},{"type":"Feature","id":284,"geometry":{"type":"LineString","coordinates":[[-82.232187127414235,28.510932563848467],[-82.232112671996262,28.510946822749283],[-82.232088850918942,28.510956090868032],[-82.232013759004332,28.510970336364174],[-82.231954096024296,28.51098000402984],[-82.231824986923087,28.511089254415403],[-82.231788715702521,28.511116649376788],[-82.23169319296737,28.511167229286226],[-82.231613891614174,28.511204222768033],[-82.231436756707282,28.511237162566605],[-82.231290410449347,28.511265710333223],[-82.231148746149969,28.511321047072034],[-82.231075920214721,28.511353342418758],[-82.231040996615434,28.511376256525185],[-82.230891383750489,28.511526614959156],[-82.230880753950345,28.51158979843327],[-82.23088137853297,28.511630326429223],[-82.230920269537521,28.511756332196946],[-82.230945918159932,28.511792400661673],[-82.231018326087622,28.511863946743201],[-82.231078391441656,28.511908323258172],[-82.231142646003235,28.511930522780908],[-82.231226906677819,28.511943124223968],[-82.231384891339786,28.511946240926861],[-82.231423286574994,28.511945884085318],[-82.23156279036823,28.511944549178164],[-82.231812438179034,28.511937853106495],[-82.231843000607768,28.511946673775387],[-82.232030872726682,28.511922317216328],[-82.232319993490734,28.511888249498821],[-82.232397005596368,28.511874022205422],[-82.232516543972878,28.511841195960816],[-82.232567687818928,28.511804693201626],[-82.232767040188662,28.511703649608826],[-82.232887815973314,28.511634815345698],[-82.232922810060799,28.511607395212032],[-82.233004764507498,28.511525414268277],[-82.233032790084536,28.511493679285746],[-82.233061689463071,28.511448172033891],[-82.233131917193418,28.511339310262532],[-82.23313654649094,28.511212730571781],[-82.233136907660068,28.511190218121147],[-82.233094206067918,28.511140993278485],[-82.233018423072153,28.511119216892446],[-82.232965103095808,28.511092649278464],[-82.232833724530295,28.511066792010457],[-82.232600463671758,28.511010099776314],[-82.232515087664609,28.510988482099211],[-82.232350080988809,28.510944750393381],[-82.232265042229514,28.510940865870278],[-82.232187127414235,28.510932563848467]]},"properties":{"OBJECTID_1":284,"OBJECTID":365619,"QUADNUMBER":0,"ELEVATION":80,"ORGCONT":0,"DEPRESSION":1,"HILLTOP":0,"INTERVAL":0,"UNIT":" ","DATESTAMP":1078790400000,"ShapeSTLen":1766.7654997253542,"Shape_Length":1766.7654997274635}},{"type":"Feature","id":285,"geometry":{"type":"MultiLineString","coordinates":[[[-82.223891903550964,28.516824448346721],[-82.223937905068013,28.516828690281926],[-82.224040152055125,28.516836739427099],[-82.224088347683775,28.516863528314602],[-82.22413146728131,28.516926262536458],[-82.224115866034097,28.516980385035978],[-82.224078793542603,28.517016775679615],[-82.223903954337999,28.517104338262804],[-82.223831772395386,28.517136350739513],[-82.223679206032244,28.517309454278916],[-82.223599706862245,28.517319140110075],[-82.223563362959752,28.517319420990091]],[[-82.223489998367356,28.51688948363141],[-82.223499363656217,28.516882235893963],[-82.223579379385058,28.516841035610991],[-82.223629148474458,28.516849551295881],[-82.223676808042185,28.516831015284012],[-82.22374599210525,28.516825978155879],[-82.223810626054075,28.516825396169171],[-82.223891903550964,28.516824448346721]]]},"properties":{"OBJECTID_1":285,"OBJECTID":367311,"QUADNUMBER":0,"ELEVATION":95,"ORGCONT":0,"DEPRESSION":0,"HILLTOP":0,"INTERVAL":0,"UNIT":" ","DATESTAMP":1078790400000,"ShapeSTLen":684.85492249716651,"Shape_Length":474.48340233322915}},{"type":"Feature","id":286,"geometry":{"type":"MultiLineString","coordinates":[[[-82.258056338418356,28.532739853659706],[-82.258278255269701,28.532810702780893]],[[-82.254628820562985,28.53535023303219],[-82.254631580692845,28.53526745113432],[-82.254617962492247,28.535159217685152],[-82.254591690457616,28.535042101796137],[-82.254573855165489,28.534997130711286],[-82.254405741231096,28.53474599160252],[-82.254374962406914,28.534710145797128],[-82.254227518013067,28.534567038142402],[-82.254204336143232,28.534535790870841],[-82.254155218702167,28.534486494672983],[-82.254110992490908,28.534450767812491],[-82.25395656484406,28.534343877760335],[-82.253874383694622,28.534240980741657],[-82.253874272668952,28.53416865247787],[-82.253937357288024,28.533947119510952],[-82.25397266679235,28.533820355039023],[-82.253980828510521,28.533472909348291],[-82.25400887113895,28.533400366006266],[-82.254096736261033,28.533309156709379],[-82.254238197720582,28.533267298334788],[-82.254284574448192,28.533249017507252],[-82.254721110484766,28.533163557644027],[-82.25483776612144,28.5331129490908],[-82.254891396394214,28.533080694245424],[-82.254961520914009,28.533057643933688],[-82.255156550116254,28.532988026219638],[-82.255228235948763,28.532987515255837],[-82.255375779073574,28.533044788680709],[-82.255419656162289,28.533062498643265],[-82.255708716141768,28.533154456992758],[-82.255945572962972,28.533229172714286],[-82.256033755053721,28.53323730178689],[-82.256359970253385,28.533247831348454],[-82.256443251771302,28.533242392701293],[-82.256482930830245,28.533242046173264],[-82.256599000608389,28.533227450762549],[-82.25699834509544,28.533147138567188],[-82.25708846020693,28.533114769603433],[-82.257526734149906,28.532961503261777],[-82.257729090331239,28.532873680276122],[-82.258056338418356,28.532739853659706]]]},"properties":{"OBJECTID_1":286,"OBJECTID":367989,"QUADNUMBER":0,"ELEVATION":100,"ORGCONT":0,"DEPRESSION":1,"HILLTOP":0,"INTERVAL":0,"UNIT":" ","DATESTAMP":1078790400000,"ShapeSTLen":14895.203410117227,"Shape_Length":2263.4192038494693}},{"type":"Feature","id":287,"geometry":{"type":"LineString","coordinates":[[-82.239546078099067,28.530112369080442],[-82.239625414975009,28.530152486471533],[-82.239608885703305,28.530224605064316],[-82.239606016721382,28.530283380009362],[-82.239576057646744,28.530315366926118],[-82.239495984233017,28.530320557667586],[-82.239453040877706,28.530284838158909],[-82.23945294278721,28.530212508873159],[-82.239477057888934,28.530185240734824],[-82.239482987079953,28.530135501014605],[-82.239546078099067,28.530112369080442]]},"properties":{"OBJECTID_1":287,"OBJECTID":368722,"QUADNUMBER":0,"ELEVATION":70,"ORGCONT":0,"DEPRESSION":1,"HILLTOP":0,"INTERVAL":0,"UNIT":" ","DATESTAMP":1078790400000,"ShapeSTLen":216.31214304000224,"Shape_Length":216.31214304291041}},{"type":"Feature","id":288,"geometry":{"type":"LineString","coordinates":[[-82.231361911560398,28.53077820384437],[-82.231430168882341,28.530791157167595],[-82.231473817628952,28.530822107306754],[-82.231479704558993,28.530853698389237],[-82.231434294303185,28.530930797450068],[-82.23139008112696,28.531012409803079],[-82.231351952962456,28.531035291509774],[-82.231308140530402,28.531053875980781],[-82.231240215590461,28.531058922963009],[-82.231171468436514,28.531036955024589],[-82.231135075999362,28.5309923128527],[-82.231148198645769,28.530933382565383],[-82.23119821871866,28.530887856113957],[-82.23124965471392,28.530833347070228],[-82.231293063606742,28.53080125335682],[-82.231361911560398,28.53077820384437]]},"properties":{"OBJECTID_1":288,"OBJECTID":368741,"QUADNUMBER":0,"ELEVATION":95,"ORGCONT":0,"DEPRESSION":0,"HILLTOP":0,"INTERVAL":0,"UNIT":" ","DATESTAMP":1078790400000,"ShapeSTLen":324.81611467328491,"Shape_Length":324.81611467075959}},{"type":"Feature","id":289,"geometry":{"type":"LineString","coordinates":[[-82.247693685131495,28.523702147160435],[-82.247859646771261,28.523727582141731],[-82.247926907951978,28.523763038086202],[-82.24795702218006,28.523839396654612],[-82.24794077969436,28.523934313595856],[-82.247876588962768,28.524025247537303],[-82.247853684426062,28.524057048363325],[-82.247683396870855,28.52418042655334],[-82.247627408474941,28.524239669401069],[-82.247571968645033,28.524343945603043],[-82.247562006941536,28.524366619004311],[-82.247523341124918,28.524502345728397],[-82.247498267397489,28.524588424863101],[-82.247472069493384,28.524665202834086],[-82.247445301800724,28.524737758849394],[-82.247419910787457,28.524765014491496],[-82.247354465891064,28.52481541880476],[-82.247290024183457,28.52484303156411],[-82.247247570003381,28.524856860617955],[-82.247169907863309,28.52487108668786],[-82.247090969548807,28.524885292475908],[-82.247058253904086,28.524890233678452],[-82.246891479747973,28.524954843592109],[-82.24686117078106,28.524968812874913],[-82.246769795135961,28.524960633975915],[-82.246731636634934,28.524906688744821],[-82.246719766761316,28.524888811331049],[-82.24671517696234,28.524816710344719],[-82.246701159450666,28.524654436810891],[-82.24665359047691,28.524469798140373],[-82.246616814073235,28.52433003346863],[-82.246588759942213,28.524244694308678],[-82.246588379848674,28.524149848306553],[-82.246618396770415,28.524113643053994],[-82.246658546716361,28.524004961760248],[-82.246694148113008,28.523900715632081],[-82.246766139424594,28.523841389054297],[-82.246973797471782,28.523780952324728],[-82.247064754396689,28.523775612876722],[-82.247101947912,28.52377073210711],[-82.247362643448824,28.523754856407137],[-82.247495348713599,28.523739908245417],[-82.247515332315501,28.523730870015154],[-82.247675690532446,28.523706707047292],[-82.247693685131495,28.523702147160435]]},"properties":{"OBJECTID_1":289,"OBJECTID":369060,"QUADNUMBER":0,"ELEVATION":115,"ORGCONT":0,"DEPRESSION":1,"HILLTOP":0,"INTERVAL":0,"UNIT":" ","DATESTAMP":1078790400000,"ShapeSTLen":1461.9050612475269,"Shape_Length":1461.9050612412589}},{"type":"Feature","id":290,"geometry":{"type":"MultiLineString","coordinates":[[[-82.247670497851374,28.536464165640353],[-82.247626337796376,28.536464463628498],[-82.247573844889786,28.53646521623493],[-82.247471633871584,28.536493205607641],[-82.24743749628044,28.536506849019869],[-82.247275780469664,28.536652849910585],[-82.247251310208028,28.536662119146797],[-82.246949715385924,28.536633299205533],[-82.246757821518145,28.536666641377412],[-82.246681360796501,28.536685383948594],[-82.246626148506863,28.536735631211243],[-82.246476729312633,28.536913024908372],[-82.246437850034397,28.537021443782848],[-82.246424467694254,28.537215738692208],[-82.246428466394988,28.537318197358339]],[[-82.24797274758447,28.537246354324434],[-82.248012995405276,28.53721027361183],[-82.248063606754627,28.537087919592611],[-82.248048324926472,28.536884824870246],[-82.24790506188009,28.536601904041799],[-82.247739193989688,28.536490638809635],[-82.247670497851374,28.536464165640353]]]},"properties":{"OBJECTID_1":290,"OBJECTID":370491,"QUADNUMBER":0,"ELEVATION":140,"ORGCONT":0,"DEPRESSION":0,"HILLTOP":0,"INTERVAL":0,"UNIT":" ","DATESTAMP":1078790400000,"ShapeSTLen":1633.2884733959868,"Shape_Length":944.55722499729154}},{"type":"Feature","id":291,"geometry":{"type":"LineString","coordinates":[[-82.269482246841619,28.512895827191379],[-82.269417153124223,28.512985748064931],[-82.269396169912838,28.513017577599523],[-82.269340199567623,28.513076827569009],[-82.269228487509793,28.513141013726521],[-82.268923295724989,28.513220545576964],[-82.268316072563792,28.513221773009722],[-82.268206921590576,28.513245465796437],[-82.268086599753872,28.513287038914736],[-82.26799151624509,28.513391674214908],[-82.267909638737578,28.513550509142828],[-82.267845929126693,28.513894177754523],[-82.267760551651449,28.514111503392062],[-82.267560987880742,28.514347962569772],[-82.26742145695961,28.514430655040485],[-82.267318626904,28.514539703151605],[-82.26728525517926,28.514625972848307],[-82.267248282374439,28.514937603903096],[-82.267180921036868,28.515069036176694],[-82.267149334388066,28.51512351981194],[-82.267086609170406,28.515205197361045],[-82.266999619886562,28.515282922451075],[-82.266943593385164,28.515305866454195],[-82.26681395984123,28.515329592950021],[-82.266563239637676,28.515323120711162],[-82.26645402214092,28.515351036117579],[-82.266362844932118,28.515451218537081],[-82.266321928834401,28.515568904500611],[-82.266300724744866,28.51561423582239],[-82.266256346176917,28.51566884086947],[-82.26612712934228,28.515746885457283],[-82.265759275097381,28.515863059990672],[-82.265636739769732,28.515963417847768],[-82.265630888320445,28.516049177638472],[-82.265646168873715,28.516094116290692],[-82.265830546699974,28.516367683355323],[-82.26595089054554,28.516524516000654],[-82.265999626631583,28.516718170093014],[-82.265956044710052,28.517282717470398],[-82.265901898214267,28.517468343502703],[-82.265845629767796,28.517865850392344],[-82.26582975844471,28.517938263290844],[-82.265816305319731,28.517978904294626],[-82.265765644833692,28.518105758926442],[-82.265724177935127,28.518178411366623],[-82.26572292373379,28.518336267865934],[-82.265738988184609,28.518372211255752],[-82.265835806924173,28.518479786567489],[-82.265963292111493,28.518550584342609],[-82.266229001741308,28.518620294598037],[-82.266363391622278,28.518619139681491],[-82.266382026128767,28.518614578776049],[-82.266511378644836,28.518568059025473],[-82.266603620860721,28.518481681275734],[-82.266752927885406,28.518267957676503],[-82.266870916427123,28.518172046419323],[-82.266904482554978,28.518153891117073],[-82.266962510168355,28.518126183315342],[-82.26709228276205,28.518093454575187],[-82.267154430227635,28.518088318045191],[-82.267224117799472,28.518092271348106],[-82.26731122319795,28.518127398051586],[-82.267342997037545,28.51814073810985],[-82.267459521969187,28.518257000092042],[-82.267559877065395,28.518463673879527],[-82.267772284288384,28.518746027784672],[-82.267874434618946,28.51888040167654],[-82.268028749363026,28.519154154802777],[-82.268123285058081,28.519365262023758],[-82.268144807866122,28.519419274688552],[-82.268184533784819,28.519576794916119],[-82.268200150714023,28.519680549413021],[-82.268210576035997,28.519829273627451],[-82.268201368565755,28.519964793740822],[-82.268125540602085,28.520105412764902],[-82.268077744036034,28.520173488147105],[-82.268019206816774,28.520232708307141],[-82.267879741226665,28.520351430920659],[-82.267819563435111,28.520392623519065],[-82.267726262393808,28.520465760404122],[-82.267698880394235,28.520497506611214],[-82.267638279209194,28.520565697300839],[-82.267602267136823,28.520696957843853],[-82.267558201588628,28.520931967206973],[-82.267545728892841,28.521031433174539],[-82.267540894560184,28.521054169219227],[-82.267480273453387,28.521203688455262],[-82.267441220367388,28.521285101135575],[-82.267345757508522,28.521412529039761],[-82.267287452110182,28.521457964162632],[-82.267233752959598,28.521494729469016],[-82.267116334703502,28.521554346571474],[-82.266312177990443,28.521823562421002],[-82.266287071196203,28.521832822796128],[-82.266197039654386,28.521860981025046],[-82.265844868983308,28.52203560348682],[-82.265460050620135,28.522210671427814],[-82.264940675923285,28.522477219053044],[-82.264797933326307,28.522559875350623],[-82.26476102210782,28.522587274880951],[-82.264638130714815,28.522669621618459],[-82.264578100522328,28.522701807064358],[-82.264129276738828,28.52291800124809],[-82.263826322049255,28.523015558870885],[-82.263636382216802,28.523048951704279],[-82.263551039029949,28.523063371673398],[-82.263375819502457,28.523096374646858],[-82.263306342700346,28.52311972040275],[-82.263273829326522,28.52315167327431],[-82.263272395297861,28.523201190562911],[-82.26326788439286,28.523323266153948],[-82.263247683415273,28.523345808940785],[-82.262891280778931,28.523344774693857],[-82.262657760328665,28.523342439927585],[-82.262626468620894,28.523338111404659],[-82.262538223730374,28.523334491204309],[-82.262447277215173,28.523339829256837],[-82.262276322119448,28.5233458775798],[-82.262277980989097,28.523282577411766],[-82.262282913375941,28.52317429792641],[-82.262276679723612,28.523084163645173],[-82.262246672878888,28.522800125587288],[-82.262210071481448,28.522448455754205],[-82.262172780709108,28.522299975144715],[-82.262158571144937,28.522268552142581],[-82.262101349754502,28.522165130795113],[-82.26195590400782,28.522017554440286],[-82.261842572716418,28.521941854797124],[-82.261798133958408,28.521919910521945],[-82.261705342606461,28.521880214555146],[-82.261190853421738,28.521681902205742],[-82.261131915357851,28.521646274411509],[-82.26110468592347,28.521628493647935],[-82.260891832500008,28.521494989643266],[-82.260818960060618,28.521409943421887],[-82.260723518899496,28.521216836502674],[-82.260561813217237,28.520487360287447],[-82.260425895245319,28.520344123207575],[-82.260278352270689,28.520327378634811],[-82.260186464474444,28.520350723320625],[-82.260143792201589,28.520378331156511],[-82.260040368431376,28.520483144655657],[-82.259872187773709,28.52079596485828],[-82.259859662524093,28.520818599848194],[-82.259793863311373,28.520891510867113],[-82.259704395113005,28.520964418373055],[-82.259525301097625,28.521078977984274],[-82.259256125879503,28.521185391443325],[-82.259206558051304,28.521203911062045],[-82.259117169117303,28.521231788165942],[-82.258806052818557,28.521279709321032],[-82.258673570811311,28.521321399243149],[-82.258645681299839,28.521344408972137],[-82.258618581161898,28.521398670009972],[-82.258616023378025,28.5215973150206],[-82.258612315920942,28.521868273657478],[-82.258497181311242,28.52214460667248],[-82.25835547379576,28.522321826614817],[-82.258318342585255,28.522362737478389],[-82.258252907432876,28.522413137987837],[-82.257864371345192,28.522619655497245],[-82.25784502401666,28.52262898549715],[-82.257785279470056,28.522683682788674],[-82.257763870059378,28.522701705395683],[-82.257684629324302,28.522774732024189],[-82.257564381302146,28.52301047098867],[-82.257491048583645,28.523313492909637],[-82.257316920639965,28.523477651258222],[-82.257142523038723,28.523578482235898],[-82.257073460425005,28.523615333072243],[-82.256899577522717,28.523684649176783],[-82.256797380299673,28.523712642820506],[-82.256571235642426,28.523768932637427],[-82.256368920067445,28.523775137426536],[-82.256309401024495,28.523775805577916],[-82.256205868951099,28.523767766044038],[-82.255975134458708,28.523711141940172],[-82.255772780300703,28.523640800665987],[-82.255557553414434,28.523534568062406],[-82.255341841371177,28.523419312549191],[-82.255185797531254,28.523294387858932],[-82.255186510815363,28.523091220221414],[-82.255387691139035,28.523075707103665],[-82.255432862832691,28.52301211043487],[-82.255393910767424,28.522967443460104],[-82.255247095730994,28.522865150408837],[-82.255155612546233,28.52278465146329],[-82.255054376117187,28.522713317865023],[-82.255013501455736,28.522668624609942],[-82.254950735098006,28.522592425444159],[-82.254906977391599,28.522448358390303],[-82.254889086106985,28.522367369243113],[-82.254881877140591,28.522218686669227],[-82.254886668482783,28.522159933029048],[-82.254894648544479,28.522101211304268],[-82.254938660985388,28.521911244045437],[-82.255124512613605,28.521575576365297],[-82.255142154941638,28.521552714733943],[-82.255202406701002,28.521466507649141],[-82.255373986995764,28.521261802526219],[-82.255616831718484,28.521043066060372],[-82.255925986797578,28.520877779372807],[-82.256065664497186,28.520826612030103],[-82.256118360767502,28.520812631881679],[-82.25647699387352,28.520714655154169],[-82.256869181133695,28.520638772104206],[-82.257089851126082,28.520564408199849],[-82.257505047099585,28.520371168219736],[-82.257628821917862,28.520234531937867],[-82.257652158671434,28.52017572317126],[-82.257670176201657,28.520089831488455],[-82.257629867196542,28.520049653280584],[-82.257584724158477,28.520031922011974],[-82.2569978050809,28.520001269922489],[-82.256677410577552,28.519950009526145],[-82.256545085332206,28.519901649056514],[-82.256515885913871,28.519847810545066],[-82.25651247860884,28.519820756460248],[-82.256481788009694,28.519500682934694],[-82.25643768456014,28.519338599778393],[-82.256360271675703,28.519059597228779],[-82.25631664074497,28.518310764762163],[-82.256307547783578,28.518040214567833],[-82.25634638415363,28.517773622780496],[-82.256416562455399,28.517587915189175],[-82.256698082458968,28.517111323527502],[-82.2567646060876,28.516993396238181],[-82.25721574632864,28.516393670495361],[-82.257387285038106,28.516071608768868],[-82.257408204431016,28.516003769374368],[-82.257462307571103,28.515822641302115],[-82.257524912106859,28.515470242146819],[-82.257523356624048,28.515447710741693],[-82.257507638071957,28.515231102855779],[-82.257494428483454,28.515177190897823],[-82.257418169043902,28.515065086819046],[-82.25738348178929,28.515033691237349],[-82.257202272242552,28.514922532031228],[-82.257136004378978,28.514905104962665],[-82.257079758857273,28.514901311436855],[-82.256990171578352,28.514901887861509],[-82.256722075950549,28.514981291508459],[-82.256277613275273,28.515165719687328],[-82.256199889655193,28.515184453738463],[-82.255671433258541,28.515220936682024],[-82.255048224679172,28.515339532334696],[-82.254989136185472,28.515353713556596],[-82.254793713425983,28.515409816422945],[-82.254495334806563,28.515502628129777],[-82.254041330761154,28.515682986456021],[-82.253814693809858,28.515770783521937],[-82.253383610611735,28.51587854619137],[-82.253061499062369,28.515895073838827],[-82.252790822764496,28.515856801048212],[-82.252291428519499,28.515717188389019],[-82.252241800124168,28.515699396875846],[-82.252219542937155,28.515690676384654],[-82.252141336674214,28.515659870964726],[-82.25193409815968,28.515575957034333],[-82.251886473894913,28.515553698657047],[-82.251749318813197,28.515528066255957],[-82.251457297396257,28.515503598385258],[-82.251223194841089,28.515578065530843],[-82.251126745492769,28.51564665359599],[-82.250956472175417,28.515770046766381],[-82.2507509316317,28.515898340497785],[-82.250702010447313,28.515916869365643],[-82.250426289317545,28.516032180044061],[-82.250360078329862,28.516050776747527],[-82.250302274372103,28.516064684667533],[-82.250183018227062,28.516079519644073],[-82.25012862020867,28.516079966295237],[-82.250034697883152,28.51607175904525],[-82.24985396916324,28.516010406021909],[-82.249826672947592,28.515997119495502]]},"properties":{"OBJECTID_1":291,"OBJECTID":370623,"QUADNUMBER":0,"ELEVATION":120,"ORGCONT":0,"DEPRESSION":0,"HILLTOP":0,"INTERVAL":0,"UNIT":" ","DATESTAMP":1078790400000,"ShapeSTLen":25514.527245047633,"Shape_Length":17040.414838076922}},{"type":"Feature","id":292,"geometry":{"type":"LineString","coordinates":[[-82.237339092337265,28.524550264865198],[-82.237220685466838,28.524551596002336],[-82.23715597629085,28.524556687235876],[-82.237069430210241,28.524566293999072],[-82.237001787549019,28.524594150207367],[-82.236971644601851,28.524598836348591],[-82.236875908805118,28.524622390372542],[-82.23681223785978,28.524681537509],[-82.23677434518406,28.524808266174638],[-82.236767921789138,28.524848982296792],[-82.236761862182263,28.525025079788168],[-82.236752653064016,28.525079272821383],[-82.236718503675931,28.525133725878018],[-82.23668150335719,28.525165614360887],[-82.236604512769674,28.525256678999884],[-82.23657419922084,28.525310891630372],[-82.23658009699021,28.525459830159836],[-82.236560923587177,28.525536703002327],[-82.236539294507679,28.525568506927307],[-82.236572409034892,28.525617889818736],[-82.236619743867223,28.52565817211638],[-82.236665675336809,28.525666626513388],[-82.236734504073368,28.525684097862634],[-82.236834478203335,28.525714623292561],[-82.236917727616614,28.525750001770181],[-82.237045656910198,28.525753584705793],[-82.237057813961684,28.525753456112529],[-82.237195580948864,28.525702559620171],[-82.237247151778632,28.52567928373222],[-82.237332079829301,28.525651648961446],[-82.23747759594859,28.525596073505664],[-82.237554854773791,28.52552781204993],[-82.237581558834364,28.525459762594913],[-82.237584851455182,28.525414496861387],[-82.237604564373385,28.525107433929769],[-82.237606935590208,28.525039927825901],[-82.237618269630232,28.524854613517],[-82.237606568142468,28.524787208724341],[-82.237590088559912,28.524737747358817],[-82.237583706914819,28.524697146535136],[-82.237547545653726,28.524638717757142],[-82.237480435759878,28.524594257282686],[-82.237410553587026,28.524563270068654],[-82.237339092337265,28.524550264865198]]},"properties":{"OBJECTID_1":292,"OBJECTID":373025,"QUADNUMBER":0,"ELEVATION":65,"ORGCONT":0,"DEPRESSION":1,"HILLTOP":0,"INTERVAL":0,"UNIT":" ","DATESTAMP":1078790400000,"ShapeSTLen":1302.6551375568934,"Shape_Length":1302.6551375589686}},{"type":"Feature","id":293,"geometry":{"type":"LineString","coordinates":[[-82.227200623648073,28.51220519679385],[-82.227259355456283,28.512213825212935],[-82.227364155316977,28.512221907313069],[-82.227388962753309,28.512230661011305],[-82.227472282759251,28.512261543459893],[-82.227530044037508,28.512328684478856],[-82.227549342025171,28.512400698509683],[-82.227546587538541,28.512490994985942],[-82.227492592179047,28.51254547364405],[-82.227411296628659,28.512586939159405],[-82.227328029106374,28.512592079308327],[-82.227252394456229,28.512561288593904],[-82.227195044245377,28.51250765585603],[-82.227144912327859,28.512404306873076],[-82.227137670471976,28.512377194331677],[-82.227127857727424,28.512273508137984],[-82.227200623648073,28.51220519679385]]},"properties":{"OBJECTID_1":293,"OBJECTID":375900,"QUADNUMBER":0,"ELEVATION":85,"ORGCONT":0,"DEPRESSION":0,"HILLTOP":0,"INTERVAL":0,"UNIT":" ","DATESTAMP":1078790400000,"ShapeSTLen":440.7060913354926,"Shape_Length":440.70609134011193}},{"type":"Feature","id":294,"geometry":{"type":"LineString","coordinates":[[-82.236692305889548,28.528437242049723],[-82.236806436663329,28.528463163394616],[-82.236854337740851,28.528507951827585],[-82.236838593501304,28.528571356571781],[-82.236708357191432,28.528631062730174],[-82.236632680368302,28.528640804584064],[-82.236537163083838,28.528650860673434],[-82.23640119083035,28.52866997900065],[-82.236173046764705,28.528690177870498],[-82.236086199773581,28.528718072419966],[-82.236067499626273,28.528727122982314],[-82.235938191865699,28.528769122728001],[-82.235780012280955,28.528815534416662],[-82.235692960907912,28.528816409170304],[-82.235660965445604,28.528816563940129],[-82.235542711930748,28.528808605502846],[-82.235464280420246,28.528791296391685],[-82.235354212186962,28.52875163675883],[-82.235308498791582,28.528729677915887],[-82.235239104500124,28.528707693295257],[-82.235065973901499,28.528650637075256],[-82.235017571275392,28.528596843446831],[-82.235021729154184,28.528538078074202],[-82.235011289728092,28.528511213390956],[-82.235084981088363,28.528465424375714],[-82.235142167891439,28.528451229821073],[-82.235230557301776,28.528446148163958],[-82.23536873175496,28.528449298037643],[-82.235470430032052,28.528452831338658],[-82.235702245779194,28.528482202264154],[-82.235814806470728,28.52848586263908],[-82.2359343460666,28.528493845677954],[-82.236254509323913,28.528481833915905],[-82.236404983561897,28.528475843118837],[-82.236604471841844,28.528447112449708],[-82.236631356303633,28.528446886954928],[-82.236692305889548,28.528437242049723]]},"properties":{"OBJECTID_1":294,"OBJECTID":378558,"QUADNUMBER":0,"ELEVATION":60,"ORGCONT":0,"DEPRESSION":1,"HILLTOP":0,"INTERVAL":0,"UNIT":" ","DATESTAMP":1078790400000,"ShapeSTLen":1283.4606041359416,"Shape_Length":1283.4606041331822}},{"type":"Feature","id":295,"geometry":{"type":"LineString","coordinates":[[-82.249798900642105,28.497296569672887],[-82.249760083717788,28.497283425160699],[-82.249693398671553,28.497239344181551]]},"properties":{"OBJECTID_1":295,"OBJECTID":380450,"QUADNUMBER":0,"ELEVATION":75,"ORGCONT":0,"DEPRESSION":1,"HILLTOP":0,"INTERVAL":0,"UNIT":" ","DATESTAMP":1078790400000,"ShapeSTLen":1618.3024961768106,"Shape_Length":40.10427141539639}},{"type":"Feature","id":296,"geometry":{"type":"MultiLineString","coordinates":[[[-82.244733283391994,28.537000957703277],[-82.244827294232181,28.537004671962951],[-82.244864547808547,28.537036091272771],[-82.24485833237452,28.537103840711239],[-82.244850401342362,28.53719857159021],[-82.244855333565923,28.537288689041635],[-82.24485793797794,28.537316883568579]],[[-82.244033083149759,28.537314190344663],[-82.244062432437815,28.5372869201348],[-82.244119261047999,28.537254994050194],[-82.244130652913356,28.537223336410257],[-82.244284770832991,28.537073013537338],[-82.244383412771427,28.537067497794979],[-82.244437743105934,28.537071558033151],[-82.244522946299298,28.537066145782493],[-82.2446107867123,28.537056271137949],[-82.244704258254174,28.537014952155548],[-82.244733283391994,28.537000957703277]]]},"properties":{"OBJECTID_1":296,"OBJECTID":382244,"QUADNUMBER":0,"ELEVATION":100,"ORGCONT":0,"DEPRESSION":1,"HILLTOP":0,"INTERVAL":0,"UNIT":" ","DATESTAMP":1078790400000,"ShapeSTLen":2355.9369812856048,"Shape_Length":419.4867404739029}},{"type":"Feature","id":297,"geometry":{"type":"LineString","coordinates":[[-82.23555180742801,28.519399495978959],[-82.235620206478472,28.519403450581919],[-82.235664367678396,28.519403164645542],[-82.235760336936494,28.519442925286949],[-82.235822689974157,28.519464822659351],[-82.235814347820565,28.519505520442557],[-82.235721971344773,28.519519836792629],[-82.235617167770172,28.519511764795539],[-82.235479789023316,28.519499620933221],[-82.235455697032066,28.519486084139604],[-82.235458984906685,28.519441107174718],[-82.23555180742801,28.519399495978959]]},"properties":{"OBJECTID_1":297,"OBJECTID":383108,"QUADNUMBER":0,"ELEVATION":80,"ORGCONT":0,"DEPRESSION":0,"HILLTOP":0,"INTERVAL":0,"UNIT":" ","DATESTAMP":1078790400000,"ShapeSTLen":274.04437931492646,"Shape_Length":274.04437931285997}},{"type":"Feature","id":298,"geometry":{"type":"LineString","coordinates":[[-82.253922933666047,28.529357857420251],[-82.253990902829869,28.529388809882629],[-82.254055682064589,28.52941972947594],[-82.254098965386333,28.529473461780263],[-82.25410591927897,28.529518570630259],[-82.254082508624634,28.529581884281516],[-82.254028363832063,28.529645650636169],[-82.253974236619811,28.529668615515746],[-82.253913217011302,28.529682770109595],[-82.253869130766901,28.529678567266078],[-82.253799442811314,28.529674885977844],[-82.253716597182688,28.529653023479131],[-82.25366178798204,28.529599430785389],[-82.253652479404636,28.529581315506363],[-82.253663164195714,28.529513623142467],[-82.253665373053863,28.529495634340577],[-82.253739085920216,28.529409030172019],[-82.253793350892508,28.529377068729065],[-82.253922933666047,28.529357857420251]]},"properties":{"OBJECTID_1":298,"OBJECTID":383690,"QUADNUMBER":0,"ELEVATION":120,"ORGCONT":0,"DEPRESSION":0,"HILLTOP":0,"INTERVAL":0,"UNIT":" ","DATESTAMP":1078790400000,"ShapeSTLen":413.33047295714778,"Shape_Length":413.33047295805034}},{"type":"Feature","id":299,"geometry":{"type":"LineString","coordinates":[[-82.23048925956904,28.521507955502607],[-82.230681374786329,28.521537677657371],[-82.230817334425197,28.521676439139185],[-82.230836582841832,28.521712141253889],[-82.230857312941794,28.521775158555673],[-82.230858150953324,28.521802471229982],[-82.23086776397561,28.522037011438165],[-82.230902934707117,28.522077134160241],[-82.231027093804585,28.522076172331079],[-82.231191881567909,28.522016058166852],[-82.231291175809986,28.521970031797114],[-82.231503956953546,28.52194992509164],[-82.231606402286104,28.521984979084017],[-82.231811012401806,28.522073398677172],[-82.232139230759415,28.522232878821011],[-82.232264851948315,28.522299467696481],[-82.232270455326315,28.522308551084464],[-82.232451457477097,28.522510071643516],[-82.232485854857032,28.522559191689076],[-82.23257857039782,28.522720770868897],[-82.232613745691552,28.522761177372455],[-82.232713202552361,28.522940845121681],[-82.232912595349603,28.523074220657836],[-82.232908293823243,28.523141985385465],[-82.232923216971258,28.523286266086593],[-82.232936759795109,28.523358473159362],[-82.233042624559303,28.523380077002724],[-82.233060942605348,28.523434054746907],[-82.233019325045362,28.523474902362818],[-82.232849137508367,28.52351272013123],[-82.232637446068495,28.523505544577542],[-82.232464595445919,28.523471001683227],[-82.232330840422335,28.523472132837885],[-82.232271735080005,28.52348629881018],[-82.23216148833005,28.523536975460246],[-82.232111130225661,28.52356448027016],[-82.231930114187023,28.523755810285646],[-82.231785238675698,28.523811114334681],[-82.231105196134791,28.523957310967244],[-82.230966611386066,28.523940370444731],[-82.230687151414841,28.523812169469586],[-82.23063985313037,28.523690565367474],[-82.230669335354975,28.523491690925709],[-82.230672263640699,28.523469218376281],[-82.230667131118054,28.523352078782192],[-82.230517429721928,28.52327196158797],[-82.230494522220937,28.523028526941687],[-82.23047938640309,28.523015108527844],[-82.230084089602585,28.523005330277659],[-82.230030625548622,28.522987771775533],[-82.229947324268394,28.522916078621396],[-82.22987651936144,28.522745500239957],[-82.229802453389638,28.522696437612218],[-82.229680384912854,28.522647893744217],[-82.229046940641439,28.522644684232151],[-82.228883597092221,28.522654998151275],[-82.228808810446424,28.52261071954397],[-82.228796385881182,28.522588050006576],[-82.228793673898579,28.522479948678679],[-82.228849741927206,28.522416210682476],[-82.228909430370209,28.522366028865132],[-82.229458762801855,28.522230290364249],[-82.229530731958164,28.522211496488953],[-82.229630600862464,28.522169986615374],[-82.229789797655044,28.522060267047483],[-82.229820891596745,28.522037303815917],[-82.22987162374119,28.521987296441811],[-82.229882643084551,28.521978143319775],[-82.229968028817765,28.521882693635135],[-82.230185341765946,28.521623436323864],[-82.230374968591761,28.521531555377621],[-82.23048925956904,28.521507955502607]]},"properties":{"OBJECTID_1":299,"OBJECTID":384097,"QUADNUMBER":0,"ELEVATION":90,"ORGCONT":0,"DEPRESSION":0,"HILLTOP":0,"INTERVAL":0,"UNIT":" ","DATESTAMP":1078790400000,"ShapeSTLen":3760.5139236437808,"Shape_Length":3760.5139236495979}},{"type":"Feature","id":300,"geometry":{"type":"MultiLineString","coordinates":[[[-82.243916857041938,28.500274694477259],[-82.243845760231679,28.500437866973694],[-82.243825341864408,28.500474188947354],[-82.243673694224,28.500633542694537],[-82.243419841158328,28.500744053704107],[-82.242861258058838,28.500866503946984],[-82.242708241856334,28.500912993883269],[-82.242563377991047,28.501009111045381],[-82.242431742498042,28.501235971379867],[-82.242299939244745,28.501395004855919],[-82.242072013459236,28.501523570095941],[-82.241854198019453,28.501620462487988],[-82.241557527414955,28.501609419201994],[-82.241267413642817,28.501548937347348],[-82.241183456608056,28.501518050884581],[-82.241095178232513,28.501478387646511],[-82.240958284174738,28.501398434841562],[-82.24089788293827,28.501335772554377],[-82.240831424902382,28.50129131507784],[-82.240598705876863,28.50104524728167],[-82.240479786372504,28.500843107272051],[-82.240410674164721,28.500568415745978],[-82.240327780651626,28.50038116292037],[-82.240288976533861,28.500222152400521],[-82.240452286020712,28.499895790824979],[-82.240491703894989,28.49983211795103],[-82.240501722609338,28.499687598576752],[-82.24036964621304,28.499508359919396],[-82.23997692884322,28.499187116474754],[-82.239760696329597,28.498949984699536],[-82.239622339176449,28.498684834450813],[-82.239610337925527,28.498635439225573],[-82.23961048920151,28.498626439806749],[-82.239612685419061,28.498490820614911],[-82.23961341519481,28.498445803714933],[-82.239662038464729,28.498327938553341],[-82.239738138290718,28.498250654199939],[-82.239842125596653,28.498150371092244],[-82.240029509153672,28.498035932562178],[-82.240243258566537,28.497952509730641],[-82.240377571756937,28.497915354371148],[-82.24084317638038,28.49788405329349],[-82.240991933587779,28.49782401336423],[-82.241037526238969,28.497773927809106],[-82.241048460369171,28.497651929428642],[-82.240998783602549,28.497598401580177],[-82.240969652525848,28.49758058124705],[-82.240687132864167,28.497564936899398],[-82.240612785044135,28.497534171097094],[-82.240554361697946,28.497507548645981],[-82.240480671222485,28.49743599079947],[-82.240412192838363,28.497319182486351],[-82.240395317816848,28.497142094222479]],[[-82.241738098362831,28.497082413611256],[-82.241782131649401,28.497225497904434],[-82.241807697699031,28.497266061863204],[-82.241892291342111,28.497296668916185],[-82.242140156941787,28.497199879021814],[-82.242263305199984,28.497180597424052],[-82.242456312787382,28.497192307824946],[-82.242561803295359,28.497236406145575],[-82.242574298175555,28.497254569844142],[-82.242563756317253,28.497313259558926],[-82.242495128733239,28.49736361681931],[-82.242009425931968,28.497489792876468],[-82.241755431598435,28.497609300207998],[-82.24172513894537,28.497623276462665],[-82.241643695392426,28.497714273636198],[-82.241644426414055,28.497827131256646],[-82.241775248028389,28.497965822880928],[-82.241897716499722,28.498027865451842],[-82.242635925920652,28.49822876494321],[-82.242828062170688,28.498294492024311],[-82.242848317687034,28.498307982087212],[-82.243176399994539,28.498512457633964],[-82.243199782438836,28.498530485389235],[-82.243378012131373,28.498704661308832],[-82.243647057289081,28.499117496865999],[-82.243835490593085,28.499531007971672],[-82.243907081270933,28.499850747713602],[-82.243916857041938,28.500274694477259]]]},"properties":{"OBJECTID_1":300,"OBJECTID":384420,"QUADNUMBER":0,"ELEVATION":150,"ORGCONT":0,"DEPRESSION":0,"HILLTOP":0,"INTERVAL":0,"UNIT":" ","DATESTAMP":1078790400000,"ShapeSTLen":5903.2938512098199,"Shape_Length":5346.1704132754048}},{"type":"Feature","id":301,"geometry":{"type":"LineString","coordinates":[[-82.263948630578255,28.518492729322002],[-82.263859459839693,28.518507105478967],[-82.263816934721518,28.518525425411944],[-82.263759186845348,28.518575646717892],[-82.263721548655013,28.518648353378552],[-82.26370354476056,28.518693720481352],[-82.263691284378936,28.518819927716098],[-82.263721079536111,28.519076948819606],[-82.263732467997656,28.51932501193523],[-82.263807851197456,28.519572475261526],[-82.263806048875139,28.519685299314283],[-82.263759364714062,28.519803201388711],[-82.263729844899373,28.519848700027914],[-82.263593285930909,28.519985190682917],[-82.263418536811486,28.520108811972133],[-82.26334762798497,28.520181666034606],[-82.262939085522973,28.520559892242414],[-82.262707473630769,28.520877844883429],[-82.262651333797407,28.520986897476991],[-82.262611044209351,28.521145115406895],[-82.262619511986344,28.521415666189259],[-82.262630302678289,28.521501352116406],[-82.262750554677041,28.521703493622852],[-82.262853063582099,28.521815358786647],[-82.263034169010339,28.521894714441547],[-82.263207591645255,28.521933724534914],[-82.263222234989584,28.521938130300732],[-82.26332975868516,28.521937209080154],[-82.264367455097315,28.521909541859262],[-82.264418159469741,28.521900033504362],[-82.264484222420322,28.521890438384208],[-82.264793994530677,28.521806190974925],[-82.26508450826114,28.521686244768709],[-82.265268984812948,28.52159425672151],[-82.265357241291028,28.521557350704576],[-82.265541432491929,28.521483366483469],[-82.265929876090894,28.52128104392359],[-82.266099216683912,28.521135113163325],[-82.26615527372843,28.521071368904867],[-82.266167152956882,28.52104872107191],[-82.266252368010413,28.520881200204816],[-82.266240179011717,28.520723179712199],[-82.266196605727089,28.520646934604446],[-82.265954124785708,28.520364777049593],[-82.265828878899455,28.520153846631825],[-82.265762647716045,28.519974047162819],[-82.265650963290312,28.519555325362056],[-82.265529625204636,28.519380468275592],[-82.265393904187675,28.51926453631636],[-82.265301059736288,28.519188533313578],[-82.26480607520908,28.518931379618248],[-82.264468579308016,28.518709101088174],[-82.264400187982858,28.518664640158157],[-82.264101219922892,28.518513753485454],[-82.263988879233196,28.518496884041035],[-82.263948630578255,28.518492729322002]]},"properties":{"OBJECTID_1":301,"OBJECTID":385294,"QUADNUMBER":0,"ELEVATION":150,"ORGCONT":0,"DEPRESSION":0,"HILLTOP":0,"INTERVAL":0,"UNIT":" ","DATESTAMP":1078790400000,"ShapeSTLen":3856.9629388948351,"Shape_Length":3856.9629388979706}},{"type":"Feature","id":302,"geometry":{"type":"LineString","coordinates":[[-82.238391170448338,28.533764741757444],[-82.238083724683605,28.533781147894867],[-82.237851839256763,28.533873633261265],[-82.237765093983299,28.533973568471666],[-82.237712497887657,28.534059869858243],[-82.237658115431998,28.534295008351776],[-82.237655335408888,28.534466366184084],[-82.237666467588483,28.534529541666068],[-82.23769526003062,28.534687213390626],[-82.237794130062127,28.534943420520396],[-82.237977204447347,28.535217010845464],[-82.238023267837832,28.535257266831923],[-82.238168388550108,28.535305531613897],[-82.238277862322391,28.535264124910896],[-82.238613640471115,28.535039832822733],[-82.238747768108979,28.534898839138751],[-82.238783726009586,28.534812618049958],[-82.238769506448179,28.534663846060301],[-82.238705168211936,28.534605910277101],[-82.238562628408701,28.534516883423073],[-82.238520248642004,28.53448567258701],[-82.238399765296208,28.534378347834423],[-82.238331901238098,28.534261835894828],[-82.238313122943225,28.534117510486073],[-82.238320111225462,28.53408128974997],[-82.238414625157063,28.533936146506488],[-82.238425595594649,28.533890974711319],[-82.238430419136876,28.533791417525165],[-82.238391170448338,28.533764741757444]]},"properties":{"OBJECTID_1":302,"OBJECTID":387161,"QUADNUMBER":0,"ELEVATION":125,"ORGCONT":0,"DEPRESSION":0,"HILLTOP":0,"INTERVAL":0,"UNIT":" ","DATESTAMP":1078790400000,"ShapeSTLen":1507.3715949102182,"Shape_Length":1507.3715949057189}},{"type":"Feature","id":303,"geometry":{"type":"LineString","coordinates":[[-82.234483500356461,28.529838203922406],[-82.234379812157798,28.529839156185101],[-82.234195954572257,28.529890591294411],[-82.234127501068926,28.529967678648024],[-82.234116353158001,28.530062653704736],[-82.234204028450307,28.530219668953766],[-82.234203811148447,28.530508683127046],[-82.234245250996196,28.530675241869471],[-82.234293873631501,28.530715530842198],[-82.23436013854338,28.53073297169788],[-82.234431751645843,28.530736687608982],[-82.234481821344389,28.53072718970061],[-82.234551806298242,28.53071314925808],[-82.23460133627627,28.530658339956016],[-82.234606007074362,28.530568061947161],[-82.234606226478093,28.530554557937759],[-82.234565429126008,28.530505361123616],[-82.234467397199168,28.530434048209965],[-82.234465687293707,28.53030316745572],[-82.234482766274184,28.530276087399404],[-82.234662887501784,28.530296924665389],[-82.234758645366739,28.530232840512245],[-82.234842200047481,28.530250221474827],[-82.234858378889555,28.530317684586322],[-82.234794034654257,28.530417622530159],[-82.23476078869021,28.530494594290854],[-82.234754618330541,28.530598354164031],[-82.234753835161328,28.53060734921505],[-82.234793830706536,28.530665832512959],[-82.234833493481588,28.530706004133972],[-82.235004443901104,28.530740525556514],[-82.235055568366633,28.530744545484122],[-82.235126611156119,28.530744027298972],[-82.235379915585014,28.530633246836274],[-82.235390799027925,28.530633100745277],[-82.235537234008746,28.530600324494849],[-82.235590455750199,28.530554568000511],[-82.235603622878855,28.530531939553672],[-82.235604865748968,28.53045540028452],[-82.235532164431717,28.530361059607351],[-82.235386647599952,28.530258764569073],[-82.235037029437152,28.53015361032973],[-82.234948449973899,28.530091148772868],[-82.234837222276226,28.52996591931392],[-82.234665743685483,28.529886098027859],[-82.234483500356461,28.529838203922406]]},"properties":{"OBJECTID_1":303,"OBJECTID":387887,"QUADNUMBER":0,"ELEVATION":85,"ORGCONT":0,"DEPRESSION":0,"HILLTOP":0,"INTERVAL":0,"UNIT":" ","DATESTAMP":1078790400000,"ShapeSTLen":1730.7539249302311,"Shape_Length":1730.7539249359695}},{"type":"Feature","id":304,"geometry":{"type":"LineString","coordinates":[[-82.226766842586287,28.518035207738329],[-82.226832465921774,28.518052639871335],[-82.226872422620161,28.518074815170298],[-82.226934329243193,28.518123723798446],[-82.226951500747646,28.518168965987645],[-82.226960095615837,28.51819130914247],[-82.226954858437679,28.518277071764413],[-82.226914709882976,28.5183452328145],[-82.226857132080724,28.518422459983441],[-82.226757798035806,28.518549524999855],[-82.226717379395993,28.518595171019136],[-82.226610923984197,28.518726929197577],[-82.226538139953632,28.51879524021011],[-82.226425874153236,28.518891192781521],[-82.226390944011357,28.518914109301804],[-82.226332954558941,28.518977818835506],[-82.226247074575454,28.519064254438124],[-82.226166518841879,28.519177775063714],[-82.226111232718665,28.519349867491986],[-82.22608147982794,28.519525931961269],[-82.226065215297226,28.519620846463422],[-82.226060336972679,28.519684104751082],[-82.226007563994713,28.51981992843141],[-82.225955700862556,28.519861198815082],[-82.225880233970386,28.519897956070999],[-82.22579341890382,28.519885038870587],[-82.225743233267593,28.519863018317416],[-82.225672784038949,28.51982750699441],[-82.225571369609924,28.519729140672119],[-82.225549714871931,28.519684119616905],[-82.22552414095378,28.519643834275904],[-82.225465288053613,28.519603688077552],[-82.225403208401332,28.519486961212785],[-82.225399942177987,28.519374063784149],[-82.225438291102336,28.51933768691552],[-82.225514345195251,28.519264915264728],[-82.225589691991516,28.519196364130821],[-82.22565200754039,28.519141712730764],[-82.22569436756207,28.519055569975503],[-82.225744062573156,28.518951509701182],[-82.225769768258573,28.518905970534373],[-82.225769619193215,28.518797619377008],[-82.225765358227861,28.518784336655649],[-82.225708154778332,28.518721702170723],[-82.225637310774545,28.518631879968183],[-82.225652912500337,28.518577756406096],[-82.225646324471555,28.518550657161683],[-82.225761962896001,28.51840522380536],[-82.22581113416615,28.518332675312983],[-82.225839767811024,28.518264655543437],[-82.225853717313598,28.518233030274022],[-82.22585482433216,28.51816522138429],[-82.225877914162808,28.518083620535229],[-82.225969607099231,28.518033279392736],[-82.226053433135704,28.518032659002234],[-82.226148789470557,28.518031608800086],[-82.226209517268231,28.518035754165648],[-82.226365592233165,28.518038858188515],[-82.226519110984597,28.518041922078563],[-82.226569735719025,28.518036933400339],[-82.226677246811875,28.518036044832904],[-82.226766842586287,28.518035207738329]]},"properties":{"OBJECTID_1":304,"OBJECTID":388550,"QUADNUMBER":0,"ELEVATION":65,"ORGCONT":0,"DEPRESSION":1,"HILLTOP":0,"INTERVAL":0,"UNIT":" ","DATESTAMP":1078790400000,"ShapeSTLen":1929.0175296143859,"Shape_Length":1929.0175296143977}},{"type":"Feature","id":305,"geometry":{"type":"LineString","coordinates":[[-82.231508857708718,28.526083459650685],[-82.231558041837289,28.526128259524636],[-82.23157343351663,28.526204720832755],[-82.231529594160094,28.526263826273716],[-82.231497913933367,28.526322807210082],[-82.231506063279156,28.526372436909604],[-82.23152138510271,28.526453401057232],[-82.231492339246827,28.526507907268364],[-82.231458126378172,28.526526330155448],[-82.231391713619331,28.526517898058678],[-82.231332260001025,28.526513771814724],[-82.231297652252593,28.526478155507188],[-82.231267967404463,28.526415030846799],[-82.231264022537403,28.526342933626569],[-82.231318612906179,28.526252155590257],[-82.231364442095128,28.52618857208315],[-82.231376552227601,28.526152425044721],[-82.231428137836133,28.526088913824626],[-82.231508857708718,28.526083459650685]]},"properties":{"OBJECTID_1":305,"OBJECTID":391351,"QUADNUMBER":0,"ELEVATION":70,"ORGCONT":0,"DEPRESSION":1,"HILLTOP":0,"INTERVAL":0,"UNIT":" ","DATESTAMP":1078790400000,"ShapeSTLen":424.95335770852029,"Shape_Length":424.95335771084285}},{"type":"Feature","id":306,"geometry":{"type":"LineString","coordinates":[[-82.255327683497285,28.500273673652028],[-82.255447101223766,28.500525335977802],[-82.255544337090896,28.500605623939265],[-82.255648618095748,28.500645192636853],[-82.255913572953034,28.500719405074705],[-82.256356762049847,28.500769391221496],[-82.256669175264577,28.500716987765184],[-82.256748234904919,28.50069377346685],[-82.256783714963717,28.500675358947909],[-82.256904953173333,28.500615517863544],[-82.257053822661703,28.50042910312531],[-82.257081875767753,28.500275510589614],[-82.256999351076658,28.500235648296041],[-82.256796424464738,28.500083977607797],[-82.256469568556057,28.499960589170918],[-82.256175104985331,28.499891359351675],[-82.255895064843415,28.499920798161913],[-82.255585348262954,28.500005025189719],[-82.255476828572483,28.500069250084323],[-82.25536922151862,28.500196519523861],[-82.25535313443855,28.500241902798241],[-82.255327683497285,28.500273673652028]]},"properties":{"OBJECTID_1":306,"OBJECTID":395068,"QUADNUMBER":0,"ELEVATION":130,"ORGCONT":0,"DEPRESSION":0,"HILLTOP":0,"INTERVAL":0,"UNIT":" ","DATESTAMP":1078790400000,"ShapeSTLen":1390.8735781886005,"Shape_Length":1390.8735781871546}},{"type":"Feature","id":307,"geometry":{"type":"MultiLineString","coordinates":[[[-82.254439062100303,28.500272734881023],[-82.254424497557025,28.500660911034167],[-82.254441329421212,28.500728662309854],[-82.254454323692769,28.500755556009473],[-82.254484311297659,28.500800397231085],[-82.254575060638004,28.500925916627722],[-82.254741729060072,28.501064190093075],[-82.2549182301386,28.501148284017724],[-82.255400507517848,28.50127473463245],[-82.255857982544256,28.501351629810848],[-82.256115702960443,28.50135848866876],[-82.256486118767739,28.501318918738171],[-82.257017900669069,28.501151615524662],[-82.257137505131269,28.501073738433917],[-82.257299856744083,28.500963760414418],[-82.257448340333042,28.500840650391925],[-82.257607787977619,28.500672096902239],[-82.257737234017611,28.500499505248065],[-82.257776018648983,28.500275702879783],[-82.257759499220725,28.50022849885659],[-82.257753837332118,28.500216764596889]],[[-82.25646488093625,28.499417644519298],[-82.256171577093681,28.499394893486375],[-82.25593951241936,28.499424088561199],[-82.255846099108567,28.499424896965305],[-82.255768524543768,28.499434619604894],[-82.255504821600269,28.499482273303066],[-82.255303038899072,28.499538301325867],[-82.255178969411119,28.499575592044916],[-82.255101256995289,28.499594325438729],[-82.254930875894274,28.499686199416512],[-82.254762198365114,28.499832117194082],[-82.254637805354193,28.499968466296178],[-82.254499656222606,28.500204539073707],[-82.254439062100303,28.500272734881023]]]},"properties":{"OBJECTID_1":307,"OBJECTID":395120,"QUADNUMBER":0,"ELEVATION":120,"ORGCONT":0,"DEPRESSION":0,"HILLTOP":0,"INTERVAL":0,"UNIT":" ","DATESTAMP":1078790400000,"ShapeSTLen":2820.548460621746,"Shape_Length":2301.166983533501}},{"type":"Feature","id":308,"geometry":{"type":"LineString","coordinates":[[-82.246001303983178,28.537322211187288],[-82.245980092298467,28.537269555295882],[-82.245982570190947,28.536958056378669],[-82.246523316926698,28.536208371232],[-82.246623207203683,28.536126325412731],[-82.24674256033029,28.536066464440736],[-82.246811418484498,28.536043403486584],[-82.246840010682632,28.536016183680893],[-82.246868234462895,28.535695441192736],[-82.246980590496591,28.535554442912883],[-82.247027115429574,28.535526885462151],[-82.247534496898453,28.535296550938501],[-82.247638744166707,28.535142233819094],[-82.247689824055442,28.534911545140176],[-82.247757210578726,28.534820644374236],[-82.247846557303717,28.534756754947466],[-82.247876784074506,28.534747568941857],[-82.248044188878978,28.534764007259341],[-82.248119224196145,28.534754249385735],[-82.248158490059424,28.534740393403705],[-82.248232123150629,28.534658570324748],[-82.248235849882064,28.534586297291501],[-82.248117532256103,28.534542321067111],[-82.248093508493682,28.534524292756171],[-82.248053138748915,28.534448090238687],[-82.248082555766544,28.534330544678387],[-82.248190761044469,28.534248311965193],[-82.24832292623006,28.534147808864148],[-82.248442492810312,28.534114967673887],[-82.248563388070437,28.534118448808904],[-82.24867753790106,28.534103832994308],[-82.248745257393949,28.534071758703448],[-82.248787717464253,28.534057648544362],[-82.248807455331047,28.533786614260155],[-82.248830732817936,28.533732300885386],[-82.248927210047668,28.533623191019807],[-82.249026507344652,28.53357716076896],[-82.249221169006333,28.533530341900544],[-82.24946795190229,28.533505280964146],[-82.249809965677457,28.533488722329494]]},"properties":{"OBJECTID_1":308,"OBJECTID":395621,"QUADNUMBER":0,"ELEVATION":125,"ORGCONT":0,"DEPRESSION":0,"HILLTOP":0,"INTERVAL":0,"UNIT":" ","DATESTAMP":1078790400000,"ShapeSTLen":4895.5988717164755,"Shape_Length":2199.9801407125847}},{"type":"Feature","id":309,"geometry":{"type":"LineString","coordinates":[[-82.236027481714771,28.51918766519367],[-82.236014439391269,28.519241817959607],[-82.236001623000703,28.519282737384088],[-82.235988722023677,28.519327885361236],[-82.235939795611657,28.519346406224425],[-82.235820063209104,28.51931141165521],[-82.235744846770416,28.519294146701625],[-82.235645599887789,28.519258838508229],[-82.235558651837351,28.519214411437062],[-82.235497452940791,28.519161011840623],[-82.235486032738919,28.519115846508797],[-82.235485267967675,28.519084317053284],[-82.235510544054989,28.519025250594346],[-82.235560484940848,28.518984228053792],[-82.235715775420232,28.518996315498789],[-82.235822133110702,28.51902719971714],[-82.235890460620723,28.519035378205036],[-82.23593402959736,28.519071109567349],[-82.235970987377797,28.519120541031661],[-82.236027481714771,28.51918766519367]]},"properties":{"OBJECTID_1":309,"OBJECTID":396924,"QUADNUMBER":0,"ELEVATION":80,"ORGCONT":0,"DEPRESSION":0,"HILLTOP":0,"INTERVAL":0,"UNIT":" ","DATESTAMP":1078790400000,"ShapeSTLen":481.64292262725672,"Shape_Length":481.64292262640754}},{"type":"Feature","id":310,"geometry":{"type":"LineString","coordinates":[[-82.226412659559671,28.513281784881773],[-82.22645666790325,28.513290504949605],[-82.226535429437646,28.513325842343445],[-82.226583399565925,28.513366120873119],[-82.226643506825653,28.513446809839177],[-82.226646734316063,28.51352339683061],[-82.226601199193567,28.513568972870956],[-82.226544588698374,28.513587670111058],[-82.226482218292858,28.513606301130491],[-82.226387162976764,28.513589055000367],[-82.226284435318263,28.513571714200634],[-82.226215118410266,28.513545517086346],[-82.226189250505243,28.513522951766859],[-82.226143223951297,28.51344216517418],[-82.226136364367662,28.513392549140338],[-82.22616334004239,28.513347304627633],[-82.226191076605858,28.513333580638431],[-82.226268230768909,28.51331035744002],[-82.226324989469759,28.513282649199869],[-82.226412659559671,28.513281784881773]]},"properties":{"OBJECTID_1":310,"OBJECTID":397110,"QUADNUMBER":0,"ELEVATION":70,"ORGCONT":0,"DEPRESSION":1,"HILLTOP":0,"INTERVAL":0,"UNIT":" ","DATESTAMP":1078790400000,"ShapeSTLen":445.41067010524216,"Shape_Length":445.41067010728204}},{"type":"Feature","id":311,"geometry":{"type":"MultiLineString","coordinates":[[[-82.245874939492353,28.535659376057687],[-82.245922512558394,28.535686141048522],[-82.245975216922545,28.535671884182431],[-82.246017207902725,28.535766401101313],[-82.246025929112477,28.535820545036835],[-82.246029595187466,28.535910648511148],[-82.246032758022807,28.53599173213907],[-82.246026638048889,28.536014452576509],[-82.246009114632059,28.536068829030871],[-82.245936044130161,28.536155148979589],[-82.245884745181399,28.536200944802932],[-82.245857349507332,28.536232686606688],[-82.245793308935745,28.536314339437943],[-82.245737670648509,28.536391593437497],[-82.245717801216003,28.536432436195],[-82.245693888993515,28.536486727613859],[-82.245642222026774,28.53655503574614],[-82.24561104164907,28.536623022572211],[-82.245579849961601,28.536731539197259],[-82.245569597375365,28.536772221971255],[-82.245548001775077,28.536880859294552],[-82.2455182796743,28.537016414757652],[-82.245518816047579,28.537260133898286],[-82.245519516736607,28.537296156999837],[-82.245531320885789,28.537319984670475]],[[-82.241385097361828,28.537308457130642],[-82.241312678577557,28.537271596841894],[-82.241225771478611,28.537263467691719],[-82.241197754568532,28.537254679871133],[-82.241156463416033,28.537196184599338],[-82.241147227390613,28.53717384085537],[-82.241114296865916,28.537034120449952],[-82.241088530833139,28.536926013655606],[-82.241080931684067,28.536881174210766],[-82.241038272789936,28.536710098266717],[-82.241030745189207,28.536543123387926],[-82.241025806040398,28.536453005785923],[-82.241055913485425,28.536412016500734],[-82.24118137986963,28.53637025513563],[-82.241368426597234,28.536359375319709],[-82.241415797278833,28.536359123288591],[-82.241548435472453,28.536348686427996],[-82.241611376187691,28.5363348443686],[-82.241675755256438,28.536311448383003],[-82.241729888556804,28.536288488389584],[-82.242038528994399,28.536159246051088],[-82.242103174551957,28.536158647172492],[-82.242285154427222,28.536184291285373],[-82.242559948133746,28.536208837300791],[-82.242927970574797,28.536246093423138],[-82.24301467497942,28.536227202891141],[-82.243251668204763,28.536175294353402],[-82.243356998832212,28.536151845876439],[-82.243452936440221,28.536155302274928],[-82.243482941632692,28.536159621257468],[-82.243519628662298,28.536186253206207],[-82.243549207542927,28.536217579264939],[-82.243540348572523,28.536290072518558],[-82.243532017308482,28.536330770648558],[-82.243466915856175,28.536398903533282],[-82.243413130461093,28.53644016408137],[-82.243155383855765,28.536627454800303],[-82.243078663998844,28.536741030610731],[-82.243022009373433,28.536840783523598],[-82.2430222694896,28.536903823682447],[-82.243039856987835,28.537003105352884],[-82.243051563357255,28.537070517648345],[-82.24309008150513,28.537142474897358],[-82.243172834974359,28.537209363865326],[-82.243203979026916,28.537222697112838],[-82.24330609711653,28.537239741803841],[-82.243376925914518,28.537252731402429],[-82.243469807514344,28.537247421552109],[-82.243584471416142,28.537201299152738],[-82.24370983259243,28.5370872071748],[-82.243755220411231,28.537050624910112],[-82.243781285319841,28.53698284801181],[-82.243861748343107,28.536756467285098],[-82.243871862930362,28.536724795715624],[-82.243926397856796,28.536597713283431],[-82.243953932880686,28.536556972517268],[-82.243980270130123,28.536511714946403],[-82.244003823293482,28.536479928087253],[-82.244112327973497,28.536379411136174],[-82.244291615966276,28.536215335455175],[-82.244307908936364,28.536197252903396],[-82.24430358775443,28.536147663205718],[-82.244301316172169,28.535971751246098],[-82.244324530600124,28.535921672571881],[-82.24435891094592,28.535853712758676],[-82.244447837054608,28.535776317292697],[-82.244492935589278,28.535757745231653],[-82.244580418586409,28.535729847784726],[-82.244741146493993,28.535723979943633],[-82.244955481507773,28.535767186803763],[-82.245067206144682,28.535784068477188],[-82.2452248577804,28.535809681262425],[-82.245254231438153,28.535813987459019],[-82.245495535123951,28.535811659284494],[-82.245577684221871,28.535797491917158],[-82.245710051019458,28.535764814964207],[-82.245767596788653,28.535728106259647],[-82.245874939492353,28.535659376057687]]]},"properties":{"OBJECTID_1":311,"OBJECTID":397443,"QUADNUMBER":0,"ELEVATION":110,"ORGCONT":0,"DEPRESSION":1,"HILLTOP":0,"INTERVAL":0,"UNIT":" ","DATESTAMP":1078790400000,"ShapeSTLen":6971.263484219231,"Shape_Length":3567.6190098065522}},{"type":"Feature","id":312,"geometry":{"type":"MultiLineString","coordinates":[[[-82.249810155586914,28.533912824852631],[-82.24965303805979,28.533973054812545],[-82.249578742446687,28.534095670453919],[-82.249574847759419,28.534415874353861],[-82.249626336565072,28.534596062233707],[-82.249692145480424,28.534721831224239],[-82.249696035175646,28.534798429673412],[-82.249635210594292,28.534839604559281],[-82.249551508687745,28.534831240226769],[-82.249503938824802,28.53480475622758],[-82.249358398747603,28.534702193014883],[-82.249003428072825,28.534570276932669],[-82.248909560590192,28.534557567092012],[-82.248810352103376,28.534558298397755],[-82.248754373060009,28.534577015439663],[-82.248698606975964,28.534622468594147],[-82.248462957304483,28.534868580849569],[-82.248333143982009,28.534941815382197],[-82.248167026356256,28.535083264941342],[-82.248009782047632,28.535269846995682],[-82.247935444300325,28.535514035833462],[-82.247927715606664,28.535793948755799],[-82.247879899007188,28.535862016099781],[-82.247589402736565,28.535977711535342],[-82.247568136473291,28.535986733159113],[-82.247513201358075,28.536059494721687],[-82.247407505968241,28.536263610346662],[-82.247361060212057,28.536286663268843],[-82.247274214468433,28.536314286127606],[-82.246869512788351,28.536408281645691],[-82.24675214146076,28.536463667098857],[-82.246699859993498,28.536491150089709],[-82.246614424530947,28.536550592109435],[-82.246590227345024,28.53658236705181],[-82.246440313212617,28.536750748976399],[-82.246381375797682,28.53687327722422],[-82.246323774154973,28.537031560296128],[-82.246314722693825,28.537234905091463],[-82.246331939907108,28.537319929918979]],[[-82.248444410295022,28.537200691738271],[-82.248445219246534,28.537116045679763],[-82.248344695701249,28.536841531901292],[-82.248227018567917,28.536598893185495],[-82.248091337602418,28.536401607585468],[-82.248080364091336,28.536248374947164],[-82.24813067268245,28.536184562960255],[-82.248483005737384,28.536163354330945],[-82.248545789825059,28.536199032818029],[-82.248552390306799,28.536225850199909],[-82.248553278790808,28.536329705017014],[-82.248501142454344,28.536506351678739],[-82.24849267532457,28.536713932964989],[-82.248493907460869,28.536835802487818],[-82.248526719874604,28.536943715385075],[-82.248709155337892,28.537099926745547],[-82.248814617355748,28.537151677130137]],[[-82.249647620161937,28.537022267087529],[-82.249664697634429,28.536937659696843],[-82.249639504780006,28.53643698149644],[-82.249682015276193,28.536301307790136],[-82.249809662295746,28.536124200575731]]]},"properties":{"OBJECTID_1":312,"OBJECTID":397457,"QUADNUMBER":0,"ELEVATION":135,"ORGCONT":0,"DEPRESSION":0,"HILLTOP":0,"INTERVAL":0,"UNIT":" ","DATESTAMP":1078790400000,"ShapeSTLen":4781.2899319234975,"Shape_Length":3355.619790090248}},{"type":"Feature","id":313,"geometry":{"type":"LineString","coordinates":[[-82.245095580354672,28.525251215138741],[-82.244976028174463,28.525283771828086],[-82.244902393512461,28.525365865749141],[-82.244884179400827,28.52538393020016],[-82.244861537195604,28.525438246332776],[-82.244851526366944,28.525582770866297],[-82.244935097861642,28.52571748691684],[-82.244959621516173,28.525744247841146],[-82.245059645214482,28.525811074884796],[-82.245418912842837,28.52595234215276],[-82.245450051141304,28.525965386179521],[-82.245505695126539,28.526046294798572],[-82.245523869209819,28.526109281014257],[-82.245523292613242,28.526145286632012],[-82.245557193714674,28.526185672189357],[-82.245710506695886,28.526202227366202],[-82.245768323272912,28.526188032619583],[-82.245928931101545,28.526109843185189],[-82.24601806892062,28.526018933580684],[-82.246023148658793,28.525784296831169],[-82.245933392485483,28.525635995175929],[-82.245880431703981,28.525586919407321],[-82.245842332120873,28.525569281590816],[-82.245747551257608,28.525534039540759],[-82.245594656774401,28.525531001715418],[-82.245422760782262,28.525595549606855],[-82.245337618583648,28.525636981296966],[-82.245300357082172,28.525646355400074],[-82.245226402609035,28.525629109701299],[-82.245206651022428,28.525584119102525],[-82.245220478139473,28.52552068706698],[-82.245233552050991,28.525385213842707],[-82.245230734318511,28.525322142109903],[-82.245220924059637,28.525295283388903],[-82.24515438431763,28.525255053195679],[-82.245095580354672,28.525251215138741]]},"properties":{"OBJECTID_1":313,"OBJECTID":400313,"QUADNUMBER":0,"ELEVATION":125,"ORGCONT":0,"DEPRESSION":0,"HILLTOP":0,"INTERVAL":0,"UNIT":" ","DATESTAMP":1078790400000,"ShapeSTLen":1231.3998132076786,"Shape_Length":1231.3998132074578}},{"type":"Feature","id":314,"geometry":{"type":"LineString","coordinates":[[-82.224661297014649,28.514579194082412],[-82.224891386201037,28.514595331886351],[-82.224913709035363,28.514599555835591],[-82.224982447309841,28.514621535177874],[-82.225074474123502,28.514706556489735],[-82.225096144399373,28.514751297001922],[-82.225102861302148,28.514809920573295],[-82.225089513557194,28.514882354461321],[-82.224954608882328,28.515032327346418],[-82.224834985200701,28.515069652521522],[-82.224654177934852,28.515053295097733],[-82.224499612700995,28.51503642124759],[-82.22427331737326,28.514984307050184],[-82.224219878855735,28.514926222545085],[-82.22425985126452,28.514790516237831],[-82.224388288999364,28.514644960888777],[-82.224437859945397,28.514626452131907],[-82.224552284115504,28.514593849774272],[-82.224618417440894,28.51457977118924],[-82.224661297014649,28.514579194082412]]},"properties":{"OBJECTID_1":314,"OBJECTID":400884,"QUADNUMBER":0,"ELEVATION":85,"ORGCONT":0,"DEPRESSION":0,"HILLTOP":0,"INTERVAL":0,"UNIT":" ","DATESTAMP":1078790400000,"ShapeSTLen":744.1827665997738,"Shape_Length":744.18276660220386}},{"type":"Feature","id":315,"geometry":{"type":"LineString","coordinates":[[-82.261127951265976,28.514150676775827],[-82.261225577833784,28.514167921604884],[-82.261283857677086,28.514244068845102],[-82.261272178329847,28.514334259395664],[-82.26120828890619,28.514488248012029],[-82.261074053564514,28.514679072997971],[-82.260803426723854,28.514956851940429],[-82.26070585764046,28.515016421834581],[-82.260648957606719,28.515053141080823],[-82.260381220589395,28.515150294127469],[-82.260262268355461,28.515146839534243],[-82.260158603756409,28.515107286889279],[-82.260124770349947,28.515062399362478],[-82.260109302059021,28.514949925952223],[-82.260211468482552,28.51476376711576],[-82.260499867674724,28.514494932736188],[-82.260620348318284,28.514403559980764],[-82.260685621462656,28.514362438364344],[-82.260725816957873,28.514330297186522],[-82.260909926606104,28.514220292191641],[-82.261052299385526,28.514160432149581],[-82.261127951265976,28.514150676775827]]},"properties":{"OBJECTID_1":315,"OBJECTID":401877,"QUADNUMBER":0,"ELEVATION":170,"ORGCONT":0,"DEPRESSION":0,"HILLTOP":0,"INTERVAL":0,"UNIT":" ","DATESTAMP":1078790400000,"ShapeSTLen":1112.5295279536165,"Shape_Length":1112.529527950586}},{"type":"Feature","id":316,"geometry":{"type":"MultiLineString","coordinates":[[[-82.245009863475616,28.536321698784246],[-82.245077640238776,28.536325644275841],[-82.245195888322584,28.536374125967633],[-82.245341621575562,28.536345550768427],[-82.245435490235849,28.5363582630645],[-82.245508790687651,28.536416312068663],[-82.245535017997057,28.536456604048595],[-82.245508613823773,28.536506639963147],[-82.245498432532855,28.53654281718908],[-82.24545287932412,28.536628930123641],[-82.245381004791824,28.536719772875525],[-82.245346146290274,28.536738188672867],[-82.245313345224091,28.536788155795033],[-82.245201697668563,28.536924651405347],[-82.245181987933805,28.536956483866682],[-82.245128246230379,28.537074288337038],[-82.245118625946532,28.537114971739282],[-82.245117561168499,28.537259326502237],[-82.24511734412161,28.537272831407787],[-82.245130637514748,28.5373180844419]],[[-82.242649048846502,28.537311701865377],[-82.242670827549119,28.537304384627241],[-82.242786777734011,28.537257998921206],[-82.242874688868326,28.537243619856834],[-82.242944375995592,28.537247592771397],[-82.243006225352815,28.537301268276536],[-82.243020891124374,28.537312654008339]],[[-82.243832600796424,28.537310277822272],[-82.243870920620282,28.537257230463826],[-82.243977511544259,28.537116443544431],[-82.243997080975717,28.537093618729795],[-82.244020139374399,28.537052820123961],[-82.244060431739541,28.536975652156734],[-82.244091324638973,28.536925658987784],[-82.244131260668098,28.536830479903841],[-82.244170610997045,28.536771589718239],[-82.244218282573257,28.536712533866236],[-82.244277406428054,28.536657830169865],[-82.244397047465725,28.536620496009608],[-82.244522571012666,28.536615030147438],[-82.244681534530443,28.536599856943599],[-82.244715030781336,28.536586200940665],[-82.24479329984915,28.536495158421559],[-82.244931560111581,28.536335915721541],[-82.245009863475616,28.536321698784246]]]},"properties":{"OBJECTID_1":316,"OBJECTID":401905,"QUADNUMBER":0,"ELEVATION":105,"ORGCONT":0,"DEPRESSION":1,"HILLTOP":0,"INTERVAL":0,"UNIT":" ","DATESTAMP":1078790400000,"ShapeSTLen":3705.5395711502447,"Shape_Length":1239.950504904117}},{"type":"Feature","id":317,"geometry":{"type":"LineString","coordinates":[[-82.228345821805775,28.505317335002584],[-82.22840007244919,28.505325899195519],[-82.228483374025245,28.505356781107224],[-82.228519254477632,28.505392692105296],[-82.228535165412993,28.505437639430671],[-82.228531072681491,28.505491902876535],[-82.228489169189203,28.505550748868039],[-82.228451609817,28.505578137001304],[-82.228401480427465,28.505592138215139],[-82.228350359137764,28.505588114810401],[-82.228268333324294,28.505557247820761],[-82.228206209189068,28.505521841926956],[-82.228154403661179,28.505481795938252],[-82.228136392078909,28.505409518977888],[-82.228185412722198,28.505345979746867],[-82.228237602501878,28.505322998563976],[-82.228299747572095,28.505317879822996],[-82.228345821805775,28.505317335002584]]},"properties":{"OBJECTID_1":317,"OBJECTID":402692,"QUADNUMBER":0,"ELEVATION":75,"ORGCONT":0,"DEPRESSION":1,"HILLTOP":0,"INTERVAL":0,"UNIT":" ","DATESTAMP":1078790400000,"ShapeSTLen":358.24366969201606,"Shape_Length":358.24366969225156}},{"type":"Feature","id":318,"geometry":{"type":"LineString","coordinates":[[-82.241081890373124,28.527747468651999],[-82.24118727063113,28.527760054320513],[-82.241230850463509,28.527795495145057],[-82.241242424220431,28.527831664145811],[-82.241248313880973,28.527863252095447],[-82.24122233226808,28.527926523928656],[-82.241159294251318,28.527985675557485],[-82.241035350699903,28.527973433216108],[-82.240942414570583,28.527942711632942],[-82.240893373776316,28.527888915821677],[-82.240881598337637,28.527826006076211],[-82.24091305517868,28.527780530622572],[-82.240957656365453,28.527752945252107],[-82.241081890373124,28.527747468651999]]},"properties":{"OBJECTID_1":318,"OBJECTID":403153,"QUADNUMBER":0,"ELEVATION":60,"ORGCONT":0,"DEPRESSION":1,"HILLTOP":0,"INTERVAL":0,"UNIT":" ","DATESTAMP":1078790400000,"ShapeSTLen":329.48818202089836,"Shape_Length":329.48818202361412}},{"type":"Feature","id":319,"geometry":{"type":"LineString","coordinates":[[-82.248077990163353,28.520074407842504],[-82.248125889957436,28.520159711407018],[-82.248123929361583,28.520241301719736],[-82.248111433233859,28.520381290504165],[-82.24803726431557,28.520377550343145],[-82.24798481828671,28.520296686481199],[-82.247987005720049,28.520161356397804],[-82.248008655966728,28.52008901801765],[-82.248077990163353,28.520074407842504]]},"properties":{"OBJECTID_1":319,"OBJECTID":403493,"QUADNUMBER":0,"ELEVATION":80,"ORGCONT":0,"DEPRESSION":0,"HILLTOP":0,"INTERVAL":0,"UNIT":" ","DATESTAMP":1078790400000,"ShapeSTLen":272.39318848386358,"Shape_Length":272.39318848196848}},{"type":"Feature","id":320,"geometry":{"type":"LineString","coordinates":[[-82.239124779762676,28.503639979937091],[-82.238792472305803,28.503656349006143],[-82.238628985089477,28.503716486372216],[-82.238587741084444,28.503735112918683],[-82.238508235323081,28.503785323011748],[-82.238448136158226,28.503822000745441],[-82.238417690942015,28.503844978380041],[-82.238364835176426,28.503908474774825],[-82.238263908425353,28.504135158961404],[-82.238262970468497,28.504311027888239],[-82.238302370897784,28.504446042538451],[-82.238427049158119,28.504647979336557],[-82.238514278280334,28.504791753041733],[-82.23854439352948,28.504868113959738],[-82.238546505562184,28.50489516272901],[-82.238566842326208,28.505337243705299],[-82.238599690782124,28.50548145928591],[-82.238705480031484,28.505624903388398],[-82.238823647547761,28.505637363893342],[-82.238879042163973,28.505614142000528],[-82.23895729564785,28.505523101630491],[-82.23900647911195,28.505410024599339],[-82.239018831350506,28.505161685888758],[-82.239010234888511,28.504705966955324],[-82.239027112243974,28.50465157876075],[-82.239038643319134,28.504610922015239],[-82.239298321751207,28.504261002632006],[-82.239367876630197,28.504075290947018],[-82.239368956905764,28.503890422618287],[-82.239308103080717,28.503737408954152],[-82.239267162663396,28.503697212721153],[-82.239124779762676,28.503639979937091]]},"properties":{"OBJECTID_1":320,"OBJECTID":403538,"QUADNUMBER":0,"ELEVATION":165,"ORGCONT":0,"DEPRESSION":0,"HILLTOP":0,"INTERVAL":0,"UNIT":" ","DATESTAMP":1078790400000,"ShapeSTLen":1791.7194462353734,"Shape_Length":1791.7194462378391}},{"type":"Feature","id":321,"geometry":{"type":"LineString","coordinates":[[-82.235259568840391,28.51840494775016],[-82.235252722944452,28.518432157307807],[-82.235240624199847,28.518468307411013],[-82.235202790354222,28.518473172504823],[-82.235196684743542,28.518455088267682],[-82.235209575744747,28.518409943083306],[-82.235259568840391,28.51840494775016]]},"properties":{"OBJECTID_1":321,"OBJECTID":403563,"QUADNUMBER":0,"ELEVATION":90,"ORGCONT":0,"DEPRESSION":0,"HILLTOP":0,"INTERVAL":0,"UNIT":" ","DATESTAMP":1078790400000,"ShapeSTLen":76.064779062855976,"Shape_Length":76.064779063375198}},{"type":"Feature","id":322,"geometry":{"type":"LineString","coordinates":[[-82.239062286151679,28.502760612588162],[-82.238854379965971,28.502798528545682],[-82.238688612645831,28.502881152068269],[-82.238622190515343,28.502913516919008],[-82.23829332726892,28.503151120747617],[-82.238062839016706,28.503279650373578],[-82.237809183484472,28.503376646884412],[-82.237376082411771,28.503493337136163],[-82.23727687564778,28.503534865110367],[-82.237163851888425,28.503639824424617],[-82.237113814843241,28.50376638975235],[-82.23711205181975,28.503874713745141],[-82.237280858212259,28.504116891671348],[-82.237354802235302,28.504251773203848],[-82.237367648253937,28.504720771094654],[-82.237412389924202,28.504959703120392],[-82.237478658859118,28.505094490592697],[-82.237541104482361,28.505188707802372],[-82.237662109049452,28.50534106482306],[-82.237713226892083,28.505502958209821],[-82.23771071762279,28.505539226269367],[-82.237703343067054,28.505638475186945],[-82.23767601713935,28.505706234471109],[-82.237629327350717,28.505783601548124],[-82.237486901446289,28.505965300586716],[-82.237391158681717,28.506069910432295],[-82.237269272458818,28.506247360284888],[-82.237222449439727,28.506333448669629],[-82.237217535519477,28.506478036374745],[-82.237262703770952,28.506572310916916],[-82.237359857867531,28.506657114724813],[-82.237522846735899,28.50674612026301],[-82.237555828359319,28.506763706277475],[-82.237647929973889,28.506844224420476],[-82.237729186448476,28.507001428780786],[-82.237744657442875,28.50707338402303],[-82.237726566029892,28.507281126829056],[-82.23762345271841,28.507602613405588],[-82.237584373657356,28.50784189212126],[-82.237619292997337,28.508094485572954],[-82.237676701245732,28.508184135659697],[-82.237813731583131,28.508295606913457],[-82.237831573613107,28.508300056762259],[-82.238024092133841,28.508343565816912],[-82.238134525020598,28.50831990583125],[-82.238259766918901,28.508251128445249],[-82.23834385140826,28.508155377887352],[-82.238382975541256,28.508109991426643],[-82.238489651282237,28.507923906556908],[-82.238515410841003,28.507874140039597],[-82.238646564908606,28.507637994796749],[-82.238839510539023,28.50737897183372],[-82.238948064843456,28.507274245522087],[-82.239463322015936,28.50682735190323],[-82.239597270395592,28.506695082094371],[-82.239624015795528,28.506663337172309],[-82.239667763898268,28.506608730989583],[-82.239755143749562,28.506467994268732],[-82.239846984661,28.506209957581614],[-82.239860753170376,28.506110787515006],[-82.239875861269994,28.505731344986511],[-82.239865699017685,28.505569123889323],[-82.239812265651821,28.504761912992727],[-82.23982870365127,28.504576657545332],[-82.239913973637456,28.504368359091352],[-82.240053641760241,28.504159326548624],[-82.24023265186365,28.503891415414532],[-82.240275371157281,28.503742239957088],[-82.240273600717003,28.503575328026933],[-82.240235830464883,28.503458352662761],[-82.240198701793219,28.503341376151887],[-82.240092832121277,28.503202438742747],[-82.240009689953823,28.503121752085171],[-82.240000969140652,28.503067888108841],[-82.239913990970891,28.50298744187279],[-82.239658955507579,28.502854223848754],[-82.239433051036784,28.502779622183454],[-82.239062286151679,28.502760612588162]]},"properties":{"OBJECTID_1":322,"OBJECTID":405296,"QUADNUMBER":0,"ELEVATION":150,"ORGCONT":0,"DEPRESSION":0,"HILLTOP":0,"INTERVAL":0,"UNIT":" ","DATESTAMP":1078790400000,"ShapeSTLen":5187.520858993973,"Shape_Length":5187.5208590030043}},{"type":"Feature","id":323,"geometry":{"type":"LineString","coordinates":[[-82.231690250991974,28.533090255073613],[-82.231788751263991,28.533093747839242],[-82.231881835119296,28.533115464562375],[-82.231941553281885,28.533142109975348],[-82.231958030529768,28.533191563853414],[-82.231905156396877,28.53325506930015],[-82.231751569631982,28.533333331243519],[-82.231689268630632,28.53334746181168],[-82.231610237711905,28.533366164198839],[-82.231493904477972,28.53335822154585],[-82.231433710241063,28.53328204329792],[-82.231411565966496,28.53318748435489],[-82.231471262289688,28.533137304165223],[-82.231645451572518,28.533090534513114],[-82.231690250991974,28.533090255073613]]},"properties":{"OBJECTID_1":323,"OBJECTID":407940,"QUADNUMBER":0,"ELEVATION":105,"ORGCONT":0,"DEPRESSION":0,"HILLTOP":0,"INTERVAL":0,"UNIT":" ","DATESTAMP":1078790400000,"ShapeSTLen":440.96691252053176,"Shape_Length":440.96691251872522}},{"type":"Feature","id":324,"geometry":{"type":"LineString","coordinates":[[-82.249810173509715,28.510040426407617],[-82.2497525589567,28.509923479504206],[-82.249722665510546,28.509793092571371],[-82.249711678252439,28.509720910346132],[-82.249687182397906,28.508899711483409],[-82.249556843444111,28.508174560843887],[-82.249549181282973,28.508133935779721],[-82.249556906023699,28.508011901323503],[-82.249572651953642,28.507948498566062],[-82.249654286729978,28.506774593354873],[-82.24965707238249,28.506761119759862],[-82.249678862461991,28.506679500962623],[-82.249760453678476,28.506426570284454],[-82.249841822796256,28.506294592780616],[-82.250016621661871,28.506008600797713],[-82.250104957490095,28.505926683532959],[-82.250302277682238,28.505870609169683],[-82.250480736479602,28.505873407930995],[-82.250549483457164,28.505895366233229],[-82.250672253569405,28.505939390199757],[-82.250855213169615,28.506059593069295],[-82.25091968063272,28.506108513183264],[-82.25096949899195,28.506153318531002],[-82.251129464854188,28.506390866291483],[-82.251157946864851,28.506449476341899],[-82.251184653870965,28.506539295639474],[-82.251232407634589,28.506791759816135],[-82.251253536390578,28.506949338749749],[-82.25125806756499,28.506985415350339],[-82.251255027344314,28.507134527092362],[-82.251163208036814,28.507789652196475],[-82.251147158973652,28.508150791457609],[-82.251130028668101,28.508498411886368],[-82.251127292130604,28.509739426672741],[-82.251117206750592,28.509928971221289],[-82.251082910091228,28.509992430068689],[-82.251044347576979,28.510042605177535],[-82.250971445206545,28.510119928624643],[-82.250906721925617,28.510165552729138],[-82.2508531730588,28.510193312212383],[-82.250677731315676,28.510280605311095],[-82.250512836200215,28.510309226919571],[-82.250478290358501,28.51030935646963],[-82.250013316118796,28.510219129532093],[-82.249961923568137,28.510192316907826],[-82.249810173509715,28.510040426407617]]},"properties":{"OBJECTID_1":324,"OBJECTID":411364,"QUADNUMBER":0,"ELEVATION":160,"ORGCONT":0,"DEPRESSION":0,"HILLTOP":0,"INTERVAL":0,"UNIT":" ","DATESTAMP":1078790400000,"ShapeSTLen":3755.7983446984108,"Shape_Length":3755.7983447013589}},{"type":"Feature","id":325,"geometry":{"type":"LineString","coordinates":[[-82.235569268550094,28.518483415422434],[-82.235554545897244,28.518483512233139],[-82.235478006253203,28.518547276758806],[-82.235460489432782,28.518601654698408],[-82.235460540842709,28.518637673676835],[-82.235441961079673,28.518678529047868],[-82.23542222325986,28.518750887428041],[-82.235419935277235,28.51877365044005],[-82.235418249663681,28.518877187986792],[-82.23543779280476,28.518895169521521],[-82.235501083160187,28.518899060850604],[-82.235534642668284,28.518880902458676],[-82.235678849679445,28.518748489842011],[-82.235732208451736,28.518693994651677],[-82.235771000622563,28.518630327976517],[-82.235765202989171,28.518553709652789],[-82.235707679118818,28.518549882434719],[-82.235635729101077,28.518527875319538],[-82.235569268550094,28.518483415422434]]},"properties":{"OBJECTID_1":325,"OBJECTID":412723,"QUADNUMBER":0,"ELEVATION":80,"ORGCONT":0,"DEPRESSION":0,"HILLTOP":0,"INTERVAL":0,"UNIT":" ","DATESTAMP":1078790400000,"ShapeSTLen":420.22570583498242,"Shape_Length":420.2257058342804}},{"type":"Feature","id":326,"geometry":{"type":"LineString","coordinates":[[-82.227864254455895,28.515565849926382],[-82.228007162967202,28.515591570800023],[-82.228045908881683,28.515609236950134],[-82.228174486200913,28.515806725917244],[-82.228190045156168,28.515833661997505],[-82.228177392986993,28.515942124922038],[-82.228112074840325,28.516023754667916],[-82.228016778396693,28.516060819817834],[-82.22798286199081,28.516060953428713],[-82.227923642355009,28.516043601335429],[-82.227860083863376,28.516017188780491],[-82.227777675694597,28.515891478946756],[-82.227771251611571,28.515814855862789],[-82.227766643709444,28.515783281347222],[-82.227774861677929,28.51571105703589],[-82.227813679771486,28.515606859898757],[-82.227864254455895,28.515565849926382]]},"properties":{"OBJECTID_1":326,"OBJECTID":413109,"QUADNUMBER":0,"ELEVATION":85,"ORGCONT":0,"DEPRESSION":0,"HILLTOP":0,"INTERVAL":0,"UNIT":" ","DATESTAMP":1078790400000,"ShapeSTLen":498.2301175077701,"Shape_Length":498.23011750775038}},{"type":"Feature","id":327,"geometry":{"type":"LineString","coordinates":[[-82.238901041970323,28.503944201256125],[-82.23876115918118,28.504008855964553],[-82.238692793096533,28.504081448357343],[-82.238677053466077,28.504144849904865],[-82.238672916572611,28.504163091875881],[-82.238672363527229,28.504275932724152],[-82.238720051232676,28.504333939613499],[-82.238804933571259,28.504346829467895],[-82.238963645706079,28.504304640827076],[-82.239038527012823,28.504263371877357],[-82.239091163738863,28.504213376583472],[-82.239113230434214,28.504154556824425],[-82.239128213286463,28.504059625712937],[-82.239105983045533,28.504010097787756],[-82.239073288699743,28.503974221884633],[-82.239019912542247,28.503952161244072],[-82.238901041970323,28.503944201256125]]},"properties":{"OBJECTID_1":327,"OBJECTID":415008,"QUADNUMBER":0,"ELEVATION":170,"ORGCONT":0,"DEPRESSION":0,"HILLTOP":0,"INTERVAL":0,"UNIT":" ","DATESTAMP":1078790400000,"ShapeSTLen":467.27414506210334,"Shape_Length":467.27414506659642}},{"type":"Feature","id":328,"geometry":{"type":"LineString","coordinates":[[-82.238215295636053,28.533915346141416],[-82.238239174745004,28.533942098548231],[-82.238228745500066,28.534032581632133],[-82.238205959920293,28.534095895965926],[-82.238203361426756,28.534177192955894],[-82.238231081120816,28.534361872793145],[-82.238259642816246,28.534415701824386],[-82.238311719199018,28.534519073551838],[-82.238462710780212,28.534639731134725],[-82.238473630043615,28.534716129910919],[-82.238447930158884,28.534761680382449],[-82.238206952357217,28.534822533399865],[-82.238097243457204,28.534918246396817],[-82.238022508899761,28.534909993684813],[-82.237951081658466,28.534815661176673],[-82.237911857174325,28.534748472567443],[-82.237915287074003,28.534576849212691],[-82.23792565411631,28.534450344580609],[-82.237930653610448,28.534418891741026],[-82.237946413271573,28.534314963400419],[-82.237998802423135,28.534084292197846],[-82.238135562373429,28.533938548142842],[-82.238215295636053,28.533915346141416]]},"properties":{"OBJECTID_1":328,"OBJECTID":415046,"QUADNUMBER":0,"ELEVATION":130,"ORGCONT":0,"DEPRESSION":0,"HILLTOP":0,"INTERVAL":0,"UNIT":" ","DATESTAMP":1078790400000,"ShapeSTLen":903.98481473088441,"Shape_Length":903.9848147298535}},{"type":"Feature","id":329,"geometry":{"type":"LineString","coordinates":[[-82.249150908229339,28.536256691191099],[-82.249123249028784,28.536265908863871],[-82.249054033409806,28.536311482474495],[-82.248999962524081,28.536370744849449],[-82.248972480104584,28.536447794238978],[-82.248966692241936,28.536488523221376],[-82.248961284073943,28.536506470875235],[-82.248957557786952,28.536578746612353],[-82.248993239237052,28.536628156842188],[-82.249168724586951,28.536739260318914],[-82.249226329564124,28.536738857750791],[-82.2492555865513,28.536670834834922],[-82.249262902205928,28.536494762841585],[-82.249269732705216,28.536309670076424],[-82.249223170298862,28.536260403505615],[-82.249150908229339,28.536256691191099]]},"properties":{"OBJECTID_1":329,"OBJECTID":415315,"QUADNUMBER":0,"ELEVATION":145,"ORGCONT":0,"DEPRESSION":0,"HILLTOP":0,"INTERVAL":0,"UNIT":" ","DATESTAMP":1078790400000,"ShapeSTLen":455.79635240920561,"Shape_Length":455.79635240793323}},{"type":"Feature","id":330,"geometry":{"type":"LineString","coordinates":[[-82.244888312499768,28.520699780344959],[-82.244924994496202,28.520726412005335],[-82.244949659274539,28.520744453308758],[-82.244917641413977,28.520785133854798],[-82.244861528330347,28.520812863101717],[-82.244836566603936,28.520813108408614],[-82.244780312190045,28.520849552757877],[-82.244680050979042,28.520837043633126],[-82.244655599872218,28.520805777077399],[-82.244644024719065,28.520769609236645],[-82.244669274860541,28.52075135618021],[-82.244731864296469,28.520719210081438],[-82.244788328182537,28.520709784393993],[-82.244837606887501,28.520709280517856],[-82.244888312499768,28.520699780344959]]},"properties":{"OBJECTID_1":330,"OBJECTID":418005,"QUADNUMBER":0,"ELEVATION":60,"ORGCONT":0,"DEPRESSION":1,"HILLTOP":0,"INTERVAL":0,"UNIT":" ","DATESTAMP":1078790400000,"ShapeSTLen":239.26548285901387,"Shape_Length":239.26548286407507}},{"type":"Feature","id":331,"geometry":{"type":"LineString","coordinates":[[-82.233715409542825,28.498972888152334],[-82.233751837640028,28.499045208559398],[-82.233794824501885,28.499234300032015],[-82.233792722411181,28.499441959132323],[-82.233746576658405,28.499722230411166],[-82.233607651317087,28.500278531683538],[-82.233604060679141,28.500341526504918],[-82.233411505279861,28.500537502453049],[-82.233380643810747,28.500664312373406],[-82.2333804047596,28.500718618102638],[-82.233402489451052,28.500776877503071],[-82.233582268598639,28.500933354051121],[-82.23374468597062,28.501134646622699],[-82.233813971121805,28.501201656086785],[-82.233965940846275,28.501259011526979],[-82.234164015265762,28.501275290844404],[-82.234392045687855,28.501219068424287],[-82.23440299788254,28.501214420474625],[-82.234472836930308,28.501168585992346],[-82.23491313395732,28.500884832101864],[-82.235131017219786,28.500666106168939],[-82.235237129078826,28.500593144313896],[-82.235381213100126,28.500506030015995],[-82.235590708773103,28.500342666301172],[-82.235684334957426,28.50027767184341],[-82.236060645023414,28.499994523258124],[-82.236310263471552,28.499712310407695],[-82.23641123440072,28.499521927246477],[-82.23643152868452,28.499454079325865],[-82.236436471084261,28.499111093205265],[-82.236362066650315,28.498768800911176],[-82.236366161883467,28.498674013477856],[-82.236394651987922,28.498574466126023],[-82.2364956636644,28.49846063742082],[-82.23656109211548,28.498410529677823],[-82.236594592097376,28.498396595911597],[-82.236854134568958,28.498290386494514],[-82.237059006698217,28.498044753921569],[-82.237188173778009,28.497930712268012],[-82.237249765952143,28.497880556745091],[-82.237320388390927,28.497825725684407],[-82.237460911353878,28.49772083364271],[-82.237641339237328,28.497563775321538]]},"properties":{"OBJECTID_1":331,"OBJECTID":419165,"QUADNUMBER":0,"ELEVATION":100,"ORGCONT":0,"DEPRESSION":0,"HILLTOP":0,"INTERVAL":0,"UNIT":" ","DATESTAMP":1078790400000,"ShapeSTLen":35511.09957424477,"Shape_Length":2893.6076803499545}},{"type":"Feature","id":332,"geometry":{"type":"LineString","coordinates":[[-82.264342747047166,28.519174981858463],[-82.264252577529035,28.519211850336735],[-82.264175118516079,28.519293909792708],[-82.264171252210716,28.519695450379828],[-82.264113180145614,28.519885530958987],[-82.263972051760334,28.520067551613952],[-82.263573497181696,28.520342057999898],[-82.263429678817005,28.520492243061835],[-82.26338763423432,28.52056038776599],[-82.263351428939586,28.520623820808755],[-82.263303744390129,28.520764222889795],[-82.263290649354886,28.520822871994756],[-82.263303770383786,28.520962616618238],[-82.263324291628123,28.521039141950691],[-82.26333681057838,28.52105702206909],[-82.263398521051002,28.521079175091479],[-82.263580638018595,28.521054981868897],[-82.263605666170079,28.521050227567194],[-82.263680264324947,28.521026941199089],[-82.264194236484499,28.520778346629562],[-82.26442434497649,28.520753613187175],[-82.264444178419723,28.520753583608126],[-82.264711032801372,28.520832301794727],[-82.265107190079291,28.521108209892219],[-82.265307259780954,28.5212013043643],[-82.26541697545828,28.521222925076337],[-82.265471101267025,28.521199669598658],[-82.265576648390734,28.52108137309077],[-82.265597146496134,28.521000016161384],[-82.265605438632676,28.520841967300491],[-82.265570221216208,28.520603166675439],[-82.26548610643809,28.520301572466185],[-82.265408479096962,28.520193954037445],[-82.265328554169656,28.519910427354457],[-82.265230384726848,28.519766808257426],[-82.26508728260751,28.519592254944843],[-82.264960453801663,28.519480645498568],[-82.264760756365717,28.519324522556818],[-82.264669531359672,28.519266824603914],[-82.26463014161871,28.519249177412441],[-82.264483327304958,28.519187131799718],[-82.264456590371623,28.519178355272111],[-82.264342747047166,28.519174981858463]]},"properties":{"OBJECTID_1":332,"OBJECTID":420017,"QUADNUMBER":0,"ELEVATION":160,"ORGCONT":0,"DEPRESSION":0,"HILLTOP":0,"INTERVAL":0,"UNIT":" ","DATESTAMP":1078790400000,"ShapeSTLen":2508.6471188327032,"Shape_Length":2508.647118838288}},{"type":"Feature","id":333,"geometry":{"type":"LineString","coordinates":[[-82.24133159424629,28.50027351150823],[-82.241347849220304,28.500415549734093],[-82.241501865989306,28.50066231738727],[-82.241559999328885,28.50070694905137],[-82.241633490304764,28.500751487517952],[-82.241776670962878,28.500759195256112],[-82.241995539085096,28.500675830060825],[-82.242151213947949,28.50058406161935],[-82.242246440535396,28.500511249056608],[-82.24251580527411,28.500391366905426],[-82.242800019200388,28.500320903837313],[-82.243014183599257,28.500237003092682],[-82.243057757957885,28.50007059116847],[-82.243163157025265,28.499843961218069],[-82.243186160268451,28.499766854754064],[-82.24319099343036,28.499744408239938],[-82.243191236626501,28.499690090768915],[-82.243193374963795,28.499518742160824],[-82.243159537036718,28.499356503080225],[-82.243106258825151,28.49924861308984],[-82.243046494574131,28.499186233936953],[-82.243007836270039,28.499163796606243],[-82.242974157672634,28.499110186756067],[-82.242856052020485,28.498975877078465],[-82.242680149023002,28.498855480080209],[-82.242590813816761,28.498802296136763],[-82.242414321573406,28.498717904565861],[-82.242325894055256,28.498687249641016],[-82.242297891344691,28.498678454710081],[-82.241791014745033,28.498611026713107],[-82.241362524158347,28.498484080224028],[-82.24122502643398,28.498480671579774],[-82.24112179397838,28.498495135353455],[-82.241049911394938,28.498509427055584],[-82.240941121738175,28.498551117273649],[-82.240899093994216,28.498578450899714],[-82.24084780719069,28.498623956231302],[-82.240819076006161,28.498660465746205],[-82.240781504956061,28.498728381015816],[-82.240766897107207,28.498800799844993],[-82.240765869183249,28.49886410433021],[-82.240770846243549,28.498872896148601],[-82.240804430388209,28.49897181468911],[-82.240887842648334,28.499075009599597],[-82.240960821579009,28.499151068490139],[-82.240999022042104,28.49924103649127],[-82.241067440401963,28.499362058555253],[-82.241267833930451,28.499707908167775],[-82.241280176923595,28.49993319707346],[-82.24133159424629,28.50027351150823]]},"properties":{"OBJECTID_1":333,"OBJECTID":420137,"QUADNUMBER":0,"ELEVATION":160,"ORGCONT":0,"DEPRESSION":0,"HILLTOP":0,"INTERVAL":0,"UNIT":" ","DATESTAMP":1078790400000,"ShapeSTLen":2549.0005190302268,"Shape_Length":2549.0005190361589}},{"type":"Feature","id":334,"geometry":{"type":"LineString","coordinates":[[-82.2344212063105,28.535669262056715],[-82.234485342036052,28.53570017763651],[-82.234503308397038,28.535736143036431],[-82.234498991936405,28.535844443837863],[-82.23443614281058,28.535930891587174],[-82.234364217351668,28.535985706057666],[-82.234344158509273,28.535999237070701],[-82.234192906801027,28.536091046460161],[-82.234134444988484,28.536104945942729],[-82.234049018395325,28.536123844852302],[-82.233961477200992,28.536115713943353],[-82.233937594977391,28.536088675654316],[-82.233910876104972,28.536039376838989],[-82.233926377660012,28.53591292503538],[-82.233935560105763,28.535899258516782],[-82.234043082274027,28.535781003898666],[-82.234117352092923,28.535739733390798],[-82.234201710289213,28.535707303785326],[-82.234321274526707,28.535674756544338],[-82.234360400416293,28.535669625065559],[-82.2344212063105,28.535669262056715]]},"properties":{"OBJECTID_1":334,"OBJECTID":421576,"QUADNUMBER":0,"ELEVATION":120,"ORGCONT":0,"DEPRESSION":0,"HILLTOP":0,"INTERVAL":0,"UNIT":" ","DATESTAMP":1078790400000,"ShapeSTLen":557.64144744170119,"Shape_Length":557.64144743900874}},{"type":"Feature","id":335,"geometry":{"type":"LineString","coordinates":[[-82.234467563547724,28.519377962661846],[-82.234444162997832,28.51940074584655],[-82.23445267960517,28.519427594080035],[-82.234537203438791,28.519462988116143],[-82.234750736904616,28.519474677430143],[-82.23478814887126,28.519456295100426],[-82.234751767504619,28.519411373161613],[-82.234548127467079,28.519381517824581],[-82.234467563547724,28.519377962661846]]},"properties":{"OBJECTID_1":335,"OBJECTID":421644,"QUADNUMBER":0,"ELEVATION":85,"ORGCONT":0,"DEPRESSION":0,"HILLTOP":0,"INTERVAL":0,"UNIT":" ","DATESTAMP":1078790400000,"ShapeSTLen":246.08877354980686,"Shape_Length":246.08877354893579}},{"type":"Feature","id":336,"geometry":{"type":"MultiLineString","coordinates":[[[-82.244711447607443,28.500274231787142],[-82.244573342488067,28.50078326833102],[-82.244502957540277,28.500941670949782],[-82.24448260964158,28.500973499183814],[-82.244326761261192,28.501155597742148],[-82.244242282093467,28.501196752402617],[-82.244012542446526,28.501280265248205],[-82.243566243898613,28.501343061755247],[-82.243540504530344,28.501352304638534],[-82.243455607772304,28.501379949559034],[-82.243311395664193,28.501435548074795],[-82.243206349857999,28.501522314853812],[-82.242918830592799,28.501854157875073],[-82.242788534995853,28.501959185213238],[-82.242202183344872,28.502334565319732],[-82.242106824553417,28.502376142293233],[-82.242048296231772,28.502394825038856],[-82.241813015862533,28.502464479414762],[-82.241501594487445,28.502494623903008],[-82.241196261379841,28.502425218535929],[-82.240963263256688,28.502314511788697],[-82.240935971698548,28.502301231542482],[-82.240777446828631,28.50225280354827],[-82.240758955641226,28.502248631347747],[-82.24067536392306,28.502235766586455],[-82.240596014547322,28.502236454795803],[-82.240558245602216,28.502277630955799],[-82.240553634026881,28.502403928559531],[-82.240821367289698,28.50289780563757],[-82.240863343540255,28.502992324706554],[-82.240907946615408,28.503239963543855],[-82.240904381254936,28.503420597953664],[-82.240805667140208,28.503786885503732],[-82.240475282077838,28.504394823838858],[-82.240402020695143,28.504612004894085],[-82.240393749875821,28.504648200178575],[-82.240372051882787,28.504842382020868],[-82.24035712400844,28.505131497220546],[-82.240423585485686,28.505767212918776],[-82.24041672465421,28.505992821722536],[-82.240392008296013,28.50625479614887],[-82.240346628596498,28.506449248123523],[-82.240302071711483,28.506553376047012],[-82.2402262865659,28.506689477098092],[-82.239955101776289,28.506998726964898],[-82.239911002367137,28.507035321137742],[-82.239643439537517,28.50724077292892],[-82.239453557042026,28.507468305017476],[-82.239359779963706,28.507608964365872],[-82.239294293250026,28.507780927805783],[-82.239102432286657,28.508130292804243],[-82.238943140307356,28.508326127619483],[-82.238828245094155,28.508467079083296],[-82.238637328247719,28.508640284022192],[-82.238427380451114,28.508764006512894],[-82.2382461228312,28.508815198002914],[-82.237930186802174,28.508885794640054],[-82.237851477045567,28.508886493682915],[-82.237737232065697,28.508869584123481],[-82.237704737215253,28.50886073747473],[-82.237462971375052,28.508777205467052],[-82.237394807536489,28.508719225828891],[-82.237297016080831,28.5086344096574],[-82.237275773023356,28.508602905995307],[-82.237191019176521,28.508463945812611],[-82.237141503751971,28.508243254160657],[-82.237144789025692,28.508080638571329],[-82.237253535510249,28.507411943346476],[-82.237261277433248,28.507289913094816],[-82.237259743997001,28.50722685500682],[-82.23724825780873,28.507186183562386],[-82.237212734118856,28.507127769648303],[-82.237193758281791,28.507114584235232],[-82.237085280666989,28.507056933750498],[-82.237051962910613,28.507021053051709],[-82.2368911081318,28.506918851769772],[-82.236797731081936,28.506838310069082],[-82.236725603291731,28.506748757414993],[-82.236672118949684,28.506654375359961],[-82.236653052819548,28.506528336644887],[-82.23665139671202,28.506433485332764],[-82.236697054096865,28.506261551337651],[-82.236799811734315,28.506080194759289],[-82.237033125550354,28.505856875842014],[-82.237058524955231,28.50582961393728],[-82.237173209218156,28.505701887332634],[-82.237206374137344,28.505629417612433],[-82.23721044307382,28.505457806862157],[-82.237133292359317,28.505323153753451],[-82.237074594582751,28.505274011264444],[-82.237044166352419,28.505256463986495],[-82.236992998529544,28.505216142342306],[-82.236875244341888,28.505099847819963],[-82.236828510394488,28.505023556997564],[-82.236780503090046,28.504906724851161],[-82.236767313861804,28.504694647554309],[-82.236814302781525,28.504559035294925],[-82.236855375142724,28.504472874938099],[-82.236854639922953,28.50436001738802],[-82.23678301707784,28.504279476525905],[-82.236650432648403,28.504249104213152],[-82.236583197835287,28.50421363976286],[-82.236546670496196,28.50417772841352],[-82.236401204094847,28.504034623207371],[-82.236256629983359,28.503954855914742],[-82.236217294181884,28.503855861487096],[-82.236231857224453,28.503747413289204],[-82.236315881830606,28.503615923714854],[-82.236361480198013,28.503565842448122],[-82.236382896981411,28.50354754251952],[-82.236447048609264,28.503497407298543],[-82.236557069268358,28.503419718339366],[-82.236599037946419,28.503396600144658],[-82.236903399230528,28.5032495931403],[-82.237084243317781,28.503184609015001],[-82.23752376530345,28.50302719980564],[-82.237850667093923,28.50287089587431],[-82.237965745911609,28.502797483090653],[-82.238118367796829,28.50269696729665],[-82.238458002126634,28.50238689701791],[-82.238509704177588,28.502354899166246],[-82.238596774541179,28.502272694659123],[-82.23884638094944,28.502148629649167],[-82.239449601986195,28.50191756621361],[-82.239641360595442,28.501730857557423],[-82.239696148977387,28.501626581801283],[-82.239720585312483,28.501540490498336],[-82.239767316011594,28.501499433208384],[-82.23977040601406,28.501427148525419],[-82.23978859533031,28.501133852295453],[-82.239803976161596,28.501092959478026],[-82.239757133213871,28.500786466470178],[-82.239693775808135,28.500274904413367],[-82.239700033891566,28.500214140768421],[-82.23972541722307,28.500125522999038],[-82.239752250241025,28.499983246147014],[-82.239734378209107,28.499744377429842],[-82.23962504094267,28.49958288057838],[-82.239410728758827,28.499345758410257],[-82.239216149642331,28.499036010595514],[-82.239159483638929,28.49890106347441],[-82.239121440817001,28.498761560078357],[-82.239104282470578,28.498518198969155],[-82.239168141397712,28.498327920535822],[-82.239503810124006,28.49782840305571],[-82.239553232978167,28.497778367192712],[-82.23956184760641,28.497760182257551],[-82.239708509910017,28.497632571205664],[-82.239758137661383,28.497609553120704],[-82.239802948297097,28.497568466704131],[-82.239874651144035,28.497486636758381],[-82.239893936004705,28.497283416580071],[-82.239881834283111,28.497183248017887]],[[-82.243067482201397,28.497084682918846],[-82.243069538616183,28.49709193234423],[-82.243071713353544,28.497155280759369],[-82.243061435803611,28.497236476493999],[-82.243038635850596,28.497340597202726],[-82.243029466451119,28.497353990959084],[-82.242811497372145,28.497658563202055],[-82.242808316488237,28.497775880904371],[-82.242895717755204,28.497869840024272],[-82.243010935621442,28.49794529356442],[-82.243242133931787,28.498087775531236],[-82.243342280257238,28.498145599443149],[-82.24374434891341,28.498403631063908],[-82.244041112973377,28.49868510868242],[-82.244263230084599,28.498953830607697],[-82.244340194788478,28.499020924675651],[-82.244500903265333,28.499290010125662],[-82.244574907470792,28.4994609059463],[-82.244686624613109,28.500069049332676],[-82.244711447607443,28.500274231787142]]]},"properties":{"OBJECTID_1":336,"OBJECTID":421901,"QUADNUMBER":0,"ELEVATION":140,"ORGCONT":0,"DEPRESSION":0,"HILLTOP":0,"INTERVAL":0,"UNIT":" ","DATESTAMP":1078790400000,"ShapeSTLen":12929.432723049558,"Shape_Length":11431.668506018093}},{"type":"Feature","id":337,"geometry":{"type":"LineString","coordinates":[[-82.223965475010559,28.511387306149622],[-82.224165353217529,28.511339126741881],[-82.224539373710869,28.511200347668531],[-82.224658864046276,28.511131506576444],[-82.224749333480361,28.511076646572292],[-82.224869420364371,28.510971787892739],[-82.225059233244707,28.510906936660465],[-82.225282643062101,28.510900190468693],[-82.22573993557944,28.510950445984104],[-82.226037702179156,28.510974762046729],[-82.226263544661549,28.510936532604315],[-82.226494088116638,28.510884857149779],[-82.226745355111674,28.510778840573597],[-82.226770525724191,28.510765092772477],[-82.226835899773121,28.510719203819093],[-82.226961465875448,28.510591902619932],[-82.227151985184889,28.510405194788714],[-82.227415118426606,28.510317058869092],[-82.228055156284313,28.510225531968072],[-82.228268326689275,28.510218938823336],[-82.228392100554231,28.51024048382093],[-82.22883844778039,28.510412445507104],[-82.228996562555182,28.510447089290523],[-82.229040559709247,28.510455807645574],[-82.229139683483538,28.510459306792814],[-82.229187671355874,28.510458791838634],[-82.229253659519372,28.510453707679904],[-82.229377454488215,28.510434736210666],[-82.229428943169864,28.510416245857147],[-82.229494586260756,28.510392872424678],[-82.229557890870325,28.510356243774527],[-82.229668930221763,28.510256054983014],[-82.229739514336643,28.510165207050779],[-82.229802001555313,28.510060740966008],[-82.229903074071771,28.509865868963661],[-82.23006962200482,28.50969743500433],[-82.23061397600793,28.509430765622803],[-82.230910443667838,28.509220351123751],[-82.231124875339475,28.508979348681667],[-82.231210546800327,28.508865610559827],[-82.231247330939922,28.508806692160721],[-82.231301350962241,28.508711418492041],[-82.231481370235642,28.508344181960855],[-82.231581481994255,28.508207829556842],[-82.231637396671019,28.50815337666538],[-82.231738844342743,28.508053070772551],[-82.231981896251298,28.507978742763115],[-82.232144853845512,28.507990650744969],[-82.232381065156275,28.50810140942049],[-82.232556448617956,28.50825334226974],[-82.2326474526825,28.508401382245637],[-82.232667231952334,28.508640278163821],[-82.232631502548301,28.508830345463984],[-82.23252815621106,28.509047705452449],[-82.232413813191741,28.509193167738413],[-82.232358896421829,28.509383273181303],[-82.232377842996115,28.509437263600649],[-82.232425524115172,28.509495558715749],[-82.232504096688729,28.509621212853958],[-82.232538189179039,28.509688339919357],[-82.232563392437157,28.509751418002097],[-82.232659131304231,28.510079907257605],[-82.232673411511527,28.510106825183509],[-82.232711337886357,28.510174281309666],[-82.232793992854582,28.510245682584916],[-82.232917185784117,28.510303229129796],[-82.233058183948003,28.510288402705612],[-82.233123475578736,28.510247293334199],[-82.233281112951303,28.510115049584051],[-82.233301243340009,28.510096724386361],[-82.233448293741631,28.509946335207257],[-82.23361323209862,28.509836694132815],[-82.233723889085454,28.509799533668566],[-82.234178516981814,28.509777396888985],[-82.234541194517718,28.50966574445215],[-82.234620540300483,28.509665048933144],[-82.234653673031204,28.509673630828306],[-82.234709027601667,28.509732019264213],[-82.234744557676365,28.509907511039536],[-82.234850700728913,28.510068969254334],[-82.234843193750976,28.510136979730181],[-82.234842188319703,28.510159482472456],[-82.234826939474345,28.510231896258862],[-82.234820101536101,28.510258827888052],[-82.234766226412319,28.510345104437661],[-82.234725743587205,28.510395247584441],[-82.234434105663979,28.510623461780458],[-82.234206148834843,28.510909890817008],[-82.234153513337787,28.511077239335538],[-82.234144498449027,28.511316605937942],[-82.234172107376679,28.511428965917183],[-82.234265759966007,28.511532014396597],[-82.23437053991772,28.511580614766743],[-82.234400396277508,28.511593935195474],[-82.234484571613692,28.511611320830397],[-82.235036861029755,28.511682998669421],[-82.235215912441305,28.511649791889948],[-82.235465322499934,28.511539235354476],[-82.235687949532874,28.511541762200896],[-82.235839275400224,28.511639629316907],[-82.235983937244953,28.511832250969963],[-82.236177679934656,28.511997631848857],[-82.236226868011883,28.512042149506648],[-82.236423204779541,28.512126230109573],[-82.236876575911623,28.512221428937607],[-82.236954417947189,28.512274746624698],[-82.237042045200752,28.512355215146552],[-82.237070889977815,28.512391035037673],[-82.237107199243866,28.512440453845159],[-82.237167517413624,28.512548157730912],[-82.237185834618799,28.512602134103108],[-82.237213505477243,28.512709988790117],[-82.237211157609948,28.512854607072896],[-82.237185082407265,28.512963184510429],[-82.237106195994912,28.513171283115991],[-82.237039951709605,28.513271201275106],[-82.236858653548353,28.513521072148592],[-82.236777910011782,28.513607574048571],[-82.236747935948131,28.513680087660859],[-82.236744784611105,28.513716354072759],[-82.236758473537066,28.51377928084203],[-82.236840791384182,28.513832656650447],[-82.23698861459529,28.513831419870403],[-82.237191217194678,28.513766432870277],[-82.237369256075596,28.513638372731059],[-82.237514512310909,28.513519745978353],[-82.237701764250787,28.513296971308627],[-82.237750439311014,28.513215126052813],[-82.2377982789301,28.513106540204969],[-82.237814309950409,28.513025129229248],[-82.23785262397179,28.51291191473377],[-82.237867144263149,28.512884806192123],[-82.237909344522578,28.512807659014182],[-82.238030696248941,28.512702805510564],[-82.238319952340234,28.512542098051625],[-82.238468497910503,28.512378212562844],[-82.238528590213221,28.512224187876662],[-82.238549576733973,28.512034488836861],[-82.238579569514286,28.511763576927699],[-82.238620639096681,28.51167741612775],[-82.238701738963513,28.51160893242195],[-82.238958746919721,28.51150296805347],[-82.239978644547847,28.511186798403887],[-82.240785670048055,28.510858945772775],[-82.241030892315237,28.510730041688326],[-82.24121169704155,28.510588505825222],[-82.241498143429652,28.510324184251555],[-82.241579529333123,28.510237691925312],[-82.24163344108419,28.510187432637419],[-82.241695040236891,28.51013726613315],[-82.241695258712909,28.510123761175013],[-82.241955047142568,28.510004037995248],[-82.242093909679468,28.510002687113055],[-82.242171250560148,28.510047270677191],[-82.242210042275076,28.510100951822967],[-82.242230283227187,28.510154954776642],[-82.242235146077903,28.510249848055977],[-82.242236626794451,28.510276884332129],[-82.242183000409085,28.51046673056387],[-82.242185510945532,28.510588621829786],[-82.24236183257085,28.510920934392509],[-82.242363715364235,28.511002289602253],[-82.242337110768645,28.511182907172216],[-82.242310544579254,28.511282476508885],[-82.242299773621681,28.511354660235966],[-82.242298099536654,28.511458486683441],[-82.242358358684697,28.511688029042016],[-82.242411978894367,28.511972093251138],[-82.242476831614582,28.512115874347117],[-82.242508806393857,28.512156230823127],[-82.242551373969022,28.512214452052206],[-82.242574969658463,28.512259210691568],[-82.242683548601448,28.512389186173348],[-82.242704306912344,28.51241139652948],[-82.242757816063076,28.512465249725278],[-82.243074694433005,28.512692391186544],[-82.243264520681763,28.512902735677088],[-82.243360073493733,28.513086855037514],[-82.24336296254107,28.513303584286732],[-82.243362744274094,28.513317089239987],[-82.243319904165176,28.513394225700218],[-82.243274234542739,28.513448813889489],[-82.243184767246888,28.513481175275743],[-82.243105490100717,28.513477371155567],[-82.242746256940464,28.513336654905508],[-82.242530478985742,28.513306940527816],[-82.242501756313075,28.513302637952982],[-82.242282185430085,28.513309176427065],[-82.241984152271399,28.513379726203095],[-82.241709495856483,28.513508547181747],[-82.241671295541096,28.513535929246142],[-82.241483593468431,28.513668376838833],[-82.241166551668158,28.513964673207656],[-82.240761901694043,28.514415210179671],[-82.240707628122635,28.514447169193726],[-82.240602806385212,28.514479905290081],[-82.240544356307382,28.514493804793933],[-82.240424117064933,28.51449032698439],[-82.240167890593469,28.514429705479607],[-82.240098702807146,28.514434750968007],[-82.240034409573639,28.514453360915585],[-82.239965480515352,28.514521716521205],[-82.239955752120295,28.514648234068556],[-82.239989923127141,28.51471113785907],[-82.24022953001375,28.515047350337319],[-82.240231865436741,28.515060886862958],[-82.24022784465788,28.515151168610611],[-82.240202355845938,28.51522344944328],[-82.240075517771146,28.515351037505042],[-82.239741149314227,28.515570843708577],[-82.239151199050795,28.515846817428042],[-82.238830741558317,28.516116056473766],[-82.238723455214313,28.516220800218338],[-82.238663413856997,28.516293496081115],[-82.238620146399995,28.51635711370211],[-82.238578643403315,28.516470284328673],[-82.238579824073014,28.516673490398144],[-82.238619313559724,28.516763195775972],[-82.238696048764723,28.516884322287353],[-82.238905505867365,28.517067622824186],[-82.239152378592038,28.517232260666834],[-82.239184010631789,28.517254609413413],[-82.239232330400753,28.517312906332553],[-82.2392710923382,28.517447905300095],[-82.239278114134734,28.517488240571307],[-82.239274475136398,28.51767336659714],[-82.239231454402002,28.517958187612095],[-82.239229557416479,28.51807550985836],[-82.239239956706697,28.518183710262441],[-82.239311920220757,28.518322785297361],[-82.239374811890272,28.518389992449322],[-82.239419096971204,28.51842122502719],[-82.239453292148482,28.518443321042906],[-82.239683049415859,28.518558772119096],[-82.23997039763097,28.518556196730007],[-82.24077903108747,28.518408747130206],[-82.241051434560305,28.518419760048253],[-82.241425132729631,28.518497619845043],[-82.241504493244321,28.518496931081476],[-82.241643508816267,28.518486571290612],[-82.241711562979987,28.518472511656906],[-82.241868101210102,28.518407774698058],[-82.24192258469445,28.518362313914427],[-82.241939593884993,28.518339449689766],[-82.242022278347847,28.518212436691499],[-82.242048131390675,28.518117359764883],[-82.242091013956895,28.517959175594992],[-82.24213242660511,28.517891033110669],[-82.242287702308786,28.517785758989731],[-82.242474146596479,28.517770651331912],[-82.242851159363639,28.517920590859475],[-82.243147522146387,28.517953853794971],[-82.243351321215982,28.517933892624882],[-82.243704854266255,28.517795355702873],[-82.243893722135709,28.517748480875259],[-82.243938024312939,28.517739184753129],[-82.244081304542362,28.517742387947187],[-82.244122611077941,28.51776006654919],[-82.244182043638986,28.517804433821262],[-82.244194822987097,28.517845113103938],[-82.244182131963768,28.517917277800041],[-82.244008181260142,28.518148957057118],[-82.243971604551362,28.518194653616909],[-82.24383193700298,28.518561283209817],[-82.243736895101733,28.518661407814108],[-82.24359350541279,28.518744029556238],[-82.243530776042817,28.51878517270659],[-82.243451377400305,28.518867201341244],[-82.243403197268506,28.518957779705648],[-82.243406596623231,28.519142994225486],[-82.243479453593736,28.519228050814124],[-82.24362756211309,28.519249042847921],[-82.243856207176677,28.519156784398291],[-82.24401513811658,28.519141891834632],[-82.2441169129023,28.519258263584842],[-82.244169596741713,28.519600848445016],[-82.244240195784215,28.519785221160355],[-82.244376464763505,28.519905681491537],[-82.244406388915806,28.519914497751113],[-82.244474291217259,28.51994996782231],[-82.244503727695857,28.519949768671026],[-82.244630310733996,28.519917021073066],[-82.244692484740256,28.519871087852561],[-82.244771229949023,28.519789337606191],[-82.24492491635155,28.519584703053436],[-82.244964767747035,28.519494020068894],[-82.244980878410828,28.519408383403665],[-82.245015498834718,28.519087438582666],[-82.245224119703877,28.518769796417399],[-82.245239846051433,28.518746918759131],[-82.245330758481046,28.518665035229493],[-82.24543230927938,28.518637045952367],[-82.245454783505181,28.518632255389832],[-82.245528946019775,28.518635999685952],[-82.245784694457441,28.518687887041942],[-82.245929047366673,28.518664079947246],[-82.246069385967985,28.518572412520804],[-82.246195726682203,28.518435818009177],[-82.246243974434449,28.518340735816313],[-82.246377632228743,28.518068592385504],[-82.246472038026269,28.517968175633637],[-82.246535751670748,28.517945052855445],[-82.246626282946451,28.517926208134455],[-82.246824030654039,28.517924457628222],[-82.247363853862623,28.518136076487608],[-82.247526394870164,28.518175261835644],[-82.248015892893079,28.518175188529195],[-82.248060609618847,28.518179405685757],[-82.248241516293547,28.518150705440227],[-82.248293430376378,28.518145731581939],[-82.248352303704294,28.518145057307748],[-82.248587652970059,28.518192461323146],[-82.248760428902216,28.518231486602012],[-82.248801877720481,28.518240167099624],[-82.248875324880203,28.518248679792432],[-82.249088580015453,28.518237560078415],[-82.249395998897384,28.51818060567437],[-82.249810038892804,28.518018899452144]]},"properties":{"OBJECTID_1":337,"OBJECTID":422151,"QUADNUMBER":0,"ELEVATION":90,"ORGCONT":0,"DEPRESSION":0,"HILLTOP":0,"INTERVAL":0,"UNIT":" ","DATESTAMP":1078790400000,"ShapeSTLen":27044.060366332567,"Shape_Length":19126.757645046506}},{"type":"Feature","id":338,"geometry":{"type":"LineString","coordinates":[[-82.225142308026093,28.509818614860517],[-82.22510007032875,28.509818923952889],[-82.225045454738989,28.509832862782165],[-82.224993524948658,28.509878640192738],[-82.224970875774872,28.509932951369901],[-82.224989406927079,28.509973425403622],[-82.225074793918779,28.509995058631638],[-82.225160687688231,28.509985446175527],[-82.225196104235579,28.50997154543294],[-82.225247891692874,28.509934766421562],[-82.225276715296275,28.509894046093716],[-82.225231372337134,28.509849293377346],[-82.225194558800325,28.509831663803052],[-82.225142308026093,28.509818614860517]]},"properties":{"OBJECTID_1":338,"OBJECTID":423203,"QUADNUMBER":0,"ELEVATION":105,"ORGCONT":0,"DEPRESSION":0,"HILLTOP":0,"INTERVAL":0,"UNIT":" ","DATESTAMP":1078790400000,"ShapeSTLen":252.61105078439442,"Shape_Length":252.61105078407147}},{"type":"Feature","id":339,"geometry":{"type":"LineString","coordinates":[[-82.236811652172108,28.517908070951936],[-82.236741755810883,28.517917606965153],[-82.236689671941733,28.517972108454646],[-82.236688229214508,28.518021898079535],[-82.236688282079641,28.518057925177445],[-82.23669343771644,28.518134532852539],[-82.236752834525191,28.518219984692738],[-82.236819055480652,28.518318473481017],[-82.236847393599078,28.518386088533429],[-82.23688929822039,28.51848483262453],[-82.236890830622485,28.518547887907346],[-82.236891039489208,28.518692537699078],[-82.236879425241909,28.518737699761665],[-82.23685514280595,28.518814498606741],[-82.236792509007032,28.518927969882068],[-82.236708819346518,28.519077760361572],[-82.236666341085467,28.519132101626568],[-82.236541209448788,28.519232683295915],[-82.236504292022218,28.519260077907774],[-82.236327000445101,28.519302313144628],[-82.236286514353509,28.51935217878377],[-82.236284038048396,28.519464992046274],[-82.236294234275562,28.519546173083249],[-82.236320148868714,28.519762628581304],[-82.236333693542093,28.51983483804894],[-82.236400245557647,28.519992150561066],[-82.236437566795885,28.520018786120698],[-82.236514486514579,28.52004958566085],[-82.236625893871206,28.520084755629679],[-82.236722104232356,28.520228366488382],[-82.236786148335895,28.520263786675358],[-82.236859826726274,28.520258522980761],[-82.236966025488783,28.520181055232115],[-82.237040354926151,28.520135278452486],[-82.237111192623573,28.520107466271952],[-82.237274980072939,28.520069847454526],[-82.237316576074321,28.520069521244753],[-82.237599866890889,28.520080396619896],[-82.237886355648413,28.520091317238705],[-82.2380186788088,28.520099171436524],[-82.238223963897354,28.52010625421962],[-82.238275096625657,28.520110273850705],[-82.238423146444461,28.520095530525371],[-82.238530806121474,28.520085352554865],[-82.238555691605768,28.520089882868305],[-82.238690975769615,28.520151808972511],[-82.238738755195556,28.520164782912495],[-82.238723374325318,28.520205683629378],[-82.238717853057949,28.520309453508453],[-82.23871756362675,28.520327463092762],[-82.238695123173926,28.520408786994057],[-82.238611372354825,28.520522559661082],[-82.238591589380604,28.520558616163566],[-82.238524881544336,28.520726340952429],[-82.238492713538136,28.520776308133399],[-82.238466525105551,28.520812568060933],[-82.238371627476241,28.520903677802185],[-82.238320063696079,28.520926676186768],[-82.238266573579111,28.520949917052494],[-82.238097156948044,28.521018990171036],[-82.23801187736349,28.521069415755779],[-82.237970404493183,28.521101547047042],[-82.237912568575936,28.521155973335585],[-82.237865825488512,28.521197032637495],[-82.237752783612621,28.521301989570492],[-82.237710527067421,28.521342826208276],[-82.237663993794314,28.521528543285473],[-82.237637937877864,28.521596316441649],[-82.237633227601478,28.521767926114354],[-82.237632867348125,28.521790429513015],[-82.237652790998609,28.521902967157089],[-82.237651895133325,28.521997795630153],[-82.237651140492659,28.522083616611891],[-82.237633054227643,28.52213348495696],[-82.237550671602406,28.522201953956436],[-82.237481404927465,28.522211502789947],[-82.237347158346751,28.522203618957935],[-82.237322347753278,28.522194863499791],[-82.237250166274507,28.522186639236537],[-82.237189226855818,28.522196003737463],[-82.237192453711089,28.522272870979016],[-82.237216243741187,28.522344651872022],[-82.237263861696889,28.522407439851587],[-82.237322132055169,28.522483600057448],[-82.237341675145004,28.522501572281243],[-82.237410209196952,28.52253704747601],[-82.237500003038079,28.522563225572039],[-82.237538192261269,28.522576371894463],[-82.237676353601046,28.522579796499308],[-82.237805496202071,28.522547085964195],[-82.237839366894775,28.522510647592068],[-82.237940429078563,28.522473643081923],[-82.238147300896514,28.522304578443062],[-82.238211102861939,28.522276957593192],[-82.238261880425227,28.522262957044834],[-82.238414293867521,28.522216467765347],[-82.23845276438044,28.522211603364511],[-82.238550681243041,28.522210864794943],[-82.238714938530663,28.522222776933649],[-82.238752914676851,28.522208903367062],[-82.238789676465018,28.522231039237486],[-82.238984419661307,28.522256556312044],[-82.239111927471512,28.522246342057137],[-82.239161576032018,28.522223325089644],[-82.239255765032851,28.522136707048382],[-82.239299445019455,28.522086603919369],[-82.239404594022403,28.521995334714287],[-82.239600324076079,28.521921527673037],[-82.239728486986465,28.521870510194564],[-82.239752600110421,28.521843231157522],[-82.239802117777671,28.521788700568496],[-82.239869855216639,28.521715814705669],[-82.239938019795048,28.521615929787124],[-82.240042197401976,28.521466112918581],[-82.240087375604645,28.521402513167118],[-82.24017481998473,28.521297806193822],[-82.24019367888306,28.521279743930034],[-82.240254779406314,28.521220566354401],[-82.240360967798551,28.521183350658827],[-82.240400229664317,28.521169490599764],[-82.240557092143632,28.52116358048934],[-82.240596918972955,28.521154227506504],[-82.240732833088899,28.521098806330695],[-82.24080115069691,28.520989913460745],[-82.240833811177552,28.520948954816514],[-82.24092796298028,28.520785501597555],[-82.241008947339509,28.520644968764763],[-82.241057114153989,28.520594914856819],[-82.24108634469502,28.520567427984208],[-82.241127255086795,28.520531066532119],[-82.241142190442048,28.520517464189645],[-82.241272875953939,28.520389934247198],[-82.241276388463874,28.520331164360154],[-82.241229686697366,28.520290893355043],[-82.241134443863331,28.520206123447146],[-82.241101039897103,28.520174748511305],[-82.241069094424162,28.520053340945836],[-82.241074236717338,28.520012598900145],[-82.241126705257017,28.519854255488806],[-82.241170435365689,28.519722814850272],[-82.241172906472926,28.519610001534179],[-82.24110382314997,28.519529494773572],[-82.241061874785885,28.519511799253337],[-82.240972999233975,28.519508152609713],[-82.240895905131893,28.519526879510792],[-82.240747540538692,28.519600439371448],[-82.240729477894916,28.519609503887146],[-82.240650791605688,28.519687026904794],[-82.240642034423999,28.519714211233538],[-82.240617113927215,28.519791011859489],[-82.240571320310778,28.519931422614519],[-82.240554372933488,28.519990315534347],[-82.240402534756726,28.520041315230909],[-82.240339810575364,28.520041931517238],[-82.240084194160588,28.520021558146148],[-82.23999232881738,28.520004362868416],[-82.239922862652605,28.519986883439287],[-82.239841311302257,28.519965318719809],[-82.239731987993807,28.519880366036162],[-82.239580372106559,28.519759988543772],[-82.239522501663018,28.519737870239428],[-82.239448921274985,28.519698108902173],[-82.23899159051993,28.519490029401958],[-82.238958601632675,28.519472449213456],[-82.23893443150321,28.5194634186036],[-82.238619351125394,28.519322127609456],[-82.238524111611397,28.519237066187198],[-82.238463702576624,28.519174400326047],[-82.238407274212122,28.519102767127841],[-82.238285617228854,28.518950398758598],[-82.238238715503797,28.518883116147723],[-82.238155944435988,28.518739678591615],[-82.23813165163628,28.518699134417119],[-82.238021528425151,28.51850609746894],[-82.2379499799153,28.518380530990193],[-82.237925536876958,28.518348991579909],[-82.237887736867108,28.518272809275217],[-82.2378506424036,28.518232388522971],[-82.237752496905543,28.518129562569172],[-82.237623761300028,28.518058431816478],[-82.237555307847728,28.518018451124419],[-82.237527367973328,28.518005157837891],[-82.237444044627679,28.517974274398828],[-82.237364042485666,28.517975244345369],[-82.237102230858866,28.517982080177486],[-82.237039803086475,28.51796440741148],[-82.236935018667381,28.517915812793895],[-82.236811652172108,28.517908070951936]]},"properties":{"OBJECTID_1":339,"OBJECTID":424036,"QUADNUMBER":0,"ELEVATION":70,"ORGCONT":0,"DEPRESSION":1,"HILLTOP":0,"INTERVAL":0,"UNIT":" ","DATESTAMP":1078790400000,"ShapeSTLen":6651.1317722098829,"Shape_Length":6651.1317722284175}},{"type":"Feature","id":340,"geometry":{"type":"LineString","coordinates":[[-82.248143841974624,28.513778785719982],[-82.248205850617907,28.513782654536431],[-82.248242751750183,28.513795783083079],[-82.248267321683912,28.513858843085888],[-82.248279043107914,28.513885731528287],[-82.248290891101604,28.513944413110565],[-82.248258818666926,28.513989599999391],[-82.248165440627332,28.51402670552665],[-82.248108339013584,28.514036119336797],[-82.248046331238328,28.514032246865685],[-82.248003554506099,28.513987533232324],[-82.247986013484663,28.513924559613372],[-82.248011721845089,28.513838483619931],[-82.248031347773093,28.513811434168598],[-82.248081069141193,28.513783630452384],[-82.248143841974624,28.513778785719982]]},"properties":{"OBJECTID_1":340,"OBJECTID":424355,"QUADNUMBER":0,"ELEVATION":110,"ORGCONT":0,"DEPRESSION":1,"HILLTOP":0,"INTERVAL":0,"UNIT":" ","DATESTAMP":1078790400000,"ShapeSTLen":308.07539737416084,"Shape_Length":308.07539737414584}},{"type":"Feature","id":341,"geometry":{"type":"LineString","coordinates":[[-82.258048772124724,28.525361824594174],[-82.257923887553517,28.525407838741383],[-82.257843092273262,28.52545833497615],[-82.257658220066645,28.525613633214306],[-82.257512960246117,28.525772796666761],[-82.257435136209253,28.525877361089556],[-82.257272786880378,28.526104419497198],[-82.25704464025327,28.526603065262965],[-82.257031620064183,28.526657219902845],[-82.257017756491166,28.527081426002034],[-82.256990691910033,28.527212787663004],[-82.256969125381659,28.527280624507519],[-82.25696150325507,28.527316831166193],[-82.256874023285548,28.527583657327828],[-82.25661242164179,28.528172784322066],[-82.256535879173811,28.528476050711475],[-82.256530858637348,28.528588833711989],[-82.256535488141282,28.528818812451068],[-82.256557571768568,28.528917861068255],[-82.256586264311181,28.529044012720963],[-82.2566821332872,28.529250638674601],[-82.25680388521063,28.529439017091295],[-82.256837708386641,28.529524709478537],[-82.256836687186677,28.529587733115942],[-82.256783779281164,28.529615218466827],[-82.256720979762576,28.529620337072277],[-82.256485528673977,28.52957745296645],[-82.256390536391493,28.529555731437981],[-82.256242041445461,28.529557260489561],[-82.256152712469458,28.529580631015662],[-82.25602313070884,28.529640367942843],[-82.255798985567353,28.529809527280907],[-82.255707872726461,28.529864398192537],[-82.255653658928765,28.529932670736176],[-82.255629913709072,28.529937437405739],[-82.255555004200517,28.530019242549979],[-82.255531950747923,28.530060043120649],[-82.25553546074137,28.530159704330543],[-82.255559206702756,28.530195461167843],[-82.25574613518323,28.530310918339019],[-82.255846647178501,28.530427264434351],[-82.255853964408985,28.530449869777605],[-82.255865099640175,28.530553575364358],[-82.255805292031482,28.530730404492381],[-82.255773755064382,28.530861430479924],[-82.255767251188118,28.530947185513046],[-82.255799280010933,28.531104898709341],[-82.255825778826079,28.531167702661886],[-82.255991997326589,28.531337777810698],[-82.256015314594762,28.531360016411195],[-82.25607866404421,28.531400198500723],[-82.256402837490796,28.531537066674865],[-82.256454022697824,28.531577097395914],[-82.256563299939984,28.531666261237874],[-82.256630594488968,28.531819339919988],[-82.256675003774262,28.532161821028712],[-82.256731643402688,28.532301264572837],[-82.256886841064883,28.532439677128473],[-82.256972814211963,28.532465794439396],[-82.257099894243922,28.532482570404262],[-82.257148612557941,28.532477552269949],[-82.257248330302701,28.532445013425413],[-82.257268394039286,28.532431199301591],[-82.257388904538573,28.532299306014288],[-82.257410043524743,28.532217953712664],[-82.257413381838759,28.532010309345175],[-82.257288097841283,28.531483339038434],[-82.257251211616847,28.531429699431676],[-82.257128433506196,28.53130434511748],[-82.256686222846199,28.531105511152344],[-82.256525829257839,28.531012057638762],[-82.256463680823416,28.530976675776405],[-82.256221511428194,28.530834356293216],[-82.256133496069836,28.530735889480379],[-82.256127040861827,28.530700074879476],[-82.256130267219788,28.530618787209754],[-82.256152745633912,28.530573471380514],[-82.256292028332069,28.530468263020708],[-82.256473034717615,28.53039453983213],[-82.256564502192703,28.530357401561584],[-82.256748488884568,28.530337738285734],[-82.257053980978739,28.530362078813901],[-82.25721329848021,28.530324374953814],[-82.257443161810897,28.530236623913289],[-82.257555680662222,28.530203967638393],[-82.257669608515783,28.530202849224306],[-82.257758283228014,28.530219997919541],[-82.257899117981069,28.53033599616365],[-82.257967849082334,28.530479810697027],[-82.257983268027829,28.530515742634215],[-82.257999313612743,28.530592491029392],[-82.25800938570741,28.531160797758517],[-82.25809569666076,28.531683616684226],[-82.25816214933073,28.531809393899675],[-82.258283865638177,28.531920939770924],[-82.258391249862314,28.531929033510636],[-82.25842254392569,28.531933354867242],[-82.258542390907081,28.53188250426005],[-82.258658215709701,28.531723533031208],[-82.258832063872347,28.531338178740786],[-82.258869760779248,28.531301780236426],[-82.258967782484959,28.531215193709944],[-82.259276621428569,28.53103188749412],[-82.259354311055887,28.530936326859283],[-82.259353691975946,28.530854986012173],[-82.259335655415185,28.53078300507336],[-82.259306787876938,28.530747190104734],[-82.259227506422263,28.530702859355234],[-82.258991344634794,28.530664472853079],[-82.258880127927597,28.530656342669971],[-82.258650567672632,28.530645049484168],[-82.258419820994121,28.530588432394374],[-82.258399627755097,28.530570731578006],[-82.258406980719315,28.530471201389542],[-82.258808415447845,28.530020851916571],[-82.258913152917927,28.529834722879801],[-82.258922592369984,28.529685690448872],[-82.258816964975566,28.529488237208231],[-82.258780955621816,28.529339758783326],[-82.25875980707039,28.529222428118803],[-82.258788853113046,28.529086868268898],[-82.258854244018281,28.528959913415967],[-82.258865274842194,28.528950757938148],[-82.258995660138922,28.528841218958323],[-82.259165510327335,28.528744832968236],[-82.259230091669195,28.528708204394682],[-82.259375698388908,28.528567050251226],[-82.259530740477231,28.528276582828919],[-82.259580963266316,28.528217551883511],[-82.259643838405708,28.528167392071939],[-82.259872426993567,28.528079612289392],[-82.260005947822009,28.527933812745214],[-82.260039472684383,28.527838825286665],[-82.260047551923407,28.52765374929238],[-82.26001842369277,28.527595137158993],[-82.259912059759742,28.527483502926021],[-82.259783724523089,28.527425902558566],[-82.259615328287694,28.527431978760582],[-82.259572297274431,28.527441574436967],[-82.259214133392874,28.527589094577156],[-82.259183981088384,28.52759406719467],[-82.259121112172906,28.527603692456207],[-82.259084562976696,28.52760831090087],[-82.259001505379373,28.527600242589777],[-82.258932603182785,28.527546755582957],[-82.25891094301123,28.527461225496655],[-82.258911553337427,28.527343880419348],[-82.25910505357119,28.526610939200449],[-82.259127069875362,28.526475290674277],[-82.259127790418972,28.526430265786853],[-82.259114696983985,28.526209192247062],[-82.259098436735371,28.526146237623326],[-82.25906914516564,28.526096905319115],[-82.259001694631394,28.525993628555774],[-82.258941120028737,28.525939974064119],[-82.258804925223771,28.525774491362782],[-82.258583972254101,28.525546338537659],[-82.258486640303445,28.525470550641916],[-82.258442923715748,28.525443834102219],[-82.258359160177704,28.525399456275135],[-82.258331078330897,28.525395167583518],[-82.258191987092147,28.525369514790075],[-82.258048772124724,28.525361824594174]]},"properties":{"OBJECTID_1":341,"OBJECTID":426156,"QUADNUMBER":0,"ELEVATION":120,"ORGCONT":0,"DEPRESSION":0,"HILLTOP":0,"INTERVAL":0,"UNIT":" ","DATESTAMP":1078790400000,"ShapeSTLen":9103.8054379727273,"Shape_Length":9103.8054379809946}},{"type":"Feature","id":342,"geometry":{"type":"LineString","coordinates":[[-82.243297456578659,28.523313651062978],[-82.243406181578024,28.523317257900839],[-82.243441311496923,28.523321358389737],[-82.243675479496247,28.523323727735569],[-82.243570976573906,28.523415009888183],[-82.243559942926893,28.523424155116402],[-82.243264984430738,28.523580305263248],[-82.243026780829979,28.523708744108493],[-82.242953029988414,28.523718515805154],[-82.242911307187171,28.523687315929941],[-82.24292235055762,28.523637361140711],[-82.243186641011661,28.523359819599996],[-82.243234300025861,28.523341276748255],[-82.243297456578659,28.523313651062978]]},"properties":{"OBJECTID_1":342,"OBJECTID":427152,"QUADNUMBER":0,"ELEVATION":100,"ORGCONT":0,"DEPRESSION":0,"HILLTOP":0,"INTERVAL":0,"UNIT":" ","DATESTAMP":1078790400000,"ShapeSTLen":604.84429123167149,"Shape_Length":604.84429123813629}},{"type":"Feature","id":343,"geometry":{"type":"LineString","coordinates":[[-82.260736919327741,28.523373784365482],[-82.260748999888975,28.523418682744303],[-82.260719955210647,28.52351371958262],[-82.260592496620433,28.523641310623667],[-82.260460839130914,28.523750838282091],[-82.260334456742711,28.523810614703535],[-82.260225368845596,28.52382980368003],[-82.260145937958455,28.523835008049094],[-82.260059675056738,28.523826908606527],[-82.259861498367727,28.523815153056674],[-82.259785775005057,28.523788608246502],[-82.259709481411065,28.523757827060201],[-82.259595579077384,28.523718142050079],[-82.259476208967001,28.523620132426021],[-82.259439885450078,28.523570720669831],[-82.259413246933448,28.523476389597576],[-82.259406310860626,28.523390479505171],[-82.259471304049725,28.523367356355038],[-82.259484176210023,28.523362736113647],[-82.259711938950815,28.523365279542318],[-82.259769545087195,28.523364591902702],[-82.260068983351317,28.523366337143738],[-82.260429153708969,28.523372218080564],[-82.260736919327741,28.523373784365482]]},"properties":{"OBJECTID_1":343,"OBJECTID":427569,"QUADNUMBER":0,"ELEVATION":100,"ORGCONT":0,"DEPRESSION":1,"HILLTOP":0,"INTERVAL":0,"UNIT":" ","DATESTAMP":1078790400000,"ShapeSTLen":1033.5967078908009,"Shape_Length":1033.5967078973258}},{"type":"Feature","id":344,"geometry":{"type":"LineString","coordinates":[[-82.240146317358409,28.520372983551464],[-82.239888484665599,28.520370870052091],[-82.239734590205458,28.520390325621715],[-82.23953000198253,28.520419279190154],[-82.239356895365916,28.520479577823725],[-82.239192817672304,28.520535209636488],[-82.238967430315512,28.520780870034063],[-82.238773562765701,28.520976839170782],[-82.238596304652305,28.521095613615948],[-82.238416227120965,28.521151608262702],[-82.238290204523835,28.521188857230225],[-82.238173140476121,28.521225945098291],[-82.238082448423256,28.521294310783961],[-82.238040756525194,28.521339943419651],[-82.238009304429795,28.521385420947109],[-82.237972985479217,28.521493867462819],[-82.237952883209772,28.521589016529791],[-82.23793113989683,28.521706373460077],[-82.237916384834762,28.521787801968031],[-82.237827980865674,28.522108918516526],[-82.237852398210947,28.522180982439849],[-82.237985243744035,28.522157324830296],[-82.238080973984211,28.522133762817411],[-82.23812997190592,28.522110743756595],[-82.238163544251776,28.522092593722476],[-82.238241010401808,28.522051075295657],[-82.238289302134504,28.52203253847847],[-82.238485023868989,28.521958741176601],[-82.238521430264797,28.521962849724037],[-82.238650566064919,28.521970670991404],[-82.238715626782266,28.521983587504678],[-82.238919263756543,28.522013436563181],[-82.239058008656997,28.52198056538144],[-82.239144303293855,28.521907635494696],[-82.239131879679547,28.52188496961438],[-82.23917858695556,28.521884714143983],[-82.239212111831932,28.521830256138166],[-82.239301493987909,28.521685044403391],[-82.239356843067341,28.521625792541602],[-82.239387214057473,28.521607600020936],[-82.239610938350538,28.521424958299605],[-82.239626672432294,28.52140208037715],[-82.239681300480399,28.521347609394098],[-82.23969432350583,28.521333977197884],[-82.239710777158393,28.521266083435918],[-82.239728009095089,28.521229715454609],[-82.239772367418894,28.521098568340026],[-82.239875816056866,28.520993778265392],[-82.239946448338856,28.520938943242516],[-82.23994411382229,28.520925399503689],[-82.2399830762146,28.520929549166965],[-82.240236688840099,28.520837052376837],[-82.240272108009279,28.520823144106025],[-82.240377232023135,28.520772678388102],[-82.240427666343336,28.520740673979429],[-82.24054177669079,28.520608710151887],[-82.240554234524879,28.520590571641922],[-82.24057398280695,28.520477411934891],[-82.240537233537168,28.520455283737206],[-82.240510719933397,28.520432998448626],[-82.240350170305973,28.520389337282541],[-82.240245432978838,28.520376763317756],[-82.240146317358409,28.520372983551464]]},"properties":{"OBJECTID_1":344,"OBJECTID":429387,"QUADNUMBER":0,"ELEVATION":65,"ORGCONT":0,"DEPRESSION":1,"HILLTOP":0,"INTERVAL":0,"UNIT":" ","DATESTAMP":1078790400000,"ShapeSTLen":2451.3172755786668,"Shape_Length":2451.3172755933151}},{"type":"Feature","id":345,"geometry":{"type":"MultiLineString","coordinates":[[[-82.249875921189329,28.517540918826445],[-82.24974820016179,28.517608666476967],[-82.249688882998711,28.517636342247378],[-82.249663781839089,28.517645596840985],[-82.24920730983105,28.517740087801375],[-82.248681832528007,28.517749565142662],[-82.24855917245516,28.517737055642932],[-82.248520925752075,28.517728417939637],[-82.248214845846562,28.517622997484519],[-82.248031888355172,28.517620147203669],[-82.247639509147945,28.517668716275043],[-82.247383463748974,28.517635119936561],[-82.247334560374128,28.517612842447605],[-82.24722671220249,28.517555204485753],[-82.247188109003531,28.51752855436861],[-82.247117389239293,28.517470537456894],[-82.24698398023051,28.517331823725801],[-82.246955268123216,28.517286995791093],[-82.246909244534962,28.517165411228344],[-82.246896689455241,28.5170709833844],[-82.246861742869115,28.516818395514115],[-82.246778834638576,28.51664315836781],[-82.246642989885913,28.516536209580138],[-82.246592651890765,28.516523195228935],[-82.246414965873868,28.516511124723895],[-82.246102777590664,28.516586302153708],[-82.245664489569123,28.516743753896225],[-82.245182057396903,28.516861257496736],[-82.245077942873763,28.516889223238451],[-82.245037483591815,28.516898565137438],[-82.244170217623221,28.517032922395057],[-82.243591843162108,28.517187208251187],[-82.2433624607621,28.517166600875381],[-82.243290937160793,28.517158393062072],[-82.242838752224372,28.517027211778689],[-82.242395524290771,28.516936379588643],[-82.242234331113337,28.516933232715711],[-82.241994048281313,28.516953581132153],[-82.241791016422283,28.517005066972882],[-82.241561515709378,28.51711109423405],[-82.241500476455442,28.517165766882236],[-82.241478065007357,28.517206578453091],[-82.241364699710772,28.517410587138997],[-82.241253795864367,28.517817819293839],[-82.241154836144887,28.517922387721367],[-82.241010827128534,28.517964481554475],[-82.240745055684314,28.517899235551472],[-82.240197529659639,28.517926699357179],[-82.240056020799301,28.517932521451893],[-82.239967657576216,28.517897355090795],[-82.239919529061709,28.517866077139544],[-82.239887500588011,28.517789690292393],[-82.239873183626827,28.517685955357216],[-82.239925542477948,28.517180061973868],[-82.239924351462236,28.517135016103026],[-82.239862430738569,28.516968483202962],[-82.239752474127854,28.516725927300882],[-82.23972716806702,28.516550009350834],[-82.23973991942357,28.51635598989677],[-82.239819955960769,28.516116093566147],[-82.239928021691554,28.516002351160978],[-82.239988268254635,28.515956674324297],[-82.240065152007702,28.515910645928997],[-82.240362867740075,28.515781553787022],[-82.240579129634725,28.515702936473058],[-82.240814707929772,28.51553845131512],[-82.240875910279385,28.515433967189917],[-82.240959469226524,28.515094783842976],[-82.241041162310822,28.514949746912073],[-82.241346269128215,28.514640077589377],[-82.24139333651506,28.514499678652829],[-82.241524177721487,28.514322333913011],[-82.241615872789097,28.514231465833078],[-82.241702088302006,28.514162754702024],[-82.241876969695397,28.514070955212755],[-82.241956985280311,28.51402974412888],[-82.242110434670366,28.513996771468136],[-82.24223515463791,28.514000025943492],[-82.242287684721859,28.514035585017879],[-82.242278756208307,28.514112581268975],[-82.242173408233285,28.514217354969038],[-82.24215020601369,28.514267152766948],[-82.242190560677528,28.514343364562098],[-82.242260793282867,28.514392361460253],[-82.242566877911116,28.514416747318741],[-82.242674551379977,28.514524185491503],[-82.242688365967496,28.514659162205565],[-82.242601970611332,28.514817924227405],[-82.242621312087522,28.514966759281087],[-82.242717987609637,28.515042546390276],[-82.242787153026129,28.515078023210823],[-82.243011591362517,28.515166387003486],[-82.243042876184163,28.515170440347696],[-82.243999316153975,28.515297239712314],[-82.244039366189497,28.515274103743032],[-82.244264733275386,28.515186313496901],[-82.244444395061606,28.51507627286713],[-82.244549469016562,28.514948981598668],[-82.244604188955705,28.514849201489557],[-82.244625085100409,28.514704530824016],[-82.244622743413728,28.514533123871615],[-82.244465811094699,28.514227504473567],[-82.244449496762357,28.514128528957844],[-82.244453648897206,28.5140697604994],[-82.244491835998204,28.513884498126405],[-82.244486100077225,28.513685747949438],[-82.244383118232847,28.513406982704701],[-82.244353478264273,28.513380159529621],[-82.244234019327564,28.513209804979876],[-82.244207381060576,28.513156006053336],[-82.244101571225414,28.512854406281857],[-82.244082240458127,28.512823210688637],[-82.244033493633111,28.512751398126991],[-82.243996546612451,28.512701968796616],[-82.243854753908323,28.512567931150237],[-82.243575248742161,28.512403457673322],[-82.243376231392205,28.512247304426197],[-82.243313039618002,28.512198397444102],[-82.24325924469882,28.512122019622918],[-82.243153802833078,28.51195606771752],[-82.243114803974862,28.511875375393711],[-82.243099957869759,28.511843948750492],[-82.243086187274855,28.51178524756444],[-82.243086559612564,28.511762735078197],[-82.243090067446914,28.511546082758709],[-82.243123451468307,28.511460106708071],[-82.243150206576317,28.511428083172515],[-82.243335316280877,28.511178252124513],[-82.243356888364772,28.511110419956591],[-82.243370315941391,28.510992955085779],[-82.243305859861835,28.510745344802899],[-82.243248086429318,28.51067820151032],[-82.243137672711526,28.510503187127203],[-82.243099809985878,28.510431231102949],[-82.243088010379594,28.510250976238755],[-82.243148812870658,28.51005193088956],[-82.24333306349466,28.509856126837345],[-82.243422447092399,28.509828259202223],[-82.24366102015928,28.509753852492327],[-82.244138268857924,28.509717904466171],[-82.244216632230291,28.509699189692881],[-82.244460853568327,28.509552527490115],[-82.244487537458767,28.509525000224009],[-82.244717105601069,28.50937423025632],[-82.244808667100827,28.509251547878588],[-82.244826601095681,28.509210686039459],[-82.244829065070689,28.509097864392036],[-82.244807444441733,28.508971526517229],[-82.244783825681793,28.508493373171859],[-82.244778301163052,28.508281398529423],[-82.244883068642679,28.507856368912559],[-82.244968110114868,28.507661560673082],[-82.245074184885596,28.50751148816266],[-82.24510903692736,28.507493072409144],[-82.245189555709629,28.507420347530182],[-82.245200148718354,28.507397687549684],[-82.245371116824643,28.507310332864037],[-82.245410580685061,28.507282966416035],[-82.245484135276271,28.50720536951566],[-82.245513112891288,28.507114841220986],[-82.245460375440572,28.50673623542114],[-82.245338006226376,28.506430491047364],[-82.24519871605716,28.505944419793757],[-82.245157949323669,28.505498152017232],[-82.245184899267457,28.505136867240676],[-82.245169420143824,28.505105428397698],[-82.245090035187232,28.50502930671653],[-82.244958850979671,28.505030750564391],[-82.244858452468165,28.505067772647429],[-82.244544925388496,28.505187948213027],[-82.244215335664038,28.505312711497162],[-82.243989771289975,28.505414011141827],[-82.243662804411187,28.505534299037041],[-82.243503364195945,28.505621507314491],[-82.24338650341403,28.505726423585845],[-82.243329243294554,28.505785650826382],[-82.243243094219551,28.50604825908658],[-82.243155247707278,28.506770963443113],[-82.243090277704908,28.506911416804218],[-82.242906401025593,28.507084716208848],[-82.242776466705038,28.50716695397945],[-82.242436613209534,28.507332664600909],[-82.242055429433961,28.507521216997056],[-82.241847556430187,28.507635963587063],[-82.241773501643181,28.507704266111325],[-82.241741569810003,28.50774073184639],[-82.241677391996504,28.507831386011674],[-82.241595666766486,28.508057748725239],[-82.24155591913663,28.508220751347238],[-82.241548440077452,28.508247952452752],[-82.241546982114258,28.508337993353088],[-82.241589539298346,28.508712251362397],[-82.241573538795947,28.509028360425273],[-82.241513589872397,28.509213905337806],[-82.241496930929287,28.509254500090801],[-82.241436736747332,28.509336485389529],[-82.241427323045386,28.509404191002137],[-82.240399779376887,28.509995779569291],[-82.240333695547193,28.510046168180327],[-82.240187174931421,28.510165052866448],[-82.240035598565242,28.510279100704604],[-82.239956238853495,28.510320314926915],[-82.239924089189032,28.510329758838445],[-82.239819991909272,28.510357721428619],[-82.239718364734799,28.510390212085966],[-82.238990611401263,28.510604515272821],[-82.238357894486285,28.51083605784731],[-82.238045011380763,28.510915426558999],[-82.237829806771018,28.511007838552061],[-82.237695242353752,28.511099293453011],[-82.237605344474858,28.51115866828723],[-82.237555135926613,28.511177178443866],[-82.237403379487503,28.511223669231402],[-82.237276380974876,28.511242895431288],[-82.237211818130277,28.511238987275441],[-82.237050087636717,28.511190802471859],[-82.236274961578573,28.510579667849669],[-82.23595453154185,28.510374977839458],[-82.235767150600523,28.510291012728384],[-82.235673919963858,28.510201470912016],[-82.235624406110389,28.510098126686866],[-82.235622512961015,28.510057583765903],[-82.235624496800227,28.509935750416261],[-82.235694823950666,28.509623703132057],[-82.235691309813546,28.50940724983662],[-82.235689142240886,28.509343901387389],[-82.235688939166607,28.509316882664969],[-82.235672050850397,28.509253911660714],[-82.235495805357459,28.508957611929951],[-82.235358483502139,28.508864136226002],[-82.235251609240862,28.508747697903761],[-82.235055421734899,28.508654893159235],[-82.234759438196861,28.508639342036659],[-82.234622476178941,28.50868123647081],[-82.234487390140188,28.508804210030522],[-82.234441585892611,28.508827271017921],[-82.234325620588635,28.508837349953655],[-82.234256090891336,28.508824370402188],[-82.234202141466369,28.508797800736723],[-82.234144373820214,28.508730654418148],[-82.234143874138041,28.508604291929679],[-82.234193766247429,28.508486724444843],[-82.234199184107723,28.508468499359701],[-82.23420535388621,28.508364739178234],[-82.234203944982212,28.508333199945618],[-82.234187408438572,28.508287960226475],[-82.234061408648842,28.50816733451574],[-82.233810459004431,28.508097480605489],[-82.233052342792874,28.508054713787313],[-82.23302682046635,28.50805045875406],[-82.232955028937056,28.508019439009228],[-82.23288379898581,28.50799292911427],[-82.232868585637718,28.507984294422538],[-82.232560261346379,28.507783982607638],[-82.232374317911621,28.507690738643696],[-82.232089040664789,28.507607782154327],[-82.231821356266266,28.507583015621709],[-82.231568433219721,28.507634982771215],[-82.231404571131591,28.507717624839373],[-82.231282056841891,28.507854254371864],[-82.231215145789946,28.507994681042199],[-82.231085784817893,28.508316114421255],[-82.231012763391774,28.508438737169726],[-82.230970779635825,28.508502369201512],[-82.230951290065065,28.508520415045695],[-82.230766826149605,28.50868919364077],[-82.230450799020844,28.508922150141235],[-82.229910209230084,28.509193369381961],[-82.22982549865749,28.509248307901824],[-82.229799391198085,28.509280050721973],[-82.229764880375384,28.509316482822914],[-82.229446296848778,28.509666765814885],[-82.229372334414151,28.509690035058835],[-82.229074772105506,28.50969274592515],[-82.228840372176535,28.509785184197334],[-82.228666368398194,28.509822670177932],[-82.22845918214604,28.509815543571033],[-82.228204959551732,28.509750143343293],[-82.228154480869179,28.509746121503344],[-82.227940183640001,28.509743700972322],[-82.227684074124411,28.509755092961196],[-82.227132269366976,28.509850268662969],[-82.226984272117576,28.509901310152674],[-82.226719500012521,28.510011934549606],[-82.226554374590606,28.510171379148186],[-82.226531394468196,28.510207670290306],[-82.226439659537377,28.510339343467432],[-82.226359401059952,28.510434851110343],[-82.226210896734102,28.510517395462095],[-82.226140062522518,28.510545201076411],[-82.226030265544381,28.510568583174326],[-82.225907329390637,28.510574340660945],[-82.225776094344511,28.510539469057086],[-82.22571758716883,28.510517340454406],[-82.225603834017093,28.510392082778875],[-82.225457615772171,28.510334510041027],[-82.225429521407122,28.510330494266327],[-82.225362486887235,28.510322045753188],[-82.22522091509083,28.510332357906854],[-82.225151514731991,28.510350889881614],[-82.224986328623345,28.510356963771933],[-82.224696157861075,28.510260138896232],[-82.224567609708615,28.510256819583731],[-82.224477495299695,28.510289455795398],[-82.224439793921164,28.510325842188248],[-82.224296373635312,28.510566320787074],[-82.224229506262901,28.510630174981824]],[[-82.225657373466291,28.507742065184296],[-82.225823635628572,28.507750091545653],[-82.226000350964881,28.507703360109623],[-82.22615271897422,28.50758005757055],[-82.226324180364443,28.507267322323145],[-82.226485611936567,28.507098820896339],[-82.226698836865168,28.506853027745887],[-82.226726383154542,28.50681229027898],[-82.226778706086222,28.506703484130046],[-82.226885119985127,28.506377532557867],[-82.226930402614798,28.506268919470624],[-82.227050329593212,28.506173069062008],[-82.227157071989495,28.506140362744798],[-82.227235999116161,28.506126164955081],[-82.227436777662149,28.50613349457937],[-82.228017089430338,28.506367373484959],[-82.228414547387828,28.506476517667323],[-82.228596539963846,28.506497669580298],[-82.228983240160517,28.506521131216413],[-82.229322564087468,28.506585646551251],[-82.229476199654314,28.506579988461045],[-82.229566971452115,28.506506834978222],[-82.229582447480041,28.506420917665011],[-82.229614340133239,28.506231084954734],[-82.229712949870304,28.506108502686487],[-82.229871596375531,28.506070829294995],[-82.230669045876795,28.506054727437053],[-82.231055295723181,28.505987842381884],[-82.231334625216164,28.505886112613133],[-82.231567342578771,28.505739613956422],[-82.231975798986852,28.505487557625418],[-82.232384727266975,28.505285306323646],[-82.232473248787699,28.505270946519417],[-82.232622417091633,28.505265226649446],[-82.232854452447285,28.505317122343293],[-82.232977879539888,28.505320648357525],[-82.23308148402603,28.505283679164975],[-82.233129874803723,28.505219845075505],[-82.233174218642688,28.505129224405426],[-82.233177304642354,28.505057216920246],[-82.233188888574318,28.504659999294244],[-82.233188150341647,28.504587669007119],[-82.233088841700564,28.504439514506217],[-82.23290189545682,28.504369059084365],[-82.232825964472042,28.504356281949807],[-82.23279012582438,28.50435667089188],[-82.232174417791541,28.504371137522],[-82.232005289650616,28.504345647063101],[-82.231795577774932,28.504297980854538],[-82.231687599617899,28.504249336942124],[-82.231502960916046,28.504115582040541],[-82.231440403473314,28.503989848495888],[-82.231448584242059,28.503840797736753],[-82.231504869853055,28.503763553558876],[-82.231563534389792,28.503735873258943],[-82.232084425492772,28.503690662212684],[-82.232223000809938,28.503666797450173],[-82.232268660639363,28.503652747423384],[-82.232577927934827,28.503519306743989],[-82.232725520711341,28.503531298107124],[-82.23276297136745,28.503549227760423],[-82.23284001873968,28.503611543002034],[-82.232964448348739,28.50370964093781],[-82.233086207074408,28.50377618180287],[-82.233234147961412,28.503806465378492],[-82.233364676701697,28.50380529746511],[-82.23353860120406,28.503772311058349],[-82.233725830783996,28.503707415169117],[-82.233857697023737,28.503624933624859],[-82.234020851727493,28.503505976485268],[-82.234122506638485,28.503392442654938],[-82.23421713056878,28.50327852924347],[-82.234244143307649,28.503151955013205],[-82.234240437647628,28.503025831656064],[-82.234200410607357,28.502890810539554],[-82.234098926114299,28.502679589747288],[-82.233971164430315,28.502549934324001],[-82.233849726349476,28.5024245802339],[-82.233758418611615,28.502335064336044],[-82.233648104224741,28.502272888906383],[-82.233574100214781,28.502260139547438],[-82.233462051619739,28.502265757892111],[-82.233300333155839,28.502334927386389],[-82.233081388374018,28.502422503542995],[-82.232838779929594,28.502469812756928],[-82.232609557287915,28.502480998262264],[-82.232399558338514,28.502451331749167],[-82.232255461472661,28.502421086701681],[-82.232203062639343,28.502417047972212],[-82.232026998041292,28.502346449998576],[-82.231865691800962,28.502194414675028],[-82.231822940643355,28.502108887839096],[-82.231794147283111,28.501834144776133],[-82.231747432443413,28.501717045077427],[-82.231499225806374,28.501480055767871],[-82.231469128855935,28.501403693194508],[-82.231427878060302,28.501304678023516],[-82.231297284525724,28.50115247509731],[-82.231085809810338,28.501095770083694],[-82.230753491155468,28.501112399224048],[-82.230633278580868,28.501108912635129],[-82.230571991362368,28.501100539922447],[-82.230491617629681,28.501081222442611]]]},"properties":{"OBJECTID_1":345,"OBJECTID":429425,"QUADNUMBER":0,"ELEVATION":100,"ORGCONT":0,"DEPRESSION":0,"HILLTOP":0,"INTERVAL":0,"UNIT":" ","DATESTAMP":1078790400000,"ShapeSTLen":31306.663096566539,"Shape_Length":27097.052093596085}},{"type":"Feature","id":346,"geometry":{"type":"LineString","coordinates":[[-82.243025975917249,28.520716700211405],[-82.242955505633816,28.520721999411457],[-82.242921999468308,28.520735934737477],[-82.242856069760364,28.520777044491624],[-82.242754257360602,28.520899872750647],[-82.242743650247164,28.520922535235808],[-82.24273010402284,28.521008192309658],[-82.242728664122012,28.521057990080699],[-82.242720086576867,28.52115271950985],[-82.242754113398846,28.521224628224196],[-82.242789863269792,28.521269538291495],[-82.242884404557216,28.521358810988747],[-82.242928902062147,28.521376534765892],[-82.243026804751324,28.521416308443005],[-82.243058092441842,28.521420361766918],[-82.243189216997536,28.521423694102047],[-82.24328436865629,28.521395899254134],[-82.243307203633336,28.521368604732789],[-82.243320879385521,28.521314183971153],[-82.24316997654357,28.521189314661584],[-82.243102903681574,28.521063520991227],[-82.243104859153348,28.520824345516292],[-82.243100329094759,28.520788265998608],[-82.243049581552739,28.520721212137502],[-82.243025975917249,28.520716700211405]]},"properties":{"OBJECTID_1":346,"OBJECTID":430698,"QUADNUMBER":0,"ELEVATION":90,"ORGCONT":0,"DEPRESSION":0,"HILLTOP":0,"INTERVAL":0,"UNIT":" ","DATESTAMP":1078790400000,"ShapeSTLen":723.19115239377197,"Shape_Length":723.19115239211567}}]}