{"type":"FeatureCollection","features":[{"type":"Feature","id":1,"geometry":{"type":"Polygon","coordinates":[[[-82.248834841790142,28.534183245693548],[-82.248844322358835,28.535318782421783],[-82.248826578582197,28.537155902466768],[-82.249329833366417,28.537089270723722],[-82.250383292766031,28.536887065413705],[-82.250987865481093,28.536733978510537],[-82.250969550506369,28.535564123131998],[-82.250969328970641,28.535552778316585],[-82.250971283570237,28.535391878787678],[-82.250961273694159,28.534535504635237],[-82.250960358144695,28.534149081025721],[-82.248834841790142,28.534183245693548]]]},"properties":{"OBJECTID":1,"GIS_LANDUSE_ALLFLU_AREA":0,"PERIMETER":4107.66015625,"ALLFLU_":161,"ALLFLU_ID":319,"FLU":"mine","ACREAGE":21.5,"LABEL":"Mining","Id":null,"PARCEL_KEY":null,"OWNER_NAME":null,"MAIL_ADDR1":null,"MAIL_ADDR2":null,"MAIL_ADDR3":null,"MAIL_ADDR4":null,"EXIST_FLU":null,"EXIST_LBL":null,"EXIST_FLU_":null,"EXIST_LBL_":null,"Amend_Date":null,"Change_Type":null,"Feat_Type":null,"ZONING":null,"SITUS_ADDRESS":null,"SPLIT_ZONE1":null,"SPLIT_ZONE2":null,"Shape_Length":3414.8252114455508,"Shape_Area":698817.93014167063}},{"type":"Feature","id":2,"geometry":{"type":"Polygon","coordinates":[[[-82.234499178033161,28.531042400525894],[-82.23465063130989,28.531314424722616],[-82.234760190269284,28.531302202582907],[-82.23484944553104,28.531350523404036],[-82.234918356814887,28.53144116615243],[-82.235075885885166,28.531380385672854],[-82.235302925136466,28.5317674496448],[-82.234967354603853,28.531943709850893],[-82.234131297363547,28.532187529104668],[-82.233789124069759,28.532460404203633],[-82.233580117790098,28.532569746832436],[-82.233369002510926,28.53260552061564],[-82.232555153950472,28.532595915040329],[-82.23254276480175,28.533159072595154],[-82.232124423541947,28.53314156704511],[-82.23215893422956,28.533256679410552],[-82.233594691406623,28.533264531596526],[-82.233736774138862,28.533259130238765],[-82.233833696666338,28.533253118897029],[-82.23392845678012,28.533237484949222],[-82.234023021456522,28.533221507477091],[-82.234118550992392,28.533201746530615],[-82.234188382222953,28.533179967058107],[-82.234254511287133,28.533156474959601],[-82.2343194678635,28.533130922081426],[-82.234445668892135,28.533073634328634],[-82.234507500330693,28.533043273624184],[-82.234567573802352,28.533010165567205],[-82.234626280886388,28.532975340868724],[-82.23468342693252,28.532938799866827],[-82.234739011939624,28.532900542563443],[-82.234834226741739,28.532826805835199],[-82.234900288842098,28.532597724093243],[-82.234982546668334,28.532474503176903],[-82.235112360929335,28.532379391095038],[-82.235530484041703,28.532299937623584],[-82.235949456512031,28.532602093906924],[-82.235936769773829,28.533110932599492],[-82.235710937065377,28.53326843902337],[-82.235725951131784,28.533892400897631],[-82.235700359600045,28.534375821045913],[-82.235692872733949,28.534685249498168],[-82.235670123346353,28.536096223294116],[-82.235777447242384,28.536760190930224],[-82.235784237995119,28.536762097516302],[-82.236587803414736,28.536937572893297],[-82.236599447110535,28.535852232151431],[-82.236611033688092,28.531105090658222],[-82.23648081587541,28.531105317428793],[-82.236103950050449,28.531178857592035],[-82.235809142313599,28.531215468200742],[-82.235658359981556,28.531246327648827],[-82.235466398788205,28.531228439413155],[-82.235329119344343,28.531204267867512],[-82.235075388480865,28.531156232109723],[-82.234807798389468,28.531090342488131],[-82.234499178033161,28.531042400525894]]]},"properties":{"OBJECTID":2,"GIS_LANDUSE_ALLFLU_AREA":0,"PERIMETER":8766.6669921899993,"ALLFLU_":162,"ALLFLU_ID":141,"FLU":"rec","ACREAGE":22.699999999999999,"LABEL":"Recreational","Id":null,"PARCEL_KEY":null,"OWNER_NAME":null,"MAIL_ADDR1":null,"MAIL_ADDR2":null,"MAIL_ADDR3":null,"MAIL_ADDR4":null,"EXIST_FLU":null,"EXIST_LBL":null,"EXIST_FLU_":null,"EXIST_LBL_":null,"Amend_Date":null,"Change_Type":null,"Feat_Type":null,"ZONING":null,"SITUS_ADDRESS":null,"SPLIT_ZONE1":null,"SPLIT_ZONE2":null,"Shape_Length":7812.8808724755499,"Shape_Area":904703.80029049481}},{"type":"Feature","id":3,"geometry":{"type":"MultiPolygon","coordinates":[[[[-82.228483756129734,28.532721090386115],[-82.228550953639896,28.532741261244702],[-82.228614647500422,28.532761437967061],[-82.228649156702986,28.532787508309273],[-82.228548991372932,28.532994497166843],[-82.229235896768415,28.533576835523498],[-82.229262396333397,28.533596530135153],[-82.229285953990356,28.533552754133034],[-82.229374072001207,28.533435715019763],[-82.230301970265472,28.533793410705428],[-82.230400149637461,28.533827967497849],[-82.230508061603572,28.533862507701784],[-82.230591437925341,28.53389262014116],[-82.230704429657294,28.533935746440317],[-82.230827125552594,28.533965791941306],[-82.230910483308691,28.533987309339047],[-82.23100863456456,28.534008801525214],[-82.231097034562694,28.534021715355941],[-82.231219693143345,28.53403457081254],[-82.231322682247765,28.534042990323819],[-82.231420796080968,28.53404729252329],[-82.231558238430964,28.534055653148187],[-82.231798632352707,28.534055243096422],[-82.23386371290438,28.534064767270319],[-82.234574621747754,28.533907458410017],[-82.234805177580682,28.533859616318921],[-82.23482994363485,28.533967868926506],[-82.234796363789897,28.534361916034257],[-82.234763363162799,28.534929578561631],[-82.233909792883651,28.534922456398736],[-82.233713926791083,28.535078532696517],[-82.23367049602561,28.535421027190733],[-82.233113687321975,28.535376603088594],[-82.232997663332881,28.535371989049555],[-82.232910437464,28.535362512400052],[-82.232795214779742,28.535368210662401],[-82.232729426481086,28.535370386178798],[-82.232663445791715,28.535373593377784],[-82.232551926023547,28.535381347860216],[-82.232490196001294,28.53537010830874],[-82.23237109303831,28.535381657367779],[-82.232252582301186,28.535396987054277],[-82.232142647415927,28.5354145407725],[-82.232777733856068,28.535723460560853],[-82.233753396516875,28.536127160316592],[-82.234082512760963,28.536240858519665],[-82.234788760749666,28.536288555951383],[-82.23482015181267,28.536491588188394],[-82.235777447242384,28.536760190930224],[-82.235670123346353,28.536096223294116],[-82.235692872733949,28.534685249498168],[-82.235700359600045,28.534375821045913],[-82.235725951131784,28.533892400897631],[-82.235710937065377,28.53326843902337],[-82.235936769773829,28.533110932599492],[-82.235949456512031,28.532602093906924],[-82.235530484041703,28.532299937623584],[-82.235112360929335,28.532379391095038],[-82.234982546668334,28.532474503176903],[-82.234900288842098,28.532597724093243],[-82.234834226741739,28.532826805835199],[-82.234739011939624,28.532900542563443],[-82.23468342693252,28.532938799866827],[-82.234626280886388,28.532975340868724],[-82.234567573802352,28.533010165567205],[-82.234507500330693,28.533043273624184],[-82.234445668892135,28.533073634328634],[-82.2343194678635,28.533130922081426],[-82.234254511287133,28.533156474959601],[-82.234188382222953,28.533179967058107],[-82.234118550992392,28.533201746530615],[-82.234023021456522,28.533221507477091],[-82.23392845678012,28.533237484949222],[-82.233833696666338,28.533253118897029],[-82.233736774138862,28.533259130238765],[-82.233594691406623,28.533264531596526],[-82.23215893422956,28.533256679410552],[-82.232124423541947,28.53314156704511],[-82.23254276480175,28.533159072595154],[-82.232555153950472,28.532595915040329],[-82.233369002510926,28.53260552061564],[-82.233580117790098,28.532569746832436],[-82.233789124069759,28.532460404203633],[-82.234131297363547,28.532187529104668],[-82.234967354603853,28.531943709850893],[-82.235302925136466,28.5317674496448],[-82.235075885885166,28.531380385672854],[-82.234918356814887,28.53144116615243],[-82.23484944553104,28.531350523404036],[-82.234760190269284,28.531302202582907],[-82.23465063130989,28.531314424722616],[-82.234499178033161,28.531042400525894],[-82.234807798389468,28.531090342488131],[-82.235075388480865,28.531156232109723],[-82.235329119344343,28.531204267867512],[-82.235466398788205,28.531228439413155],[-82.235658359981556,28.531246327648827],[-82.235809142313599,28.531215468200742],[-82.236103950050449,28.531178857592035],[-82.23648081587541,28.531105317428793],[-82.236611033688092,28.531105090658222],[-82.236611107010518,28.531050770901921],[-82.236623866121676,28.527612796618079],[-82.236622405794478,28.526958900483731],[-82.236614984618726,28.526860587946341],[-82.236509553314079,28.525493497373343],[-82.233696875846064,28.525496302307836],[-82.233614390630592,28.525487798412609],[-82.233779897385205,28.525507228300174],[-82.233784730868493,28.526475617400664],[-82.233633948724929,28.52647623985548],[-82.23362355050169,28.526476286617317],[-82.2329608576227,28.52647927705446],[-82.232941273470416,28.525476126589385],[-82.232471855621895,28.525469900767053],[-82.232466626863328,28.52542657911037],[-82.232312170545455,28.52542535813491],[-82.232313758034451,28.524948465717699],[-82.230083827162034,28.524948536774598],[-82.230084430390363,28.52522634865176],[-82.230255112535986,28.525226742929675],[-82.230254711516537,28.525409076237221],[-82.230254583096311,28.525467494184142],[-82.229846125896614,28.52546654116216],[-82.229846261179986,28.525441332472582],[-82.22694270613971,28.525446214058984],[-82.226942606233209,28.525399566672892],[-82.226780394408237,28.525399199475366],[-82.226546842764066,28.525398670535004],[-82.226344426768065,28.52539821033599],[-82.226142016999958,28.525397749824979],[-82.225908459125876,28.525397219797444],[-82.225695679115532,28.525396737361014],[-82.225482892876386,28.525396254601603],[-82.22527011286509,28.525395771498587],[-82.225036554977194,28.52539523447124],[-82.224803003340412,28.525394708033467],[-82.224229207961301,28.525393401042312],[-82.224227414026799,28.526068799990913],[-82.224301873367821,28.526369166734849],[-82.224599957933236,28.527280488627571],[-82.224965176940131,28.528172711425334],[-82.225395966611998,28.529042014178426],[-82.225890486009732,28.529884672586569],[-82.226131987267351,28.530237465432354],[-82.226181165613539,28.530220052144212],[-82.226315725578317,28.530157257273114],[-82.226450242760848,28.53007452221253],[-82.226667784996778,28.529950736858243],[-82.22807188960607,28.529200287977947],[-82.228075777266866,28.529197874883174],[-82.228323864929209,28.529069566245923],[-82.228308700852011,28.529168260992773],[-82.228293451553157,28.529227419417893],[-82.228271378648159,28.529281432378216],[-82.228238437598321,28.529350246794799],[-82.228188161477789,28.529413589599702],[-82.228145843432856,28.529466605160426],[-82.228060964468696,28.529550289954347],[-82.227973221951515,28.529660107943847],[-82.227807546379466,28.529825407641798],[-82.227409421436477,28.530242410849233],[-82.227243859813186,28.530370923567254],[-82.2266364072741,28.530937242393218],[-82.226779710767786,28.531118577988536],[-82.227896507384671,28.530191400398628],[-82.22842391636658,28.529613626019497],[-82.228506439725052,28.529430588119602],[-82.228568151979971,28.529164730513525],[-82.22859829075496,28.52878959909086],[-82.228629235280195,28.528697753655315],[-82.228774398229376,28.528679288101383],[-82.229033525000716,28.528706355069389],[-82.229334328521986,28.528834083218428],[-82.229521385840101,28.529016666393197],[-82.229221809633088,28.529456542655058],[-82.229149762698412,28.529713135502664],[-82.229140199126192,28.530061072456753],[-82.229275664834944,28.530417703348682],[-82.229493812634288,28.530664523734956],[-82.230334942993395,28.531322155420792],[-82.230511535948338,28.531523319824515],[-82.230688368400138,28.53183415423976],[-82.230854946266717,28.532172853241907],[-82.231083552363259,28.532392149596003],[-82.231311979234817,28.532528935032417],[-82.231622992441714,28.532601633381425],[-82.231624173420926,28.53314173346007],[-82.231976723147639,28.533159352933275],[-82.231995824745525,28.533260052264151],[-82.23139649897243,28.533261074623589],[-82.231002328963299,28.533170296084091],[-82.230390262940787,28.532951650599312],[-82.230399822597462,28.53260371372739],[-82.230181529721719,28.532292949241139],[-82.22987036327936,28.532238468982662],[-82.229450020442144,28.53228352928177],[-82.22932308437457,28.532541590013025],[-82.228791048995689,28.532694100891604],[-82.228516152268085,28.532579736081132],[-82.22827411718427,28.532268664652285],[-82.228014666634621,28.532095140082212],[-82.227500103708678,28.531959294809536],[-82.22767134374152,28.532148283643323],[-82.22767395356675,28.532148999863487],[-82.227804057203414,28.532185567806508],[-82.227917037115333,28.532224570925052],[-82.228010171923756,28.532267732806002],[-82.228083809458298,28.53229580037663],[-82.228150106688688,28.532350008669486],[-82.228219193497026,28.532434122421265],[-82.228287905936995,28.532525112668761],[-82.228347057011106,28.532605117509569],[-82.228410865653487,28.532678582383273],[-82.228483756129734,28.532721090386115]]],[[[-82.230435699041792,28.534421297439636],[-82.230421089909754,28.534423764544812],[-82.230531975828256,28.534495788463801],[-82.230435699041792,28.534421297439636]]]]},"properties":{"OBJECTID":3,"GIS_LANDUSE_ALLFLU_AREA":0,"PERIMETER":65172.3203125,"ALLFLU_":163,"ALLFLU_ID":282,"FLU":"res","ACREAGE":485.19999999999999,"LABEL":"Residential","Id":null,"PARCEL_KEY":null,"OWNER_NAME":null,"MAIL_ADDR1":null,"MAIL_ADDR2":null,"MAIL_ADDR3":null,"MAIL_ADDR4":null,"EXIST_FLU":null,"EXIST_LBL":null,"EXIST_FLU_":null,"EXIST_LBL_":null,"Amend_Date":null,"Change_Type":null,"Feat_Type":null,"ZONING":null,"SITUS_ADDRESS":null,"SPLIT_ZONE1":null,"SPLIT_ZONE2":null,"Shape_Length":27220.204701540126,"Shape_Area":9171041.5771864485}},{"type":"Feature","id":4,"geometry":{"type":"Polygon","coordinates":[[[-82.234082512760963,28.536240858519665],[-82.234756997229923,28.536473866789326],[-82.23482015181267,28.536491588188394],[-82.234788760749666,28.536288555951383],[-82.234082512760963,28.536240858519665]]]},"properties":{"OBJECTID":4,"GIS_LANDUSE_ALLFLU_AREA":0,"PERIMETER":3426.4519043,"ALLFLU_":165,"ALLFLU_ID":142,"FLU":"rec","ACREAGE":8.1999999999999993,"LABEL":"Recreational","Id":null,"PARCEL_KEY":null,"OWNER_NAME":null,"MAIL_ADDR1":null,"MAIL_ADDR2":null,"MAIL_ADDR3":null,"MAIL_ADDR4":null,"EXIST_FLU":null,"EXIST_LBL":null,"EXIST_FLU_":null,"EXIST_LBL_":null,"Amend_Date":null,"Change_Type":null,"Feat_Type":null,"ZONING":null,"SITUS_ADDRESS":null,"SPLIT_ZONE1":null,"SPLIT_ZONE2":null,"Shape_Length":555.75143698871511,"Shape_Area":8443.7066201111484}},{"type":"Feature","id":5,"geometry":{"type":"Polygon","coordinates":[[[-82.22767134374152,28.532148283643323],[-82.227733932267768,28.53221735856091],[-82.228459608285164,28.532918721072331],[-82.228548991372932,28.532994497166843],[-82.228649156702986,28.532787508309273],[-82.228614647500422,28.532761437967061],[-82.228550953639896,28.532741261244702],[-82.228483756129734,28.532721090386115],[-82.228410865653487,28.532678582383273],[-82.228347057011106,28.532605117509569],[-82.228287905936995,28.532525112668761],[-82.228219193497026,28.532434122421265],[-82.228150106688688,28.532350008669486],[-82.228083809458298,28.53229580037663],[-82.228010171923756,28.532267732806002],[-82.227917037115333,28.532224570925052],[-82.227804057203414,28.532185567806508],[-82.22767395356675,28.532148999863487],[-82.22767134374152,28.532148283643323]]]},"properties":{"OBJECTID":5,"GIS_LANDUSE_ALLFLU_AREA":0,"PERIMETER":7022.8261718800004,"ALLFLU_":166,"ALLFLU_ID":143,"FLU":"rec","ACREAGE":26.899999999999999,"LABEL":"Recreational","Id":null,"PARCEL_KEY":null,"OWNER_NAME":null,"MAIL_ADDR1":null,"MAIL_ADDR2":null,"MAIL_ADDR3":null,"MAIL_ADDR4":null,"EXIST_FLU":null,"EXIST_LBL":null,"EXIST_FLU_":null,"EXIST_LBL_":null,"Amend_Date":null,"Change_Type":null,"Feat_Type":null,"ZONING":null,"SITUS_ADDRESS":null,"SPLIT_ZONE1":null,"SPLIT_ZONE2":null,"Shape_Length":904.52248705143199,"Shape_Area":20880.33268522405}},{"type":"Feature","id":6,"geometry":{"type":"Polygon","coordinates":[[[-82.229374072001207,28.533435715019763],[-82.229285953990356,28.533552754133034],[-82.229262396333397,28.533596530135153],[-82.230059473152025,28.534188883445299],[-82.230421089909754,28.534423764544812],[-82.230435699041792,28.534421297439636],[-82.230531975828256,28.534495788463801],[-82.230926809012644,28.534752242021025],[-82.231834192352679,28.535264499196167],[-82.232142647415927,28.5354145407725],[-82.232252582301186,28.535396987054277],[-82.23237109303831,28.535381657367779],[-82.232490196001294,28.53537010830874],[-82.232551926023547,28.535381347860216],[-82.232663445791715,28.535373593377784],[-82.232729426481086,28.535370386178798],[-82.232795214779742,28.535368210662401],[-82.232910437464,28.535362512400052],[-82.232997663332881,28.535371989049555],[-82.233113687321975,28.535376603088594],[-82.23367049602561,28.535421027190733],[-82.233713926791083,28.535078532696517],[-82.233909792883651,28.534922456398736],[-82.234763363162799,28.534929578561631],[-82.234796363789897,28.534361916034257],[-82.23482994363485,28.533967868926506],[-82.234805177580682,28.533859616318921],[-82.234574621747754,28.533907458410017],[-82.23386371290438,28.534064767270319],[-82.231798632352707,28.534055243096422],[-82.231558238430964,28.534055653148187],[-82.231420796080968,28.53404729252329],[-82.231322682247765,28.534042990323819],[-82.231219693143345,28.53403457081254],[-82.231097034562694,28.534021715355941],[-82.23100863456456,28.534008801525214],[-82.230910483308691,28.533987309339047],[-82.230827125552594,28.533965791941306],[-82.230704429657294,28.533935746440317],[-82.230591437925341,28.53389262014116],[-82.230508061603572,28.533862507701784],[-82.230400149637461,28.533827967497849],[-82.230301970265472,28.533793410705428],[-82.229374072001207,28.533435715019763]]]},"properties":{"OBJECTID":6,"GIS_LANDUSE_ALLFLU_AREA":0,"PERIMETER":6619.7080078099998,"ALLFLU_":169,"ALLFLU_ID":146,"FLU":"rec","ACREAGE":21.5,"LABEL":"Recreational","Id":null,"PARCEL_KEY":null,"OWNER_NAME":null,"MAIL_ADDR1":null,"MAIL_ADDR2":null,"MAIL_ADDR3":null,"MAIL_ADDR4":null,"EXIST_FLU":null,"EXIST_LBL":null,"EXIST_FLU_":null,"EXIST_LBL_":null,"Amend_Date":null,"Change_Type":null,"Feat_Type":null,"ZONING":null,"SITUS_ADDRESS":null,"SPLIT_ZONE1":null,"SPLIT_ZONE2":null,"Shape_Length":4372.0521356685394,"Shape_Area":606091.96284787694}},{"type":"Feature","id":7,"geometry":{"type":"Polygon","coordinates":[[[-82.231995824745525,28.533260052264151],[-82.231976723147639,28.533159352933275],[-82.231624173420926,28.53314173346007],[-82.231622992441714,28.532601633381425],[-82.231311979234817,28.532528935032417],[-82.231083552363259,28.532392149596003],[-82.230854946266717,28.532172853241907],[-82.230688368400138,28.53183415423976],[-82.230511535948338,28.531523319824515],[-82.230334942993395,28.531322155420792],[-82.229493812634288,28.530664523734956],[-82.229275664834944,28.530417703348682],[-82.229140199126192,28.530061072456753],[-82.229149762698412,28.529713135502664],[-82.229221809633088,28.529456542655058],[-82.229521385840101,28.529016666393197],[-82.229334328521986,28.528834083218428],[-82.229033525000716,28.528706355069389],[-82.228774398229376,28.528679288101383],[-82.228629235280195,28.528697753655315],[-82.22859829075496,28.52878959909086],[-82.228568151979971,28.529164730513525],[-82.228506439725052,28.529430588119602],[-82.22842391636658,28.529613626019497],[-82.227896507384671,28.530191400398628],[-82.226779710767786,28.531118577988536],[-82.227061975386619,28.531475752490248],[-82.227500103708678,28.531959294809536],[-82.228014666634621,28.532095140082212],[-82.22827411718427,28.532268664652285],[-82.228516152268085,28.532579736081132],[-82.228791048995689,28.532694100891604],[-82.22932308437457,28.532541590013025],[-82.229450020442144,28.53228352928177],[-82.22987036327936,28.532238468982662],[-82.230181529721719,28.532292949241139],[-82.230399822597462,28.53260371372739],[-82.230390262940787,28.532951650599312],[-82.231002328963299,28.533170296084091],[-82.23139649897243,28.533261074623589],[-82.231995824745525,28.533260052264151]]]},"properties":{"OBJECTID":7,"GIS_LANDUSE_ALLFLU_AREA":0,"PERIMETER":5747.1059570300004,"ALLFLU_":181,"ALLFLU_ID":155,"FLU":"rec","ACREAGE":22.899999999999999,"LABEL":"Recreational","Id":null,"PARCEL_KEY":null,"OWNER_NAME":null,"MAIL_ADDR1":null,"MAIL_ADDR2":null,"MAIL_ADDR3":null,"MAIL_ADDR4":null,"EXIST_FLU":null,"EXIST_LBL":null,"EXIST_FLU_":null,"EXIST_LBL_":null,"Amend_Date":null,"Change_Type":null,"Feat_Type":null,"ZONING":null,"SITUS_ADDRESS":null,"SPLIT_ZONE1":null,"SPLIT_ZONE2":null,"Shape_Length":5662.3052860370572,"Shape_Area":978900.93064162647}},{"type":"Feature","id":8,"geometry":{"type":"Polygon","coordinates":[[[-82.22807188960607,28.529200287977947],[-82.226667784996778,28.529950736858243],[-82.226450242760848,28.53007452221253],[-82.226315725578317,28.530157257273114],[-82.226181165613539,28.530220052144212],[-82.226131987267351,28.530237465432354],[-82.226446615487902,28.530697078267092],[-82.2266364072741,28.530937242393218],[-82.227243859813186,28.530370923567254],[-82.227409421436477,28.530242410849233],[-82.227807546379466,28.529825407641798],[-82.227973221951515,28.529660107943847],[-82.228060964468696,28.529550289954347],[-82.228145843432856,28.529466605160426],[-82.228188161477789,28.529413589599702],[-82.228238437598321,28.529350246794799],[-82.228271378648159,28.529281432378216],[-82.228293451553157,28.529227419417893],[-82.228308700852011,28.529168260992773],[-82.228323864929209,28.529069566245923],[-82.228075777266866,28.529197874883174],[-82.22807188960607,28.529200287977947]]]},"properties":{"OBJECTID":8,"GIS_LANDUSE_ALLFLU_AREA":0,"PERIMETER":3217.29296875,"ALLFLU_":186,"ALLFLU_ID":157,"FLU":"rec","ACREAGE":6.7000000000000002,"LABEL":"Recreational","Id":null,"PARCEL_KEY":null,"OWNER_NAME":null,"MAIL_ADDR1":null,"MAIL_ADDR2":null,"MAIL_ADDR3":null,"MAIL_ADDR4":null,"EXIST_FLU":null,"EXIST_LBL":null,"EXIST_FLU_":null,"EXIST_LBL_":null,"Amend_Date":null,"Change_Type":null,"Feat_Type":null,"ZONING":null,"SITUS_ADDRESS":null,"SPLIT_ZONE1":null,"SPLIT_ZONE2":null,"Shape_Length":2004.9351953669338,"Shape_Area":149956.39446024864}},{"type":"Feature","id":9,"geometry":{"type":"Polygon","coordinates":[[[-82.233779838842125,28.525496220071023],[-82.236509553314079,28.525493497373343],[-82.236614984618726,28.526860587946341],[-82.240089510821022,28.526876494434504],[-82.241228757747933,28.526888915563411],[-82.241187269615025,28.523198689836864],[-82.238884902544243,28.523168034434118],[-82.236113473850409,28.523224448709975],[-82.233657177439625,28.52320462980726],[-82.233660851083044,28.523416730216372],[-82.233785008435575,28.523417069440534],[-82.233785303891864,28.523476181137525],[-82.233787468567897,28.523908280261178],[-82.233771885225849,28.523908169559185],[-82.233772575391825,28.524045978116167],[-82.233776279336354,28.524784797882589],[-82.233776338887694,28.524796969515069],[-82.233777028142526,28.524934355874692],[-82.233777479866703,28.524934433482695],[-82.233778411005659,28.524934436005893],[-82.233780065629787,28.525264483674203],[-82.233778682950472,28.525264488803987],[-82.233779838842125,28.525496220071023]]]},"properties":{"OBJECTID":9,"GIS_LANDUSE_ALLFLU_AREA":0,"PERIMETER":7476.4980468800004,"ALLFLU_":189,"ALLFLU_ID":321,"FLU":"com","ACREAGE":63.5,"LABEL":"Commercial","Id":null,"PARCEL_KEY":null,"OWNER_NAME":null,"MAIL_ADDR1":null,"MAIL_ADDR2":null,"MAIL_ADDR3":null,"MAIL_ADDR4":null,"EXIST_FLU":null,"EXIST_LBL":null,"EXIST_FLU_":null,"EXIST_LBL_":null,"Amend_Date":null,"Change_Type":null,"Feat_Type":null,"ZONING":null,"SITUS_ADDRESS":null,"SPLIT_ZONE1":null,"SPLIT_ZONE2":null,"Shape_Length":7495.3965814429503,"Shape_Area":2742033.3483870775}},{"type":"Feature","id":10,"geometry":{"type":"Polygon","coordinates":[[[-82.25749997404742,28.523458293064557],[-82.257494667769208,28.521274448234212],[-82.253316115137139,28.521239329079901],[-82.253293974783062,28.523213443147576],[-82.24892891242169,28.523188163278377],[-82.24884697530284,28.523189344773918],[-82.248877442449725,28.525471402084726],[-82.250800147035392,28.525510496639676],[-82.250752574171671,28.52572270609538],[-82.257156661216044,28.525710734230376],[-82.257154288615041,28.52454958443095],[-82.257020122007987,28.52454896921639],[-82.257005995136637,28.523457102430466],[-82.25749997404742,28.523458293064557]]]},"properties":{"OBJECTID":10,"GIS_LANDUSE_ALLFLU_AREA":0,"PERIMETER":8794.9619140600007,"ALLFLU_":191,"ALLFLU_ID":322,"FLU":"com","ACREAGE":78.900000000000006,"LABEL":"Commercial","Id":null,"PARCEL_KEY":null,"OWNER_NAME":null,"MAIL_ADDR1":null,"MAIL_ADDR2":null,"MAIL_ADDR3":null,"MAIL_ADDR4":null,"EXIST_FLU":null,"EXIST_LBL":null,"EXIST_FLU_":null,"EXIST_LBL_":null,"Amend_Date":null,"Change_Type":null,"Feat_Type":null,"ZONING":null,"SITUS_ADDRESS":null,"SPLIT_ZONE1":null,"SPLIT_ZONE2":null,"Shape_Length":8885.1466239615329,"Shape_Area":3329251.3377005225}},{"type":"Feature","id":11,"geometry":{"type":"Polygon","coordinates":[[[-82.226942606233209,28.525399566672892],[-82.22694270613971,28.525446214058984],[-82.229846261179986,28.525441332472582],[-82.229846849342039,28.525225789577195],[-82.230084430390363,28.52522634865176],[-82.230079994256897,28.523183231453018],[-82.22899453713535,28.523185065409795],[-82.226937871015593,28.523188516509268],[-82.22693831891597,28.523397668651725],[-82.227789541359172,28.523399662765407],[-82.227787604439598,28.524266025428091],[-82.228522526409918,28.524267761566168],[-82.228523762712541,28.524104580355285],[-82.228523762297357,28.524104387830455],[-82.228523707205184,28.524096891804366],[-82.22852356492055,28.524089397300092],[-82.228523332329331,28.524081904322902],[-82.228523010991637,28.524074414245348],[-82.228522600910381,28.524066928442604],[-82.228522102082607,28.52405944553951],[-82.228521514511357,28.524051966911237],[-82.228520836645515,28.524044495310751],[-82.228520071599178,28.524037030732796],[-82.228519217815332,28.524029573180005],[-82.228518276854004,28.524022124024945],[-82.22851724560114,28.524014683272849],[-82.228516127176746,28.524007253668827],[-82.228514920020828,28.5239998338403],[-82.228513625696451,28.523992426535017],[-82.228512242643561,28.523985030380416],[-82.228510860557549,28.523978082533617],[-82.228509402199577,28.52397114581656],[-82.228507760699074,28.523963761098074],[-82.228506030482009,28.523956393030968],[-82.228504214662493,28.523949041610013],[-82.228502308569404,28.523941706843036],[-82.228500316876847,28.523934390097377],[-82.228498238030795,28.52392709275081],[-82.22849607203122,28.523919814803371],[-82.228493820438203,28.523912557627572],[-82.228491481694675,28.523905321226017],[-82.228489055803635,28.523898106973917],[-82.228486545882163,28.523890916241218],[-82.228483948816191,28.523883749033086],[-82.228481267722785,28.523876606719522],[-82.228478501044904,28.523869489303095],[-82.228475650342602,28.523862398156393],[-82.228472707121966,28.523855004625101],[-82.228470665499103,28.52384980436852],[-82.228468667450329,28.523844593037186],[-82.228466706759292,28.523839376142245],[-82.228464770945791,28.523834142703269],[-82.228462878718233,28.523828903690227],[-82.228461011391929,28.523823659134539],[-82.228459187627848,28.523818398003378],[-82.228457388765023,28.523813131329561],[-82.228455627248024,28.523807853591503],[-82.228453903088706,28.523802570289817],[-82.228452210046996,28.523797275934342],[-82.228450554362979,28.5237919760153],[-82.228448929796556,28.523786665042422],[-82.228447342575919,28.523781343005279],[-82.228445786496607,28.523776020915736],[-82.228444261522981,28.523770682271707],[-82.228442780147134,28.523765343554306],[-82.228441329888838,28.523759993783113],[-82.22843991075996,28.523754638458836],[-82.228438528976895,28.523749272070258],[-82.228437178323219,28.523743900128601],[-82.2284358712554,28.523738522612913],[-82.228434589088749,28.523733139554619],[-82.22843335050797,28.523727750922266],[-82.22843214305658,28.523722356736844],[-82.228430966722712,28.523716951497608],[-82.228429827758276,28.523711546195525],[-82.228428726139626,28.523706129829186],[-82.228427655662202,28.523700713410474],[-82.228426622530492,28.523695285927481],[-82.228425626768242,28.523689858381641],[-82.228424662135339,28.52368442528272],[-82.228423734848164,28.523678981119556],[-82.228422844930392,28.523673536893526],[-82.228421986153847,28.523668092615132],[-82.228421164722988,28.523662637272476],[-82.228420380661547,28.523657181866977],[-82.228419627729437,28.523651720908418],[-82.228418912154837,28.523646254386279],[-82.228418233949654,28.52364078780132],[-82.228417586873789,28.52363531566327],[-82.228416977167299,28.523629843462405],[-82.228416404818319,28.523624365697959],[-82.228415863610508,28.523618887881174],[-82.228415359760191,28.523613404500857],[-82.228414893279222,28.523607921057657],[-82.22841446415579,28.523602432050932],[-82.228414066173457,28.523596942991869],[-82.228413705548618,28.523591448369221],[-82.228413376076759,28.523585959194939],[-82.2284130901906,28.523580464446642],[-82.228412835433687,28.523574964145276],[-82.228412611829739,28.52356946929223],[-82.228412431811464,28.523563968865197],[-82.228412282946124,28.523558473886496],[-82.228412171438265,28.523552973344255],[-82.228412091071448,28.523547472749641],[-82.228412054290303,28.523541966581046],[-82.228412048673945,28.523536471361471],[-82.228412347939383,28.523400806359572],[-82.228765313599212,28.52340058650994],[-82.228763152104122,28.524373440895957],[-82.228762968990992,28.524455952138524],[-82.228762312340834,28.524751147104773],[-82.228602038658664,28.525403308227446],[-82.228601925319921,28.525440991156501],[-82.228600320124869,28.525438900830594],[-82.228352909175953,28.525442173191596],[-82.228352997049285,28.525402747949549],[-82.228407089129718,28.525182638882296],[-82.228381241420266,28.525182579199626],[-82.228037821946401,28.525181807047179],[-82.228037330497628,28.525402035033999],[-82.227885887540182,28.525401695085197],[-82.227652329670548,28.525401168055939],[-82.227449919905311,28.52540070949372],[-82.227247503923124,28.525400256141065],[-82.227013952280132,28.525399728003791],[-82.226942606233209,28.525399566672892]]]},"properties":{"OBJECTID":11,"GIS_LANDUSE_ALLFLU_AREA":0,"PERIMETER":3659.75,"ALLFLU_":192,"ALLFLU_ID":292,"FLU":"com","ACREAGE":19,"LABEL":"Commercial","Id":null,"PARCEL_KEY":null,"OWNER_NAME":null,"MAIL_ADDR1":null,"MAIL_ADDR2":null,"MAIL_ADDR3":null,"MAIL_ADDR4":null,"EXIST_FLU":null,"EXIST_LBL":null,"EXIST_FLU_":null,"EXIST_LBL_":null,"Amend_Date":null,"Change_Type":null,"Feat_Type":null,"ZONING":null,"SITUS_ADDRESS":null,"SPLIT_ZONE1":null,"SPLIT_ZONE2":null,"Shape_Length":5663.1056009577233,"Shape_Area":478717.71864620113}},{"type":"Feature","id":12,"geometry":{"type":"MultiPolygon","coordinates":[[[[-82.257460680355678,28.500627509724595],[-82.257459902783935,28.504315413760228],[-82.253410103787587,28.50429724023811],[-82.2534043035688,28.508222027738469],[-82.253279296590279,28.512102685551387],[-82.253280530172006,28.512537584978851],[-82.261642409813078,28.512532743506696],[-82.261651000239056,28.516013313711355],[-82.269659627194386,28.516047562644275],[-82.269659657782242,28.516041837702602],[-82.269655813781725,28.515309251679291],[-82.269657854942864,28.515038730122761],[-82.269636445874667,28.514197799382465],[-82.269545843847979,28.513252868760581],[-82.269385183099743,28.512315174158019],[-82.269155151331063,28.511388730866681],[-82.268856734937415,28.510477505356562],[-82.268491215812844,28.509585397412156],[-82.268060157276253,28.508716229168336],[-82.267565407091666,28.507873720362685],[-82.267009086518527,28.507061478743829],[-82.266393577789103,28.50628298223311],[-82.265721517820865,28.505541562450674],[-82.264995784164114,28.504840393757917],[-82.264219485614461,28.504182478166289],[-82.263395943497187,28.503570633014565],[-82.262528686960962,28.5030074758686],[-82.261621429619794,28.502495419083402],[-82.260678053953555,28.502036651972617],[-82.259702598874412,28.501633142223529],[-82.25940412452762,28.501523055163915],[-82.259394610768169,28.501519643608681],[-82.259387452617133,28.501513159519376],[-82.259382099611216,28.501508312580796],[-82.258605858627163,28.500850366969605],[-82.258310867398109,28.500631178773229],[-82.257460680355678,28.500627509724595]]],[[[-82.248780216723475,28.531976182841692],[-82.248779240192832,28.53205766402175],[-82.248827703791378,28.532967600282603],[-82.248828853794308,28.53345716202746],[-82.248834841790142,28.534183245693548],[-82.250960358144695,28.534149081025721],[-82.250961273694159,28.534535504635237],[-82.250971283570237,28.535391878787678],[-82.250969328970641,28.535552778316585],[-82.250969550506369,28.535564123131998],[-82.254181435680849,28.535579355338573],[-82.254380256711812,28.535489051922742],[-82.255303868130966,28.534999738334626],[-82.256189104407454,28.53445833995778],[-82.257032175548588,28.533867177756527],[-82.257829468309254,28.533228781442396],[-82.258577572666709,28.53254588665634],[-82.259115041027442,28.531986201448326],[-82.248780216723475,28.531976182841692]]]]},"properties":{"OBJECTID":12,"GIS_LANDUSE_ALLFLU_AREA":0,"PERIMETER":690563.875,"ALLFLU_":345,"ALLFLU_ID":332,"FLU":"rur","ACREAGE":55712.699999999997,"LABEL":"Rural","Id":null,"PARCEL_KEY":null,"OWNER_NAME":null,"MAIL_ADDR1":null,"MAIL_ADDR2":null,"MAIL_ADDR3":null,"MAIL_ADDR4":null,"EXIST_FLU":null,"EXIST_LBL":null,"EXIST_FLU_":null,"EXIST_LBL_":null,"Amend_Date":null,"Change_Type":null,"Feat_Type":null,"ZONING":null,"SITUS_ADDRESS":null,"SPLIT_ZONE1":null,"SPLIT_ZONE2":null,"Shape_Length":27975.748956168714,"Shape_Area":21650103.759601403}},{"type":"Feature","id":13,"geometry":{"type":"MultiPolygon","coordinates":[[[[-82.236614984618726,28.526860587946341],[-82.236622405794478,28.526958900483731],[-82.236623866121676,28.527612796618079],[-82.236611107010518,28.531050770901921],[-82.236611033688092,28.531105090658222],[-82.236599447110535,28.535852232151431],[-82.236587803414736,28.536937572893297],[-82.236830718399091,28.536990616486086],[-82.237891957474162,28.537158445112293],[-82.238963407755733,28.537264864967529],[-82.240040478682118,28.53730941912379],[-82.240227269082993,28.537310832580456],[-82.241950962798256,28.537315270211987],[-82.241951574802357,28.537315270496858],[-82.242466084297789,28.537316591705814],[-82.242466134129913,28.53731659161684],[-82.242590687685166,28.537316911013964],[-82.24259074218908,28.537316910916608],[-82.243182275801985,28.537318425976512],[-82.243182531194847,28.537318426894387],[-82.243635838305693,28.537314120125192],[-82.243705596996548,28.537312612911119],[-82.24377534472454,28.537314462492382],[-82.244037177160521,28.537319572740397],[-82.244234477596592,28.537321004430233],[-82.24487005152227,28.537322267911136],[-82.244870115372876,28.537322269171192],[-82.244894938219787,28.537322317925316],[-82.246256139112035,28.537328769132472],[-82.246256151471158,28.537326717343465],[-82.247189123246812,28.537309969756748],[-82.248263586547381,28.537230440197078],[-82.248826578582197,28.537155902466768],[-82.248844322358835,28.535318782421783],[-82.248834841790142,28.534183245693548],[-82.248828853794308,28.53345716202746],[-82.248827703791378,28.532967600282603],[-82.248779240192832,28.53205766402175],[-82.248780216723475,28.531976182841692],[-82.248824463370781,28.528107376658628],[-82.248814752896365,28.527453496137781],[-82.248813542695743,28.526938149433605],[-82.242102706672725,28.526898706055917],[-82.241228757747933,28.526888915563411],[-82.240089510821022,28.526876494434504],[-82.236614984618726,28.526860587946341]]],[[[-82.250969550506369,28.535564123131998],[-82.250987865481093,28.536733978510537],[-82.251419455267452,28.536624692401634],[-82.252433882205395,28.53630327285325],[-82.253422227569985,28.535924183666108],[-82.254181435680849,28.535579355338573],[-82.250969550506369,28.535564123131998]]]]},"properties":{"OBJECTID":13,"GIS_LANDUSE_ALLFLU_AREA":0,"PERIMETER":277220.8125,"ALLFLU_":346,"ALLFLU_ID":318,"FLU":"con","ACREAGE":19963,"LABEL":"Conservation","Id":null,"PARCEL_KEY":null,"OWNER_NAME":null,"MAIL_ADDR1":null,"MAIL_ADDR2":null,"MAIL_ADDR3":null,"MAIL_ADDR4":null,"EXIST_FLU":null,"EXIST_LBL":null,"EXIST_FLU_":null,"EXIST_LBL_":null,"Amend_Date":null,"Change_Type":null,"Feat_Type":null,"ZONING":null,"SITUS_ADDRESS":null,"SPLIT_ZONE1":null,"SPLIT_ZONE2":null,"Shape_Length":17807.737838969548,"Shape_Area":15020023.248771835}},{"type":"Feature","id":14,"geometry":{"type":"Polygon","coordinates":[[[-82.241228757747933,28.526888915563411],[-82.242102706672725,28.526898706055917],[-82.248813542695743,28.526938149433605],[-82.248814752896365,28.527453496137781],[-82.248824463370781,28.528107376658628],[-82.248780216723475,28.531976182841692],[-82.259115041027442,28.531986201448326],[-82.259273281783777,28.531821418449148],[-82.259913616895261,28.531058480215023],[-82.260495839721358,28.53026033852349],[-82.261017453988785,28.529430413473431],[-82.261438124092962,28.528643532643692],[-82.262144196997767,28.528269396464399],[-82.263029343554606,28.527727956312642],[-82.263872326041593,28.527136753038988],[-82.264669528496555,28.526498317917856],[-82.265417542847629,28.525815386758925],[-82.266113162650555,28.525090884774468],[-82.266753411086839,28.524327915505886],[-82.26733554714707,28.523529745667048],[-82.267857076493883,28.522699795480023],[-82.268315768520452,28.521841617997843],[-82.268709660978899,28.520958890829448],[-82.269037066119694,28.520055391360756],[-82.269296586221571,28.519134992586746],[-82.269487110370989,28.518201634228848],[-82.269607823740216,28.517259311707143],[-82.26965821218883,28.516312063748572],[-82.269659627194386,28.516047562644275],[-82.261651000239056,28.516013313711355],[-82.261642409813078,28.512532743506696],[-82.253280530172006,28.512537584978851],[-82.253323665111878,28.520570976750939],[-82.253316115137139,28.521239329079901],[-82.257494667769208,28.521274448234212],[-82.257497310127007,28.52236196398994],[-82.257521833602951,28.522362004143652],[-82.257631592889268,28.522362181098423],[-82.257693301503863,28.522362185080198],[-82.257843749074141,28.522362246175327],[-82.257849005616507,28.522362236198862],[-82.257944735082447,28.522362687060149],[-82.258082557008279,28.522362909379858],[-82.258156329845662,28.522363027751052],[-82.258181937032603,28.522363072602239],[-82.25831631326767,28.522363310859198],[-82.25838684280555,28.522363435271853],[-82.258641754679857,28.522363883965422],[-82.258705767978569,28.522363997239708],[-82.258857139370249,28.522364263105722],[-82.259094450386996,28.522364679851076],[-82.25917308136556,28.522364870915904],[-82.259245086854264,28.522364945311203],[-82.25940663793051,28.522365112754269],[-82.25956253593931,28.522365502583664],[-82.259710648785173,28.522365907116779],[-82.25979609333703,28.522366084795753],[-82.260022643264506,28.522366344474197],[-82.260029842982675,28.522366330694215],[-82.260263400378108,28.522366912102907],[-82.260336581754729,28.522367118434765],[-82.260497149992915,28.522367146195922],[-82.26065285493975,28.522367540645003],[-82.260964463265623,28.522367976580302],[-82.26112016819738,28.522368364993099],[-82.261190437447766,28.522368383936762],[-82.261320843218613,28.522368618603988],[-82.261431771891651,28.52236881774278],[-82.261587475000056,28.522369098359331],[-82.261633247500228,28.522369180741276],[-82.261633310721393,28.522469839727858],[-82.262673222423558,28.522467841342909],[-82.262673513190904,28.522920597014213],[-82.261633594806653,28.522919165734077],[-82.260961724238172,28.522917366565455],[-82.260649148092824,28.522916591443359],[-82.260336565717878,28.522915815614009],[-82.260023796496625,28.522915039423005],[-82.259711220360472,28.522914267643497],[-82.259554922929397,28.522913873250861],[-82.259398637967777,28.522913484155328],[-82.259086055587147,28.522912705448583],[-82.258773479433302,28.522911926010735],[-82.258460903278106,28.522911145853687],[-82.258148320893369,28.522910364989279],[-82.257523162057254,28.52290868145074],[-82.257498638391311,28.522908615169758],[-82.25749997404742,28.523458293064557],[-82.258915341512377,28.523461040451814],[-82.259202823483108,28.523461520890901],[-82.259788718333851,28.523463271773437],[-82.259788758817123,28.523463271696023],[-82.260606508775652,28.523465711385693],[-82.260801240300225,28.523466297572746],[-82.260801545485137,28.523466298362077],[-82.261300878326409,28.523467800440944],[-82.261300945279501,28.523467800312179],[-82.261620587392244,28.523468568571008],[-82.261620889463046,28.523468569364496],[-82.261940527610193,28.523468993083007],[-82.261944633969364,28.524578409241155],[-82.261626880771658,28.524579702268383],[-82.26130657710128,28.524581004958936],[-82.261306856739637,28.524635681592461],[-82.261312678770054,28.52577225411747],[-82.259668203211888,28.525774032259672],[-82.2592197625669,28.525774542155776],[-82.259219762149726,28.52577437163422],[-82.259219434920581,28.525719535570499],[-82.257505446015315,28.525710073539631],[-82.250752574171671,28.52572270609538],[-82.250800147035392,28.525510496639676],[-82.248880924260249,28.525471472716056],[-82.248881982104564,28.525542654267639],[-82.246870323007741,28.525539121658763],[-82.24686225083461,28.526926490310494],[-82.241228757747933,28.526888915563411]]]},"properties":{"OBJECTID":14,"GIS_LANDUSE_ALLFLU_AREA":0,"PERIMETER":77286.6328125,"ALLFLU_":349,"ALLFLU_ID":320,"FLU":"res","ACREAGE":2482.4000000000001,"LABEL":"Residential","Id":null,"PARCEL_KEY":null,"OWNER_NAME":null,"MAIL_ADDR1":null,"MAIL_ADDR2":null,"MAIL_ADDR3":null,"MAIL_ADDR4":null,"EXIST_FLU":null,"EXIST_LBL":null,"EXIST_FLU_":null,"EXIST_LBL_":null,"Amend_Date":null,"Change_Type":null,"Feat_Type":null,"ZONING":null,"SITUS_ADDRESS":null,"SPLIT_ZONE1":null,"SPLIT_ZONE2":null,"Shape_Length":39262.394518758927,"Shape_Area":26805458.290470473}},{"type":"Feature","id":15,"geometry":{"type":"Polygon","coordinates":[[[-82.24884697530284,28.523189344773918],[-82.24892891242169,28.523188163278377],[-82.253293974783062,28.523213443147576],[-82.253316115137139,28.521239329079901],[-82.253323665111878,28.520570976750939],[-82.253280530172006,28.512537584978851],[-82.253279296590279,28.512102685551387],[-82.2534043035688,28.508222027738469],[-82.253410103787587,28.50429724023811],[-82.257459902783935,28.504315413760228],[-82.257460680355678,28.500627509724595],[-82.258310867398109,28.500631178773229],[-82.257782374644847,28.500238488499701],[-82.256915175011144,28.499675296263884],[-82.256007971540214,28.499163202776263],[-82.255064648035372,28.498704398885629],[-82.254089243172459,28.498300849698122],[-82.253085934921728,28.497954280869532],[-82.252059015666703,28.497666178665206],[-82.25101288129791,28.497437773490109],[-82.249952011019005,28.497270044061832],[-82.248880945569539,28.497163709207999],[-82.247804268569979,28.497119222405694],[-82.247683804615747,28.497118103896558],[-82.245062279560116,28.497102173793994],[-82.24212184486214,28.497084247690324],[-82.242120621302732,28.497084240243378],[-82.241969349837547,28.497083326934948],[-82.241013358778631,28.497101966199249],[-82.239939288275608,28.497181440591518],[-82.238873421549542,28.497322537602546],[-82.237820324278161,28.497524656735781],[-82.236784502483289,28.497786928198405],[-82.235770390163367,28.498108234918487],[-82.234782327500369,28.498487197446572],[-82.233824545369814,28.498922194598876],[-82.232901145134335,28.49941136485473],[-82.23201607844797,28.499952614627805],[-82.231173134836453,28.500543625147877],[-82.230375924623544,28.501181868975635],[-82.229627860262212,28.501864611392545],[-82.228932145486027,28.502588931029464],[-82.228291759755052,28.503351726751298],[-82.22770944582777,28.504149732787752],[-82.227187697324482,28.50497953248912],[-82.22702761960791,28.50526261665344],[-82.225027063960596,28.508899220702101],[-82.224728174329016,28.509474174286773],[-82.224333965915335,28.510356777379783],[-82.224006217581405,28.51126017114235],[-82.223746331662227,28.512180486711912],[-82.223555425580727,28.513113782721657],[-82.223434316283999,28.514056064570578],[-82.223383526455891,28.515003295408786],[-82.223403272074734,28.515951420907431],[-82.223493473297424,28.516896381615929],[-82.223653743552475,28.517834128107836],[-82.223730833623137,28.518179124191725],[-82.223733700559933,28.518191179832407],[-82.223732290892031,28.51820343504091],[-82.223701071637151,28.518506530181583],[-82.223650280792597,28.519453761875475],[-82.223648580813219,28.519646470510956],[-82.223648207147761,28.519943836666929],[-82.223647833583698,28.520232394760377],[-82.22364783393482,28.520232561156988],[-82.223647171490839,28.520750193616824],[-82.223647171696896,28.520750291254483],[-82.223646563089005,28.521222597549876],[-82.223646562942349,28.521223265889137],[-82.223646392263575,28.521360784483541],[-82.223667841172229,28.522115911689443],[-82.223758050396683,28.523060872697602],[-82.223769623489545,28.523139547094321],[-82.224151228871165,28.523141573488427],[-82.226281185836115,28.523189611873612],[-82.226937871015593,28.523188516509268],[-82.22899453713535,28.523185065409795],[-82.230079994256897,28.523183231453018],[-82.230920021609833,28.523181806214374],[-82.233487650061278,28.523203202293463],[-82.233657177439625,28.52320462980726],[-82.236113473850409,28.523224448709975],[-82.238884902544243,28.523168034434118],[-82.241187269615025,28.523198689836864],[-82.242298650342207,28.523213558205011],[-82.24884697530284,28.523189344773918]]]},"properties":{"OBJECTID":15,"GIS_LANDUSE_ALLFLU_AREA":0,"PERIMETER":130523.1015625,"ALLFLU_":351,"ALLFLU_ID":293,"FLU":"pdev","ACREAGE":7853.1999999999998,"LABEL":"Planned Development","Id":null,"PARCEL_KEY":null,"OWNER_NAME":null,"MAIL_ADDR1":null,"MAIL_ADDR2":null,"MAIL_ADDR3":null,"MAIL_ADDR4":null,"EXIST_FLU":null,"EXIST_LBL":null,"EXIST_FLU_":null,"EXIST_LBL_":null,"Amend_Date":null,"Change_Type":null,"Feat_Type":null,"ZONING":null,"SITUS_ADDRESS":null,"SPLIT_ZONE1":null,"SPLIT_ZONE2":null,"Shape_Length":37522.34609118323,"Shape_Area":84459127.082558379}},{"type":"Feature","id":16,"geometry":{"type":"Polygon","coordinates":[[[-82.241188113562629,28.523198700715216],[-82.241187269615025,28.523198689836864],[-82.241228757747933,28.526888915563411],[-82.241188113562629,28.523198700715216]]]},"properties":{"OBJECTID":16,"GIS_LANDUSE_ALLFLU_AREA":0,"PERIMETER":77286.6328125,"ALLFLU_":349,"ALLFLU_ID":320,"FLU":"res","ACREAGE":2482.4000000000001,"LABEL":"Residential","Id":null,"PARCEL_KEY":null,"OWNER_NAME":null,"MAIL_ADDR1":null,"MAIL_ADDR2":null,"MAIL_ADDR3":null,"MAIL_ADDR4":null,"EXIST_FLU":null,"EXIST_LBL":null,"EXIST_FLU_":null,"EXIST_LBL_":null,"Amend_Date":null,"Change_Type":null,"Feat_Type":null,"ZONING":null,"SITUS_ADDRESS":null,"SPLIT_ZONE1":null,"SPLIT_ZONE2":null,"Shape_Length":2683.8485544728101,"Shape_Area":181.78321730159223}},{"type":"Feature","id":17,"geometry":{"type":"Polygon","coordinates":[[[-82.230079994256897,28.523183231453018],[-82.233657177439625,28.52320462980726],[-82.233487650061278,28.523203202293463],[-82.230920021609833,28.523181806214374],[-82.230079994256897,28.523183231453018]]]},"properties":{"OBJECTID":17,"GIS_LANDUSE_ALLFLU_AREA":0,"PERIMETER":65172.3203125,"ALLFLU_":163,"ALLFLU_ID":282,"FLU":"res","ACREAGE":485.19999999999999,"LABEL":"Residential","Id":null,"PARCEL_KEY":null,"OWNER_NAME":null,"MAIL_ADDR1":null,"MAIL_ADDR2":null,"MAIL_ADDR3":null,"MAIL_ADDR4":null,"EXIST_FLU":null,"EXIST_LBL":null,"EXIST_FLU_":null,"EXIST_LBL_":null,"Amend_Date":null,"Change_Type":null,"Feat_Type":null,"ZONING":null,"SITUS_ADDRESS":null,"SPLIT_ZONE1":null,"SPLIT_ZONE2":null,"Shape_Length":2297.4754124521151,"Shape_Area":1351.23046875}},{"type":"Feature","id":18,"geometry":{"type":"Polygon","coordinates":[[[-82.24686225083461,28.526926490310494],[-82.246864837059903,28.523197009544941],[-82.241188076169749,28.523195269702981],[-82.241218834030306,28.526895635817887],[-82.24686225083461,28.526926490310494]]]},"properties":{"OBJECTID":18,"GIS_LANDUSE_ALLFLU_AREA":null,"PERIMETER":null,"ALLFLU_":0,"ALLFLU_ID":0,"FLU":"com","ACREAGE":null,"LABEL":"Commerical","Id":0,"PARCEL_KEY":372974,"OWNER_NAME":"HR HERNANDO LLP","MAIL_ADDR1":"1101 E FLETCHER AVE","MAIL_ADDR2":"TAMPA FL 33612-3666","MAIL_ADDR3":" ","MAIL_ADDR4":" ","EXIST_FLU":"res","EXIST_LBL":"Residential","EXIST_FLU_":" ","EXIST_LBL_":" ","Amend_Date":1592265600000,"Change_Type":"CPAM 2006","Feat_Type":"FR","ZONING":"PDP(GC)","SITUS_ADDRESS":"CORTEZ BLVD","SPLIT_ZONE1":null,"SPLIT_ZONE2":null,"Shape_Length":6336.5564080074573,"Shape_Area":2454930.4549415666}},{"type":"Feature","id":19,"geometry":{"type":"Polygon","coordinates":[[[-82.246870323007741,28.525539121658763],[-82.248881982104564,28.525542654267639],[-82.248837624993172,28.523196549973715],[-82.246844327830004,28.523194451843572],[-82.246870323007741,28.525539121658763]]]},"properties":{"OBJECTID":19,"GIS_LANDUSE_ALLFLU_AREA":null,"PERIMETER":null,"ALLFLU_":0,"ALLFLU_ID":0,"FLU":"com","ACREAGE":null,"LABEL":"Commercial","Id":0,"PARCEL_KEY":1038647,"OWNER_NAME":"MILITELLO PAUL R TTEE, MILITELLO JANET L","MAIL_ADDR1":"5544 MALACHITE TER","MAIL_ADDR2":"THE VILLAGES FL 32163-0160","MAIL_ADDR3":" ","MAIL_ADDR4":" ","EXIST_FLU":"res","EXIST_LBL":"Residential","EXIST_FLU_":" ","EXIST_LBL_":" ","Amend_Date":1592265600000,"Change_Type":"CPAM 2006","Feat_Type":"FR","ZONING":null,"SITUS_ADDRESS":"CORTEZ BLVD","SPLIT_ZONE1":"C1","SPLIT_ZONE2":"AG","Shape_Length":2991.7344077896532,"Shape_Area":548336.21889952337}},{"type":"Feature","id":20,"geometry":{"type":"Polygon","coordinates":[[[-82.257338353712512,28.524550429543623],[-82.257656591647915,28.524551889113535],[-82.257974857582965,28.524553335508088],[-82.258293042613445,28.524554806064042],[-82.258611274328345,28.524556263409195],[-82.258929506045817,28.524557720008833],[-82.258915341512377,28.523461040451814],[-82.258597114766303,28.523460271384614],[-82.258278895078078,28.523459842603351],[-82.257960674582833,28.523459083034822],[-82.257642442418629,28.523458647285686],[-82.257324215664298,28.523457875236698],[-82.257338353712512,28.524550429543623]]]},"properties":{"OBJECTID":20,"GIS_LANDUSE_ALLFLU_AREA":null,"PERIMETER":null,"ALLFLU_":0,"ALLFLU_ID":0,"FLU":"com","ACREAGE":null,"LABEL":"Commerical","Id":0,"PARCEL_KEY":18518,"OWNER_NAME":"MORGAN ROGER J, MORGAN RUTH ANN","MAIL_ADDR1":"29231 CORTEZ BLVD","MAIL_ADDR2":"BROOKSVILLE FL 34602-7414","MAIL_ADDR3":" ","MAIL_ADDR4":" ","EXIST_FLU":"res","EXIST_LBL":"Residential","EXIST_FLU_":" ","EXIST_LBL_":" ","Amend_Date":1592265600000,"Change_Type":"CPAM 2006","Feat_Type":"FR","ZONING":"R1B","SITUS_ADDRESS":"29231 CORTEZ BLVD","SPLIT_ZONE1":null,"SPLIT_ZONE2":null,"Shape_Length":1817.9289761710659,"Shape_Area":203341.58628483818}},{"type":"Feature","id":21,"geometry":{"type":"Polygon","coordinates":[[[-82.257020122007987,28.52454896921639],[-82.257338353712512,28.524550429543623],[-82.257324215664298,28.523457875236698],[-82.257005995136637,28.523457102430466],[-82.257020122007987,28.52454896921639]]]},"properties":{"OBJECTID":21,"GIS_LANDUSE_ALLFLU_AREA":null,"PERIMETER":null,"ALLFLU_":0,"ALLFLU_ID":0,"FLU":"com","ACREAGE":null,"LABEL":"Commercial","Id":0,"PARCEL_KEY":990128,"OWNER_NAME":"MAGRILL BENJAMIN, ANGLIN DALE","MAIL_ADDR1":"PO BOX 677","MAIL_ADDR2":"PAHOKEE FL 33476-0677","MAIL_ADDR3":" ","MAIL_ADDR4":" ","EXIST_FLU":"com","EXIST_LBL":"Commercial","EXIST_FLU_":" ","EXIST_LBL_":" ","Amend_Date":1592265600000,"Change_Type":"CPAM 2006","Feat_Type":"FR","ZONING":"R1B","SITUS_ADDRESS":"CORTEZ BLVD","SPLIT_ZONE1":null,"SPLIT_ZONE2":null,"Shape_Length":998.66220571318013,"Shape_Area":40578.707999598235}},{"type":"Feature","id":22,"geometry":{"type":"Polygon","coordinates":[[[-82.259796450957154,28.524576097115119],[-82.259798555759204,28.524880157860441],[-82.260608110720256,28.524879375986892],[-82.260605580249674,28.524578553256017],[-82.260597726955041,28.523644886762963],[-82.260800817555662,28.523560880556925],[-82.260801240300225,28.523466297572746],[-82.260606508775652,28.523465711385693],[-82.259788747917781,28.523463271716857],[-82.259796450957154,28.524576097115119]]]},"properties":{"OBJECTID":22,"GIS_LANDUSE_ALLFLU_AREA":null,"PERIMETER":null,"ALLFLU_":0,"ALLFLU_ID":0,"FLU":"com","ACREAGE":null,"LABEL":"Commercial","Id":0,"PARCEL_KEY":1717903,"OWNER_NAME":"STORAGE GROUP EAST LLC (THE)","MAIL_ADDR1":"518-7 OLD POST RD #133","MAIL_ADDR2":"EDISON NJ 08817","MAIL_ADDR3":" ","MAIL_ADDR4":" ","EXIST_FLU":"res","EXIST_LBL":"Residential","EXIST_FLU_":" ","EXIST_LBL_":" ","Amend_Date":1592265600000,"Change_Type":"CPAM 2006","Feat_Type":"FR","ZONING":null,"SITUS_ADDRESS":"29127 CORTEZ BLVD","SPLIT_ZONE1":"C2","SPLIT_ZONE2":"C2","Shape_Length":1655.5320120322317,"Shape_Area":136863.56549677259}},{"type":"Feature","id":23,"geometry":{"type":"Polygon","coordinates":[[[-82.259219434920581,28.525719535570499],[-82.259211408346758,28.524559252062303],[-82.257154288615041,28.52454958443095],[-82.257156682413196,28.525721393213441],[-82.259219434920581,28.525719535570499]]]},"properties":{"OBJECTID":23,"GIS_LANDUSE_ALLFLU_AREA":null,"PERIMETER":null,"ALLFLU_":0,"ALLFLU_ID":0,"FLU":"com","ACREAGE":null,"LABEL":"Commercial","Id":0,"PARCEL_KEY":705990,"OWNER_NAME":"MORGAN ROGER J, MORGAN RUTH ANN","MAIL_ADDR1":"29231 CORTEZ BLVD","MAIL_ADDR2":"BROOKSVILLE FL 34602-7414","MAIL_ADDR3":" ","MAIL_ADDR4":" ","EXIST_FLU":"res","EXIST_LBL":"Residential","EXIST_FLU_":" ","EXIST_LBL_":" ","Amend_Date":1592265600000,"Change_Type":"CPAM 2006","Feat_Type":"FR","ZONING":"AG","SITUS_ADDRESS":"SADDLE OAKS LN","SPLIT_ZONE1":null,"SPLIT_ZONE2":null,"Shape_Length":2170.8931839993184,"Shape_Area":280438.11815333267}},{"type":"Feature","id":24,"geometry":{"type":"Polygon","coordinates":[[[-82.258929506045817,28.524557720008833],[-82.259211408346758,28.524559252062303],[-82.259211697016681,28.524614243604418],[-82.259214398704373,28.525131163275773],[-82.259910632879681,28.525131661994525],[-82.259907544404086,28.524881224179833],[-82.259908413492525,28.524880052238565],[-82.259798555759204,28.524880157860441],[-82.259796376258763,28.524565317218286],[-82.259788769716465,28.523463271675176],[-82.259202823483108,28.523461520890901],[-82.258915341512377,28.523461040451814],[-82.258929506045817,28.524557720008833]]]},"properties":{"OBJECTID":24,"GIS_LANDUSE_ALLFLU_AREA":null,"PERIMETER":null,"ALLFLU_":0,"ALLFLU_ID":0,"FLU":"com","ACREAGE":null,"LABEL":"Commercial","Id":0,"PARCEL_KEY":371948,"OWNER_NAME":"MITRISIN MICHAEL A CO-TTEE, MITRISIN","MAIL_ADDR1":"29181 CORTEZ BLVD","MAIL_ADDR2":"BROOKSVILLE FL 34602-6409","MAIL_ADDR3":" ","MAIL_ADDR4":" ","EXIST_FLU":"res","EXIST_LBL":"Residential","EXIST_FLU_":" ","EXIST_LBL_":" ","Amend_Date":1592265600000,"Change_Type":"CPAM 2006","Feat_Type":"FR","ZONING":null,"SITUS_ADDRESS":"29181 CORTEZ BLVD","SPLIT_ZONE1":"AG","SPLIT_ZONE2":"C2","Shape_Length":1843.3052871152618,"Shape_Area":153765.24114755372}},{"type":"Feature","id":25,"geometry":{"type":"Polygon","coordinates":[[[-82.259219434920581,28.525719535570499],[-82.259219762149726,28.52577437163422],[-82.2592197625669,28.525774542155776],[-82.259668203211888,28.525774032259672],[-82.261312678770054,28.52577225411747],[-82.261306856739637,28.524635681592461],[-82.26130657710128,28.524581004958936],[-82.261626880771658,28.524579702268383],[-82.261944633969364,28.524578409241155],[-82.261940527610193,28.523468993083007],[-82.261620586889762,28.523468365045261],[-82.261620587392244,28.523468568571008],[-82.261300945279501,28.523467800312179],[-82.261300876769369,28.523467800443939],[-82.260801545485137,28.523466298362077],[-82.260800817555662,28.523560880556925],[-82.260597726955041,28.523644886762963],[-82.260605583363798,28.524578553250041],[-82.260608110720256,28.524879375986892],[-82.259908413492525,28.524880052238565],[-82.259907544404086,28.524881224179833],[-82.259910632879681,28.525131661994525],[-82.259214398704373,28.525131163275773],[-82.259219434920581,28.525719535570499]]]},"properties":{"OBJECTID":25,"GIS_LANDUSE_ALLFLU_AREA":null,"PERIMETER":null,"ALLFLU_":0,"ALLFLU_ID":0,"FLU":"com","ACREAGE":null,"LABEL":"Commercial","Id":0,"PARCEL_KEY":372224,"OWNER_NAME":"INGUI FRANCINE","MAIL_ADDR1":"27327 SILVER THATCH DR","MAIL_ADDR2":"WESLEY CHAPEL FL 33544-7321","MAIL_ADDR3":" ","MAIL_ADDR4":" ","EXIST_FLU":"res","EXIST_LBL":"Residential","EXIST_FLU_":" ","EXIST_LBL_":" ","Amend_Date":1592265600000,"Change_Type":"CPAM 2006","Feat_Type":"FR","ZONING":"","SITUS_ADDRESS":"29119 CORTEZ BLVD","SPLIT_ZONE1":"C2","SPLIT_ZONE2":"AG","Shape_Length":3408.3067853408629,"Shape_Area":393562.2806526394}},{"type":"Feature","id":26,"geometry":{"type":"Polygon","coordinates":[[[-82.258148320893369,28.522910364989279],[-82.258156329845662,28.522363027751052],[-82.257473635243883,28.522361926349113],[-82.25747372234774,28.522908548252786],[-82.258148320893369,28.522910364989279]]]},"properties":{"OBJECTID":26,"GIS_LANDUSE_ALLFLU_AREA":null,"PERIMETER":null,"ALLFLU_":0,"ALLFLU_ID":0,"FLU":"com","ACREAGE":null,"LABEL":"Commercial","Id":0,"PARCEL_KEY":1083632,"OWNER_NAME":"SALYER LUZIA E, ROGERS YOKO M","MAIL_ADDR1":"10700 FILLY LN","MAIL_ADDR2":"HUDSON FL 34667-5803","MAIL_ADDR3":" ","MAIL_ADDR4":" ","EXIST_FLU":"res","EXIST_LBL":"Residential","EXIST_FLU_":" ","EXIST_LBL_":" ","Amend_Date":1592265600000,"Change_Type":"CPAM 2006","Feat_Type":"FR","ZONING":"PDP(MH)","SITUS_ADDRESS":"CORTEZ BLVD","SPLIT_ZONE1":null,"SPLIT_ZONE2":null,"Shape_Length":833.62666993213168,"Shape_Area":43341.389197302815}},{"type":"Feature","id":27,"geometry":{"type":"Polygon","coordinates":[[[-82.258148320893369,28.522910364989279],[-82.259554922929397,28.522913873250861],[-82.25956253593931,28.522365502583664],[-82.258156329845662,28.522363027751052],[-82.258148320893369,28.522910364989279]]]},"properties":{"OBJECTID":27,"GIS_LANDUSE_ALLFLU_AREA":null,"PERIMETER":null,"ALLFLU_":0,"ALLFLU_ID":0,"FLU":"com","ACREAGE":null,"LABEL":"Commercial","Id":0,"PARCEL_KEY":38337,"OWNER_NAME":"SUNSHINE ACREAGE INC","MAIL_ADDR1":"16146 74TH AVE N","MAIL_ADDR2":"WEST PALM BEACH FL 33418-7410","MAIL_ADDR3":" ","MAIL_ADDR4":" ","EXIST_FLU":"res","EXIST_LBL":"Residential","EXIST_FLU_":" ","EXIST_LBL_":" ","Amend_Date":1592265600000,"Change_Type":"CPAM 2006","Feat_Type":"FR","ZONING":"PDP(MH)","SITUS_ADDRESS":"CORTEZ BLVD","SPLIT_ZONE1":null,"SPLIT_ZONE2":null,"Shape_Length":1301.676846400929,"Shape_Area":89964.139468420239}},{"type":"Feature","id":28,"geometry":{"type":"Polygon","coordinates":[[[-82.259554922929397,28.522913873250861],[-82.259711220360472,28.522914267643497],[-82.259710648785173,28.522365907116779],[-82.25956253593931,28.522365502583664],[-82.259554922929397,28.522913873250861]]]},"properties":{"OBJECTID":28,"GIS_LANDUSE_ALLFLU_AREA":null,"PERIMETER":null,"ALLFLU_":0,"ALLFLU_ID":0,"FLU":"com","ACREAGE":null,"LABEL":"Commercial","Id":0,"PARCEL_KEY":38328,"OWNER_NAME":"HUFFMAN PHYLLIS A TTEE","MAIL_ADDR1":"8366 WINDRIDGE WAY","MAIL_ADDR2":"WEEKI WACHEE FL 34613-7414","MAIL_ADDR3":" ","MAIL_ADDR4":" ","EXIST_FLU":"res","EXIST_LBL":"Residential","EXIST_FLU_":" ","EXIST_LBL_":" ","Amend_Date":1592265600000,"Change_Type":"CPAM 2006","Feat_Type":"FR","ZONING":"C1","SITUS_ADDRESS":"BRAEWOOD ST","SPLIT_ZONE1":null,"SPLIT_ZONE2":null,"Shape_Length":496.5281859811343,"Shape_Area":9745.142313674427}},{"type":"Feature","id":29,"geometry":{"type":"Polygon","coordinates":[[[-82.259711220360472,28.522914267643497],[-82.260023796496625,28.522915039423005],[-82.260022643264506,28.522366344474197],[-82.25979609333703,28.522366084795753],[-82.259710648785173,28.522365907116779],[-82.259711220360472,28.522914267643497]]]},"properties":{"OBJECTID":29,"GIS_LANDUSE_ALLFLU_AREA":null,"PERIMETER":null,"ALLFLU_":0,"ALLFLU_ID":0,"FLU":"com","ACREAGE":null,"LABEL":"Commercial","Id":0,"PARCEL_KEY":589713,"OWNER_NAME":"HUFFMAN PHYLLIS A TTEE","MAIL_ADDR1":"8366 WINDRIDGE WAY","MAIL_ADDR2":"WEEKI WACHEE FL 34613-7414","MAIL_ADDR3":" ","MAIL_ADDR4":" ","EXIST_FLU":"res","EXIST_LBL":"Residential","EXIST_FLU_":" ","EXIST_LBL_":" ","Amend_Date":1592265600000,"Change_Type":"CPAM 2006","Feat_Type":"FR","ZONING":"C1","SITUS_ADDRESS":"CORTEZ BLVD","SPLIT_ZONE1":null,"SPLIT_ZONE2":null,"Shape_Length":599.44211591329372,"Shape_Area":19998.956782331279}},{"type":"Feature","id":30,"geometry":{"type":"Polygon","coordinates":[[[-82.260023796496625,28.522915039423005],[-82.260336565717878,28.522915815614009],[-82.260336581754729,28.522367118434765],[-82.260263400378108,28.522366912102907],[-82.260029842982675,28.522366330694215],[-82.260022643264506,28.522366344474197],[-82.260023796496625,28.522915039423005]]]},"properties":{"OBJECTID":30,"GIS_LANDUSE_ALLFLU_AREA":null,"PERIMETER":null,"ALLFLU_":0,"ALLFLU_ID":0,"FLU":"com","ACREAGE":null,"LABEL":"Commercial","Id":0,"PARCEL_KEY":38319,"OWNER_NAME":"HUFFMAN PHYLLIS A TTEE","MAIL_ADDR1":"8366 WINDRIDGE WAY","MAIL_ADDR2":"WEEKI WACHEE FL 34613-7414","MAIL_ADDR3":" ","MAIL_ADDR4":" ","EXIST_FLU":"res","EXIST_LBL":"Residential","EXIST_FLU_":" ","EXIST_LBL_":" ","Amend_Date":1592265600000,"Change_Type":"CPAM 2006","Feat_Type":"FR","ZONING":"C1","SITUS_ADDRESS":"CORTEZ BLVD","SPLIT_ZONE1":null,"SPLIT_ZONE2":null,"Shape_Length":600.25100529682618,"Shape_Area":20075.521500065923}},{"type":"Feature","id":31,"geometry":{"type":"Polygon","coordinates":[[[-82.260336565717878,28.522915815614009],[-82.260649148092824,28.522916591443359],[-82.26065285493975,28.522367540645003],[-82.260497149992915,28.522367146195922],[-82.260336581754729,28.522367118434765],[-82.260336565717878,28.522915815614009]]]},"properties":{"OBJECTID":31,"GIS_LANDUSE_ALLFLU_AREA":null,"PERIMETER":null,"ALLFLU_":0,"ALLFLU_ID":0,"FLU":"com","ACREAGE":null,"LABEL":"Commercial","Id":0,"PARCEL_KEY":589704,"OWNER_NAME":"HUFFMAN PHYLLIS A TTEE","MAIL_ADDR1":"8366 WINDRIDGE WAY","MAIL_ADDR2":"WEEKI WACHEE FL 34613-7414","MAIL_ADDR3":" ","MAIL_ADDR4":" ","EXIST_FLU":"res","EXIST_LBL":"Residential","EXIST_FLU_":" ","EXIST_LBL_":" ","Amend_Date":1592265600000,"Change_Type":"CPAM 2006","Feat_Type":"FR","ZONING":"C1","SITUS_ADDRESS":"CORTEZ BLVD","SPLIT_ZONE1":null,"SPLIT_ZONE2":null,"Shape_Length":601.07311117476775,"Shape_Area":20153.57390608063}},{"type":"Feature","id":32,"geometry":{"type":"Polygon","coordinates":[[[-82.260649148092824,28.522916591443359],[-82.260961724238172,28.522917366565455],[-82.260964463265623,28.522367976580302],[-82.26065285493975,28.522367540645003],[-82.260649148092824,28.522916591443359]]]},"properties":{"OBJECTID":32,"GIS_LANDUSE_ALLFLU_AREA":null,"PERIMETER":null,"ALLFLU_":0,"ALLFLU_ID":0,"FLU":"com","ACREAGE":null,"LABEL":"Commercial","Id":0,"PARCEL_KEY":38300,"OWNER_NAME":"PEDEMONTI PAUL R III, PEDEMONTI PETER C","MAIL_ADDR1":"25745 POWELL RD","MAIL_ADDR2":"BROOKSVILLE FL 34602-9124","MAIL_ADDR3":" ","MAIL_ADDR4":" ","EXIST_FLU":"res","EXIST_LBL":"Residential","EXIST_FLU_":" ","EXIST_LBL_":" ","Amend_Date":1592265600000,"Change_Type":"CPAM 2006","Feat_Type":"FR","ZONING":"C1","SITUS_ADDRESS":"CORTEZ BLVD","SPLIT_ZONE1":null,"SPLIT_ZONE2":null,"Shape_Length":599.82687929229496,"Shape_Area":20013.175094204431}},{"type":"Feature","id":33,"geometry":{"type":"Polygon","coordinates":[[[-82.260961724238172,28.522917366565455],[-82.261633594806653,28.522919165734077],[-82.261633247500228,28.522369180741276],[-82.260964463265623,28.522367976580302],[-82.260961724238172,28.522917366565455]]]},"properties":{"OBJECTID":33,"GIS_LANDUSE_ALLFLU_AREA":null,"PERIMETER":null,"ALLFLU_":0,"ALLFLU_ID":0,"FLU":"com","ACREAGE":null,"LABEL":"Commercial","Id":0,"PARCEL_KEY":38284,"OWNER_NAME":"PEDEMONTI PAUL R III","MAIL_ADDR1":"25745 POWELL RD","MAIL_ADDR2":"BROOKSVILLE FL 34602-9124","MAIL_ADDR3":" ","MAIL_ADDR4":" ","EXIST_FLU":"res","EXIST_LBL":"Residential","EXIST_FLU_":" ","EXIST_LBL_":" ","Amend_Date":1592265600000,"Change_Type":"CPAM 2006","Feat_Type":"FR","ZONING":null,"SITUS_ADDRESS":"CORTEZ BLVD","SPLIT_ZONE1":"C2","SPLIT_ZONE2":"C2","Shape_Length":830.23842192251345,"Shape_Area":43021.584157734986}},{"type":"Feature","id":34,"geometry":{"type":"Polygon","coordinates":[[[-82.262673513190904,28.522920597014213],[-82.262673222423558,28.522467841342909],[-82.261633310721393,28.522469839727858],[-82.261633594806653,28.522919165734077],[-82.262673513190904,28.522920597014213]]]},"properties":{"OBJECTID":34,"GIS_LANDUSE_ALLFLU_AREA":null,"PERIMETER":null,"ALLFLU_":0,"ALLFLU_ID":0,"FLU":"com","ACREAGE":null,"LABEL":"Commercial","Id":0,"PARCEL_KEY":1065965,"OWNER_NAME":"PEDEMONTI PAUL R III, PEDEMONTI DEOLINDA","MAIL_ADDR1":"25745 POWELL RD","MAIL_ADDR2":"BROOKSVILLE FL 34602","MAIL_ADDR3":" ","MAIL_ADDR4":" ","EXIST_FLU":"res","EXIST_LBL":"Residential","EXIST_FLU_":" ","EXIST_LBL_":" ","Amend_Date":1592265600000,"Change_Type":"CPAM 2006","Feat_Type":"FR","ZONING":null,"SITUS_ADDRESS":"CORTEZ BLVD","SPLIT_ZONE1":"C2","SPLIT_ZONE2":"R3","Shape_Length":995.86777096189019,"Shape_Area":54763.992044719926}},{"type":"Feature","id":35,"geometry":{"type":"Polygon","coordinates":[[[-82.260961724238172,28.522917366565455],[-82.261633594806653,28.522919165734077],[-82.261633247500228,28.522369180741276],[-82.260964463265623,28.522367976580302],[-82.260961724238172,28.522917366565455]]]},"properties":{"OBJECTID":35,"GIS_LANDUSE_ALLFLU_AREA":null,"PERIMETER":null,"ALLFLU_":0,"ALLFLU_ID":0,"FLU":"com","ACREAGE":null,"LABEL":"Commercial","Id":0,"PARCEL_KEY":38284,"OWNER_NAME":"PEDEMONTI PAUL R III","MAIL_ADDR1":"25745 POWELL RD","MAIL_ADDR2":"BROOKSVILLE FL 34602-9124","MAIL_ADDR3":" ","MAIL_ADDR4":" ","EXIST_FLU":"res","EXIST_LBL":"Residential","EXIST_FLU_":" ","EXIST_LBL_":" ","Amend_Date":1592265600000,"Change_Type":"CPAM 2006","Feat_Type":"FR","ZONING":null,"SITUS_ADDRESS":"CORTEZ BLVD","SPLIT_ZONE1":"C2","SPLIT_ZONE2":"C2","Shape_Length":830.23842192251345,"Shape_Area":43021.584157734986}},{"type":"Feature","id":36,"geometry":{"type":"Polygon","coordinates":[[[-82.233188186519826,28.525555852698961],[-82.233255980012459,28.525556297386213],[-82.233257688755586,28.525556577739668],[-82.233258027539435,28.525689962912232],[-82.233628791533377,28.525690915493875],[-82.233626220854291,28.525298998613817],[-82.233257033983222,28.525298037810717],[-82.233188235364025,28.525297858883555],[-82.233188186519826,28.525555852698961]]]},"properties":{"OBJECTID":36,"GIS_LANDUSE_ALLFLU_AREA":null,"PERIMETER":null,"ALLFLU_":null,"ALLFLU_ID":null,"FLU":"com","ACREAGE":null,"LABEL":"Commercial","Id":null,"PARCEL_KEY":1436066,"OWNER_NAME":"HARRIS SHANE P, HARRIS GLORIA J","MAIL_ADDR1":"33307 CORTEZ BLVD","MAIL_ADDR2":"DADE CITY FL 33523-9009","MAIL_ADDR3":" ","MAIL_ADDR4":" ","EXIST_FLU":"res","EXIST_LBL":"Residential","EXIST_FLU_":null,"EXIST_LBL_":null,"Amend_Date":1604966400000,"Change_Type":"CPAM 2006","Feat_Type":"FR","ZONING":"PDP(GHC)","SITUS_ADDRESS":"6368 WINDMERE RD","SPLIT_ZONE1":null,"SPLIT_ZONE2":null,"Shape_Length":566.82939363627895,"Shape_Area":19013.197741521439}},{"type":"Feature","id":37,"geometry":{"type":"Polygon","coordinates":[[[-82.233101303256717,28.525751530652354],[-82.233096074053023,28.525878006837171],[-82.233248723654441,28.525879411544619],[-82.233250215583226,28.525752901891391],[-82.233101303256717,28.525751530652354]]]},"properties":{"OBJECTID":37,"GIS_LANDUSE_ALLFLU_AREA":null,"PERIMETER":null,"ALLFLU_":null,"ALLFLU_ID":null,"FLU":"com","ACREAGE":null,"LABEL":"Commercial","Id":null,"PARCEL_KEY":1340659,"OWNER_NAME":"HERNANDO COUNTY WATER & SEWER","MAIL_ADDR1":"202 E JEFFERSON ST","MAIL_ADDR2":"BROOKSVILLE FL 34601","MAIL_ADDR3":" ","MAIL_ADDR4":" ","EXIST_FLU":"res","EXIST_LBL":"Residential","EXIST_FLU_":null,"EXIST_LBL_":null,"Amend_Date":1604966400000,"Change_Type":"CPAM 2006","Feat_Type":"FR","ZONING":"PDP(GHC)","SITUS_ADDRESS":"WINDMERE RD","SPLIT_ZONE1":null,"SPLIT_ZONE2":null,"Shape_Length":188.85641365256396,"Shape_Area":2227.3381620373525}},{"type":"Feature","id":38,"geometry":{"type":"Polygon","coordinates":[[[-82.231068206607389,28.524948510720385],[-82.232313758034451,28.524948465717699],[-82.23231387014377,28.524948465525995],[-82.232314238710131,28.524781352784132],[-82.232314695907135,28.524572280333039],[-82.23106903547658,28.524568865553476],[-82.231068206607389,28.524948510720385]]]},"properties":{"OBJECTID":38,"GIS_LANDUSE_ALLFLU_AREA":null,"PERIMETER":null,"ALLFLU_":null,"ALLFLU_ID":null,"FLU":"com","ACREAGE":null,"LABEL":"Commercial","Id":null,"PARCEL_KEY":1007671,"OWNER_NAME":"HILL FAMILY LTD","MAIL_ADDR1":"31089 CORTEZ BLVD","MAIL_ADDR2":"BROOKSVILLE FL 34602-7543","MAIL_ADDR3":" ","MAIL_ADDR4":" ","EXIST_FLU":"res","EXIST_LBL":"Residential","EXIST_FLU_":null,"EXIST_LBL_":null,"Amend_Date":1604966400000,"Change_Type":"CPAM 2006","Feat_Type":"FR","ZONING":null,"SITUS_ADDRESS":"CORTEZ BLVD","SPLIT_ZONE1":"PDP(GHC)","SPLIT_ZONE2":"PDP(MF)","Shape_Length":1074.8158367790672,"Shape_Area":54962.649806518799}},{"type":"Feature","id":39,"geometry":{"type":"Polygon","coordinates":[[[-82.233188235364025,28.525297858883555],[-82.233095090032151,28.525297617185011],[-82.233094687819019,28.525471523367006],[-82.232957582392331,28.525471164470943],[-82.232958795487505,28.526204244265756],[-82.2329608576227,28.52647927705446],[-82.233633948724929,28.52647623985548],[-82.233628791533377,28.525690915493875],[-82.233258027539435,28.525689962912232],[-82.233257688755586,28.525556577739668],[-82.233255980012459,28.525556297386213],[-82.233188186519826,28.525555852698961],[-82.233188235364025,28.525297858883555]],[[-82.233101303256717,28.525751530652354],[-82.233250215583226,28.525752901891391],[-82.233248723654441,28.525879411544619],[-82.233096074053023,28.525878006837171],[-82.233101303256717,28.525751530652354]]]},"properties":{"OBJECTID":39,"GIS_LANDUSE_ALLFLU_AREA":null,"PERIMETER":null,"ALLFLU_":null,"ALLFLU_ID":null,"FLU":"com","ACREAGE":null,"LABEL":"Commercial","Id":null,"PARCEL_KEY":476416,"OWNER_NAME":"HILL FAMILY LTD","MAIL_ADDR1":"31089 CORTEZ BLVD","MAIL_ADDR2":"BROOKSVILLE FL 34602-7543","MAIL_ADDR3":" ","MAIL_ADDR4":" ","EXIST_FLU":"res","EXIST_LBL":"Residential","EXIST_FLU_":null,"EXIST_LBL_":null,"Amend_Date":1604966400000,"Change_Type":"CPAM 2006","Feat_Type":"FR","ZONING":"PDP(GHC)","SITUS_ADDRESS":"6376 WINDMERE RD","SPLIT_ZONE1":null,"SPLIT_ZONE2":null,"Shape_Length":1477.930786108496,"Shape_Area":68468.712506834272}},{"type":"Feature","id":40,"geometry":{"type":"Polygon","coordinates":[[[-82.233504881196794,28.523416253035819],[-82.233061326961192,28.523414792391591],[-82.233064239713386,28.523915095167002],[-82.233601508688565,28.523906999437347],[-82.233598832822864,28.52349906313718],[-82.233598804653454,28.523498998552046],[-82.233504881196794,28.523416253035819]]]},"properties":{"OBJECTID":40,"GIS_LANDUSE_ALLFLU_AREA":null,"PERIMETER":null,"ALLFLU_":null,"ALLFLU_ID":null,"FLU":"com","ACREAGE":null,"LABEL":"Commercial","Id":null,"PARCEL_KEY":373606,"OWNER_NAME":"PALORI EQUITIES INC","MAIL_ADDR1":"234 E DAVIS BLVD","MAIL_ADDR2":"TAMPA FL 33606-3729","MAIL_ADDR3":" ","MAIL_ADDR4":" ","EXIST_FLU":"res","EXIST_LBL":"Residential","EXIST_FLU_":null,"EXIST_LBL_":null,"Amend_Date":1604966400000,"Change_Type":"CPAM 2006","Feat_Type":"FR","ZONING":"PDP(GHC)","SITUS_ADDRESS":"31001 CORTEZ BLVD","SPLIT_ZONE1":null,"SPLIT_ZONE2":null,"Shape_Length":687.84256016575398,"Shape_Area":30616.737230884679}},{"type":"Feature","id":41,"geometry":{"type":"Polygon","coordinates":[[[-82.230060620448782,28.524948537571827],[-82.231068206607389,28.524948510720385],[-82.23106903547658,28.524568865553476],[-82.231070084176821,28.524095806617023],[-82.231071318404588,28.523535736798628],[-82.231071599355161,28.523408229417349],[-82.230064039230385,28.52340489524444],[-82.230061474246668,28.524562933689943],[-82.230060620448782,28.524948537571827]]]},"properties":{"OBJECTID":41,"GIS_LANDUSE_ALLFLU_AREA":null,"PERIMETER":null,"ALLFLU_":null,"ALLFLU_ID":null,"FLU":"com","ACREAGE":null,"LABEL":"Commercial","Id":null,"PARCEL_KEY":1493100,"OWNER_NAME":"HILL FAMILY LTD","MAIL_ADDR1":"31089 CORTEZ BLVD","MAIL_ADDR2":"BROOKSVILLE FL 34602-7543","MAIL_ADDR3":" ","MAIL_ADDR4":" ","EXIST_FLU":"res","EXIST_LBL":"Residential","EXIST_FLU_":null,"EXIST_LBL_":null,"Amend_Date":1604966400000,"Change_Type":"CPAM 2006","Feat_Type":"FR","ZONING":null,"SITUS_ADDRESS":"CORTEZ BLVD","SPLIT_ZONE1":"PDP(GC)","SPLIT_ZONE2":"PDP(GC)","Shape_Length":1768.3821836927737,"Shape_Area":181394.68398704511}},{"type":"Feature","id":42,"geometry":{"type":"Polygon","coordinates":[[[-82.231070084176821,28.524095806617023],[-82.232315732806001,28.524099215929468],[-82.232315990559073,28.52398098833104],[-82.232316967042536,28.523535050834315],[-82.232317235217124,28.5234123428645],[-82.231071599355161,28.523408229417349],[-82.231071318404588,28.523535736798628],[-82.231070084176821,28.524095806617023]]]},"properties":{"OBJECTID":42,"GIS_LANDUSE_ALLFLU_AREA":null,"PERIMETER":null,"ALLFLU_":null,"ALLFLU_ID":null,"FLU":"com","ACREAGE":null,"LABEL":"Commercial","Id":null,"PARCEL_KEY":750137,"OWNER_NAME":"HILL FAMILY LTD","MAIL_ADDR1":"31089 CORTEZ BLVD","MAIL_ADDR2":"BROOKSVILLE FL 34602-7543","MAIL_ADDR3":" ","MAIL_ADDR4":" ","EXIST_FLU":"res","EXIST_LBL":"Residential","EXIST_FLU_":null,"EXIST_LBL_":null,"Amend_Date":1604966400000,"Change_Type":"CPAM 2006","Feat_Type":"FR","ZONING":"PDP(GHC)","SITUS_ADDRESS":"31075 CORTEZ BLVD","SPLIT_ZONE1":null,"SPLIT_ZONE2":null,"Shape_Length":1299.7372323801462,"Shape_Area":99947.198428603559}},{"type":"Feature","id":43,"geometry":{"type":"Polygon","coordinates":[[[-82.232314238710131,28.524781352784132],[-82.233622844866844,28.524784752415528],[-82.233617085790058,28.523907104668872],[-82.233601508688565,28.523906999437347],[-82.233064239713386,28.523915095167002],[-82.233064581104827,28.523974034886308],[-82.232315990559073,28.52398098833104],[-82.232315732806001,28.524099215929468],[-82.232314695907135,28.524572280333039],[-82.232314238710131,28.524781352784132]]]},"properties":{"OBJECTID":43,"GIS_LANDUSE_ALLFLU_AREA":null,"PERIMETER":null,"ALLFLU_":null,"ALLFLU_ID":null,"FLU":"com","ACREAGE":null,"LABEL":"Commercial","Id":null,"PARCEL_KEY":476443,"OWNER_NAME":"SAKARDEV HOLDINGS LLC","MAIL_ADDR1":"4852 ANCIENT MARBLE DR","MAIL_ADDR2":"SARASOTA FL 34240-4701","MAIL_ADDR3":" ","MAIL_ADDR4":" ","EXIST_FLU":"res","EXIST_LBL":"Residential","EXIST_FLU_":null,"EXIST_LBL_":null,"Amend_Date":1604966400000,"Change_Type":"CPAM 2006","Feat_Type":"FR","ZONING":"PDP(GHC)","SITUS_ADDRESS":"6320 WINDMERE RD","SPLIT_ZONE1":null,"SPLIT_ZONE2":null,"Shape_Length":1469.7104433325521,"Shape_Area":127040.80277896159}},{"type":"Feature","id":44,"geometry":{"type":"Polygon","coordinates":[[[-82.23106903547658,28.524568865553476],[-82.232314695907135,28.524572280333039],[-82.232315732806001,28.524099215929468],[-82.231070084176821,28.524095806617023],[-82.23106903547658,28.524568865553476]]]},"properties":{"OBJECTID":44,"GIS_LANDUSE_ALLFLU_AREA":null,"PERIMETER":null,"ALLFLU_":null,"ALLFLU_ID":null,"FLU":"com","ACREAGE":null,"LABEL":"Commercial","Id":null,"PARCEL_KEY":1235014,"OWNER_NAME":"HILL FAMILY LTD","MAIL_ADDR1":"31089 CORTEZ BLVD","MAIL_ADDR2":"BROOKSVILLE FL 34602-7543","MAIL_ADDR3":" ","MAIL_ADDR4":" ","EXIST_FLU":"res","EXIST_LBL":"Residential","EXIST_FLU_":null,"EXIST_LBL_":null,"Amend_Date":1604966400000,"Change_Type":"CPAM 2006","Feat_Type":"FR","ZONING":"PDP(GHC)","SITUS_ADDRESS":"CORTEZ BLVD","SPLIT_ZONE1":null,"SPLIT_ZONE2":null,"Shape_Length":1144.0047170069522,"Shape_Area":68800.42667311008}},{"type":"Feature","id":45,"geometry":{"type":"Polygon","coordinates":[[[-82.232317235217124,28.5234123428645],[-82.232316967042536,28.523535050834315],[-82.232315990559073,28.52398098833104],[-82.233064581104827,28.523974034886308],[-82.233064239713386,28.523915095167002],[-82.233061326961192,28.523414792391591],[-82.232317235217124,28.5234123428645]]]},"properties":{"OBJECTID":45,"GIS_LANDUSE_ALLFLU_AREA":null,"PERIMETER":null,"ALLFLU_":null,"ALLFLU_ID":null,"FLU":"com","ACREAGE":null,"LABEL":"Commercial","Id":null,"PARCEL_KEY":1352039,"OWNER_NAME":"SP 2009 LLC","MAIL_ADDR1":"7625 LEATHER FERN CT N","MAIL_ADDR2":"PINELLAS PARK FL 33782-4318","MAIL_ADDR3":" ","MAIL_ADDR4":" ","EXIST_FLU":"res","EXIST_LBL":"Residential","EXIST_FLU_":null,"EXIST_LBL_":null,"Amend_Date":1604966400000,"Change_Type":"CPAM 2006","Feat_Type":"FR","ZONING":"PDP(GHC)","SITUS_ADDRESS":"31015 CORTEZ BLVD","SPLIT_ZONE1":null,"SPLIT_ZONE2":null,"Shape_Length":889.43326647236904,"Shape_Area":49141.881396942154}},{"type":"Feature","id":46,"geometry":{"type":"Polygon","coordinates":[[[-82.224229825009004,28.525159619033058],[-82.227439298197467,28.525167462008195],[-82.227448436673029,28.525167441207515],[-82.22745757340553,28.525167333772643],[-82.227466708397927,28.525167141078786],[-82.227475840090122,28.525166861753348],[-82.227484968485101,28.525166497171526],[-82.227494092022752,28.525166045960745],[-82.227503210703063,28.525165508121042],[-82.227512321414864,28.525164885032765],[-82.227521422601001,28.525164176698528],[-82.227530517372685,28.525163381737958],[-82.227539599504524,28.525162501536641],[-82.227548672110643,28.525161536089396],[-82.22755773207686,28.525160485401429],[-82.227566779400235,28.525159348097539],[-82.227575810972482,28.525158126933341],[-82.227584828347688,28.525156820531056],[-82.227593829968754,28.525155428893239],[-82.227602812721528,28.525153952025143],[-82.227611778166022,28.525152391299347],[-82.227620724742138,28.525150745343304],[-82.227629650895793,28.525149015534755],[-82.22763855351279,28.525147201878948],[-82.227647435707269,28.525145304370685],[-82.227656294367975,28.525143324390353],[-82.227665127931928,28.5251412591902],[-82.22767393640504,28.525139111520602],[-82.227682718230156,28.525136881384135],[-82.227691473407305,28.525134568780885],[-82.227700198822319,28.525132173716013],[-82.22770889603224,28.52512969618693],[-82.227717561922915,28.525127136198822],[-82.227726196500171,28.525124496502137],[-82.227734798201084,28.525121774349085],[-82.227743368585649,28.525118971112228],[-82.227751902985531,28.525116088174574],[-82.227760401397774,28.525113124160992],[-82.227768865382458,28.525110080444055],[-82.227777290268278,28.525106957031557],[-82.227785677612289,28.525103753920948],[-82.22779402741746,28.525100472487363],[-82.227802335012512,28.52509711273866],[-82.227810601954559,28.525093674672249],[-82.227818828246498,28.525090159663304],[-82.227827009214167,28.525086566344473],[-82.227835147977572,28.525082897460944],[-82.227843241416679,28.525079150267551],[-82.227851289537355,28.52507532751466],[-82.227859290785489,28.525071430580081],[-82.227867245155139,28.525067456713455],[-82.227875149538093,28.525063408670391],[-82.227883005491378,28.52505928644824],[-82.227890811460881,28.525055091424868],[-82.227898565886562,28.525050822227652],[-82.227906268768379,28.525046478856634],[-82.227913918558158,28.525042065439951],[-82.227921513692891,28.525037579229888],[-82.227929055732602,28.525033021599032],[-82.22793654000607,28.525028392555193],[-82.227943969630346,28.525023693468338],[-82.227951341494276,28.525018925718896],[-82.22795865559489,28.525014087931684],[-82.227965911935129,28.525009181481902],[-82.227973107403798,28.525004207749959],[-82.22798024199794,28.524999165360697],[-82.227987315720483,28.524994055689277],[-82.227994327020312,28.524988881488685],[-82.228001275891472,28.524983640008589],[-82.228008160782807,28.524978334001943],[-82.228014981694329,28.524972963468773],[-82.228021737068943,28.524967528411722],[-82.22802902247895,28.524961662032606],[-82.228036371861364,28.524955857428907],[-82.228043786779182,28.524950117348389],[-82.228051262558253,28.524944440423663],[-82.228058800761531,28.52493882940248],[-82.228066401386059,28.524933282909636],[-82.228074062874796,28.524927800947758],[-82.228081783676586,28.524922386269772],[-82.228089565348498,28.52491703887307],[-82.228097403216367,28.524911757390342],[-82.228105300400273,28.524906544566651],[-82.228113255340133,28.524901399029435],[-82.228121266481935,28.524896322156508],[-82.228129332271493,28.524891315325608],[-82.228137452705894,28.524886377161589],[-82.228145627791051,28.524881510414769],[-82.228153855966966,28.52487671371259],[-82.228162137233596,28.524871987055029],[-82.228170470039842,28.524867333195065],[-82.228178852822751,28.52486274938493],[-82.228187287148216,28.524858239747527],[-82.228189646452819,28.524856947238899],[-82.228191951099902,28.524855580562168],[-82.228194199541306,28.524854143845548],[-82.228196388659839,28.524852635719064],[-82.228198515350343,28.524851060313477],[-82.228200576501536,28.524849419009211],[-82.228202570559361,28.524847713184066],[-82.228204494418563,28.524845946968771],[-82.228206346522015,28.524844120365987],[-82.228208122204478,28.524842236133889],[-82.228209823031904,28.524840298395421],[-82.228211442776001,28.524838307161019],[-82.228212981445623,28.524836266556253],[-82.22821443748964,28.524834179334068],[-82.228215806239845,28.524832046877513],[-82.228217090819214,28.524829873306874],[-82.228218285005411,28.524827661382961],[-82.228219390355491,28.524825411103201],[-82.228220402213097,28.524823129351276],[-82.228221323692324,28.524820816122002],[-82.22822215013089,28.52481847554871],[-82.228222881537647,28.524816111757012],[-82.228223516355555,28.524813724749446],[-82.228224056153522,28.524811320024128],[-82.228224497820406,28.524808898961506],[-82.228224841368032,28.524806467062245],[-82.228225085239345,28.52480402432899],[-82.22822523256032,28.524801576257211],[-82.228225280222759,28.52479912560247],[-82.228225228229647,28.524796673739978],[-82.22822507814989,28.524794226167828],[-82.228224828429404,28.524791784263773],[-82.228224480634125,28.524789352150776],[-82.228224034769994,28.524786932579143],[-82.228223492400033,28.524784528296649],[-82.228222853533126,28.524782143428826],[-82.228222116615157,28.524779779353437],[-82.228221286326217,28.524777440188185],[-82.228220362672275,28.524775128683427],[-82.228219345659227,28.524772847589507],[-82.228218236850111,28.524770599654151],[-82.228217039364964,28.52476838762249],[-82.228215751655597,28.52476621562267],[-82.228214378399173,28.524764086397205],[-82.228212919595691,28.524761999946087],[-82.228211376814073,28.524759961767391],[-82.228209753171413,28.524757973231054],[-82.228208897769903,28.524756987287191],[-82.228208565299269,28.5247566096706],[-82.228203052500135,28.524750478742639],[-82.228197463520658,28.524744401574541],[-82.228191801474992,28.524738378161008],[-82.228186063251925,28.52473240988251],[-82.228180251968595,28.524726498108915],[-82.228174367625002,28.524720642840268],[-82.228168411781155,28.524714845449122],[-82.228162382877045,28.524709104562831],[-82.228156284032764,28.524703422926585],[-82.228150115248269,28.524697800540352],[-82.2281438780836,28.524692238776687],[-82.228137570978717,28.524686736263032],[-82.228131195496658,28.524681295747069],[-82.228124754751519,28.524675917223625],[-82.228118245632132,28.524670602073023],[-82.228111672806747,28.524665348912301],[-82.228105034724209,28.524660160494385],[-82.228098332941585,28.524655036816657],[-82.228091567458861,28.524649977879097],[-82.228084739833136,28.524644983679103],[-82.228077851627376,28.524640056964419],[-82.228070901284482,28.524635197737602],[-82.228063891915667,28.524630404618261],[-82.228056823526828,28.524625680356742],[-82.228049696115022,28.524621023577875],[-82.228042512800243,28.524616437026747],[-82.228035272025465,28.524611920705969],[-82.228027976901856,28.52460747323515],[-82.22802062587823,28.524603097367226],[-82.228013222068753,28.524598793096985],[-82.228005763916315,28.524594560427005],[-82.227998254535066,28.524590399352093],[-82.22799069393092,28.524586312622546],[-82.227983083654991,28.524582297485399],[-82.227975423716146,28.524578358066204],[-82.227967715665557,28.524574491611947],[-82.227959959509107,28.524570700872999],[-82.22795215680091,28.524566984471562],[-82.227944309100963,28.524563343780216],[-82.22793641641222,28.524559780174052],[-82.227928480288767,28.524556292275356],[-82.227920500733575,28.52455288145925],[-82.227912480860752,28.524549547720522],[-82.227904419116172,28.524546292436959],[-82.227896317053919,28.524543114230742],[-82.227888176237002,28.524540015849631],[-82.227879998219478,28.524536995915817],[-82.227871783001348,28.524534054429278],[-82.226884882960405,28.524186320530958],[-82.226875611307179,28.524183006698536],[-82.226866375293241,28.524179611670217],[-82.226857179592756,28.524176136813352],[-82.226848022645783,28.524172580755391],[-82.226838906012318,28.524168944868908],[-82.226829829695305,28.524165230529125],[-82.226820796808909,28.524161437730783],[-82.226811805793119,28.524157565101405],[-82.226802858207989,28.524153614013489],[-82.226793957170528,28.524149585837062],[-82.22678509956674,28.524145480577328],[-82.226776290064777,28.524141296851326],[-82.226767525556497,28.52413703741459],[-82.226758810710095,28.524132700884198],[-82.226750145528555,28.524128288635289],[-82.226741528457765,28.524123802045718],[-82.226732962608921,28.524119239735029],[-82.226724449539105,28.524114601700699],[-82.226715987697133,28.52410989069568],[-82.226707578640074,28.524105106717361],[-82.226699223922083,28.524100248387999],[-82.226690923549057,28.524095318457938],[-82.226682679075068,28.524090315549408],[-82.226674490503129,28.524085241037639],[-82.226666359390322,28.524080094919992],[-82.226658287296587,28.524074878569088],[-82.226650272664926,28.524069591987537],[-82.226642318612392,28.524064236545321],[-82.226634423579,28.524058810869867],[-82.226626590681775,28.524053316331166],[-82.226618819923715,28.524047754304412],[-82.226611111304848,28.524042124789613],[-82.226603464825104,28.524036427786779],[-82.226595883601576,28.524030664665929],[-82.226588367634292,28.52402483542701],[-82.226580916926196,28.524018941445267],[-82.226573533034312,28.524012982718119],[-82.226566215958684,28.524006959245533],[-82.226558965702239,28.524000872402731],[-82.226551783822032,28.523994722187101],[-82.226544671878074,28.523988509971268],[-82.226537629870364,28.523982235755213],[-82.2265306593589,28.52397590091152],[-82.226523758783671,28.523969504067662],[-82.22651692971057,28.523963049346555],[-82.22651017369077,28.523956533995289],[-82.226503492287208,28.52394996076157],[-82.226496882382833,28.523943328275472],[-82.226490348654693,28.523936639279587],[-82.226483889545705,28.523929893776479],[-82.226477506612966,28.523923091763574],[-82.22647119985939,28.523916234616078],[-82.22646497084493,28.523909323706569],[-82.226458818009633,28.523902357662465],[-82.226452744470564,28.523895337853805],[-82.226446748673538,28.523888265658343],[-82.226440833735651,28.523881142446061],[-82.226434998096863,28.523873966844416],[-82.22642924332014,28.523866741601157],[-82.226423569402513,28.523859465341157],[-82.226417977906905,28.523852140812121],[-82.22641246727629,28.523844768016691],[-82.226407040624693,28.523837346949694],[-82.226401696398057,28.523829878988892],[-82.226396436153408,28.523822364131735],[-82.226391261450701,28.523814803750774],[-82.226386170735879,28.523807199223807],[-82.226381164008842,28.52379955055083],[-82.226376244386685,28.52379185910188],[-82.22637141186938,28.523784124876922],[-82.226366664899857,28.523776347878588],[-82.226362006598094,28.523768530852056],[-82.226357433847028,28.523760672427308],[-82.226352951323676,28.523752775346985],[-82.226348555913916,28.523744839616221],[-82.22634425073187,28.523736865229885],[-82.226340034223398,28.523728853565725],[-82.226335907948453,28.523720805996337],[-82.226331871909935,28.523712723896935],[-82.226327926104958,28.523704605892323],[-82.226324072093448,28.523696453355083],[-82.226320308321291,28.523688267663037],[-82.226316636348457,28.523680050188741],[-82.226313057731971,28.523671800929602],[-82.226309570914779,28.523663519888267],[-82.22630617745979,28.523655209812439],[-82.226302877366962,28.523646870702198],[-82.226299669079239,28.523638502560082],[-82.22629655571366,28.523630106756098],[-82.226293537273108,28.523621684665486],[-82.226290612200543,28.523613236290775],[-82.22628778205592,28.523604763004595],[-82.226285046839209,28.52359626480693],[-82.22628240655628,28.523587744448161],[-82.226279861204134,28.523579200553112],[-82.226277412342824,28.523570634494369],[-82.226275059978121,28.523562049022296],[-82.226272802547129,28.523553441389105],[-82.226270643172697,28.523544815715209],[-82.226268578740729,28.523536172005748],[-82.226266612365308,28.523527510255555],[-82.226264742492262,28.523518831842395],[-82.226262970678647,28.523510136763726],[-82.226261295370335,28.523501426397239],[-82.226259716573139,28.523492703493364],[-82.226258237398241,28.523483966671709],[-82.226256854731503,28.523475215937491],[-82.226255571695788,28.52346645541105],[-82.226254385174073,28.523457683722352],[-82.226253296723371,28.523448900868861],[-82.226252307906563,28.523440109598329],[-82.226251417169507,28.523431311288508],[-82.226250624509277,28.523422504564262],[-82.226249929928755,28.523413690800737],[-82.226249334990868,28.523404872745687],[-82.226248838135589,28.523396049026573],[-82.224234494431812,28.523391297152312],[-82.224229825009004,28.525159619033058]]]},"properties":{"OBJECTID":46,"GIS_LANDUSE_ALLFLU_AREA":null,"PERIMETER":null,"ALLFLU_":null,"ALLFLU_ID":null,"FLU":"com","ACREAGE":null,"LABEL":"Commercial","Id":null,"PARCEL_KEY":476461,"OWNER_NAME":"PUBLIX SUPER MARKETS INC","MAIL_ADDR1":"PO BOX 32018","MAIL_ADDR2":"LAKELAND FL 33802-2018","MAIL_ADDR3":" ","MAIL_ADDR4":" ","EXIST_FLU":"res","EXIST_LBL":"Residential","EXIST_FLU_":"com","EXIST_LBL_":"Commercial","Amend_Date":1605225600000,"Change_Type":"CPAM 2006","Feat_Type":"FR","ZONING":"PDP(GC)","SITUS_ADDRESS":"CORTEZ BLVD","SPLIT_ZONE1":null,"SPLIT_ZONE2":null,"Shape_Length":3485.2399480726526,"Shape_Area":610410.6309142143}},{"type":"Feature","id":47,"geometry":{"type":"MultiPolygon","coordinates":[[[[-82.233598804653454,28.523498998552046],[-82.233598832822864,28.52349906313718],[-82.233598291274973,28.523416560013825],[-82.233659824837858,28.523416664597498],[-82.233657177439625,28.52320462980726],[-82.230893698398276,28.523179817059948],[-82.230058053627843,28.523184580533165],[-82.230064039230385,28.52340489524444],[-82.231071599355161,28.523408229417349],[-82.232317235217124,28.5234123428645],[-82.233061326961192,28.523414792391591],[-82.233504881196794,28.523416253035819],[-82.233598804653454,28.523498998552046]]],[[[-82.224222835700004,28.523138392791829],[-82.223769855723702,28.523141132297514],[-82.223806556111001,28.523390627627414],[-82.224234494431812,28.523391297152312],[-82.226248838135589,28.523396049026573],[-82.226608591746228,28.523396894743069],[-82.226936968940578,28.523397665406055],[-82.226937871015593,28.523188516509268],[-82.225906748053148,28.523181322463891],[-82.224222835700004,28.523138392791829]]]]},"properties":{"OBJECTID":47,"GIS_LANDUSE_ALLFLU_AREA":null,"PERIMETER":null,"ALLFLU_":null,"ALLFLU_ID":null,"FLU":"com","ACREAGE":null,"LABEL":"Commercial","Id":null,"PARCEL_KEY":1671827,"OWNER_NAME":"STATE OF FLORIDA D O T","MAIL_ADDR1":"11201 N MCKINLEY DR","MAIL_ADDR2":"TAMPA FL 32399","MAIL_ADDR3":" ","MAIL_ADDR4":" ","EXIST_FLU":"res","EXIST_LBL":"Residential","EXIST_FLU_":null,"EXIST_LBL_":null,"Amend_Date":1605225600000,"Change_Type":"CPAM 2006","Feat_Type":"FR","ZONING":null,"SITUS_ADDRESS":"CORTEZ BLVD","SPLIT_ZONE1":null,"SPLIT_ZONE2":null,"Shape_Length":4700.649358255866,"Shape_Area":177333.01241710869}},{"type":"Feature","id":48,"geometry":{"type":"Polygon","coordinates":[[[-82.226608591746228,28.523396894743069],[-82.226609347056382,28.523404968555138],[-82.2266102020033,28.523413035325099],[-82.226611153469918,28.523421093682952],[-82.226612203010347,28.523429142250926],[-82.22661334906762,28.523437181031596],[-82.226614593192892,28.523445207272044],[-82.226615935389106,28.523453222347378],[-82.226617374096307,28.523461224885079],[-82.226618909308655,28.523469212134763],[-82.226620542583191,28.523477184093828],[-82.226622270805876,28.52348514076747],[-82.22662409708785,28.523493080775339],[-82.226626018312103,28.523501002747391],[-82.22662803603572,28.523508906681062],[-82.226630148695762,28.52351678982858],[-82.226632357852253,28.523524653562561],[-82.226634661945212,28.523532496510338],[-82.226637060968812,28.523540315921604],[-82.226639554925995,28.52354811317155],[-82.226642143810878,28.523555885509769],[-82.226644826066448,28.52356363293886],[-82.226647601692719,28.523571355458852],[-82.226650470683779,28.523579050319348],[-82.226653434596798,28.523586717517787],[-82.226656490317595,28.523594357059309],[-82.226659637843298,28.52360196756873],[-82.226662878725094,28.523609546293141],[-82.226666209851814,28.52361709461287],[-82.226669632780528,28.523624612525328],[-82.226673147502439,28.523632095904979],[-82.226676752463433,28.523639546129552],[-82.226680447660598,28.523646961823907],[-82.226684233090992,28.523654341612865],[-82.226688107197617,28.523661685498965],[-82.226692069977503,28.523668992107076],[-82.226696119873608,28.523676261439757],[-82.226700259997159,28.523683492116625],[-82.226704487228119,28.523690681392555],[-82.226708800015345,28.523697832020417],[-82.226713199910037,28.523704941247313],[-82.226717686909254,28.523712007698027],[-82.226722257901869,28.52371903275295],[-82.226726914438999,28.523726013659093],[-82.226731654960716,28.523732949043886],[-82.226736479469977,28.523739840282492],[-82.226741387960857,28.52374668462453],[-82.2267463788763,28.523753482072628],[-82.226751452216405,28.523760232626746],[-82.226756606421091,28.52376693491431],[-82.226761841487473,28.523773587560129],[-82.226767157415523,28.523780190564171],[-82.226772552645286,28.523786742553892],[-82.226778027176735,28.523793243529255],[-82.226783581006956,28.523799692115084],[-82.226789212578922,28.523806088313965],[-82.226794920329624,28.523812429378133],[-82.226800705822072,28.523818718055324],[-82.226806567490357,28.523824950222615],[-82.226812503780366,28.523831127257747],[-82.226818514689171,28.52383724778559],[-82.226824598656776,28.523843310433453],[-82.226830757240222,28.523849315198845],[-82.226836987325413,28.523855262086862],[-82.226843288909421,28.523861149722364],[-82.226849661989277,28.523866976730165],[-82.226856106564981,28.523872743110203],[-82.226862619522407,28.523878448867762],[-82.226869200858658,28.523884092627569],[-82.226875850570735,28.523889673014484],[-82.226882568661637,28.523895191403639],[-82.226889352011284,28.52390064504992],[-82.226896202176789,28.523906033950663],[-82.226903116044028,28.523911358111107],[-82.226910095167099,28.523916616153432],[-82.226917136431879,28.523921808082829],[-82.226924241395409,28.5239269338967],[-82.226931408494764,28.523931990847291],[-82.226938634621689,28.52393698169012],[-82.226945922881484,28.523941902294464],[-82.226953268605882,28.523946754043298],[-82.226960674906067,28.523951535556218],[-82.226968137110873,28.523956246841042],[-82.226975656777299,28.5239608878951],[-82.226983232345376,28.523965457345884],[-82.22699086225802,28.523969955195945],[-82.226998546512277,28.523974380070108],[-82.227006283551091,28.523978731970974],[-82.227014073374434,28.523983010898494],[-82.22702191597935,28.523987215477526],[-82.227029806694674,28.523991345715842],[-82.227037748631531,28.523995400233058],[-82.227045738678783,28.52399938040957],[-82.227053776833415,28.524003284870162],[-82.227061863092516,28.524007112239641],[-82.227069992787818,28.524010863901008],[-82.227078169027536,28.524014537098708],[-82.227086388703427,28.524018134588253],[-82.227094653363693,28.524021652241515],[-82.227102958343067,28.524025092816686],[-82.227111305192651,28.524028453560742],[-82.227119692358329,28.524031735851484],[-82.22712811828012,28.524034938316344],[-82.227136582957968,28.524038060955291],[-82.227145084834802,28.524041103770934],[-82.227964110687608,28.524329689088528],[-82.227973514838339,28.524333049380232],[-82.227982881788748,28.524336488119111],[-82.227992209981792,28.524340005307796],[-82.228001500977513,28.524343602318822],[-82.228010751658786,28.524347277782272],[-82.228019963582753,28.524351031695517],[-82.22802913207525,28.524354862691233],[-82.228038260253385,28.524358772139397],[-82.228047344997137,28.524362757294899],[-82.22805638630949,28.524366819532858],[-82.228065382633332,28.524370958856],[-82.228074335519878,28.524375172511252],[-82.22808324030386,28.524379463256931],[-82.228092098536422,28.524383828339982],[-82.228100908663478,28.524388269138257],[-82.228109670679117,28.524392782901408],[-82.228118383029269,28.524397371007247],[-82.228127045713904,28.524402033455711],[-82.228135657170071,28.524406767499151],[-82.228144217403681,28.524411575887918],[-82.22815272485181,28.524416455874249],[-82.228161177957347,28.524421407460792],[-82.228169578277402,28.524426430644915],[-82.228177922694854,28.524431524056716],[-82.228186212766815,28.524436687693584],[-82.228194445379145,28.524441921560751],[-82.228202622088929,28.524447225655603],[-82.228210739776102,28.524452597233047],[-82.228218798446605,28.524458039043417],[-82.228226798091541,28.524463546961226],[-82.228234737159809,28.524469123739436],[-82.228242617202525,28.524474766625104],[-82.228250433548496,28.52448047562606],[-82.228258189311887,28.524486250737109],[-82.228265881378533,28.524492091963474],[-82.228273509745492,28.524497997929984],[-82.228281072852752,28.524503967264121],[-82.22828857226034,28.52451000133842],[-82.228296004848161,28.524516097407794],[-82.22830337061923,28.524522256847419],[-82.228310669570575,28.524528478282146],[-82.228317901702169,28.524534761711955],[-82.228325063896946,28.52454110576695],[-82.228332157708977,28.524547509069301],[-82.228339183141259,28.524553972994251],[-82.228346135519601,28.524560496174466],[-82.228353017955186,28.524567077229506],[-82.228359828893915,28.524573717537205],[-82.228366568329832,28.524580414347223],[-82.228373233148801,28.524587167664826],[-82.228379824907933,28.524593977487378],[-82.2283863436042,28.524600842439714],[-82.228392786120551,28.524607761151888],[-82.228399154019911,28.524614736371696],[-82.228405445736385,28.524621763976199],[-82.228411661269931,28.524628843965388],[-82.228417799063465,28.524635976341944],[-82.228423859117001,28.524643161105846],[-82.228429841427555,28.524650396881928],[-82.228435744435089,28.524657682297633],[-82.22844156969667,28.524665017350376],[-82.228447312541078,28.524672402048022],[-82.228452977633594,28.524679833632334],[-82.228458560305967,28.524687313486389],[-82.228464062115194,28.524694841607594],[-82.228469481495381,28.524702413872998],[-82.228474818452412,28.524710033032999],[-82.228480072980332,28.52471769633723],[-82.228485245079199,28.52472540378573],[-82.228490331634745,28.524733155383696],[-82.228495334198215,28.524740948378227],[-82.228500252772477,28.524748784144467],[-82.228505085797522,28.524756661309876],[-82.228509833270365,28.524764578499294],[-82.228513272265545,28.52475058711185],[-82.228522526409918,28.524267761566168],[-82.227787604439598,28.524266025428091],[-82.227789541359172,28.523399662765407],[-82.226608591746228,28.523396894743069]]]},"properties":{"OBJECTID":48,"GIS_LANDUSE_ALLFLU_AREA":null,"PERIMETER":null,"ALLFLU_":null,"ALLFLU_ID":null,"FLU":"com","ACREAGE":null,"LABEL":"Commercial","Id":null,"PARCEL_KEY":1711749,"OWNER_NAME":"PUBLIX SUPER MARKETS INC","MAIL_ADDR1":"PO BOX 32018","MAIL_ADDR2":"LAKELAND FL 33802-2018","MAIL_ADDR3":" ","MAIL_ADDR4":" ","EXIST_FLU":"com","EXIST_LBL":"Commercial","EXIST_FLU_":"res","EXIST_LBL_":"Residential","Amend_Date":1605225600000,"Change_Type":"CPAM 2006","Feat_Type":"FR","ZONING":"PDP(GC)","SITUS_ADDRESS":"CORTEZ BLVD","SPLIT_ZONE1":null,"SPLIT_ZONE2":null,"Shape_Length":1941.5717317112737,"Shape_Area":100710.48652963583}},{"type":"Feature","id":49,"geometry":{"type":"MultiPolygon","coordinates":[[[[-82.228352909175953,28.525442173191596],[-82.228600320124869,28.525438900830594],[-82.228601926877005,28.525440991153872],[-82.228602038658664,28.525403308227446],[-82.228762312340834,28.524751147104773],[-82.228762968990992,28.524455952138524],[-82.228763152104122,28.524373440895957],[-82.228765313599212,28.52340058650994],[-82.228412347939383,28.523400806359572],[-82.228412048673945,28.523536471361471],[-82.228412054290303,28.523541966581046],[-82.228412091071448,28.523547472749641],[-82.228412171438265,28.523552973344255],[-82.228412282946124,28.523558473886496],[-82.228412431811464,28.523563968865197],[-82.228412611829739,28.52356946929223],[-82.228412835433687,28.523574964145276],[-82.2284130901906,28.523580464446642],[-82.228413376076759,28.523585959194939],[-82.228413705548618,28.523591448369221],[-82.228414066173457,28.523596942991869],[-82.22841446415579,28.523602432050932],[-82.228414893279222,28.523607921057657],[-82.228415359760191,28.523613404500857],[-82.228415863610508,28.523618887881174],[-82.228416404818319,28.523624365697959],[-82.228416977167299,28.523629843462405],[-82.228417586873789,28.52363531566327],[-82.228418233949654,28.52364078780132],[-82.228418912154837,28.523646254386279],[-82.228419627729437,28.523651720908418],[-82.228420380661547,28.523657181866977],[-82.228421164722988,28.523662637272476],[-82.228421986153847,28.523668092615132],[-82.228422844930392,28.523673536893526],[-82.228423734848164,28.523678981119556],[-82.228424662135339,28.52368442528272],[-82.228425626768242,28.523689858381641],[-82.228426622530492,28.523695285927481],[-82.228427655662202,28.523700713410474],[-82.228428726139626,28.523706129829186],[-82.228429827758276,28.523711546195525],[-82.228430966722712,28.523716951497608],[-82.22843214305658,28.523722356736844],[-82.22843335050797,28.523727750922266],[-82.228434589088749,28.523733139554619],[-82.2284358712554,28.523738522612913],[-82.228437178323219,28.523743900128601],[-82.228438528976895,28.523749272070258],[-82.22843991075996,28.523754638458836],[-82.228441329888838,28.523759993783113],[-82.228442780147134,28.523765343554306],[-82.228444261522981,28.523770682271707],[-82.228445786496607,28.523776020915736],[-82.228447342575919,28.523781343005279],[-82.228448929796556,28.523786665042422],[-82.228450554362979,28.5237919760153],[-82.228452210046996,28.523797275934342],[-82.228453903088706,28.523802570289817],[-82.228455627248024,28.523807853591503],[-82.228457388765023,28.523813131329561],[-82.228459187627848,28.523818398003378],[-82.228461011391929,28.523823659134539],[-82.228462878718233,28.523828903690227],[-82.228464770945791,28.523834142703269],[-82.228466706759292,28.523839376142245],[-82.228468667450329,28.523844593037186],[-82.228470665499103,28.52384980436852],[-82.228472707121966,28.523855004625101],[-82.228475650342602,28.523862398156393],[-82.228478573057998,28.523869669330868],[-82.228481405526679,28.523876969535905],[-82.228484150853873,28.523884294640695],[-82.228486804371315,28.5238916460283],[-82.228489369190171,28.523899022318297],[-82.228491843750362,28.523906422138161],[-82.22849422649486,28.523913845490473],[-82.228496518977707,28.523921290997478],[-82.228498721198889,28.523928758659167],[-82.228500831595426,28.523936245727821],[-82.22850285017023,28.523943753578603],[-82.228504776917376,28.523951279461148],[-82.228506611836835,28.523958823375516],[-82.228508354925637,28.52396638394648],[-82.228510004629612,28.523973962551874],[-82.22851156249699,28.523981555063529],[-82.228513026970631,28.523989161484057],[-82.228514398050521,28.523996781813519],[-82.228515675733732,28.524004414676668],[-82.228516861577233,28.524012060070913],[-82.22851795246099,28.524019715251171],[-82.228518951502053,28.524027381587359],[-82.228519855577403,28.524035054959167],[-82.228520664692923,28.524042738116982],[-82.228521381956824,28.524050428305177],[-82.228522004254927,28.524058125529045],[-82.228522533138332,28.524065827035582],[-82.228522967052982,28.524073534202575],[-82.228523307549935,28.524081244277042],[-82.228523553072122,28.524088957261668],[-82.228523705173615,28.524096671778601],[-82.228523762297357,28.524104387830455],[-82.228523762712541,28.524104580355285],[-82.228522526409918,28.524267761566168],[-82.228513272265545,28.52475058711185],[-82.228509833270365,28.524764578499294],[-82.228505085797522,28.524756661309876],[-82.228500252772477,28.524748784144467],[-82.228495334198215,28.524740948378227],[-82.228490331634745,28.524733155383696],[-82.228485245079199,28.52472540378573],[-82.228480072980332,28.52471769633723],[-82.228474818452412,28.524710033032999],[-82.228469481495381,28.524702413872998],[-82.228464062115194,28.524694841607594],[-82.228458560305967,28.524687313486389],[-82.228452977633594,28.524679833632334],[-82.228447312541078,28.524672402048022],[-82.22844156969667,28.524665017350376],[-82.228435744435089,28.524657682297633],[-82.228429841427555,28.524650396881928],[-82.228423859117001,28.524643161105846],[-82.228417799063465,28.524635976341944],[-82.228411661269931,28.524628843965388],[-82.228405445736385,28.524621763976199],[-82.228399154019911,28.524614736371696],[-82.228392786120551,28.524607761151888],[-82.2283863436042,28.524600842439714],[-82.228379824907933,28.524593977487378],[-82.228373233148801,28.524587167664826],[-82.228366568329832,28.524580414347223],[-82.228359828893915,28.524573717537205],[-82.228353017955186,28.524567077229506],[-82.228346135519601,28.524560496174466],[-82.228339183141259,28.524553972994251],[-82.228332157708977,28.524547509069301],[-82.228325063896946,28.52454110576695],[-82.228317901702169,28.524534761711955],[-82.228310669570575,28.524528478282146],[-82.22830337061923,28.524522256847419],[-82.228296004848161,28.524516097407794],[-82.22828857226034,28.52451000133842],[-82.228281072852752,28.524503967264121],[-82.228273509745492,28.524497997929984],[-82.228265881378533,28.524492091963474],[-82.228258189311887,28.524486250737109],[-82.228250433548496,28.52448047562606],[-82.228242617202525,28.524474766625104],[-82.228234737159809,28.524469123739436],[-82.228226798091541,28.524463546961226],[-82.228218798446605,28.524458039043417],[-82.228210739776102,28.524452597233047],[-82.228202622088929,28.524447225655603],[-82.228194445379145,28.524441921560751],[-82.228186212766815,28.524436687693584],[-82.228177922694854,28.524431524056716],[-82.228169578277402,28.524426430644915],[-82.228161177957347,28.524421407460792],[-82.22815272485181,28.524416455874249],[-82.228144217403681,28.524411575887918],[-82.228135657170071,28.524406767499151],[-82.228127045713904,28.524402033455711],[-82.228118383029269,28.524397371007247],[-82.228109670679117,28.524392782901408],[-82.228100908663478,28.524388269138257],[-82.228092098536422,28.524383828339982],[-82.22808324030386,28.524379463256931],[-82.228074335519878,28.524375172511252],[-82.228065382633332,28.524370958856],[-82.22805638630949,28.524366819532858],[-82.228047344997137,28.524362757294899],[-82.228038260253385,28.524358772139397],[-82.22802913207525,28.524354862691233],[-82.228019963582753,28.524351031695517],[-82.228010751658786,28.524347277782272],[-82.228001500977513,28.524343602318822],[-82.227992209981792,28.524340005307796],[-82.227982881788748,28.524336488119111],[-82.227973514838339,28.524333049380232],[-82.227964110687608,28.524329689088528],[-82.227145084834802,28.524041103770934],[-82.227136582957968,28.524038060955291],[-82.22712811828012,28.524034938316344],[-82.227119692358329,28.524031735851484],[-82.227111305192651,28.524028453560742],[-82.227102958343067,28.524025092816686],[-82.227094653363693,28.524021652241515],[-82.227086388703427,28.524018134588253],[-82.227078169027536,28.524014537098708],[-82.227069992787818,28.524010863901008],[-82.227061863092516,28.524007112239641],[-82.227053776833415,28.524003284870162],[-82.227045738678783,28.52399938040957],[-82.227037748631531,28.523995400233058],[-82.227029806694674,28.523991345715842],[-82.22702191597935,28.523987215477526],[-82.227014073374434,28.523983010898494],[-82.227006283551091,28.523978731970974],[-82.226998546512277,28.523974380070108],[-82.22699086225802,28.523969955195945],[-82.226983232345376,28.523965457345884],[-82.226975656777299,28.5239608878951],[-82.226968137110873,28.523956246841042],[-82.226960674906067,28.523951535556218],[-82.226953268605882,28.523946754043298],[-82.226945922881484,28.523941902294464],[-82.226938634621689,28.52393698169012],[-82.226931408494764,28.523931990847291],[-82.226924241395409,28.5239269338967],[-82.226917136431879,28.523921808082829],[-82.226910095167099,28.523916616153432],[-82.226903116044028,28.523911358111107],[-82.226896202176789,28.523906033950663],[-82.226889352011284,28.52390064504992],[-82.226882568661637,28.523895191403639],[-82.226875850570735,28.523889673014484],[-82.226869200858658,28.523884092627569],[-82.226862619522407,28.523878448867762],[-82.226856106564981,28.523872743110203],[-82.226849661989277,28.523866976730165],[-82.226843288909421,28.523861149722364],[-82.226836987325413,28.523855262086862],[-82.226830757240222,28.523849315198845],[-82.226824598656776,28.523843310433453],[-82.226818514689171,28.52383724778559],[-82.226812503780366,28.523831127257747],[-82.226806567490357,28.523824950222615],[-82.226800705822072,28.523818718055324],[-82.226794920329624,28.523812429378133],[-82.226789212578922,28.523806088313965],[-82.226783581006956,28.523799692115084],[-82.226778027176735,28.523793243529255],[-82.226772552645286,28.523786742553892],[-82.226767157415523,28.523780190564171],[-82.226761841487473,28.523773587560129],[-82.226756606421091,28.52376693491431],[-82.226751452216405,28.523760232626746],[-82.2267463788763,28.523753482072628],[-82.226741387960857,28.52374668462453],[-82.226736479469977,28.523739840282492],[-82.226731654960716,28.523732949043886],[-82.226726914438999,28.523726013659093],[-82.226722257901869,28.52371903275295],[-82.226717686909254,28.523712007698027],[-82.226713199910037,28.523704941247313],[-82.226708800015345,28.523697832020417],[-82.226704487228119,28.523690681392555],[-82.226700259997159,28.523683492116625],[-82.226696119873608,28.523676261439757],[-82.226692069977503,28.523668992107076],[-82.226688107197617,28.523661685498965],[-82.226684233090992,28.523654341612865],[-82.226680447660598,28.523646961823907],[-82.226676752463433,28.523639546129552],[-82.226673147502439,28.523632095904979],[-82.226669632780528,28.523624612525328],[-82.226666209851814,28.52361709461287],[-82.226662878725094,28.523609546293141],[-82.226659637843298,28.52360196756873],[-82.226656490317595,28.523594357059309],[-82.226653434596798,28.523586717517787],[-82.226650470683779,28.523579050319348],[-82.226647601692719,28.523571355458852],[-82.226644826066448,28.52356363293886],[-82.226642143810878,28.523555885509769],[-82.226639554925995,28.52354811317155],[-82.226637060968812,28.523540315921604],[-82.226634661945212,28.523532496510338],[-82.226632357852253,28.523524653562561],[-82.226630148695762,28.52351678982858],[-82.22662803603572,28.523508906681062],[-82.226626018312103,28.523501002747391],[-82.22662409708785,28.523493080775339],[-82.226622270805876,28.52348514076747],[-82.226620542583191,28.523477184093828],[-82.226618909308655,28.523469212134763],[-82.226617374096307,28.523461224885079],[-82.226615935389106,28.523453222347378],[-82.226614593192892,28.523445207272044],[-82.22661334906762,28.523437181031596],[-82.226612203010347,28.523429142250926],[-82.226611153469918,28.523421093682952],[-82.2266102020033,28.523413035325099],[-82.226609347056382,28.523404968555138],[-82.226608591746228,28.523396894743069],[-82.226248838135589,28.523396049026573],[-82.226249334990868,28.523404872745687],[-82.226249929928755,28.523413690800737],[-82.226250624509277,28.523422504564262],[-82.226251417169507,28.523431311288508],[-82.226252307906563,28.523440109598329],[-82.226253296723371,28.523448900868861],[-82.226254385174073,28.523457683722352],[-82.226255571695788,28.52346645541105],[-82.226256854731503,28.523475215937491],[-82.226258237398241,28.523483966671709],[-82.226259716573139,28.523492703493364],[-82.226261295370335,28.523501426397239],[-82.226262970678647,28.523510136763726],[-82.226264742492262,28.523518831842395],[-82.226266612365308,28.523527510255555],[-82.226268578740729,28.523536172005748],[-82.226270643172697,28.523544815715209],[-82.226272802547129,28.523553441389105],[-82.226275059978121,28.523562049022296],[-82.226277412342824,28.523570634494369],[-82.226279861204134,28.523579200553112],[-82.22628240655628,28.523587744448161],[-82.226285046839209,28.52359626480693],[-82.22628778205592,28.523604763004595],[-82.226290612200543,28.523613236290775],[-82.226293537273108,28.523621684665486],[-82.22629655571366,28.523630106756098],[-82.226299669079239,28.523638502560082],[-82.226302877366962,28.523646870702198],[-82.22630617745979,28.523655209812439],[-82.226309570914779,28.523663519888267],[-82.226313057731971,28.523671800929602],[-82.226316636348457,28.523680050188741],[-82.226320308321291,28.523688267663037],[-82.226324072093448,28.523696453355083],[-82.226327926104958,28.523704605892323],[-82.226331871909935,28.523712723896935],[-82.226335907948453,28.523720805996337],[-82.226340034223398,28.523728853565725],[-82.22634425073187,28.523736865229885],[-82.226348555913916,28.523744839616221],[-82.226352951323676,28.523752775346985],[-82.226357433847028,28.523760672427308],[-82.226362006598094,28.523768530852056],[-82.226366664899857,28.523776347878588],[-82.22637141186938,28.523784124876922],[-82.226376244386685,28.52379185910188],[-82.226381164008842,28.52379955055083],[-82.226386170735879,28.523807199223807],[-82.226391261450701,28.523814803750774],[-82.226396436153408,28.523822364131735],[-82.226401696398057,28.523829878988892],[-82.226407040624693,28.523837346949694],[-82.22641246727629,28.523844768016691],[-82.226417977906905,28.523852140812121],[-82.226423569402513,28.523859465341157],[-82.22642924332014,28.523866741601157],[-82.226434998096863,28.523873966844416],[-82.226440833735651,28.523881142446061],[-82.226446748673538,28.523888265658343],[-82.226452744470564,28.523895337853805],[-82.226458818009633,28.523902357662465],[-82.22646497084493,28.523909323706569],[-82.22647119985939,28.523916234616078],[-82.226477506612966,28.523923091763574],[-82.226483889545705,28.523929893776479],[-82.226490348654693,28.523936639279587],[-82.226496882382833,28.523943328275472],[-82.226503492287208,28.52394996076157],[-82.22651017369077,28.523956533995289],[-82.22651692971057,28.523963049346555],[-82.226523758783671,28.523969504067662],[-82.2265306593589,28.52397590091152],[-82.226537629870364,28.523982235755213],[-82.226544671878074,28.523988509971268],[-82.226551783822032,28.523994722187101],[-82.226558965702239,28.524000872402731],[-82.226566215958684,28.524006959245533],[-82.226573533034312,28.524012982718119],[-82.226580916926196,28.524018941445267],[-82.226588367634292,28.52402483542701],[-82.226595883601576,28.524030664665929],[-82.226603464825104,28.524036427786779],[-82.226611111304848,28.524042124789613],[-82.226618819923715,28.524047754304412],[-82.226626590681775,28.524053316331166],[-82.226634423579,28.524058810869867],[-82.226642318612392,28.524064236545321],[-82.226650272664926,28.524069591987537],[-82.226658287296587,28.524074878569088],[-82.226666359390322,28.524080094919992],[-82.226674490503129,28.524085241037639],[-82.226682679075068,28.524090315549408],[-82.226690923549057,28.524095318457938],[-82.226699223922083,28.524100248387999],[-82.226707578640074,28.524105106717361],[-82.226715987697133,28.52410989069568],[-82.226724449539105,28.524114601700699],[-82.226732962608921,28.524119239735029],[-82.226741528457765,28.524123802045718],[-82.226750145528555,28.524128288635289],[-82.226758810710095,28.524132700884198],[-82.226767525556497,28.52413703741459],[-82.226776290064777,28.524141296851326],[-82.22678509956674,28.524145480577328],[-82.226793957170528,28.524149585837062],[-82.226802858207989,28.524153614013489],[-82.226811805793119,28.524157565101405],[-82.226820796808909,28.524161437730783],[-82.226829829695305,28.524165230529125],[-82.226838906012318,28.524168944868908],[-82.226848022645783,28.524172580755391],[-82.226857179592756,28.524176136813352],[-82.226866375293241,28.524179611670217],[-82.226875611307179,28.524183006698536],[-82.226884882960405,28.524186320530958],[-82.227871783001348,28.524534054429278],[-82.227879998219478,28.524536995915817],[-82.227888176237002,28.524540015849631],[-82.227896317053919,28.524543114230742],[-82.227904419116172,28.524546292436959],[-82.227912480860752,28.524549547720522],[-82.227920500733575,28.52455288145925],[-82.227928480288767,28.524556292275356],[-82.22793641641222,28.524559780174052],[-82.227944309100963,28.524563343780216],[-82.22795215680091,28.524566984471562],[-82.227959959509107,28.524570700872999],[-82.227967715665557,28.524574491611947],[-82.227975423716146,28.524578358066204],[-82.227983083654991,28.524582297485399],[-82.22799069393092,28.524586312622546],[-82.227998254535066,28.524590399352093],[-82.228005763916315,28.524594560427005],[-82.228013222068753,28.524598793096985],[-82.22802062587823,28.524603097367226],[-82.228027976901856,28.52460747323515],[-82.228035272025465,28.524611920705969],[-82.228042512800243,28.524616437026747],[-82.228049696115022,28.524621023577875],[-82.228056823526828,28.524625680356742],[-82.228063891915667,28.524630404618261],[-82.228070901284482,28.524635197737602],[-82.228077851627376,28.524640056964419],[-82.228084739833136,28.524644983679103],[-82.228091567458861,28.524649977879097],[-82.228098332941585,28.524655036816657],[-82.228105034724209,28.524660160494385],[-82.228111672806747,28.524665348912301],[-82.228118245632132,28.524670602073023],[-82.228124754751519,28.524675917223625],[-82.228131195496658,28.524681295747069],[-82.228137570978717,28.524686736263032],[-82.2281438780836,28.524692238776687],[-82.228150115248269,28.524697800540352],[-82.228156284032764,28.524703422926585],[-82.228162382877045,28.524709104562831],[-82.228168411781155,28.524714845449122],[-82.228174367625002,28.524720642840268],[-82.228180251968595,28.524726498108915],[-82.228186063251925,28.52473240988251],[-82.228191801474992,28.524738378161008],[-82.228197463520658,28.524744401574541],[-82.228203052500135,28.524750478742639],[-82.228208565299269,28.5247566096706],[-82.228208897769903,28.524756987287191],[-82.228209753171413,28.524757973231054],[-82.228211376814073,28.524759961767391],[-82.228212919595691,28.524761999946087],[-82.228214378399173,28.524764086397205],[-82.228215751655597,28.52476621562267],[-82.228217039364964,28.52476838762249],[-82.228218236850111,28.524770599654151],[-82.228219345659227,28.524772847589507],[-82.228220362672275,28.524775128683427],[-82.228221286326217,28.524777440188185],[-82.228222116615157,28.524779779353437],[-82.228222853533126,28.524782143428826],[-82.228223492400033,28.524784528296649],[-82.228224034769994,28.524786932579143],[-82.228224480634125,28.524789352150776],[-82.228224828429404,28.524791784263773],[-82.22822507814989,28.524794226167828],[-82.228225228229647,28.524796673739978],[-82.228225280222759,28.52479912560247],[-82.22822523256032,28.524801576257211],[-82.228225085239345,28.52480402432899],[-82.228224841368032,28.524806467062245],[-82.228224497820406,28.524808898961506],[-82.228224056153522,28.524811320024128],[-82.228223516355555,28.524813724749446],[-82.228222881537647,28.524816111757012],[-82.22822215013089,28.52481847554871],[-82.228221323692324,28.524820816122002],[-82.228220402213097,28.524823129351276],[-82.228219390355491,28.524825411103201],[-82.228218285005411,28.524827661382961],[-82.228217090819214,28.524829873306874],[-82.228215806239845,28.524832046877513],[-82.22821443748964,28.524834179334068],[-82.228212981445623,28.524836266556253],[-82.228211442776001,28.524838307161019],[-82.228209823031904,28.524840298395421],[-82.228208122204478,28.524842236133889],[-82.228206346522015,28.524844120365987],[-82.228204494418563,28.524845946968771],[-82.228202570559361,28.524847713184066],[-82.228200576501536,28.524849419009211],[-82.228198515350343,28.524851060313477],[-82.228196388659839,28.524852635719064],[-82.228194199541306,28.524854143845548],[-82.228191951099902,28.524855580562168],[-82.228189646452819,28.524856947238899],[-82.228187287148216,28.524858239747527],[-82.228178852822751,28.52486274938493],[-82.228170470039842,28.524867333195065],[-82.228162137233596,28.524871987055029],[-82.228153855966966,28.52487671371259],[-82.228145627791051,28.524881510414769],[-82.228137452705894,28.524886377161589],[-82.228129332271493,28.524891315325608],[-82.228121266481935,28.524896322156508],[-82.228113255340133,28.524901399029435],[-82.228105300400273,28.524906544566651],[-82.228097403216367,28.524911757390342],[-82.228089565348498,28.52491703887307],[-82.228081783676586,28.524922386269772],[-82.228074062874796,28.524927800947758],[-82.228066401386059,28.524933282909636],[-82.228058800761531,28.52493882940248],[-82.228051262558253,28.524944440423663],[-82.228043786779182,28.524950117348389],[-82.228036371861364,28.524955857428907],[-82.22802902247895,28.524961662032606],[-82.228021737068943,28.524967528411722],[-82.228014981694329,28.524972963468773],[-82.228008160782807,28.524978334001943],[-82.228001275891472,28.524983640008589],[-82.227994327020312,28.524988881488685],[-82.227987315720483,28.524994055689277],[-82.22798024199794,28.524999165360697],[-82.227973107403798,28.525004207749959],[-82.227965911935129,28.525009181481902],[-82.22795865559489,28.525014087931684],[-82.227951341494276,28.525018925718896],[-82.227943969630346,28.525023693468338],[-82.22793654000607,28.525028392555193],[-82.227929055732602,28.525033021599032],[-82.227921513692891,28.525037579229888],[-82.227913918558158,28.525042065439951],[-82.227906268768379,28.525046478856634],[-82.227898565886562,28.525050822227652],[-82.227890811460881,28.525055091424868],[-82.227883005491378,28.52505928644824],[-82.227875149538093,28.525063408670391],[-82.227867245155139,28.525067456713455],[-82.227859290785489,28.525071430580081],[-82.227851289537355,28.52507532751466],[-82.227843241416679,28.525079150267551],[-82.227835147977572,28.525082897460944],[-82.227827009214167,28.525086566344473],[-82.227818828246498,28.525090159663304],[-82.227810601954559,28.525093674672249],[-82.227802335012512,28.52509711273866],[-82.22779402741746,28.525100472487363],[-82.227785677612289,28.525103753920948],[-82.227777290268278,28.525106957031557],[-82.227768865382458,28.525110080444055],[-82.227760401397774,28.525113124160992],[-82.227751902985531,28.525116088174574],[-82.227743368585649,28.525118971112228],[-82.227734798201084,28.525121774349085],[-82.227726196500171,28.525124496502137],[-82.227717561922915,28.525127136198822],[-82.22770889603224,28.52512969618693],[-82.227700198822319,28.525132173716013],[-82.227691473407305,28.525134568780885],[-82.227682718230156,28.525136881384135],[-82.22767393640504,28.525139111520602],[-82.227665127931928,28.5251412591902],[-82.227656294367975,28.525143324390353],[-82.227647435707269,28.525145304370685],[-82.22763855351279,28.525147201878948],[-82.227629650895793,28.525149015534755],[-82.227620724742138,28.525150745343304],[-82.227611778166022,28.525152391299347],[-82.227602812721528,28.525153952025143],[-82.227593829968754,28.525155428893239],[-82.227584828347688,28.525156820531056],[-82.227575810972482,28.525158126933341],[-82.227566779400235,28.525159348097539],[-82.22755773207686,28.525160485401429],[-82.227548672110643,28.525161536089396],[-82.227539599504524,28.525162501536641],[-82.227530517372685,28.525163381737958],[-82.227521422601001,28.525164176698528],[-82.227512321414864,28.525164885032765],[-82.227503210703063,28.525165508121042],[-82.227494092022752,28.525166045960745],[-82.227484968485101,28.525166497171526],[-82.227475840090122,28.525166861753348],[-82.227466708397927,28.525167141078786],[-82.22745757340553,28.525167333772643],[-82.227448436673029,28.525167441207515],[-82.227439298197467,28.525167462008195],[-82.224229825009004,28.525159619033058],[-82.224229207961301,28.525393401042312],[-82.224803003340412,28.525394708033467],[-82.225036554977194,28.52539523447124],[-82.22527011286509,28.525395771498587],[-82.225482892876386,28.525396254601603],[-82.225695679115532,28.525396737361014],[-82.225908459125876,28.525397219797444],[-82.226142016999958,28.525397749824979],[-82.226344426768065,28.52539821033599],[-82.226546842764066,28.525398670535004],[-82.226780394408237,28.525399199475366],[-82.227013952280132,28.525399728003791],[-82.227247503923124,28.525400256141065],[-82.227449919905311,28.52540070949372],[-82.227652329670548,28.525401168055939],[-82.227885887540182,28.525401695085197],[-82.228037330497628,28.525402035033999],[-82.228037821946401,28.525181807047179],[-82.228381241420266,28.525182579199626],[-82.228407089129718,28.525182638882296],[-82.228352997049285,28.525402747949549],[-82.228352909175953,28.525442173191596]]],[[[-82.233633948724929,28.52647623985548],[-82.233784730868493,28.526475617400664],[-82.233776279336354,28.524784797882589],[-82.233772575391825,28.524045978116167],[-82.233771885225849,28.523908169559185],[-82.233787468567897,28.523908280261178],[-82.233785008435575,28.523417069440534],[-82.233598291274973,28.523416560013825],[-82.233601508688565,28.523906999437347],[-82.233617085790058,28.523907104668872],[-82.233633948724929,28.52647623985548]]]]},"properties":{"OBJECTID":49,"GIS_LANDUSE_ALLFLU_AREA":null,"PERIMETER":null,"ALLFLU_":null,"ALLFLU_ID":null,"FLU":"com","ACREAGE":null,"LABEL":"Commercial","Id":null,"PARCEL_KEY":1642020,"OWNER_NAME":"HERNANDO COUNTY","MAIL_ADDR1":"20 N MAIN ST RM 263","MAIL_ADDR2":"BROOKSVILLE FL 34601","MAIL_ADDR3":" ","MAIL_ADDR4":" ","EXIST_FLU":"res","EXIST_LBL":"Residential","EXIST_FLU_":"com","EXIST_LBL_":"Commercial","Amend_Date":1605225600000,"Change_Type":"CPAM 2006","Feat_Type":"FR","ZONING":null,"SITUS_ADDRESS":"SHERMAN HILLS BLVD","SPLIT_ZONE1":null,"SPLIT_ZONE2":null,"Shape_Length":8528.4393907433277,"Shape_Area":322055.79506596515}},{"type":"Feature","id":50,"geometry":{"type":"Polygon","coordinates":[[[-82.223806526094293,28.523390422774625],[-82.223809508647264,28.523410701805958],[-82.223815679154853,28.523448984977694],[-82.223817703943226,28.52348761052356],[-82.223821699534739,28.523559941299851],[-82.223911909895193,28.524504901992994],[-82.224072195845579,28.525442649606294],[-82.224227414026799,28.526068799990913],[-82.224229207961301,28.525393401042312],[-82.224229825009004,28.525159619033058],[-82.224234494431812,28.523391297152312],[-82.223806526094293,28.523390422774625]]]},"properties":{"OBJECTID":50,"GIS_LANDUSE_ALLFLU_AREA":null,"PERIMETER":null,"ALLFLU_":null,"ALLFLU_ID":null,"FLU":"com","ACREAGE":null,"LABEL":"Commercial","Id":null,"PARCEL_KEY":373205,"OWNER_NAME":"SPECIALTY RESTAURANTS CORPORATION","MAIL_ADDR1":"8191 E KAISER BLVD","MAIL_ADDR2":"ANAHEIM CA 92808-2214","MAIL_ADDR3":" ","MAIL_ADDR4":" ","EXIST_FLU":"res","EXIST_LBL":"Residential","EXIST_FLU_":null,"EXIST_LBL_":null,"Amend_Date":1605225600000,"Change_Type":"CPAM 2006","Feat_Type":"FR","ZONING":"C2","SITUS_ADDRESS":"CORTEZ BLVD","SPLIT_ZONE1":null,"SPLIT_ZONE2":null,"Shape_Length":2095.4925386461555,"Shape_Area":80457.071185824665}},{"type":"Feature","id":51,"geometry":{"type":"Polygon","coordinates":[[[-82.229846441033786,28.525407957876919],[-82.229846125896614,28.52546654116216],[-82.230254583096311,28.525467494184142],[-82.230254711516537,28.525409076237221],[-82.230255112535986,28.525226742929675],[-82.230060002738739,28.52522629238419],[-82.229846849342039,28.525225789577195],[-82.229846441033786,28.525407957876919]]]},"properties":{"OBJECTID":51,"GIS_LANDUSE_ALLFLU_AREA":null,"PERIMETER":null,"ALLFLU_":null,"ALLFLU_ID":null,"FLU":"com","ACREAGE":null,"LABEL":"Commercial","Id":null,"PARCEL_KEY":1356990,"OWNER_NAME":"HERNANDO COUNTY WATER & SEWER","MAIL_ADDR1":"202 E JEFFERSON ST","MAIL_ADDR2":"BROOKSVILLE FL 34601","MAIL_ADDR3":" ","MAIL_ADDR4":" ","EXIST_FLU":"res","EXIST_LBL":"Residential","EXIST_FLU_":"com","EXIST_LBL_":"Commercial","Amend_Date":1605225600000,"Change_Type":"CPAM 2006","Feat_Type":"FR","ZONING":"PDP(PSF)","SITUS_ADDRESS":"SHERMAN HILLS BLVD","SPLIT_ZONE1":null,"SPLIT_ZONE2":null,"Shape_Length":437.33035553250369,"Shape_Area":11476.393935664348}},{"type":"Feature","id":52,"geometry":{"type":"Polygon","coordinates":[[[-82.23231387014377,28.524948465525995],[-82.232312849480138,28.525414725443031],[-82.232471962561178,28.52542212126647],[-82.232473694472802,28.524919830367804],[-82.232959424949939,28.524921094069235],[-82.233096535893168,28.524921452956942],[-82.233095090032151,28.525297617185011],[-82.233257033983222,28.525298037810717],[-82.233626220854291,28.525298998613817],[-82.233622844866844,28.524784752415528],[-82.232314238710131,28.524781352784132],[-82.23231387014377,28.524948465525995]]]},"properties":{"OBJECTID":52,"GIS_LANDUSE_ALLFLU_AREA":null,"PERIMETER":null,"ALLFLU_":null,"ALLFLU_ID":null,"FLU":"com","ACREAGE":null,"LABEL":"Commercial","Id":null,"PARCEL_KEY":1356981,"OWNER_NAME":"HILL DAVID R, HILL STEVEN M","MAIL_ADDR1":"31089 CORTEZ BLVD","MAIL_ADDR2":"BROOKSVILLE FL 34602","MAIL_ADDR3":" ","MAIL_ADDR4":" ","EXIST_FLU":"res","EXIST_LBL":"Residential","EXIST_FLU_":null,"EXIST_LBL_":null,"Amend_Date":1605225600000,"Change_Type":"CPAM 2006","Feat_Type":"FR","ZONING":"PDP(MF)","SITUS_ADDRESS":"WINDMERE RD","SPLIT_ZONE1":null,"SPLIT_ZONE2":null,"Shape_Length":1578.6007872265709,"Shape_Area":53630.441914473544}},{"type":"Feature","id":53,"geometry":{"type":"Polygon","coordinates":[[[-82.232957582392331,28.525471164470943],[-82.233094687819019,28.525471523367006],[-82.233095090032151,28.525297617185011],[-82.233096535893168,28.524921452956942],[-82.232959424949939,28.524921094069235],[-82.232473694472802,28.524919830367804],[-82.232471962561178,28.52542212126647],[-82.232471855621895,28.525469900767053],[-82.232957582392331,28.525471164470943]]]},"properties":{"OBJECTID":53,"GIS_LANDUSE_ALLFLU_AREA":null,"PERIMETER":null,"ALLFLU_":null,"ALLFLU_ID":null,"FLU":"com","ACREAGE":null,"LABEL":"Commercial","Id":null,"PARCEL_KEY":373296,"OWNER_NAME":"HILL STEVEN M","MAIL_ADDR1":"6350 WINDMERE RD","MAIL_ADDR2":"BROOKSVILLE FL 34602","MAIL_ADDR3":" ","MAIL_ADDR4":" ","EXIST_FLU":"res","EXIST_LBL":"Residential","EXIST_FLU_":null,"EXIST_LBL_":null,"Amend_Date":1605225600000,"Change_Type":"CPAM 2006","Feat_Type":"FR","ZONING":"PDP(MF)","SITUS_ADDRESS":"6350 WINDMERE RD","SPLIT_ZONE1":null,"SPLIT_ZONE2":null,"Shape_Length":800.0056330282348,"Shape_Area":39996.406688694849}}]}