{"type":"FeatureCollection","features":[{"type":"Feature","id":1,"geometry":{"type":"LineString","coordinates":[[-82.25789064085285,28.511876223323355],[-82.257893447901679,28.513030197347092]]},"properties":{"OBJECTID":1,"D":12,"MAXABSQ":1209.6600000000001,"C":120,"SF":0.0091000000000000004,"ID":639,"LABEL":"E-LR P-1","LENGTH":420,"MATERIAL":"DI","START_NDID":440,"START_NODE":"LR WELL-1","STOP_NDID":518,"STOP_NODE":"LR WP-1","MAX_V":3.4300000000000002,"Shape_Length":419.57300505274907}},{"type":"Feature","id":2,"geometry":{"type":"LineString","coordinates":[[-82.257893447901679,28.513030197347092],[-82.257014032007149,28.513027717828834]]},"properties":{"OBJECTID":2,"D":12,"MAXABSQ":1209.6600000000001,"C":120,"SF":0.0115,"ID":798,"LABEL":"E-LR P-2","LENGTH":282,"MATERIAL":"DI","START_NDID":518,"START_NODE":"LR WP-1","STOP_NDID":377,"STOP_NODE":"E-LR J-1","MAX_V":3.4300000000000002,"Shape_Length":282.4268782607042}},{"type":"Feature","id":3,"geometry":{"type":"LineString","coordinates":[[-82.257014032007149,28.513027717828834],[-82.254796751945932,28.513041845146379]]},"properties":{"OBJECTID":3,"D":12,"MAXABSQ":-1,"C":110,"SF":-1,"ID":814,"LABEL":"E-LR P-3","LENGTH":712,"MATERIAL":"DI","START_NDID":377,"START_NODE":"E-LR J-1","STOP_NDID":376,"STOP_NODE":"E-LR J-2","MAX_V":-1,"Shape_Length":712.10049536563861}},{"type":"Feature","id":4,"geometry":{"type":"LineString","coordinates":[[-82.254796751945932,28.513041845146379],[-82.254359757132946,28.513038577447773]]},"properties":{"OBJECTID":4,"D":12,"MAXABSQ":-1,"C":110,"SF":-1,"ID":806,"LABEL":"E-LR P-5","LENGTH":140,"MATERIAL":"DI","START_NDID":376,"START_NODE":"E-LR J-2","STOP_NDID":14844,"STOP_NODE":"J-1789","MAX_V":-1,"Shape_Length":140.34638313065167}},{"type":"Feature","id":5,"geometry":{"type":"LineString","coordinates":[[-82.257014032007149,28.513027717828834],[-82.257015813079178,28.513456764873332],[-82.255932068556589,28.513462662431643]]},"properties":{"OBJECTID":5,"D":12,"MAXABSQ":-1,"C":110,"SF":-1,"ID":653,"LABEL":"E-LR P-6","LENGTH":504,"MATERIAL":"DI","START_NDID":377,"START_NODE":"E-LR J-1","STOP_NDID":483,"STOP_NODE":"LR HYDRO","MAX_V":-1,"Shape_Length":504.04874763382986}},{"type":"Feature","id":6,"geometry":{"type":"LineString","coordinates":[[-82.255932068556589,28.513462662431643],[-82.25480233586093,28.513464785526445],[-82.254796751945932,28.513041845146379]]},"properties":{"OBJECTID":6,"D":12,"MAXABSQ":-1,"C":110,"SF":-1,"ID":627,"LABEL":"E-LR P-7","LENGTH":517,"MATERIAL":"DI","START_NDID":483,"START_NODE":"LR HYDRO","STOP_NDID":376,"STOP_NODE":"E-LR J-2","MAX_V":-1,"Shape_Length":516.6010918166661}},{"type":"Feature","id":7,"geometry":{"type":"LineString","coordinates":[[-82.257014032007149,28.513027717828834],[-82.257004958263067,28.511186593775136],[-82.257750809785819,28.511185181140302],[-82.25815563886637,28.510643878927816]]},"properties":{"OBJECTID":7,"D":12,"MAXABSQ":1209.6600000000001,"C":120,"SF":0.0055999999999999999,"ID":709,"LABEL":"E-LR P-8F","LENGTH":1145,"MATERIAL":"DI","START_NDID":377,"START_NODE":"E-LR J-1","STOP_NDID":365,"STOP_NODE":"E-LR J-3F","MAX_V":3.4300000000000002,"Shape_Length":1144.8319767234791}},{"type":"Feature","id":8,"geometry":{"type":"LineString","coordinates":[[-82.260242623255508,28.509962947627628],[-82.260243904526419,28.511163984092775],[-82.259031452437995,28.511166300625565]]},"properties":{"OBJECTID":8,"D":12,"MAXABSQ":1210.5899999999999,"C":120,"SF":0.0091000000000000004,"ID":687,"LABEL":"E-LR P-9F","LENGTH":826,"MATERIAL":"DI","START_NDID":438,"START_NODE":"LR WELL-2F","STOP_NDID":516,"STOP_NODE":"LR WP-2F","MAX_V":3.4300000000000002,"Shape_Length":826.07175821866076}},{"type":"Feature","id":9,"geometry":{"type":"LineString","coordinates":[[-82.259031452437995,28.511166300625565],[-82.258599074494356,28.511163119848405],[-82.25815563886637,28.510643878927816]]},"properties":{"OBJECTID":9,"D":12,"MAXABSQ":1210.5899999999999,"C":120,"SF":0.0066,"ID":636,"LABEL":"E-LR P-10F","LENGTH":375,"MATERIAL":"DI","START_NDID":516,"START_NODE":"LR WP-2F","STOP_NDID":365,"STOP_NODE":"E-LR J-3F","MAX_V":3.4300000000000002,"Shape_Length":375.34661753471528}},{"type":"Feature","id":10,"geometry":{"type":"LineString","coordinates":[[-82.259476137738133,28.509961880733609],[-82.259479556393515,28.510647427806763],[-82.25904692111834,28.51064743835693]]},"properties":{"OBJECTID":10,"D":12,"MAXABSQ":1210.5899999999999,"C":120,"SF":0.0091000000000000004,"ID":666,"LABEL":"E-LR P-11F","LENGTH":388,"MATERIAL":"DI","START_NDID":437,"START_NODE":"LR WELL-3F","STOP_NDID":512,"STOP_NODE":"LR WP-3F","MAX_V":3.4300000000000002,"Shape_Length":388.2040640186907}},{"type":"Feature","id":11,"geometry":{"type":"LineString","coordinates":[[-82.25904692111834,28.51064743835693],[-82.25815563886637,28.510643878927816]]},"properties":{"OBJECTID":11,"D":12,"MAXABSQ":1210.5899999999999,"C":120,"SF":0.0066,"ID":910,"LABEL":"E-LR P-12F","LENGTH":286,"MATERIAL":"DI","START_NDID":512,"START_NODE":"LR WP-3F","STOP_NDID":365,"STOP_NODE":"E-LR J-3F","MAX_V":3.4300000000000002,"Shape_Length":286.24571407797077}},{"type":"Feature","id":12,"geometry":{"type":"LineString","coordinates":[[-82.25815563886637,28.510643878927816],[-82.257325143879441,28.510637993428031]]},"properties":{"OBJECTID":12,"D":20,"MAXABSQ":3630.8400000000001,"C":130,"SF":0.010800000000000001,"ID":844,"LABEL":"E-LR P-13F","LENGTH":267,"MATERIAL":"DI","START_NDID":365,"START_NODE":"E-LR J-3F","STOP_NDID":481,"STOP_NODE":"LR GST-F","MAX_V":3.71,"Shape_Length":266.72902920205968}},{"type":"Feature","id":13,"geometry":{"type":"LineString","coordinates":[[-82.257325143879441,28.510637993428031],[-82.25661914200623,28.510640184380144]]},"properties":{"OBJECTID":13,"D":20,"MAXABSQ":1484.8199999999999,"C":130,"SF":0.0033999999999999998,"ID":944,"LABEL":"E-LR P-14F","LENGTH":227,"MATERIAL":"DI","START_NDID":481,"START_NODE":"LR GST-F","STOP_NDID":364,"STOP_NODE":"E-LR J-4F","MAX_V":1.52,"Shape_Length":226.73982803948789}},{"type":"Feature","id":14,"geometry":{"type":"LineString","coordinates":[[-82.25661914200623,28.510640184380144],[-82.256624260220534,28.512163085700887],[-82.25569714774997,28.512162278577495]]},"properties":{"OBJECTID":14,"D":12,"MAXABSQ":742.38999999999999,"C":120,"SF":0.0073000000000000001,"ID":891,"LABEL":"E-LR P-15F","LENGTH":851,"MATERIAL":"DI","START_NDID":364,"START_NODE":"E-LR J-4F","STOP_NDID":511,"STOP_NODE":"LR HSP-1F","MAX_V":2.1099999999999999,"Shape_Length":851.45798759816739}},{"type":"Feature","id":15,"geometry":{"type":"LineString","coordinates":[[-82.25569714774997,28.512162278577495],[-82.254796601854494,28.512164822019209]]},"properties":{"OBJECTID":15,"D":12,"MAXABSQ":742.38999999999999,"C":120,"SF":0.0073000000000000001,"ID":940,"LABEL":"E-LR P-16F","LENGTH":289,"MATERIAL":"DI","START_NDID":511,"START_NODE":"LR HSP-1F","STOP_NDID":363,"STOP_NODE":"E-LR J-5F","MAX_V":2.1099999999999999,"Shape_Length":289.21516441585783}},{"type":"Feature","id":16,"geometry":{"type":"LineString","coordinates":[[-82.255703156237288,28.511650220783668],[-82.25627716835497,28.511648374259494],[-82.25661914200623,28.510640184380144]]},"properties":{"OBJECTID":16,"D":12,"MAXABSQ":0,"C":120,"SF":0,"ID":943,"LABEL":"E-LR P-17F","LENGTH":567,"MATERIAL":"DI","START_NDID":515,"START_NODE":"LR HSP-2F","STOP_NDID":364,"STOP_NODE":"E-LR J-4F","MAX_V":0,"Shape_Length":567.0138806845398}},{"type":"Feature","id":17,"geometry":{"type":"LineString","coordinates":[[-82.255703156237288,28.511650220783668],[-82.255221746147782,28.51165036059114],[-82.254796601854494,28.512164822019209]]},"properties":{"OBJECTID":17,"D":12,"MAXABSQ":0,"C":120,"SF":0,"ID":638,"LABEL":"E-LR P-18F","LENGTH":386,"MATERIAL":"DI","START_NDID":515,"START_NODE":"LR HSP-2F","STOP_NDID":363,"STOP_NODE":"E-LR J-5F","MAX_V":0,"Shape_Length":386.19096733684069}},{"type":"Feature","id":18,"geometry":{"type":"LineString","coordinates":[[-82.25661914200623,28.510640184380144],[-82.25619135462405,28.511101667101418],[-82.2557159889747,28.511104543593348]]},"properties":{"OBJECTID":18,"D":12,"MAXABSQ":742.38999999999999,"C":120,"SF":0.0073000000000000001,"ID":947,"LABEL":"E-LR P-19F","LENGTH":370,"MATERIAL":"DI","START_NDID":364,"START_NODE":"E-LR J-4F","STOP_NDID":513,"STOP_NODE":"LR HSP-3F","MAX_V":2.1099999999999999,"Shape_Length":369.53157403499898}},{"type":"Feature","id":19,"geometry":{"type":"LineString","coordinates":[[-82.2557159889747,28.511104543593348],[-82.255240905852403,28.511103455615199],[-82.254796601854494,28.512164822019209]]},"properties":{"OBJECTID":19,"D":12,"MAXABSQ":742.38999999999999,"C":120,"SF":0.0073000000000000001,"ID":853,"LABEL":"E-LR P-20F","LENGTH":564,"MATERIAL":"DI","START_NDID":513,"START_NODE":"LR HSP-3F","STOP_NDID":363,"STOP_NODE":"E-LR J-5F","MAX_V":2.1099999999999999,"Shape_Length":564.01334149939828}},{"type":"Feature","id":20,"geometry":{"type":"LineString","coordinates":[[-82.25661914200623,28.510640184380144],[-82.255719116642098,28.510641839680563]]},"properties":{"OBJECTID":20,"D":12,"MAXABSQ":0,"C":120,"SF":0,"ID":937,"LABEL":"E-LR P-21F","LENGTH":289,"MATERIAL":"DI","START_NDID":364,"START_NODE":"E-LR J-4F","STOP_NDID":514,"STOP_NODE":"LR HSP-4F","MAX_V":0,"Shape_Length":289.05130890713809}},{"type":"Feature","id":21,"geometry":{"type":"LineString","coordinates":[[-82.255719116642098,28.510641839680563],[-82.254794278923697,28.510644876062742],[-82.254796601854494,28.512164822019209]]},"properties":{"OBJECTID":21,"D":12,"MAXABSQ":0,"C":120,"SF":0,"ID":810,"LABEL":"E-LR P-22F","LENGTH":850,"MATERIAL":"DI","START_NDID":514,"START_NODE":"LR HSP-4F","STOP_NDID":363,"STOP_NODE":"E-LR J-5F","MAX_V":0,"Shape_Length":849.65705539568853}},{"type":"Feature","id":22,"geometry":{"type":"LineString","coordinates":[[-82.254796601854494,28.512164822019209],[-82.25323010920188,28.512171268695088]]},"properties":{"OBJECTID":22,"D":20,"MAXABSQ":1484.8199999999999,"C":130,"SF":0.00059999999999999995,"ID":816,"LABEL":"E-LR P-23F","LENGTH":503,"MATERIAL":"DI","START_NDID":363,"START_NODE":"E-LR J-5F","STOP_NDID":350,"STOP_NODE":"E-LR PRESS","MAX_V":1.52,"Shape_Length":503.09038191671317}},{"type":"Feature","id":23,"geometry":{"type":"LineString","coordinates":[[-82.25323010920188,28.512171268695088],[-82.253226901340483,28.513033974125182]]},"properties":{"OBJECTID":23,"D":20,"MAXABSQ":860.08000000000004,"C":135,"SF":0.00020000000000000001,"ID":628,"LABEL":"E-P-2000FA","LENGTH":314,"MATERIAL":"PVC","START_NDID":350,"START_NODE":"E-LR PRESS","STOP_NDID":9799,"STOP_NODE":"J-815082","MAX_V":0.88,"Shape_Length":313.67164692336814}},{"type":"Feature","id":24,"geometry":{"type":"LineString","coordinates":[[-82.230167829803591,28.52553828837959],[-82.2301624000999,28.525886517978741]]},"properties":{"OBJECTID":24,"D":16,"MAXABSQ":-1,"C":130,"SF":-1,"ID":890,"LABEL":"E-RMW P-4F","LENGTH":127,"MATERIAL":"DI","START_NDID":339,"START_NODE":"E-RMW J-2F","STOP_NDID":480,"STOP_NODE":"RMW GST-F","MAX_V":-1,"Shape_Length":126.6244327665041}},{"type":"Feature","id":25,"geometry":{"type":"LineString","coordinates":[[-82.232101959438154,28.524884276543816],[-82.232102201521727,28.525536744955875],[-82.231605708021007,28.525538123891508]]},"properties":{"OBJECTID":25,"D":12,"MAXABSQ":-1,"C":110,"SF":-1,"ID":884,"LABEL":"E-RMW P-5F","LENGTH":397,"MATERIAL":"DI","START_NDID":435,"START_NODE":"RMW WELL-2F","STOP_NDID":510,"STOP_NODE":"RMW WP-2F","MAX_V":-1,"Shape_Length":396.66151598984231}},{"type":"Feature","id":26,"geometry":{"type":"LineString","coordinates":[[-82.231605708021007,28.525538123891508],[-82.230167829803591,28.52553828837959]]},"properties":{"OBJECTID":26,"D":8,"MAXABSQ":-1,"C":110,"SF":-1,"ID":865,"LABEL":"E-RMW P-6F","LENGTH":462,"MATERIAL":"DI","START_NDID":510,"START_NODE":"RMW WP-2F","STOP_NDID":339,"STOP_NODE":"E-RMW J-2F","MAX_V":-1,"Shape_Length":461.72106314661414}},{"type":"Feature","id":27,"geometry":{"type":"LineString","coordinates":[[-82.2301624000999,28.525886517978741],[-82.229782639081151,28.525884970797797]]},"properties":{"OBJECTID":27,"D":16,"MAXABSQ":-1,"C":130,"SF":-1,"ID":897,"LABEL":"E-RMW P-7F","LENGTH":122,"MATERIAL":"DI","START_NDID":480,"START_NODE":"RMW GST-F","STOP_NDID":338,"STOP_NODE":"E-RMW J-3F","MAX_V":-1,"Shape_Length":121.94700463457522}},{"type":"Feature","id":28,"geometry":{"type":"LineString","coordinates":[[-82.229782639081151,28.525884970797797],[-82.229298201141503,28.526309359701241]]},"properties":{"OBJECTID":28,"D":10,"MAXABSQ":-1,"C":110,"SF":-1,"ID":934,"LABEL":"E-RMW P-8F","LENGTH":219,"MATERIAL":"DI","START_NDID":338,"START_NODE":"E-RMW J-3F","STOP_NDID":509,"STOP_NODE":"RMW HSP-1F","MAX_V":-1,"Shape_Length":219.10695827040092}},{"type":"Feature","id":29,"geometry":{"type":"LineString","coordinates":[[-82.229298201141503,28.526309359701241],[-82.228798554898717,28.525888495770943]]},"properties":{"OBJECTID":29,"D":10,"MAXABSQ":-1,"C":110,"SF":-1,"ID":694,"LABEL":"E-RMW P-9F","LENGTH":222,"MATERIAL":"DI","START_NDID":509,"START_NODE":"RMW HSP-1F","STOP_NDID":337,"STOP_NODE":"E-RMW J-4F","MAX_V":-1,"Shape_Length":221.7141864785419}},{"type":"Feature","id":30,"geometry":{"type":"LineString","coordinates":[[-82.229782639081151,28.525884970797797],[-82.229304227059899,28.526025870269109]]},"properties":{"OBJECTID":30,"D":10,"MAXABSQ":-1,"C":110,"SF":-1,"ID":699,"LABEL":"E-RMW P-10F","LENGTH":162,"MATERIAL":"DI","START_NDID":338,"START_NODE":"E-RMW J-3F","STOP_NDID":508,"STOP_NODE":"RMW HSP-2F","MAX_V":-1,"Shape_Length":161.94032571216829}},{"type":"Feature","id":31,"geometry":{"type":"LineString","coordinates":[[-82.229304227059899,28.526025870269109],[-82.228798554898717,28.525888495770943]]},"properties":{"OBJECTID":31,"D":10,"MAXABSQ":-1,"C":110,"SF":-1,"ID":640,"LABEL":"E-RMW P-11F","LENGTH":170,"MATERIAL":"DI","START_NDID":508,"START_NODE":"RMW HSP-2F","STOP_NDID":337,"STOP_NODE":"E-RMW J-4F","MAX_V":-1,"Shape_Length":169.8856083719518}},{"type":"Feature","id":32,"geometry":{"type":"LineString","coordinates":[[-82.229782639081151,28.525884970797797],[-82.229295324676087,28.525757564883683]]},"properties":{"OBJECTID":32,"D":10,"MAXABSQ":-1,"C":110,"SF":-1,"ID":621,"LABEL":"E-RMW P-12F","LENGTH":163,"MATERIAL":"DI","START_NDID":338,"START_NODE":"E-RMW J-3F","STOP_NDID":507,"STOP_NODE":"RMW HSP-3F","MAX_V":-1,"Shape_Length":163.19501381528207}},{"type":"Feature","id":33,"geometry":{"type":"LineString","coordinates":[[-82.229295324676087,28.525757564883683],[-82.228798554898717,28.525888495770943]]},"properties":{"OBJECTID":33,"D":10,"MAXABSQ":-1,"C":110,"SF":-1,"ID":680,"LABEL":"E-RMW P-13F","LENGTH":166,"MATERIAL":"DI","START_NDID":507,"START_NODE":"RMW HSP-3F","STOP_NDID":337,"STOP_NODE":"E-RMW J-4F","MAX_V":-1,"Shape_Length":166.47055479663132}},{"type":"Feature","id":34,"geometry":{"type":"LineString","coordinates":[[-82.229782639081151,28.525884970797797],[-82.229296353648081,28.525491615166551]]},"properties":{"OBJECTID":34,"D":10,"MAXABSQ":-1,"C":110,"SF":-1,"ID":892,"LABEL":"E-RMW P-14F","LENGTH":212,"MATERIAL":"DI","START_NDID":338,"START_NODE":"E-RMW J-3F","STOP_NDID":506,"STOP_NODE":"RMW HSP-4F","MAX_V":-1,"Shape_Length":211.75024828865799}},{"type":"Feature","id":35,"geometry":{"type":"LineString","coordinates":[[-82.229296353648081,28.525491615166551],[-82.228798554898717,28.525888495770943]]},"properties":{"OBJECTID":35,"D":10,"MAXABSQ":-1,"C":110,"SF":-1,"ID":847,"LABEL":"E-RMW P-15F","LENGTH":215,"MATERIAL":"DI","START_NDID":506,"START_NODE":"RMW HSP-4F","STOP_NDID":337,"STOP_NODE":"E-RMW J-4F","MAX_V":-1,"Shape_Length":215.34782535636887}},{"type":"Feature","id":36,"geometry":{"type":"LineString","coordinates":[[-82.228798554898717,28.525888495770943],[-82.228644211127047,28.525405297973126]]},"properties":{"OBJECTID":36,"D":16,"MAXABSQ":-1,"C":110,"SF":-1,"ID":641,"LABEL":"E-RMW P-16F","LENGTH":183,"MATERIAL":"DI","START_NDID":337,"START_NODE":"E-RMW J-4F","STOP_NDID":9726,"STOP_NODE":"J-814767","MAX_V":-1,"Shape_Length":182.54234161934974}},{"type":"Feature","id":37,"geometry":{"type":"LineString","coordinates":[[-82.228644211127047,28.525405297973126],[-82.228550526696964,28.525157617521756],[-82.228587401335886,28.523670772274631],[-82.228641300332484,28.523433493688032]]},"properties":{"OBJECTID":37,"D":12,"MAXABSQ":-1,"C":135,"SF":-1,"ID":253306,"LABEL":"FP-155","LENGTH":724,"MATERIAL":"PVC","START_NDID":9726,"START_NODE":"J-814767","STOP_NDID":12748,"STOP_NODE":"J-820562","MAX_V":-1,"Shape_Length":723.66667092646117}},{"type":"Feature","id":38,"geometry":{"type":"LineString","coordinates":[[-82.228641300332484,28.523433493688032],[-82.228476256311012,28.523530652201085],[-82.223818136451598,28.523495445809527]]},"properties":{"OBJECTID":38,"D":16,"MAXABSQ":414.89999999999998,"C":135,"SF":0.0001,"ID":253307,"LABEL":"FP-15215A","LENGTH":2808,"MATERIAL":"PVC","START_NDID":12748,"START_NODE":"J-820562","STOP_NDID":9655,"STOP_NODE":"J-814260","MAX_V":0.66000000000000003,"Shape_Length":1559.5575884637592}},{"type":"Feature","id":39,"geometry":{"type":"LineString","coordinates":[[-82.235702892124877,28.520532047825533],[-82.235768430395282,28.520219703826569],[-82.236566552365943,28.520345701793033],[-82.236699899024032,28.511418412345417]]},"properties":{"OBJECTID":39,"D":12,"MAXABSQ":68.329999999999998,"C":130,"SF":0,"ID":252678,"LABEL":"Import_Pipe-2","LENGTH":3622,"MATERIAL":"Ductile Iron","START_NDID":9675,"START_NODE":"J-814311","STOP_NDID":252626,"STOP_NODE":"Import_Junc-1","MAX_V":0.19,"Shape_Length":3622.0030221250358}},{"type":"Feature","id":40,"geometry":{"type":"LineString","coordinates":[[-82.253265239157756,28.511311658988241],[-82.253301108613456,28.507677157844956]]},"properties":{"OBJECTID":40,"D":12,"MAXABSQ":-1,"C":130,"SF":-1,"ID":252672,"LABEL":"Import_Pipe-3","LENGTH":1322,"MATERIAL":"Ductile Iron","START_NDID":252639,"START_NODE":"Import_Junc-21","STOP_NDID":252636,"STOP_NODE":"Import_Junc-19","MAX_V":-1,"Shape_Length":1321.5131967539253}},{"type":"Feature","id":41,"geometry":{"type":"LineString","coordinates":[[-82.223678047048836,28.512514318456535],[-82.236699899024032,28.511418412345417]]},"properties":{"OBJECTID":41,"D":12,"MAXABSQ":192.22,"C":130,"SF":0.0001,"ID":252679,"LABEL":"Import_Pipe-4","LENGTH":5361,"MATERIAL":"Ductile Iron","START_NDID":13521,"START_NODE":"J-287","STOP_NDID":252626,"STOP_NODE":"Import_Junc-1","MAX_V":0.55000000000000004,"Shape_Length":4200.9577632650044}},{"type":"Feature","id":42,"geometry":{"type":"LineString","coordinates":[[-82.253301108613456,28.507677157844956],[-82.253268977180568,28.500518381229124]]},"properties":{"OBJECTID":42,"D":12,"MAXABSQ":-1,"C":130,"SF":-1,"ID":252674,"LABEL":"Import_Pipe-16","LENGTH":2603,"MATERIAL":"Ductile Iron","START_NDID":252636,"START_NODE":"Import_Junc-19","STOP_NDID":252646,"STOP_NODE":"Import_Junc-28","MAX_V":-1,"Shape_Length":2602.8675715551344}},{"type":"Feature","id":43,"geometry":{"type":"LineString","coordinates":[[-82.242013589316002,28.511392025256598],[-82.236699899024032,28.511418412345417]]},"properties":{"OBJECTID":43,"D":12,"MAXABSQ":506.38999999999999,"C":130,"SF":0.00069999999999999999,"ID":252681,"LABEL":"Import_Pipe-18","LENGTH":1707,"MATERIAL":"Ductile Iron","START_NDID":252884,"START_NODE":"TRIL_J-02","STOP_NDID":252626,"STOP_NODE":"Import_Junc-1","MAX_V":1.4399999999999999,"Shape_Length":1706.5491209152431}},{"type":"Feature","id":44,"geometry":{"type":"LineString","coordinates":[[-82.253268977180568,28.500518381229124],[-82.253264987979861,28.498016131615646]]},"properties":{"OBJECTID":44,"D":12,"MAXABSQ":-1,"C":130,"SF":-1,"ID":252676,"LABEL":"Import_Pipe-19","LENGTH":2658,"MATERIAL":"Ductile Iron","START_NDID":252646,"START_NODE":"Import_Junc-28","STOP_NDID":252649,"STOP_NODE":"Import_Junc-30","MAX_V":-1,"Shape_Length":909.78883087193753}},{"type":"Feature","id":45,"geometry":{"type":"LineString","coordinates":[[-82.236746530384309,28.497798959824287],[-82.236699899024032,28.511418412345417]]},"properties":{"OBJECTID":45,"D":16,"MAXABSQ":-1,"C":130,"SF":-1,"ID":252682,"LABEL":"Import_Pipe-23","LENGTH":6572,"MATERIAL":"Ductile Iron","START_NDID":252647,"START_NODE":"Import_Junc-29","STOP_NDID":252626,"STOP_NODE":"Import_Junc-1","MAX_V":-1,"Shape_Length":4951.8912750812369}},{"type":"Feature","id":46,"geometry":{"type":"LineString","coordinates":[[-82.25323010920188,28.512171268695088],[-82.253265239157756,28.511311658988241]]},"properties":{"OBJECTID":46,"D":16,"MAXABSQ":624.74000000000001,"C":130,"SF":0.00029999999999999997,"ID":252659,"LABEL":"Import_Pipe-24","LENGTH":313,"MATERIAL":"Ductile Iron","START_NDID":350,"START_NODE":"E-LR PRESS","STOP_NDID":252639,"STOP_NODE":"Import_Junc-21","MAX_V":1,"Shape_Length":312.74791009821297}},{"type":"Feature","id":47,"geometry":{"type":"LineString","coordinates":[[-82.231219518926309,28.524881660478744],[-82.231208081545603,28.525415963817114],[-82.230719064194872,28.525411229765627]]},"properties":{"OBJECTID":47,"D":12,"MAXABSQ":369.95999999999998,"C":110,"SF":0.00050000000000000001,"ID":251935,"LABEL":"P-11","LENGTH":351,"MATERIAL":"DI","START_NDID":251933,"START_NODE":"RMW WELL-1","STOP_NDID":251934,"STOP_NODE":"RMW WP-1","MAX_V":1.05,"Shape_Length":351.34082499034616}},{"type":"Feature","id":48,"geometry":{"type":"LineString","coordinates":[[-82.230719064194872,28.525411229765627],[-82.230309307061404,28.525416506727243]]},"properties":{"OBJECTID":48,"D":8,"MAXABSQ":369.95999999999998,"C":110,"SF":0.0038999999999999998,"ID":251936,"LABEL":"P-12","LENGTH":132,"MATERIAL":"DI","START_NDID":251934,"START_NODE":"RMW WP-1","STOP_NDID":14881,"STOP_NODE":"J-1830","MAX_V":2.3599999999999999,"Shape_Length":131.5923883034063}},{"type":"Feature","id":49,"geometry":{"type":"LineString","coordinates":[[-82.253214816760831,28.515299553375005],[-82.253363176484228,28.516726132565221]]},"properties":{"OBJECTID":49,"D":16,"MAXABSQ":607.60000000000002,"C":140,"SF":0.00020000000000000001,"ID":252712,"LABEL":"P-19","LENGTH":521,"MATERIAL":"PVC","START_NDID":9770,"START_NODE":"J-815032","STOP_NDID":252711,"STOP_NODE":"PRV-2","MAX_V":0.96999999999999997,"Shape_Length":520.87196875311633}},{"type":"Feature","id":50,"geometry":{"type":"LineString","coordinates":[[-82.253363176484228,28.516726132565221],[-82.253236162018268,28.518244057769021]]},"properties":{"OBJECTID":50,"D":16,"MAXABSQ":607.57000000000005,"C":140,"SF":0.00020000000000000001,"ID":252713,"LABEL":"P-20","LENGTH":553,"MATERIAL":"PVC","START_NDID":252711,"START_NODE":"PRV-2","STOP_NDID":9796,"STOP_NODE":"J-815077","MAX_V":0.96999999999999997,"Shape_Length":553.40610665936481}},{"type":"Feature","id":51,"geometry":{"type":"LineString","coordinates":[[-82.253214816760831,28.515299553375005],[-82.246913794476242,28.515071535271627]]},"properties":{"OBJECTID":51,"D":12,"MAXABSQ":251.61000000000001,"C":135,"SF":0.00020000000000000001,"ID":252715,"LABEL":"P-21","LENGTH":2025,"MATERIAL":"PVC","START_NDID":9770,"START_NODE":"J-815032","STOP_NDID":252977,"STOP_NODE":"PRV-5","MAX_V":0.70999999999999996,"Shape_Length":2025.2361903553538}},{"type":"Feature","id":52,"geometry":{"type":"LineString","coordinates":[[-82.246913794476242,28.515071535271627],[-82.240573763653018,28.515218630918817]]},"properties":{"OBJECTID":52,"D":12,"MAXABSQ":251.59999999999999,"C":135,"SF":0.00020000000000000001,"ID":252716,"LABEL":"P-22","LENGTH":2037,"MATERIAL":"PVC","START_NDID":252977,"START_NODE":"PRV-5","STOP_NDID":252890,"STOP_NODE":"TRIL_J-08","MAX_V":0.70999999999999996,"Shape_Length":2036.7682924863925}},{"type":"Feature","id":53,"geometry":{"type":"LineString","coordinates":[[-82.244198697584352,28.511402410663653],[-82.243843883945402,28.511438961651088]]},"properties":{"OBJECTID":53,"D":12,"MAXABSQ":476.94999999999999,"C":130,"SF":0.00059999999999999995,"ID":252718,"LABEL":"P-23","LENGTH":115,"MATERIAL":"Ductile Iron","START_NDID":252887,"START_NODE":"TRIL_J-05","STOP_NDID":252976,"STOP_NODE":"PRV-4","MAX_V":1.3500000000000001,"Shape_Length":114.72278174369579}},{"type":"Feature","id":54,"geometry":{"type":"LineString","coordinates":[[-82.243843883945402,28.511438961651088],[-82.243450243632992,28.511397430186268]]},"properties":{"OBJECTID":54,"D":12,"MAXABSQ":476.94999999999999,"C":130,"SF":0.00059999999999999995,"ID":252719,"LABEL":"P-24","LENGTH":127,"MATERIAL":"Ductile Iron","START_NDID":252976,"START_NODE":"PRV-4","STOP_NDID":252903,"STOP_NODE":"TRIL_J-21","MAX_V":1.3500000000000001,"Shape_Length":127.31850805386526}},{"type":"Feature","id":55,"geometry":{"type":"LineString","coordinates":[[-82.235353645908461,28.523977762934063],[-82.235352154229275,28.52397865234903],[-82.235278712911835,28.523978298245545],[-82.23527650807037,28.523978281436282],[-82.234391972386206,28.523961521891856],[-82.234393948597798,28.523478748436968],[-82.234394112639023,28.523445207461791]]},"properties":{"OBJECTID":55,"D":8,"MAXABSQ":0,"C":135,"SF":0,"ID":253705,"LABEL":"P-1000","LENGTH":497,"MATERIAL":"PVC","START_NDID":253703,"START_NODE":"J-17001","STOP_NDID":10881,"STOP_NODE":"J-217761","MAX_V":0,"Shape_Length":496.70242264270888}},{"type":"Feature","id":56,"geometry":{"type":"LineString","coordinates":[[-82.235823612149929,28.524588981379313],[-82.235825191190216,28.524111857265588],[-82.235677391234461,28.523980218674552],[-82.235377558020772,28.523978776109214],[-82.235353645908461,28.523977762934063]]},"properties":{"OBJECTID":56,"D":8,"MAXABSQ":0,"C":135,"SF":0,"ID":253709,"LABEL":"P-1001","LENGTH":345,"MATERIAL":"PVC","START_NDID":253707,"START_NODE":"J-17002","STOP_NDID":253703,"STOP_NODE":"J-17001","MAX_V":0,"Shape_Length":344.85285313110876}},{"type":"Feature","id":57,"geometry":{"type":"LineString","coordinates":[[-82.235279899409178,28.523978304441794],[-82.235279897098067,28.523978666118641],[-82.235278363706399,28.524243196024138],[-82.235275407861508,28.52463708486437],[-82.235387232587883,28.52473534867126],[-82.235764449992757,28.524737506792672],[-82.23582202127379,28.524687106842585],[-82.235824607712672,28.52459131543862],[-82.235823612149929,28.524588981379313]]},"properties":{"OBJECTID":57,"D":8,"MAXABSQ":0,"C":135,"SF":0,"ID":253708,"LABEL":"P-1002","LENGTH":473,"MATERIAL":"PVC","START_NDID":253695,"START_NODE":"J-17000","STOP_NDID":253707,"STOP_NODE":"J-17002","MAX_V":0,"Shape_Length":473.09282259619181}},{"type":"Feature","id":58,"geometry":{"type":"LineString","coordinates":[[-82.229629817684099,28.53316159517998],[-82.229670716751428,28.533175589998681],[-82.229931616140348,28.533268029643573],[-82.230099413386426,28.533334419728025],[-82.23010046228525,28.533334834630743],[-82.230149067175006,28.533352713510986],[-82.23014438171208,28.533350990393352]]},"properties":{"OBJECTID":58,"D":8,"MAXABSQ":28.609999999999999,"C":110,"SF":0,"ID":36797,"LABEL":"P-11296A","LENGTH":182,"MATERIAL":"DI","START_NDID":13240,"START_NODE":"J-809037","STOP_NDID":2545,"STOP_NODE":"J-FH_Tee-1927","MAX_V":0.17999999999999999,"Shape_Length":182.28961482615995}},{"type":"Feature","id":59,"geometry":{"type":"LineString","coordinates":[[-82.23014438171208,28.533350990393352],[-82.230142195976114,28.533350186570846],[-82.230153961884767,28.533354340306424],[-82.230366104382441,28.533435268950509],[-82.230593933822192,28.533515890092684],[-82.230736319257744,28.533570583986151],[-82.230799165948923,28.533592109328094],[-82.230862748519684,28.533611877591277],[-82.230970862827888,28.533641033523388],[-82.23108056840826,28.533665111708462],[-82.231186475191748,28.533683293732825],[-82.231293284370025,28.533696743202423],[-82.231400724945516,28.533705425993237],[-82.231475005134868,28.533708626030492],[-82.231549366365783,28.533709545745861],[-82.231604541814775,28.533709748711281],[-82.231918296899664,28.533710902057514],[-82.232005918605651,28.533711225476985]]},"properties":{"OBJECTID":59,"D":8,"MAXABSQ":25.890000000000001,"C":110,"SF":0,"ID":36798,"LABEL":"P-11296B","LENGTH":622,"MATERIAL":"DI","START_NDID":2545,"START_NODE":"J-FH_Tee-1927","STOP_NDID":13242,"STOP_NODE":"J-809039","MAX_V":0.17000000000000001,"Shape_Length":621.85288367322664}},{"type":"Feature","id":60,"geometry":{"type":"LineString","coordinates":[[-82.229629817684099,28.53316159517998],[-82.229631504755261,28.533157572675361],[-82.229760215976214,28.532865039777956],[-82.229741983694211,28.532845963685098],[-82.229727263302848,28.532824652869515],[-82.229716399990593,28.532801607066197],[-82.229709648497547,28.532777366694944],[-82.22970716714201,28.532752500187609],[-82.229709014108238,28.532727590658375],[-82.22971514608227,28.532703222229934],[-82.229725419267993,28.532679966335827],[-82.22974164260809,28.532655785225451],[-82.229761212682575,28.532637780617268],[-82.229783833580214,28.532622821331199],[-82.229808904858672,28.532611304441197],[-82.229835761034423,28.532603535647478],[-82.229863689246756,28.532599721161979],[-82.229891948179613,28.532599962234965],[-82.229919787738538,28.532604252467443],[-82.22994646896062,28.532612477981107],[-82.229969142642616,28.532623198578452],[-82.229989772102243,28.532636762072194],[-82.230007903812592,28.532652870277197],[-82.230024809823263,28.532670572188707],[-82.230038128240196,28.532690520214501],[-82.230047484467121,28.532712153295861],[-82.230052615347944,28.532734862979879],[-82.230053376568478,28.532758010532614],[-82.23004974671575,28.53278094490425],[-82.230041827880513,28.532803021040465],[-82.230035448629565,28.532815022513613],[-82.230027795437721,28.532826428374559],[-82.229966553498301,28.532872078054087],[-82.229882987619192,28.532909156861056],[-82.229760215976214,28.532865039777956]]},"properties":{"OBJECTID":60,"D":3,"MAXABSQ":1.4399999999999999,"C":100,"SF":0,"ID":20575,"LABEL":"P-11297","LENGTH":463,"MATERIAL":"DI","START_NDID":13240,"START_NODE":"J-809037","STOP_NDID":13239,"STOP_NODE":"J-809036","MAX_V":0.070000000000000007,"Shape_Length":462.76474399264976}},{"type":"Feature","id":61,"geometry":{"type":"LineString","coordinates":[[-82.229021248362088,28.532934795158521],[-82.229025469279236,28.532935937692283],[-82.229230873259667,28.532991503278247],[-82.229629817684099,28.53316159517998]]},"properties":{"OBJECTID":61,"D":8,"MAXABSQ":30.510000000000002,"C":110,"SF":0,"ID":21199,"LABEL":"P-11298","LENGTH":213,"MATERIAL":"DI","START_NDID":13241,"START_NODE":"J-809038","STOP_NDID":13240,"STOP_NODE":"J-809037","MAX_V":0.19,"Shape_Length":212.64014425921698}},{"type":"Feature","id":62,"geometry":{"type":"LineString","coordinates":[[-82.228849952347588,28.53324964481309],[-82.228865487978311,28.533220118865106],[-82.228894842145351,28.533164336086472],[-82.229001068134821,28.532978498040443],[-82.229021248362088,28.532934795158521]]},"properties":{"OBJECTID":62,"D":8,"MAXABSQ":27.039999999999999,"C":110,"SF":0,"ID":37230,"LABEL":"P-11299C","LENGTH":510,"MATERIAL":"DI","START_NDID":2544,"START_NODE":"J-FH_Tee-1926","STOP_NDID":13241,"STOP_NODE":"J-809038","MAX_V":0.17000000000000001,"Shape_Length":127.05249526092278}},{"type":"Feature","id":63,"geometry":{"type":"LineString","coordinates":[[-82.22899350405514,28.528384236115599],[-82.229002711755925,28.528392341039552],[-82.228832038596948,28.528539775820608],[-82.228714949232639,28.528563214957785],[-82.228602046960802,28.528562845308077]]},"properties":{"OBJECTID":63,"D":8,"MAXABSQ":108.53,"C":110,"SF":0.00040000000000000002,"ID":20738,"LABEL":"P-11318","LENGTH":156,"MATERIAL":"DI","START_NDID":9732,"START_NODE":"J-814778","STOP_NDID":13222,"STOP_NODE":"J-809017","MAX_V":0.68999999999999995,"Shape_Length":155.64131386442159}},{"type":"Feature","id":64,"geometry":{"type":"LineString","coordinates":[[-82.228602046960802,28.528562845308077],[-82.228595165945137,28.528563545853785],[-82.228361439410804,28.528564577061292],[-82.22831099242876,28.528563600219275]]},"properties":{"OBJECTID":64,"D":8,"MAXABSQ":0.16,"C":110,"SF":0,"ID":20441,"LABEL":"P-11319","LENGTH":93,"MATERIAL":"DI","START_NDID":13222,"START_NODE":"J-809017","STOP_NDID":4932,"STOP_NODE":"J-809018","MAX_V":0,"Shape_Length":93.478108715661335}},{"type":"Feature","id":65,"geometry":{"type":"LineString","coordinates":[[-82.227648971676331,28.532123592513024],[-82.227677518409394,28.532131484407955],[-82.227914483887616,28.532196993906034],[-82.227922424156503,28.532199246880076],[-82.227928575870891,28.532201079299373],[-82.227934702777105,28.532202961266503],[-82.227940773743413,28.532204898334484],[-82.227946844851957,28.532206901410575],[-82.227952909897724,28.532208981506727],[-82.227958900281891,28.532211100232967],[-82.227964890808394,28.532213284967352],[-82.227970856574103,28.532215541252452],[-82.227976772616827,28.532217847127239],[-82.227982676344425,28.532220219031117],[-82.227988542818309,28.532222646004488],[-82.227994372050347,28.532225133548074],[-82.228000170257431,28.532227676150708],[-82.228005937463266,28.53223028481381],[-82.228011673632309,28.532232943035275],[-82.228017385016955,28.532235661806041],[-82.228023046702347,28.532238441167962],[-82.22802867114595,28.532241281100106],[-82.228064877373825,28.532261567485435],[-82.228095020837713,28.532281086733477]]},"properties":{"OBJECTID":65,"D":8,"MAXABSQ":65.060000000000002,"C":110,"SF":0.00020000000000000001,"ID":35425,"LABEL":"P-11691A","LENGTH":635,"MATERIAL":"DI","START_NDID":13224,"START_NODE":"J-809020","STOP_NDID":2525,"STOP_NODE":"J-FH_Tee-1909","MAX_V":0.41999999999999998,"Shape_Length":155.22941828321461}},{"type":"Feature","id":66,"geometry":{"type":"LineString","coordinates":[[-82.228095020837713,28.532281086733477],[-82.228096546446423,28.532282074633329],[-82.228141340883866,28.532315511180059],[-82.228159295892539,28.532334601532938],[-82.228168898787644,28.532348205191216],[-82.22830423279045,28.532539815482512],[-82.228968513484929,28.532866171797441],[-82.228990382741458,28.532925958032084],[-82.229021248362088,28.532934795158521]]},"properties":{"OBJECTID":66,"D":8,"MAXABSQ":59.729999999999997,"C":110,"SF":0.0001,"ID":35426,"LABEL":"P-11691B","LENGTH":394,"MATERIAL":"DI","START_NDID":2525,"START_NODE":"J-FH_Tee-1909","STOP_NDID":13241,"STOP_NODE":"J-809038","MAX_V":0.38,"Shape_Length":393.74201056077288}},{"type":"Feature","id":67,"geometry":{"type":"LineString","coordinates":[[-82.22380962370876,28.523411412128539],[-82.228271832164339,28.52343194220683],[-82.228458905295568,28.523432879161504],[-82.228641300332484,28.523433493688032]]},"properties":{"OBJECTID":67,"D":12,"MAXABSQ":-1,"C":110,"SF":-1,"ID":30012,"LABEL":"P-15215A","LENGTH":2789,"MATERIAL":"DI","START_NDID":9655,"START_NODE":"J-814260","STOP_NDID":12748,"STOP_NODE":"J-820562","MAX_V":-1,"Shape_Length":1551.5644925796937}},{"type":"Feature","id":68,"geometry":{"type":"LineString","coordinates":[[-82.228641300332484,28.523433493688032],[-82.228641300332484,28.523433493688032],[-82.228647392821046,28.523433365168628],[-82.228721672737166,28.523433592179682]]},"properties":{"OBJECTID":68,"D":12,"MAXABSQ":247.97,"C":135,"SF":0.00020000000000000001,"ID":30013,"LABEL":"P-15215B","LENGTH":26,"MATERIAL":"PVC","START_NDID":12748,"START_NODE":"J-820562","STOP_NDID":12747,"STOP_NODE":"J-820561","MAX_V":0.69999999999999996,"Shape_Length":25.809815914405149}},{"type":"Feature","id":69,"geometry":{"type":"LineString","coordinates":[[-82.230474291296659,28.521929841289772],[-82.230422341446342,28.521885015943059],[-82.229549271728132,28.521885773299829]]},"properties":{"OBJECTID":69,"D":6,"MAXABSQ":0,"C":130,"SF":0,"ID":22097,"LABEL":"P-15216","LENGTH":304,"MATERIAL":"DI","START_NDID":9663,"START_NODE":"J-814291","STOP_NDID":17846,"STOP_NODE":"FH-10089","MAX_V":0,"Shape_Length":303.68581573290135}},{"type":"Feature","id":70,"geometry":{"type":"LineString","coordinates":[[-82.230543504744375,28.521870487864319],[-82.230547824951827,28.521873092005038],[-82.230637933870327,28.521940446780075],[-82.231053441239794,28.521939740768911],[-82.231055994450514,28.521939590657308],[-82.231825397805196,28.521938425721938]]},"properties":{"OBJECTID":70,"D":6,"MAXABSQ":29.739999999999998,"C":100,"SF":0.00020000000000000001,"ID":23504,"LABEL":"P-15217","LENGTH":421,"MATERIAL":"DI","START_NDID":9662,"START_NODE":"J-814290","STOP_NDID":9672,"STOP_NODE":"J-814305","MAX_V":0.34000000000000002,"Shape_Length":420.91304406379049}},{"type":"Feature","id":71,"geometry":{"type":"LineString","coordinates":[[-82.228465237165906,28.522888725297825],[-82.23040284708901,28.52288466095748],[-82.23044951205506,28.522884752331535]]},"properties":{"OBJECTID":71,"D":6,"MAXABSQ":21.77,"C":135,"SF":0.0001,"ID":24519,"LABEL":"P-15218","LENGTH":637,"MATERIAL":"PVC","START_NDID":5766,"START_NODE":"J-816443","STOP_NDID":9664,"STOP_NODE":"J-814292","MAX_V":0.25,"Shape_Length":637.19369491643954}},{"type":"Feature","id":72,"geometry":{"type":"LineString","coordinates":[[-82.230543504744375,28.521870487864319],[-82.230474291296659,28.521929841289772]]},"properties":{"OBJECTID":72,"D":6,"MAXABSQ":12.92,"C":135,"SF":0,"ID":31499,"LABEL":"P-15219A","LENGTH":31,"MATERIAL":"PVC","START_NDID":9662,"START_NODE":"J-814290","STOP_NDID":9663,"STOP_NODE":"J-814291","MAX_V":0.14999999999999999,"Shape_Length":30.979113323171767}},{"type":"Feature","id":73,"geometry":{"type":"LineString","coordinates":[[-82.230474291296659,28.521929841289772],[-82.230456112553128,28.52194542956865],[-82.230455905423014,28.521966889645174],[-82.230458090829401,28.522747190801663]]},"properties":{"OBJECTID":73,"D":6,"MAXABSQ":12.76,"C":135,"SF":0,"ID":33796,"LABEL":"P-15219B","LENGTH":300,"MATERIAL":"PVC","START_NDID":9663,"START_NODE":"J-814291","STOP_NDID":2456,"STOP_NODE":"J-FH_Tee-1847","MAX_V":0.14000000000000001,"Shape_Length":299.64891921874886}},{"type":"Feature","id":74,"geometry":{"type":"LineString","coordinates":[[-82.230458090829401,28.522747190801663],[-82.230458092477448,28.522747779228677],[-82.230462325036541,28.522813881196051],[-82.23044951205506,28.522884752331535]]},"properties":{"OBJECTID":74,"D":6,"MAXABSQ":12.33,"C":135,"SF":0,"ID":33797,"LABEL":"P-15219C","LENGTH":50,"MATERIAL":"PVC","START_NDID":2456,"START_NODE":"J-FH_Tee-1847","STOP_NDID":9664,"STOP_NODE":"J-814292","MAX_V":0.14000000000000001,"Shape_Length":50.380657592876979}},{"type":"Feature","id":75,"geometry":{"type":"LineString","coordinates":[[-82.228386429901008,28.523367579464612],[-82.228386431253568,28.523367484574759],[-82.228387030991058,28.523325706898181],[-82.228459866088187,28.523326028618822],[-82.228466779563263,28.523326096753202],[-82.228466759563076,28.523320431035064],[-82.228466422092993,28.523224566256438],[-82.228465237165906,28.522888725297825]]},"properties":{"OBJECTID":75,"D":8,"MAXABSQ":25.390000000000001,"C":135,"SF":0,"ID":20961,"LABEL":"P-15220","LENGTH":200,"MATERIAL":"PVC","START_NDID":12853,"START_NODE":"J-820801","STOP_NDID":5766,"STOP_NODE":"J-816443","MAX_V":0.16,"Shape_Length":199.85898203264242}},{"type":"Feature","id":76,"geometry":{"type":"LineString","coordinates":[[-82.228467295673013,28.522556539604352],[-82.228431396678729,28.52255592200488]]},"properties":{"OBJECTID":76,"D":6,"MAXABSQ":0.35999999999999999,"C":100,"SF":0,"ID":19295,"LABEL":"P-15221","LENGTH":12,"MATERIAL":"DI","START_NDID":9666,"START_NODE":"J-814294","STOP_NDID":13564,"STOP_NODE":"J-338","MAX_V":0,"Shape_Length":11.530135229978445}},{"type":"Feature","id":77,"geometry":{"type":"LineString","coordinates":[[-82.228466079424962,28.521261108749648],[-82.228466422227442,28.521277456086441],[-82.228399368050773,28.521277779232282]]},"properties":{"OBJECTID":77,"D":6,"MAXABSQ":0.16,"C":100,"SF":0,"ID":19618,"LABEL":"P-15222","LENGTH":27,"MATERIAL":"DI","START_NDID":9667,"START_NODE":"J-814295","STOP_NDID":13741,"STOP_NODE":"J-547","MAX_V":0,"Shape_Length":27.477861527734049}},{"type":"Feature","id":78,"geometry":{"type":"LineString","coordinates":[[-82.229172391252433,28.521194431326453],[-82.229185839533017,28.521217591473821],[-82.229153064686713,28.521232237448203]]},"properties":{"OBJECTID":78,"D":6,"MAXABSQ":7.5300000000000002,"C":100,"SF":0,"ID":19409,"LABEL":"P-15223","LENGTH":21,"MATERIAL":"DI","START_NDID":9668,"START_NODE":"J-814297","STOP_NDID":13615,"STOP_NODE":"J-395","MAX_V":0.089999999999999997,"Shape_Length":21.258896874272246}},{"type":"Feature","id":79,"geometry":{"type":"LineString","coordinates":[[-82.229423395207164,28.521095497849473],[-82.22942538085276,28.521138137541989],[-82.229379766119948,28.521138060542054]]},"properties":{"OBJECTID":79,"D":6,"MAXABSQ":0.16,"C":135,"SF":0,"ID":19585,"LABEL":"P-15224","LENGTH":30,"MATERIAL":"PVC","START_NDID":9669,"START_NODE":"J-814299","STOP_NDID":13716,"STOP_NODE":"J-519","MAX_V":0,"Shape_Length":30.164523650596145}},{"type":"Feature","id":80,"geometry":{"type":"LineString","coordinates":[[-82.228465237165906,28.522888725297825],[-82.228467295673013,28.522556539604352]]},"properties":{"OBJECTID":80,"D":6,"MAXABSQ":3.9399999999999999,"C":100,"SF":0,"ID":29579,"LABEL":"P-15225A","LENGTH":121,"MATERIAL":"DI","START_NDID":5766,"START_NODE":"J-816443","STOP_NDID":9666,"STOP_NODE":"J-814294","MAX_V":0.040000000000000001,"Shape_Length":120.78078650301227}},{"type":"Feature","id":81,"geometry":{"type":"LineString","coordinates":[[-82.228467295673013,28.522556539604352],[-82.228467295673013,28.522556539604352],[-82.228469300629627,28.522364908656261],[-82.228415532976086,28.522354847467053],[-82.228384756001915,28.522349088340643]]},"properties":{"OBJECTID":81,"D":6,"MAXABSQ":4.6500000000000004,"C":100,"SF":0,"ID":37519,"LABEL":"P-15225B","LENGTH":97,"MATERIAL":"DI","START_NDID":9666,"START_NODE":"J-814294","STOP_NDID":2457,"STOP_NODE":"J-FH_Tee-1848","MAX_V":0.050000000000000003,"Shape_Length":97.429655815559627}},{"type":"Feature","id":82,"geometry":{"type":"LineString","coordinates":[[-82.228384756001915,28.522349088340643],[-82.227918144494183,28.52226177295524],[-82.227912886061347,28.521548482715087],[-82.227912885365058,28.521548331310878]]},"properties":{"OBJECTID":82,"D":6,"MAXABSQ":4.8099999999999996,"C":100,"SF":0,"ID":37520,"LABEL":"P-15225C","LENGTH":413,"MATERIAL":"DI","START_NDID":2457,"START_NODE":"J-FH_Tee-1848","STOP_NDID":2461,"STOP_NODE":"J-FH_Tee-1851","MAX_V":0.050000000000000003,"Shape_Length":412.57050055178314}},{"type":"Feature","id":83,"geometry":{"type":"LineString","coordinates":[[-82.227912885365058,28.521548331310878],[-82.227912865589147,28.521544031282495],[-82.227912330246738,28.521292200439071],[-82.227959391210192,28.521261728566746],[-82.228088038756823,28.521260941949308],[-82.228146776774835,28.521260583415838],[-82.22814713800642,28.521260584184425],[-82.22837925518732,28.52126080753132],[-82.228466079424962,28.521261108749648]]},"properties":{"OBJECTID":83,"D":6,"MAXABSQ":5.7999999999999998,"C":100,"SF":0,"ID":38698,"LABEL":"P-15225D","LENGTH":275,"MATERIAL":"DI","START_NDID":2461,"START_NODE":"J-FH_Tee-1851","STOP_NDID":9667,"STOP_NODE":"J-814295","MAX_V":0.070000000000000007,"Shape_Length":274.57738841586104}},{"type":"Feature","id":84,"geometry":{"type":"LineString","coordinates":[[-82.228466079424962,28.521261108749648],[-82.228519393524152,28.521261441005723],[-82.228851561916329,28.521260880515356],[-82.228859946364395,28.521260818260515],[-82.228910949040241,28.521260443547892],[-82.22901403961545,28.521259683984848],[-82.229167622196996,28.521195202597344],[-82.229172391252433,28.521194431326453]]},"properties":{"OBJECTID":84,"D":6,"MAXABSQ":6.1200000000000001,"C":100,"SF":0,"ID":38699,"LABEL":"P-15225E","LENGTH":232,"MATERIAL":"DI","START_NDID":9667,"START_NODE":"J-814295","STOP_NDID":9668,"STOP_NODE":"J-814297","MAX_V":0.070000000000000007,"Shape_Length":232.13161422941809}},{"type":"Feature","id":85,"geometry":{"type":"LineString","coordinates":[[-82.229172391252433,28.521194431326453],[-82.229172391252433,28.521194431326453],[-82.229292908059563,28.521136855354921]]},"properties":{"OBJECTID":85,"D":6,"MAXABSQ":13.81,"C":100,"SF":0,"ID":32542,"LABEL":"P-15225F","LENGTH":44,"MATERIAL":"DI","START_NDID":9668,"START_NODE":"J-814297","STOP_NDID":2460,"STOP_NODE":"J-FH_Tee-1850","MAX_V":0.16,"Shape_Length":44.000053193744357}},{"type":"Feature","id":86,"geometry":{"type":"LineString","coordinates":[[-82.229292908059563,28.521136855354921],[-82.229292908059563,28.521136855354921],[-82.229327836645481,28.521123844929377],[-82.229402806048796,28.52109592041743],[-82.229423395207164,28.521095497849473]]},"properties":{"OBJECTID":86,"D":6,"MAXABSQ":13.970000000000001,"C":135,"SF":0,"ID":32543,"LABEL":"P-15225G","LENGTH":45,"MATERIAL":"PVC","START_NDID":2460,"START_NODE":"J-FH_Tee-1850","STOP_NDID":9669,"STOP_NODE":"J-814299","MAX_V":0.16,"Shape_Length":44.914690371591256}},{"type":"Feature","id":87,"geometry":{"type":"LineString","coordinates":[[-82.229423395207164,28.521095497849473],[-82.229423395207164,28.521095497849473],[-82.229843180572203,28.521094546296826],[-82.230160041219222,28.521095371311549],[-82.230268108567827,28.521095651630986],[-82.230447775501375,28.521272744206183],[-82.230564006671514,28.521384028946478]]},"properties":{"OBJECTID":87,"D":6,"MAXABSQ":15.4,"C":100,"SF":0.0001,"ID":31910,"LABEL":"P-15225H","LENGTH":413,"MATERIAL":"DI","START_NDID":9669,"START_NODE":"J-814299","STOP_NDID":9670,"STOP_NODE":"J-814301","MAX_V":0.17000000000000001,"Shape_Length":412.76530252635143}},{"type":"Feature","id":88,"geometry":{"type":"LineString","coordinates":[[-82.230564006671514,28.521384028946478],[-82.230489980468874,28.521443240655344],[-82.230404588690874,28.521443385497143]]},"properties":{"OBJECTID":88,"D":6,"MAXABSQ":0.16,"C":100,"SF":0,"ID":20114,"LABEL":"P-15227","LENGTH":59,"MATERIAL":"DI","START_NDID":9670,"START_NODE":"J-814301","STOP_NDID":14063,"STOP_NODE":"J-920","MAX_V":0,"Shape_Length":59.492955499010336}},{"type":"Feature","id":89,"geometry":{"type":"LineString","coordinates":[[-82.230646724859426,28.521792338436054],[-82.230760710193451,28.521792155878597]]},"properties":{"OBJECTID":89,"D":6,"MAXABSQ":0.16,"C":100,"SF":0,"ID":19848,"LABEL":"P-15228","LENGTH":37,"MATERIAL":"DI","START_NDID":9671,"START_NODE":"J-814303","STOP_NDID":13880,"STOP_NODE":"J-715","MAX_V":0,"Shape_Length":36.603500212356835}},{"type":"Feature","id":90,"geometry":{"type":"LineString","coordinates":[[-82.231825397805196,28.521938425721938],[-82.231823565752052,28.521061748524062],[-82.231823325272728,28.520823682792695]]},"properties":{"OBJECTID":90,"D":12,"MAXABSQ":279.05000000000001,"C":135,"SF":0.00020000000000000001,"ID":23441,"LABEL":"P-15229","LENGTH":405,"MATERIAL":"PVC","START_NDID":9672,"START_NODE":"J-814305","STOP_NDID":9679,"STOP_NODE":"J-814319","MAX_V":0.79000000000000004,"Shape_Length":405.30854797667001}},{"type":"Feature","id":91,"geometry":{"type":"LineString","coordinates":[[-82.231825316337151,28.522887706075863],[-82.231825340034177,28.522820956057355],[-82.231825342699906,28.52279014509109]]},"properties":{"OBJECTID":91,"D":12,"MAXABSQ":20.68,"C":110,"SF":0,"ID":31197,"LABEL":"P-15230A","LENGTH":35,"MATERIAL":"DI","START_NDID":9673,"START_NODE":"J-814306","STOP_NDID":11446,"STOP_NODE":"J-818433","MAX_V":0.059999999999999998,"Shape_Length":35.472083790990709}},{"type":"Feature","id":92,"geometry":{"type":"LineString","coordinates":[[-82.231825342699906,28.52279014509109],[-82.231825342699906,28.52279014509109],[-82.231825397805196,28.521938425721938]]},"properties":{"OBJECTID":92,"D":12,"MAXABSQ":249.15000000000001,"C":110,"SF":0.00029999999999999997,"ID":31198,"LABEL":"P-15230B","LENGTH":310,"MATERIAL":"DI","START_NDID":11446,"START_NODE":"J-818433","STOP_NDID":9672,"STOP_NODE":"J-814305","MAX_V":0.70999999999999996,"Shape_Length":309.67561266151284}},{"type":"Feature","id":93,"geometry":{"type":"LineString","coordinates":[[-82.23044951205506,28.522884752331535],[-82.230629587177987,28.522885842565557],[-82.230925183747985,28.522885890512249],[-82.231426081182647,28.522886308844097],[-82.231487055413169,28.522886391987896],[-82.231663981394803,28.522887119042903],[-82.231825316337151,28.522887706075863]]},"properties":{"OBJECTID":93,"D":8,"MAXABSQ":9.5999999999999996,"C":110,"SF":0,"ID":23687,"LABEL":"P-15231","LENGTH":442,"MATERIAL":"DI","START_NDID":9664,"START_NODE":"J-814292","STOP_NDID":9673,"STOP_NODE":"J-814306","MAX_V":0.059999999999999998,"Shape_Length":441.80189877212308}},{"type":"Feature","id":94,"geometry":{"type":"LineString","coordinates":[[-82.235673886112082,28.520623597296005],[-82.235733900168654,28.520623795720059]]},"properties":{"OBJECTID":94,"D":6,"MAXABSQ":10.380000000000001,"C":135,"SF":0,"ID":19308,"LABEL":"P-15232","LENGTH":19,"MATERIAL":"PVC","START_NDID":9674,"START_NODE":"J-814310","STOP_NDID":13569,"STOP_NODE":"J-345","MAX_V":0.12,"Shape_Length":19.272313923791611}},{"type":"Feature","id":95,"geometry":{"type":"LineString","coordinates":[[-82.235702892124877,28.520532047825533],[-82.235645276243375,28.520531993747856]]},"properties":{"OBJECTID":95,"D":6,"MAXABSQ":0.16,"C":135,"SF":0,"ID":19531,"LABEL":"P-15233","LENGTH":19,"MATERIAL":"PVC","START_NDID":9675,"START_NODE":"J-814311","STOP_NDID":13679,"STOP_NODE":"J-471","MAX_V":0,"Shape_Length":18.502084747030398}},{"type":"Feature","id":96,"geometry":{"type":"LineString","coordinates":[[-82.235673886112082,28.520623597296005],[-82.235678821445759,28.520608010665963],[-82.23569449335676,28.520558548413753],[-82.235702892124877,28.520532047825533]]},"properties":{"OBJECTID":96,"D":12,"MAXABSQ":292.61000000000001,"C":135,"SF":0.00020000000000000001,"ID":29967,"LABEL":"P-15234A","LENGTH":35,"MATERIAL":"PVC","START_NDID":9674,"START_NODE":"J-814310","STOP_NDID":9675,"STOP_NODE":"J-814311","MAX_V":0.82999999999999996,"Shape_Length":34.56507241839855}},{"type":"Feature","id":97,"geometry":{"type":"LineString","coordinates":[[-82.235702892124877,28.520532047825533],[-82.235702892124877,28.520532047825533],[-82.235784665366438,28.520273976674158],[-82.236578325919339,28.520456421792094],[-82.236679766687757,28.520474459409918],[-82.236708938979845,28.520454978632397],[-82.236722685522111,28.52045343785532],[-82.237872609521872,28.520608706289906]]},"properties":{"OBJECTID":97,"D":12,"MAXABSQ":361.25999999999999,"C":135,"SF":0.00040000000000000002,"ID":29968,"LABEL":"P-15234B","LENGTH":784,"MATERIAL":"PVC","START_NDID":9675,"START_NODE":"J-814311","STOP_NDID":15058,"STOP_NODE":"J-2018","MAX_V":1.02,"Shape_Length":783.78170366687709}},{"type":"Feature","id":98,"geometry":{"type":"LineString","coordinates":[[-82.234150103982898,28.520618288911347],[-82.234187336527057,28.520618824318358],[-82.234303908028679,28.520619206411578],[-82.234740517039199,28.520620609039039],[-82.235612295868748,28.520623400235699]]},"properties":{"OBJECTID":98,"D":12,"MAXABSQ":281.91000000000003,"C":135,"SF":0.00020000000000000001,"ID":36899,"LABEL":"P-15235A","LENGTH":470,"MATERIAL":"PVC","START_NDID":9677,"START_NODE":"J-814315","STOP_NDID":2455,"STOP_NODE":"J-FH_Tee-1846","MAX_V":0.80000000000000004,"Shape_Length":469.55498827410077}},{"type":"Feature","id":99,"geometry":{"type":"LineString","coordinates":[[-82.235612295868748,28.520623400235699],[-82.235673886112082,28.520623597296005]]},"properties":{"OBJECTID":99,"D":12,"MAXABSQ":282.06999999999999,"C":135,"SF":0.00020000000000000001,"ID":36900,"LABEL":"P-15235B","LENGTH":20,"MATERIAL":"PVC","START_NDID":2455,"START_NODE":"J-FH_Tee-1846","STOP_NDID":9674,"STOP_NODE":"J-814310","MAX_V":0.80000000000000004,"Shape_Length":19.778465937816392}},{"type":"Feature","id":100,"geometry":{"type":"LineString","coordinates":[[-82.234150103982898,28.520618288911347],[-82.234150426193892,28.520786682228202],[-82.234150488940045,28.520820720641797]]},"properties":{"OBJECTID":100,"D":8,"MAXABSQ":0.62,"C":135,"SF":0,"ID":20258,"LABEL":"P-15236","LENGTH":74,"MATERIAL":"PVC","START_NDID":9677,"START_NODE":"J-814315","STOP_NDID":4834,"STOP_NODE":"J-814318","MAX_V":0,"Shape_Length":73.602002734190279}},{"type":"Feature","id":101,"geometry":{"type":"LineString","coordinates":[[-82.232838724898798,28.520661682614993],[-82.232844551119854,28.520660203934828],[-82.232850389833118,28.520658741735197],[-82.232856247266582,28.520657296005421],[-82.232862086064102,28.520655872310257],[-82.232867924921891,28.520654476118395],[-82.232873807412091,28.52065309635368],[-82.232879671254281,28.520651733122882],[-82.232885541372681,28.520650391884015],[-82.232891411563457,28.520649083649115],[-82.232897325362472,28.52064778083998],[-82.232903220525586,28.520646500065446],[-82.232909097052769,28.520645241325511],[-82.232914992336461,28.520644015557561],[-82.232920918772336,28.520642795236689],[-82.23292683281241,28.520641602440463],[-82.232932746888622,28.520640426146102],[-82.232938679709278,28.520639277323024],[-82.232944600097909,28.520638139522436],[-82.232950539230984,28.520637029193139],[-82.232956497084317,28.520635935333665],[-82.23296241762975,28.520634869041555],[-82.232968363147677,28.52063383021002],[-82.23297435224967,28.52063278580275],[-82.23298029162396,28.520631785486344],[-82.232986224818475,28.520630807183213],[-82.232992232761447,28.52062983425235],[-82.232998203396534,28.520628888888854],[-82.23300414917982,28.520627971071381],[-82.233010163495621,28.520627064137582],[-82.233016128035388,28.520626179291803],[-82.233022092659695,28.520625332950743],[-82.233028125792345,28.520624486491926],[-82.233034096717091,28.520623673143913],[-82.2330400988061,28.520622870743644],[-82.233046119639653,28.520622095814627],[-82.233052128065395,28.520621342909536],[-82.233058130311392,28.520620612017716],[-82.233064138833726,28.520619903117783],[-82.233070153608239,28.52061920520833],[-82.233076168443134,28.520618534802136],[-82.233082195794523,28.52061789187788],[-82.233088235626113,28.520617259933406],[-82.233094269290078,28.520616655502895],[-82.23310027186217,28.520616073128387],[-82.233106324294795,28.520615507170255],[-82.23311236431968,28.520614963236071],[-82.233118373252694,28.520614441357925],[-82.233124438286396,28.520613941386138],[-82.23313047221616,28.520613457969642],[-82.23313651866242,28.520613002035073],[-82.233142602525291,28.520612568038949],[-82.233148605435701,28.520612139682203],[-82.233154633367107,28.520611760788832],[-82.233160736034961,28.520611381766916],[-82.233166788938945,28.520611030333821],[-82.23317282320717,28.520610700935322],[-82.233178869979866,28.520610393518062],[-82.233184954157053,28.520610102538495],[-82.233191013482568,28.520609839104985],[-82.233197047932222,28.520609592216104],[-82.233203113582533,28.520609372777045],[-82.233209191713129,28.520609164317737],[-82.233215276132228,28.520608983351039],[-82.233221317003469,28.52060882446175],[-82.233227339226872,28.520608682106396],[-82.233233442499539,28.520608578116729],[-82.233239533316095,28.520608474148194],[-82.233245580596872,28.520608397757805],[-82.233251646610199,28.520608343337859],[-82.233257669087763,28.520608316496077],[-82.23326885468245,28.520608313793748],[-82.233508979323986,28.520609078458651],[-82.23369341990248,28.520611728978615],[-82.234150103982898,28.520618288911347]]},"properties":{"OBJECTID":101,"D":12,"MAXABSQ":281.13,"C":135,"SF":0.00020000000000000001,"ID":23563,"LABEL":"P-15237","LENGTH":423,"MATERIAL":"PVC","START_NDID":9678,"START_NODE":"J-814316","STOP_NDID":9677,"STOP_NODE":"J-814315","MAX_V":0.80000000000000004,"Shape_Length":422.97994514046866}},{"type":"Feature","id":102,"geometry":{"type":"LineString","coordinates":[[-82.232838724898798,28.520661682614993],[-82.232839440042312,28.520853959443006],[-82.232839518748762,28.520875610185147]]},"properties":{"OBJECTID":102,"D":8,"MAXABSQ":1.6000000000000001,"C":135,"SF":0,"ID":20303,"LABEL":"P-15238","LENGTH":78,"MATERIAL":"PVC","START_NDID":9678,"START_NODE":"J-814316","STOP_NDID":4833,"STOP_NODE":"J-814317","MAX_V":0.01,"Shape_Length":77.782069545390314}},{"type":"Feature","id":103,"geometry":{"type":"LineString","coordinates":[[-82.231823325272728,28.520823682792695],[-82.232020407895021,28.520824319995594],[-82.232026791684874,28.520824325595683],[-82.232033225250973,28.520824309107521],[-82.232039633832613,28.520824259657338],[-82.232046042341963,28.520824177202584],[-82.232052457043238,28.520824078234771],[-82.232058909064619,28.520823957199998],[-82.232065329849377,28.520823792212386],[-82.232071713229672,28.520823610786191],[-82.232078121461925,28.52082340181358],[-82.232084523405845,28.52082316534776],[-82.232091000038196,28.520822906751125],[-82.232097414293605,28.520822604254896],[-82.232103778700491,28.520822290842077],[-82.232110192871502,28.520821949840279],[-82.23211661321028,28.520821581323961],[-82.232123008576565,28.520821185346371],[-82.232129397654518,28.520820761875559],[-82.232135805344285,28.520820305368243],[-82.232142225441876,28.520819826836529],[-82.232148589426728,28.520819320896734],[-82.232154984515617,28.520818798401297],[-82.232161385736092,28.520818231889212],[-82.232167768236195,28.520817648906636],[-82.232174163132072,28.520817038398938],[-82.232180526815327,28.520816394939857],[-82.232186890474381,28.520815740479073],[-82.23219327894914,28.520815041969755],[-82.232199636247429,28.520814327011191],[-82.232205993485351,28.520813584548822],[-82.232212363106967,28.520812809060537],[-82.232218738896307,28.520812006057824],[-82.232225077281043,28.520811186616495],[-82.232231421821425,28.520810334159993],[-82.23223775385739,28.520809459721622],[-82.232244092061009,28.520808557768792],[-82.232250430192224,28.52080762281139],[-82.232256755818966,28.520806665872129],[-82.232263087625469,28.520805686919118],[-82.232269419347418,28.520804669460833],[-82.232275701208678,28.520803635585281],[-82.23228202661798,28.520802579632058],[-82.232288320802496,28.520801485226812],[-82.232294614938624,28.520800368818453],[-82.23230090901437,28.520799224906252],[-82.232307178129517,28.520798059033496],[-82.232313459640366,28.520796865635617],[-82.232319716178552,28.52079564477647],[-82.23232599758056,28.520794401871619],[-82.232332247757782,28.520793120514725],[-82.232338491682668,28.520791828166807],[-82.232344735522986,28.520790497313591],[-82.232350979326966,28.520789149958002],[-82.232357204362202,28.520787764129086],[-82.232363404473034,28.520786372841773],[-82.232369635627464,28.520784937495257],[-82.232375823149198,28.520783485720873],[-82.232382016850551,28.52078201193271],[-82.232388235367438,28.520780494095977],[-82.232394416479664,28.520778959820742],[-82.232400578847262,28.520777398073665],[-82.232406741178451,28.520775819824145],[-82.232412915869105,28.520774197547357],[-82.232827066409371,28.520664722495887],[-82.232832917410036,28.520663183265722],[-82.232838724898798,28.520661682614993]]},"properties":{"OBJECTID":103,"D":12,"MAXABSQ":279.37,"C":135,"SF":0.00020000000000000001,"ID":22814,"LABEL":"P-15239","LENGTH":334,"MATERIAL":"PVC","START_NDID":9679,"START_NODE":"J-814319","STOP_NDID":9678,"STOP_NODE":"J-814316","MAX_V":0.79000000000000004,"Shape_Length":333.83090574081524}},{"type":"Feature","id":104,"geometry":{"type":"LineString","coordinates":[[-82.231823325272728,28.520823682792695],[-82.231594840470265,28.520822943440777],[-82.231530672150882,28.520822735141373]]},"properties":{"OBJECTID":104,"D":12,"MAXABSQ":0.16,"C":135,"SF":0,"ID":20443,"LABEL":"P-15240","LENGTH":94,"MATERIAL":"PVC","START_NDID":9679,"START_NODE":"J-814319","STOP_NDID":4835,"STOP_NODE":"J-814320","MAX_V":0,"Shape_Length":93.97947201297174}},{"type":"Feature","id":105,"geometry":{"type":"LineString","coordinates":[[-82.232005918605651,28.533711225476985],[-82.232004652994888,28.533569214154763],[-82.232003364093671,28.533446427889103]]},"properties":{"OBJECTID":105,"D":8,"MAXABSQ":1.25,"C":110,"SF":0,"ID":20462,"LABEL":"P-15316","LENGTH":96,"MATERIAL":"DI","START_NDID":13242,"START_NODE":"J-809039","STOP_NDID":4848,"STOP_NODE":"J-814763","MAX_V":0.01,"Shape_Length":96.281110885213167}},{"type":"Feature","id":106,"geometry":{"type":"LineString","coordinates":[[-82.226756550458816,28.531089270342441],[-82.227079510432418,28.530806214269454],[-82.227246578030801,28.530662140438533],[-82.227466966505091,28.530490974064239],[-82.227820431065766,28.530216473121389],[-82.227833432356789,28.530205884423314],[-82.227846229142301,28.530195780130796],[-82.227858470491128,28.530185170702147],[-82.227870761181208,28.530174335659943],[-82.227882609791791,28.53016357286765],[-82.227894401668067,28.530152496628251],[-82.227906012237952,28.530141107150676],[-82.227917441714339,28.530129503447743],[-82.227923184622327,28.530123767557313],[-82.228309123212767,28.529719426745658],[-82.22832025935864,28.529707592471031],[-82.228326379995636,28.529700849295857],[-82.228330903681666,28.529695869036715],[-82.228341416324923,28.529683738769275],[-82.228351748337161,28.529671608804648],[-82.228361830634952,28.529659215224264],[-82.228371526735188,28.529646811290945],[-82.228381091179372,28.529634011526078],[-82.228390481150115,28.529621179049574],[-82.228399416670158,28.529608457350978],[-82.228408114956864,28.529595483017385],[-82.228416587708409,28.529581903982717],[-82.228425017771059,28.529568748575119],[-82.228432768573839,28.529555434788232],[-82.228440673784149,28.529541515661521],[-82.228448044616755,28.529528191511289],[-82.228455096165689,28.529514114298347],[-82.228462035942584,28.529500196793997],[-82.228468707557326,28.529486125720044],[-82.228475017723881,28.529471967242074],[-82.228481147284214,28.529457820069013],[-82.228486859647987,28.529443728604686],[-82.228492396910639,28.529429312891828],[-82.228497547977412,28.529414886826931],[-82.22850253000567,28.529400059493248],[-82.228507126597563,28.529385573852707],[-82.228511523257481,28.529370802510613],[-82.228515552324623,28.529355982280212],[-82.228519382076911,28.52934116238497],[-82.228522831957534,28.52932637613301],[-82.228526094209414,28.529311232649484],[-82.228528952518118,28.529296513401288],[-82.228531448715771,28.529281398709966],[-82.228533757901985,28.529266212823796],[-82.228535681748085,28.529251412636619],[-82.228537411820454,28.529236293733344],[-82.228538585535418,28.52922312852348],[-82.228573129231862,28.528816082740285],[-82.228585948483442,28.528676488510854],[-82.22858629517593,28.52867404112391]]},"properties":{"OBJECTID":106,"D":8,"MAXABSQ":108.05,"C":110,"SF":0.00040000000000000002,"ID":33807,"LABEL":"P-15319A","LENGTH":1228,"MATERIAL":"DI","START_NDID":13224,"START_NODE":"J-809020","STOP_NDID":2513,"STOP_NODE":"J-FH_Tee-1899","MAX_V":0.68999999999999995,"Shape_Length":1104.3134437119431}},{"type":"Feature","id":107,"geometry":{"type":"LineString","coordinates":[[-82.22858629517593,28.52867404112391],[-82.228602046960802,28.528562845308077]]},"properties":{"OBJECTID":107,"D":8,"MAXABSQ":108.20999999999999,"C":110,"SF":0.00040000000000000002,"ID":33808,"LABEL":"P-15319B","LENGTH":41,"MATERIAL":"DI","START_NDID":2513,"START_NODE":"J-FH_Tee-1899","STOP_NDID":13222,"STOP_NODE":"J-809017","MAX_V":0.68999999999999995,"Shape_Length":40.744741578403037}},{"type":"Feature","id":108,"geometry":{"type":"LineString","coordinates":[[-82.224796761004939,28.527174185399527],[-82.224679053623362,28.527173919447772],[-82.224649286668893,28.527202000385493],[-82.224648835751708,28.527399898432762]]},"properties":{"OBJECTID":108,"D":6,"MAXABSQ":55.219999999999999,"C":100,"SF":0.00059999999999999995,"ID":35389,"LABEL":"P-15320A","LENGTH":129,"MATERIAL":"DI","START_NDID":5983,"START_NODE":"J-814774","STOP_NDID":2508,"STOP_NODE":"J-FH_Tee-1894","MAX_V":0.63,"Shape_Length":123.73645114078292}},{"type":"Feature","id":109,"geometry":{"type":"LineString","coordinates":[[-82.232026268573847,28.527192458091225],[-82.232262099219469,28.527191624645059],[-82.232321849872108,28.527192141302972],[-82.232793502961556,28.527190292840224],[-82.232833870942983,28.527190220905496],[-82.233356421255266,28.527189749184782],[-82.233388040498838,28.527189278184395],[-82.23359419141363,28.527189340526057],[-82.233658898469315,28.527192026360147]]},"properties":{"OBJECTID":109,"D":8,"MAXABSQ":14.06,"C":110,"SF":0,"ID":24102,"LABEL":"P-15321","LENGTH":524,"MATERIAL":"DI","START_NDID":9759,"START_NODE":"J-814819","STOP_NDID":5750,"STOP_NODE":"J-814789","MAX_V":0.089999999999999997,"Shape_Length":524.27770522594733}},{"type":"Feature","id":110,"geometry":{"type":"LineString","coordinates":[[-82.228644211127047,28.525405297973126],[-82.228644899222871,28.525270293817297],[-82.228643426269485,28.524742810813262],[-82.228641300332484,28.523433493688032]]},"properties":{"OBJECTID":110,"D":12,"MAXABSQ":167.09999999999999,"C":110,"SF":0.0001,"ID":24742,"LABEL":"P-15323","LENGTH":717,"MATERIAL":"DI","START_NDID":9726,"START_NODE":"J-814767","STOP_NDID":12748,"STOP_NODE":"J-820562","MAX_V":0.46999999999999997,"Shape_Length":716.92759058364913}},{"type":"Feature","id":111,"geometry":{"type":"LineString","coordinates":[[-82.228601072789772,28.525725374050854],[-82.22809273837504,28.525726724953479],[-82.228087293258653,28.525726739596635],[-82.227651719717898,28.525727895154951],[-82.227246504592358,28.525728968282394],[-82.227197129508156,28.525729098999687],[-82.226783403316517,28.525730194675486]]},"properties":{"OBJECTID":111,"D":6,"MAXABSQ":11.279999999999999,"C":135,"SF":0,"ID":36719,"LABEL":"P-15324A","LENGTH":584,"MATERIAL":"PVC","START_NDID":9727,"START_NODE":"J-814768","STOP_NDID":2506,"STOP_NODE":"J-FH_Tee-1892","MAX_V":0.13,"Shape_Length":583.67836827742917}},{"type":"Feature","id":112,"geometry":{"type":"LineString","coordinates":[[-82.226783403316517,28.525730194675486],[-82.226782067376718,28.525730198211413],[-82.226777363182237,28.525730094674714],[-82.226776829101809,28.525730095566278],[-82.226774175827671,28.525730099995499],[-82.226701581357489,28.525730212908964],[-82.226344539948798,28.525730771138285],[-82.226200635601586,28.525730995703508],[-82.226100022922324,28.525731153570749],[-82.225908189903237,28.525731453462981],[-82.2257038207796,28.525731772537828],[-82.225481112288648,28.525732118995958],[-82.225208014925983,28.525732544507395],[-82.225036699617732,28.525732810528396],[-82.224985678569425,28.525732889536396],[-82.224986365640177,28.526077740071457],[-82.224987053584172,28.526406129658707],[-82.224995058657925,28.5264061370282]]},"properties":{"OBJECTID":112,"D":6,"MAXABSQ":6.04,"C":135,"SF":0,"ID":36720,"LABEL":"P-15324B","LENGTH":825,"MATERIAL":"PVC","START_NDID":2506,"START_NODE":"J-FH_Tee-1892","STOP_NDID":5982,"STOP_NODE":"J-814769","MAX_V":0.070000000000000007,"Shape_Length":824.62604697831887}},{"type":"Feature","id":113,"geometry":{"type":"LineString","coordinates":[[-82.224995058657925,28.5264061370282],[-82.225009043014907,28.526406150995719],[-82.225013312603963,28.526406159050691],[-82.225205920634266,28.526406545348298],[-82.225265376794482,28.526406452269054],[-82.225704249022769,28.52640576918278],[-82.225740024864706,28.526405713862843],[-82.226061317632173,28.526405211206832],[-82.226202074448807,28.526404992026688],[-82.226213159416304,28.526404974943386],[-82.226688310388198,28.526404231011192],[-82.226699395355269,28.52640421388821],[-82.227148847996077,28.526403508477824],[-82.227198226623912,28.526403431403022],[-82.227619464671648,28.526402770245657],[-82.227649695687717,28.526402722338307],[-82.227692358557448,28.526402654962816],[-82.228102172172314,28.526402008706441],[-82.228107210933331,28.526402000245611],[-82.228607496570575,28.526407751883397]]},"properties":{"OBJECTID":113,"D":2,"MAXABSQ":2.5699999999999998,"C":135,"SF":0.00020000000000000001,"ID":25363,"LABEL":"P-15325","LENGTH":1160,"MATERIAL":"PVC","START_NDID":5982,"START_NODE":"J-814769","STOP_NDID":9728,"STOP_NODE":"J-814770","MAX_V":0.26000000000000001,"Shape_Length":1160.005451652775}},{"type":"Feature","id":114,"geometry":{"type":"LineString","coordinates":[[-82.228601072789772,28.525725374050854],[-82.228607496570575,28.526407751883397]]},"properties":{"OBJECTID":114,"D":8,"MAXABSQ":189.71000000000001,"C":110,"SF":0.0011000000000000001,"ID":21435,"LABEL":"P-15326","LENGTH":248,"MATERIAL":"DI","START_NDID":9727,"START_NODE":"J-814768","STOP_NDID":9728,"STOP_NODE":"J-814770","MAX_V":1.21,"Shape_Length":248.11359469719591}},{"type":"Feature","id":115,"geometry":{"type":"LineString","coordinates":[[-82.228607496570575,28.526407751883397],[-82.228605144795907,28.526481847191025]]},"properties":{"OBJECTID":115,"D":8,"MAXABSQ":191.16999999999999,"C":110,"SF":0.0011999999999999999,"ID":35788,"LABEL":"P-15327A","LENGTH":27,"MATERIAL":"DI","START_NDID":9728,"START_NODE":"J-814770","STOP_NDID":2505,"STOP_NODE":"J-FH_Tee-1891","MAX_V":1.22,"Shape_Length":26.950816816415127}},{"type":"Feature","id":116,"geometry":{"type":"LineString","coordinates":[[-82.228605144795907,28.526481847191025],[-82.228605140452387,28.526481984038295],[-82.228582101122328,28.527184062721243]]},"properties":{"OBJECTID":116,"D":8,"MAXABSQ":190.11000000000001,"C":110,"SF":0.0011999999999999999,"ID":35789,"LABEL":"P-15327B","LENGTH":255,"MATERIAL":"DI","START_NDID":2505,"START_NODE":"J-FH_Tee-1891","STOP_NDID":5748,"STOP_NODE":"J-814771","MAX_V":1.21,"Shape_Length":255.42501843490643}},{"type":"Feature","id":117,"geometry":{"type":"LineString","coordinates":[[-82.226497541432664,28.527178940259638],[-82.226497594899314,28.527335064558066],[-82.226497606804045,28.52733540322474]]},"properties":{"OBJECTID":117,"D":6,"MAXABSQ":1.6299999999999999,"C":135,"SF":0,"ID":32639,"LABEL":"P-15328A","LENGTH":57,"MATERIAL":"PVC","START_NDID":9729,"START_NODE":"J-814773","STOP_NDID":2507,"STOP_NODE":"J-FH_Tee-1893","MAX_V":0.02,"Shape_Length":56.888266132236232}},{"type":"Feature","id":118,"geometry":{"type":"LineString","coordinates":[[-82.226497606804045,28.52733540322474],[-82.226498198389734,28.527352232696142],[-82.226495626294067,28.527609481230535]]},"properties":{"OBJECTID":118,"D":6,"MAXABSQ":0.16,"C":135,"SF":0,"ID":32640,"LABEL":"P-15328B","LENGTH":100,"MATERIAL":"PVC","START_NDID":2507,"START_NODE":"J-FH_Tee-1893","STOP_NDID":14467,"STOP_NODE":"J-1367","MAX_V":0,"Shape_Length":99.658330180714998}},{"type":"Feature","id":119,"geometry":{"type":"LineString","coordinates":[[-82.228582101122328,28.527184062721243],[-82.228069392630971,28.527181362763386],[-82.228038144374921,28.527181306583675],[-82.227740768968573,28.527180767196281],[-82.227596738605698,28.527180505270049],[-82.227546571357678,28.527180414664812],[-82.227507062548327,28.527180325443478],[-82.227275282100322,28.527179801680958],[-82.227149919913018,28.527179517672753],[-82.227057185623195,28.52717930828344],[-82.226882864463832,28.527178913327756],[-82.226838716994024,28.527178813781997],[-82.226620843182175,28.527178319312092],[-82.226616343104538,28.527178308941924],[-82.226497541432664,28.527178940259638]]},"properties":{"OBJECTID":119,"D":8,"MAXABSQ":62.259999999999998,"C":135,"SF":0.0001,"ID":24611,"LABEL":"P-15329","LENGTH":669,"MATERIAL":"PVC","START_NDID":5748,"START_NODE":"J-814771","STOP_NDID":9729,"STOP_NODE":"J-814773","MAX_V":0.40000000000000002,"Shape_Length":669.37319485368425}},{"type":"Feature","id":120,"geometry":{"type":"LineString","coordinates":[[-82.226497541432664,28.527178940259638],[-82.226388042817973,28.527177791611589],[-82.226229420546076,28.527177432911973],[-82.226153844162212,28.527177261714474],[-82.225920223198486,28.527176733203202],[-82.225809230116951,28.527176481817371],[-82.225747909165648,28.527176341704049],[-82.225686240979442,28.527176202139941],[-82.225421905815679,28.527175601404714],[-82.225275714030943,28.527175269094727],[-82.225261176758622,28.527175236819382],[-82.225156354544637,28.527174999420417],[-82.225015787080267,28.527174680886496],[-82.224892316795646,28.527174401287215],[-82.224796761004939,28.527174185399527]]},"properties":{"OBJECTID":120,"D":8,"MAXABSQ":57.359999999999999,"C":135,"SF":0.0001,"ID":24188,"LABEL":"P-15330","LENGTH":546,"MATERIAL":"PVC","START_NDID":9729,"START_NODE":"J-814773","STOP_NDID":5983,"STOP_NODE":"J-814774","MAX_V":0.37,"Shape_Length":546.13788229005547}},{"type":"Feature","id":121,"geometry":{"type":"LineString","coordinates":[[-82.228582178938765,28.527303135445976],[-82.228776090347665,28.527302085667916],[-82.229282698574565,28.527293236226065],[-82.229289865504342,28.527293020602272],[-82.22935766244683,28.527293109677363]]},"properties":{"OBJECTID":121,"D":2,"MAXABSQ":0.88,"C":100,"SF":0.0001,"ID":21445,"LABEL":"P-15333","LENGTH":249,"MATERIAL":"DI","START_NDID":9733,"START_NODE":"J-814780","STOP_NDID":4849,"STOP_NODE":"J-814779","MAX_V":0.089999999999999997,"Shape_Length":249.04784145617958}},{"type":"Feature","id":122,"geometry":{"type":"LineString","coordinates":[[-82.23076129203919,28.529084818897214],[-82.230662488031342,28.52900241533014],[-82.230662331364144,28.529002274804267]]},"properties":{"OBJECTID":122,"D":6,"MAXABSQ":13.18,"C":100,"SF":0,"ID":35834,"LABEL":"P-15334A","LENGTH":44,"MATERIAL":"DI","START_NDID":9739,"START_NODE":"J-814788","STOP_NDID":2516,"STOP_NODE":"J-FH_Tee-1900","MAX_V":0.14999999999999999,"Shape_Length":43.709007570123717}},{"type":"Feature","id":123,"geometry":{"type":"LineString","coordinates":[[-82.230662331364144,28.529002274804267],[-82.230638089847673,28.528980530868679],[-82.230320867158568,28.528696516602867],[-82.230303834770524,28.528681267216911],[-82.230045372675235,28.528438354460487],[-82.23002980537342,28.528425139201719]]},"properties":{"OBJECTID":123,"D":6,"MAXABSQ":14.369999999999999,"C":100,"SF":0,"ID":35835,"LABEL":"P-15334B","LENGTH":292,"MATERIAL":"DI","START_NDID":2516,"START_NODE":"J-FH_Tee-1900","STOP_NDID":9736,"STOP_NODE":"J-814784","MAX_V":0.16,"Shape_Length":292.06094291825843}},{"type":"Feature","id":124,"geometry":{"type":"LineString","coordinates":[[-82.22899350405514,28.528384236115599],[-82.229166224453664,28.528539200069069],[-82.229506227165601,28.528844573636924],[-82.22982188052832,28.529128074017898],[-82.230139403129968,28.529413252326318],[-82.230302335871585,28.529569800462113],[-82.230305256132326,28.529572229581518],[-82.230305393408941,28.529572343488784],[-82.230305826754801,28.529572727407235]]},"properties":{"OBJECTID":124,"D":8,"MAXABSQ":13.09,"C":110,"SF":0,"ID":36421,"LABEL":"P-15335A","LENGTH":604,"MATERIAL":"DI","START_NDID":9732,"START_NODE":"J-814778","STOP_NDID":2517,"STOP_NODE":"J-FH_Tee-1901","MAX_V":0.080000000000000002,"Shape_Length":603.61173316526003}},{"type":"Feature","id":125,"geometry":{"type":"LineString","coordinates":[[-82.230305826754801,28.529572727407235],[-82.230451010399292,28.529701351167695],[-82.230629865400388,28.52985980539097],[-82.230863148888375,28.530066476985652]]},"properties":{"OBJECTID":125,"D":8,"MAXABSQ":13.859999999999999,"C":110,"SF":0,"ID":36422,"LABEL":"P-15335B","LENGTH":253,"MATERIAL":"DI","START_NDID":2517,"START_NODE":"J-FH_Tee-1901","STOP_NDID":9734,"STOP_NODE":"J-814781","MAX_V":0.089999999999999997,"Shape_Length":253.48255146652352}},{"type":"Feature","id":126,"geometry":{"type":"LineString","coordinates":[[-82.230863148888375,28.530066476985652],[-82.231187192353289,28.529780130241665],[-82.231224770644744,28.529747830660973],[-82.231362177258148,28.529629729925531]]},"properties":{"OBJECTID":126,"D":6,"MAXABSQ":26.91,"C":100,"SF":0.0001,"ID":21289,"LABEL":"P-15336","LENGTH":226,"MATERIAL":"DI","START_NDID":9734,"START_NODE":"J-814781","STOP_NDID":9735,"STOP_NODE":"J-814782","MAX_V":0.31,"Shape_Length":225.59858431755328}},{"type":"Feature","id":127,"geometry":{"type":"LineString","coordinates":[[-82.23002980537342,28.528425139201719],[-82.230370706076727,28.528122760064502],[-82.23042641853057,28.528073373568354],[-82.230568453345086,28.527947464356821],[-82.230588224926805,28.527929937113274]]},"properties":{"OBJECTID":127,"D":2,"MAXABSQ":1.95,"C":100,"SF":0.00020000000000000001,"ID":21504,"LABEL":"P-15337","LENGTH":254,"MATERIAL":"DI","START_NDID":9736,"START_NODE":"J-814784","STOP_NDID":14684,"STOP_NODE":"J-1617","MAX_V":0.20000000000000001,"Shape_Length":254.10731228805921}},{"type":"Feature","id":128,"geometry":{"type":"LineString","coordinates":[[-82.23002980537342,28.528425139201719],[-82.230014947099079,28.528410733208638],[-82.229825224324188,28.528226767648011],[-82.22980119605468,28.528206560127742],[-82.229811503248769,28.528131444033139],[-82.229822064907353,28.528054482012944],[-82.229820160222076,28.528051462586564],[-82.229817087909197,28.528046389239307],[-82.229814112072432,28.528041285474753],[-82.229811235816967,28.528036147162133],[-82.229808432647999,28.528030963344825],[-82.229805738382154,28.528025735337415],[-82.229803134360907,28.528020475548079],[-82.229800623656701,28.528015164719136],[-82.229798223508212,28.528009853703093],[-82.229795902647737,28.528004484795282],[-82.229793681335735,28.527999066212466],[-82.229791570567457,28.527993641941915],[-82.229789553175806,28.527988194135258],[-82.22978762756189,28.527982703542683],[-82.2297858077726,28.527977185267453],[-82.229784086037213,28.527971646198605],[-82.229782468584204,28.527966086325595],[-82.229780947630928,28.527960507036831],[-82.229779529373076,28.527954893194732],[-82.229778218562444,28.527949281921256],[-82.229776996418238,28.527943629242333],[-82.229775891049059,28.527937972240338],[-82.229774877529081,28.52793230545668],[-82.229773974519802,28.52792661785837],[-82.229773168010198,28.527920910844269],[-82.229772473634,28.527915213266759],[-82.229771875751453,28.527909493523129],[-82.229771382171975,28.5279037626016],[-82.229770992922397,28.527898032878795],[-82.229770706394874,28.527892280979312],[-82.2297705382083,28.527886528879641],[-82.229770449901068,28.52787883763898],[-82.229770565900736,28.527826060727573],[-82.229770787695756,28.527725853626581],[-82.229771135756323,28.527678843832799],[-82.229771013302027,28.527622377711133],[-82.229770068809202,28.527183975546588]]},"properties":{"OBJECTID":128,"D":6,"MAXABSQ":19.199999999999999,"C":100,"SF":0.0001,"ID":23797,"LABEL":"P-15338","LENGTH":483,"MATERIAL":"DI","START_NDID":9736,"START_NODE":"J-814784","STOP_NDID":9737,"STOP_NODE":"J-814785","MAX_V":0.22,"Shape_Length":483.25755882173803}},{"type":"Feature","id":129,"geometry":{"type":"LineString","coordinates":[[-82.228582101122328,28.527184062721243],[-82.228877523742398,28.527183081230895],[-82.229271304119976,28.527184092164028],[-82.229659204512515,28.527184951000368],[-82.229662307853232,28.527184958130402],[-82.229662617276531,28.527184955309163]]},"properties":{"OBJECTID":129,"D":8,"MAXABSQ":28.800000000000001,"C":110,"SF":0,"ID":34325,"LABEL":"P-15339A","LENGTH":347,"MATERIAL":"DI","START_NDID":5748,"START_NODE":"J-814771","STOP_NDID":2465,"STOP_NODE":"J-FH_Tee-1855","MAX_V":0.17999999999999999,"Shape_Length":346.96372000855735}},{"type":"Feature","id":130,"geometry":{"type":"LineString","coordinates":[[-82.229662617276531,28.527184955309163],[-82.229770068809202,28.527183975546588]]},"properties":{"OBJECTID":130,"D":8,"MAXABSQ":28.390000000000001,"C":110,"SF":0,"ID":34326,"LABEL":"P-15339B","LENGTH":35,"MATERIAL":"DI","START_NDID":2465,"START_NODE":"J-FH_Tee-1855","STOP_NDID":9737,"STOP_NODE":"J-814785","MAX_V":0.17999999999999999,"Shape_Length":34.505360058711403}},{"type":"Feature","id":131,"geometry":{"type":"LineString","coordinates":[[-82.23076129203919,28.529084818897214],[-82.231099500280934,28.528786638212019],[-82.2311198334897,28.528768851403417],[-82.23123687947934,28.528666467990007],[-82.231241902546728,28.52866207398619],[-82.231278462408795,28.528630646610463],[-82.231282745744892,28.528626924953045],[-82.231286935631999,28.528623193828338],[-82.231291084943422,28.528619421517142],[-82.231295173457511,28.528615617680181],[-82.231299208935937,28.52861177130276],[-82.231303200715388,28.528607879618644],[-82.231307141025283,28.528603949517009],[-82.231311028314479,28.528599983750823],[-82.231314871886767,28.528595964426888],[-82.23131865624886,28.5285919273263],[-82.231322379777609,28.528587842197901],[-82.231326062736713,28.528583718633381],[-82.231329686449627,28.528579560790124],[-82.231333255584744,28.528575367285022],[-82.231336776346538,28.528571127105998],[-82.231340248762066,28.528566852629734],[-82.231343654175788,28.528562557639745],[-82.231346998795232,28.528558232499215],[-82.231350288824899,28.528553866196152],[-82.231353536691756,28.528549444957555],[-82.23135672070714,28.528545019702097],[-82.231359831465241,28.528540561566963],[-82.231362906301058,28.528536053986453],[-82.231365889299198,28.528531561689249],[-82.231368204666722,28.528527956145886],[-82.231370520037089,28.528524351977637],[-82.231373350280037,28.528519788431012],[-82.231376147645904,28.528515143804668],[-82.231378879606211,28.528510496539287],[-82.231381546070892,28.528505805379623],[-82.23138418438694,28.528501059260595],[-82.231386729350277,28.528496347680047],[-82.231389211917232,28.528491585324051],[-82.231391650791323,28.528486780411821],[-82.231394013369069,28.528481977004667],[-82.231396315143613,28.528477139321517],[-82.231398560792329,28.5284722701048],[-82.231400739469407,28.52846739412616],[-82.231402844925384,28.528462501770083],[-82.231404901975139,28.528457547613289],[-82.231406901429054,28.528452601805618],[-82.231408816780004,28.528447647890125],[-82.23141068530289,28.52844264179749],[-82.231412482245901,28.528437657829674],[-82.231414201266446,28.528432643740583],[-82.231415870383699,28.528427595356959],[-82.231417470966306,28.528422537463786],[-82.231419004568366,28.528417468683248],[-82.231420474283098,28.52841237938382],[-82.231421875478205,28.52840728745073],[-82.231423208105639,28.52840217088119],[-82.231424481523177,28.528397036535154],[-82.231425684839934,28.528391888556673],[-82.231426827425736,28.528386739306534],[-82.23142789371235,28.528381590186342],[-82.231428894536563,28.528376412298837],[-82.231429829991484,28.528371248274528],[-82.231431117718259,28.528363397920952],[-82.231431880329239,28.528358232815911],[-82.231432580535014,28.528353012809923],[-82.231433213772405,28.528347787417307],[-82.231433783182695,28.528342569009343],[-82.231434277820938,28.528337336976911],[-82.231434711704296,28.528332092671402],[-82.231435073998966,28.528326866365177],[-82.231435366199037,28.528321629176936],[-82.231435592954853,28.528316371472464],[-82.231435752862481,28.528311163388416],[-82.231435871926806,28.52830222725742],[-82.231435889328409,28.528294511085438],[-82.231435941730609,28.528270027268018],[-82.231436091252263,28.52820161174245],[-82.231436122773871,28.528187528456733],[-82.231444203912105,28.527792464960267],[-82.231451955715528,28.527413459996001],[-82.231455591451322,28.527189581127164],[-82.231438791996496,28.527188974415939],[-82.231438310811455,28.527188957358369]]},"properties":{"OBJECTID":131,"D":6,"MAXABSQ":17.559999999999999,"C":100,"SF":0.0001,"ID":24761,"LABEL":"P-15340","LENGTH":778,"MATERIAL":"DI","START_NDID":9739,"START_NODE":"J-814788","STOP_NDID":9738,"STOP_NODE":"J-814786","MAX_V":0.20000000000000001,"Shape_Length":777.51377974629281}},{"type":"Feature","id":132,"geometry":{"type":"LineString","coordinates":[[-82.229770068809202,28.527183975546588],[-82.230018382833606,28.52718600588576],[-82.230374641259701,28.527186917628764],[-82.230403532773622,28.527188023781502],[-82.230477812940421,28.52718715655169],[-82.230526209797659,28.527187268331293],[-82.23076668835229,28.527187825402969],[-82.23096296804502,28.527188279805415],[-82.231348210521773,28.527189171341941],[-82.231438310811455,28.527188957358369]]},"properties":{"OBJECTID":132,"D":8,"MAXABSQ":6.9199999999999999,"C":110,"SF":0,"ID":24146,"LABEL":"P-15341","LENGTH":536,"MATERIAL":"DI","START_NDID":9737,"START_NODE":"J-814785","STOP_NDID":9738,"STOP_NODE":"J-814786","MAX_V":0.040000000000000001,"Shape_Length":535.70122663603786}},{"type":"Feature","id":133,"geometry":{"type":"LineString","coordinates":[[-82.231362177258148,28.529629729925531],[-82.231293241203119,28.529567174822034],[-82.231282804768,28.529557703842837],[-82.231132221702538,28.529421060874643],[-82.231083980841944,28.529377284299265],[-82.230979326748624,28.529282312138498],[-82.230963927279433,28.52926833760403],[-82.230955495796579,28.52926068530499],[-82.230936791767803,28.529243711615077],[-82.23076129203919,28.529084818897214]]},"properties":{"OBJECTID":133,"D":6,"MAXABSQ":29.23,"C":100,"SF":0.00020000000000000001,"ID":21847,"LABEL":"P-15342","LENGTH":277,"MATERIAL":"DI","START_NDID":9735,"START_NODE":"J-814782","STOP_NDID":9739,"STOP_NODE":"J-814788","MAX_V":0.33000000000000002,"Shape_Length":276.55161360693694}},{"type":"Feature","id":134,"geometry":{"type":"LineString","coordinates":[[-82.232673970424955,28.528773243304567],[-82.232924236402098,28.528652135378007],[-82.23310532270726,28.528560574600409],[-82.233114311272516,28.528555982572431],[-82.233119811002638,28.528553123758794],[-82.233125274885253,28.52855024987948],[-82.233130746465449,28.528547336106477],[-82.23314159759714,28.528541437208339],[-82.233147005137567,28.528538434157802],[-82.233152372168178,28.528535420175142],[-82.233157725120819,28.52853237733763],[-82.233163060875128,28.52852930290026],[-82.233168387225831,28.528526200975193],[-82.233173690143687,28.528523064710612],[-82.233178955659938,28.528519914758235],[-82.233184200881794,28.528516741462376],[-82.233189444461431,28.528513529664089],[-82.233194661515142,28.528510293157883],[-82.233199855154155,28.52850703056319],[-82.233205026935551,28.528503741877408],[-82.233210173751146,28.528500429856205],[-82.233215301817353,28.528497088988217],[-82.233220411140209,28.528493722023732],[-82.233225498602437,28.528490327592987],[-82.233230556427472,28.528486909834857],[-82.233235587738704,28.528483472869517],[-82.233240622069999,28.528479993268174],[-82.233250573838163,28.528472984759183],[-82.233255530148725,28.528469431031475],[-82.233260445952482,28.528465867746892],[-82.233265355451707,28.528462270093431],[-82.233270233747547,28.528458644989737],[-82.233275079316186,28.528455007565455],[-82.233279918571185,28.528451331646767],[-82.233284734408443,28.528447628264512],[-82.233294256995364,28.528440181806541],[-82.233298996368973,28.528436404295288],[-82.233303687468307,28.528432625491629],[-82.233308386271204,28.528428809544653],[-82.233313053846473,28.52842495514609],[-82.233317682490267,28.528421099439058],[-82.233322292375533,28.528417210759716],[-82.233328361529317,28.528412015901928],[-82.233355481742379,28.528387830760014],[-82.233358227601414,28.528385292959197],[-82.233362600340399,28.52838119565833],[-82.233366954357194,28.528377081887339],[-82.23337556569966,28.528368787127143],[-82.233384060080823,28.528360412806865],[-82.233388283024922,28.52835617549405],[-82.233392459242864,28.528351932760671],[-82.23339661673559,28.528347672181997],[-82.233400741464777,28.528343382780644],[-82.233404845917704,28.528339078287036],[-82.233408923811325,28.528334733958676],[-82.233412950343819,28.528330400719913],[-82.233416972131877,28.52832603448482],[-82.233420965803546,28.528321628417661],[-82.233424926757095,28.528317214155521],[-82.23342884719483,28.528312786211075],[-82.23343275355451,28.528308329411932],[-82.233440452524135,28.528299380253983],[-82.233448056301938,28.528290337746895],[-82.233455522897131,28.528281225340901],[-82.233459220300119,28.528276632757144],[-82.233462878750473,28.528272029238781],[-82.233466509135965,28.528267409266359],[-82.233470109902512,28.528262774217747],[-82.233473698111723,28.528258093809669],[-82.233480734394291,28.528248735984402],[-82.233484219741626,28.528244014497407],[-82.233487666142409,28.528239284826135],[-82.233491081376187,28.528234544206946],[-82.233494470087066,28.528229780255124],[-82.233497832262955,28.52822498747005],[-82.233501169470031,28.528220169974546],[-82.233507705302472,28.528210536596696],[-82.233510941210909,28.52820568077],[-82.233514136618723,28.528200818136945],[-82.233517307060765,28.528195932168664],[-82.233520443200391,28.528191025631514],[-82.233526611097147,28.528181187983236],[-82.233529650594377,28.528176236231058],[-82.233532657373615,28.528171276283977],[-82.233535631410575,28.528166297140547],[-82.233538572720462,28.528161305676715],[-82.233541479734015,28.528156296394418],[-82.233544354020466,28.528151274791693],[-82.233547195582887,28.5281462422437],[-82.233550004409111,28.528141193249766],[-82.233552788275688,28.528136123670972],[-82.233555531620482,28.528131037659591],[-82.23355823759718,28.528125953087599],[-82.23356091395496,28.528120853439493],[-82.233563565331877,28.528115723580296],[-82.233566174639037,28.52811058141673],[-82.233568746578072,28.528105440692553],[-82.23357128735023,28.528100289020458],[-82.233573801599547,28.528095114015876],[-82.233576278438349,28.52808992119817],[-82.233578721002104,28.528084720188275],[-82.233583497094102,28.528074301853646],[-82.233585841452509,28.528069052881161],[-82.233588143777538,28.52806380810642],[-82.2335904164716,28.528058542754906],[-82.233594846656501,28.528048023251291],[-82.233597025804514,28.528042704428415],[-82.233601248703309,28.528032100019772],[-82.233603314156767,28.528026770390902],[-82.233605340678992,28.52802143945371],[-82.233607337582427,28.528016093440463],[-82.233609295533441,28.52801073649271],[-82.23361121920945,28.528005371352801],[-82.233613107053358,28.527999998023365],[-82.233614960616208,28.527994613751421],[-82.233616756708031,28.527989294211803],[-82.233624885940984,28.527963639976441],[-82.233626953996733,28.527956667001064],[-82.233628524002029,28.527951210331974],[-82.23363005818436,28.527945749598935],[-82.233633028416762,28.527934813174571],[-82.233637197874074,28.527918336832567],[-82.233638518615194,28.527912824209604],[-82.233641049544786,28.527901800529001],[-82.233643440254511,28.527890741334787],[-82.23364568301038,28.52787967001839],[-82.233647780878144,28.527868564571587],[-82.233648776056469,28.527862996126036],[-82.233650662125456,28.527851877291685],[-82.233653206907476,28.52783513283276],[-82.233655424664093,28.527818375184467],[-82.233657324680507,28.527801578202389],[-82.233658396151853,28.527790359005554],[-82.233658880488989,28.527784743307233],[-82.233659327464409,28.527779131798709],[-82.233660112401907,28.527767902093242],[-82.233660450342754,28.527762274270057],[-82.233661018822872,28.527751036685803],[-82.233661433121284,28.5277397869901],[-82.233661707288377,28.527728541660966],[-82.233661791386055,28.527722899147403],[-82.233661836645183,28.527711648711264],[-82.23366133735577,28.52764270210438],[-82.233661289139164,28.527634959916455],[-82.233660566082875,28.52752032604387],[-82.233659609851927,28.5273557377317],[-82.23365952262921,28.527354314569013],[-82.233658898469315,28.527192026360147]]},"properties":{"OBJECTID":134,"D":6,"MAXABSQ":26.82,"C":100,"SF":0.0001,"ID":24576,"LABEL":"P-15343","LENGTH":721,"MATERIAL":"DI","START_NDID":5751,"START_NODE":"J-814791","STOP_NDID":5750,"STOP_NODE":"J-814789","MAX_V":0.29999999999999999,"Shape_Length":721.2570474561287}},{"type":"Feature","id":135,"geometry":{"type":"LineString","coordinates":[[-82.233658898469315,28.527192026360147],[-82.233744130537104,28.527195739862929],[-82.233788919574152,28.527195855312783],[-82.23379112915778,28.527195842796473]]},"properties":{"OBJECTID":135,"D":6,"MAXABSQ":70.349999999999994,"C":135,"SF":0.00050000000000000001,"ID":34735,"LABEL":"P-15344A","LENGTH":42,"MATERIAL":"PVC","START_NDID":5750,"START_NODE":"J-814789","STOP_NDID":2462,"STOP_NODE":"J-FH_Tee-1852","MAX_V":0.80000000000000004,"Shape_Length":42.49366597744261}},{"type":"Feature","id":136,"geometry":{"type":"LineString","coordinates":[[-82.23379112915778,28.527195842796473],[-82.234051504614769,28.527194367632742],[-82.23407262129686,28.527193970950467],[-82.234488244203305,28.527193278903695],[-82.234631693098692,28.527191836178137],[-82.234955023687021,28.527190129051881],[-82.235177538968557,28.52718839495293]]},"properties":{"OBJECTID":136,"D":6,"MAXABSQ":71.819999999999993,"C":135,"SF":0.00050000000000000001,"ID":34736,"LABEL":"P-15344B","LENGTH":445,"MATERIAL":"PVC","START_NDID":2462,"START_NODE":"J-FH_Tee-1852","STOP_NDID":9747,"STOP_NODE":"J-814800","MAX_V":0.81000000000000005,"Shape_Length":445.19814916361486}},{"type":"Feature","id":137,"geometry":{"type":"LineString","coordinates":[[-82.235177538968557,28.52718839495293],[-82.235177538968557,28.52718839495293],[-82.235208781429407,28.527188647526444]]},"properties":{"OBJECTID":137,"D":6,"MAXABSQ":75.030000000000001,"C":135,"SF":0.00059999999999999995,"ID":31074,"LABEL":"P-15344C","LENGTH":10,"MATERIAL":"PVC","START_NDID":9747,"START_NODE":"J-814800","STOP_NDID":9748,"STOP_NODE":"J-814801","MAX_V":0.84999999999999998,"Shape_Length":10.032619612436235}},{"type":"Feature","id":138,"geometry":{"type":"LineString","coordinates":[[-82.232673970424955,28.528773243304567],[-82.232639050079285,28.528720757442319],[-82.232518256897933,28.5285611187009],[-82.232413293667989,28.528391451070476],[-82.232293372934947,28.528197602991327],[-82.232288393849956,28.528197170072517],[-82.232283199426988,28.528196529869383],[-82.232278051340884,28.528195717689179],[-82.232272944878076,28.528194714287384],[-82.232267898772278,28.528193541634906],[-82.232262892729707,28.528192176388369],[-82.2322579377105,28.52819064603263],[-82.232253092876249,28.528188946341022],[-82.23224829279475,28.528187062298453],[-82.232243627878518,28.528185039131309],[-82.232239040396493,28.528182823306238],[-82.232234516397938,28.528180443725891],[-82.232229733052392,28.528177669911742],[-82.232225883200286,28.528175249298329],[-82.232221744403844,28.528172429001028],[-82.232217739188499,28.528169457205291],[-82.232213858232583,28.528166343553334],[-82.232210135835004,28.528163107239113],[-82.232206565749181,28.528159740022168],[-82.232203138617308,28.528156235042644],[-82.232199876302374,28.528152621141977],[-82.232196781918603,28.528148898314861],[-82.232194141235809,28.528145438746979],[-82.232191098477543,28.528141114877247],[-82.232188553155254,28.528137116075154],[-82.232186161710786,28.528132990493322],[-82.232183969448357,28.528128805438175],[-82.23218196853712,28.528124540295455],[-82.232180160552232,28.528120203313492],[-82.23217855330644,28.528115806855599],[-82.232177140577235,28.528111353682792],[-82.232175936445017,28.528106874025013],[-82.23217487477838,28.528102033826194],[-82.232174092469151,28.52809748193798],[-82.232173517154493,28.528092882939774],[-82.232173145816546,28.528088280842599],[-82.232172989324994,28.528083661876039],[-82.232173036813109,28.528079041185659],[-82.232173299207844,28.528074431129422],[-82.23217376405222,28.528069831728576],[-82.232174445372308,28.52806524845996],[-82.232175326048875,28.528060685478284],[-82.232176412394651,28.528056181277886],[-82.232177708972571,28.528051686344398],[-82.232179195693703,28.52804727084645],[-82.232180891189216,28.528042909998888],[-82.232182786083214,28.52803858869073],[-82.232184872662444,28.528034339939495],[-82.2321871400692,28.528030183016334],[-82.232189594544053,28.528026123411234],[-82.232192510816958,28.528021759101669],[-82.232195066122358,28.528018235644829],[-82.232198365934281,28.528014093458953],[-82.232201764344723,28.528010179384513],[-82.232204756381151,28.528006992100391],[-82.232208253941465,28.528003557794598],[-82.232211910586813,28.528000241482339],[-82.232215707668004,28.527997059697697],[-82.232219643642935,28.527994019319184],[-82.232223716948496,28.5279911175991],[-82.232227924473449,28.527988355917959],[-82.232232235117635,28.527985753581401],[-82.232236652013427,28.527983318835219],[-82.232241204688762,28.527981025500381],[-82.232245860486373,28.527978892885304],[-82.232250605398264,28.527976923764303],[-82.232255411435517,28.527975136062558],[-82.232260303481866,28.527973515985707],[-82.232265278435207,28.527972069039759],[-82.23227031604992,28.527970793884169],[-82.232275403893297,28.527969701541618],[-82.232280526376044,28.527968783787685],[-82.232285688208734,28.527968058491645],[-82.232290865992425,28.527967506440987],[-82.232296414759105,28.527967131154092],[-82.232301635432123,28.527966965455644],[-82.232306878308847,28.527966983993302],[-82.232312104452248,28.52796718270816],[-82.232317312326387,28.527967571229045],[-82.232322506581497,28.527968139921803],[-82.232327665430034,28.527968894324392],[-82.232332793531327,28.527969828928107],[-82.23233786440835,28.527970941027924],[-82.232342882741534,28.527972234741341],[-82.232347857870593,28.527973708677209],[-82.232352738374473,28.527975346421336],[-82.232357546089005,28.527977164438585],[-82.232362279423953,28.527979147604601],[-82.232366902565616,28.527981295980734],[-82.232371440421829,28.527983606773979],[-82.232376261003395,28.527986321386742],[-82.232380162146413,28.527988700652767],[-82.232384748354619,28.52799175808633],[-82.232388402471187,28.527994390808097],[-82.232392164689728,28.527997324509496],[-82.232399456693756,28.528003709377838],[-82.232402808623903,28.528007004078404],[-82.232406136186327,28.528010547728393],[-82.23240930208317,28.528014216796397],[-82.232412320346555,28.528018019509467],[-82.232415153484965,28.528021900924571],[-82.232417803097718,28.528025880291477],[-82.232420275398226,28.528029950723685],[-82.23242234218128,28.528033717934601],[-82.232424667840974,28.528038374444836],[-82.232426556668855,28.528042649402085],[-82.232428257266463,28.528047007192235],[-82.232429760266925,28.528051436829887],[-82.232431067173081,28.528055913559221],[-82.232432165512861,28.528060430525649],[-82.232433061508601,28.528064984968236],[-82.232433750470918,28.528069568643804],[-82.232434232366543,28.528074166425544],[-82.232434504075215,28.528078775568346],[-82.232434565596861,28.528083396072244],[-82.232434418461452,28.528088015558009],[-82.232434062638788,28.528092620273839],[-82.232433498125815,28.528097208844564],[-82.23243272183241,28.528101792276953],[-82.232431746140094,28.52810633617025],[-82.232430566350303,28.528110828155892],[-82.232429180933082,28.528115280613054],[-82.232427594529568,28.52811967978208],[-82.232425807145773,28.528124028413227],[-82.232423832723356,28.528128293478307],[-82.23242143858721,28.528132882429119],[-82.232419293310073,28.528136633468666],[-82.232416511058361,28.528141044309862],[-82.232293372934947,28.528197602991327]]},"properties":{"OBJECTID":138,"D":2,"MAXABSQ":2.4900000000000002,"C":100,"SF":0.00040000000000000002,"ID":21400,"LABEL":"P-15345","LENGTH":504,"MATERIAL":"DI","START_NDID":5751,"START_NODE":"J-814791","STOP_NDID":9740,"STOP_NODE":"J-814790","MAX_V":0.25,"Shape_Length":504.01166064292562}},{"type":"Feature","id":139,"geometry":{"type":"LineString","coordinates":[[-82.232673970424955,28.528773243304567],[-82.232615778423749,28.528805738110055],[-82.232603320695091,28.528813248679228],[-82.232602238873312,28.528813908116433]]},"properties":{"OBJECTID":139,"D":6,"MAXABSQ":0.87,"C":100,"SF":0,"ID":34194,"LABEL":"P-15346A","LENGTH":27,"MATERIAL":"DI","START_NDID":5751,"START_NODE":"J-814791","STOP_NDID":2512,"STOP_NODE":"J-FH_Tee-1898","MAX_V":0.01,"Shape_Length":27.372999037198767}},{"type":"Feature","id":140,"geometry":{"type":"LineString","coordinates":[[-82.232602238873312,28.528813908116433],[-82.232601967797052,28.528814073354187],[-82.232601841835532,28.528814149204845],[-82.232601477889688,28.528814342353389],[-82.232584814202681,28.528823211925893],[-82.232448168152771,28.528893683202291],[-82.232371453791586,28.528933246399532],[-82.232215310755265,28.529013771737812],[-82.232179368061423,28.529034009834845],[-82.232037862412227,28.529118345329593],[-82.232002120885909,28.529140883714053],[-82.231963693562903,28.529167109410547],[-82.231790449313493,28.5292853489252],[-82.231657080127448,28.529391519015544],[-82.23154207174278,28.529483072507979],[-82.231529636206744,28.529492971630251],[-82.231498920335568,28.529513819469351],[-82.231362177258148,28.529629729925531]]},"properties":{"OBJECTID":140,"D":6,"MAXABSQ":0.62,"C":100,"SF":0,"ID":34195,"LABEL":"P-15346B","LENGTH":498,"MATERIAL":"DI","START_NDID":2512,"START_NODE":"J-FH_Tee-1898","STOP_NDID":9735,"STOP_NODE":"J-814782","MAX_V":0.01,"Shape_Length":498.48911692897087}},{"type":"Feature","id":141,"geometry":{"type":"LineString","coordinates":[[-82.23144847790175,28.530591409211549],[-82.231616232116124,28.530743617069],[-82.231690213456247,28.530810748240881],[-82.231762266524541,28.53087831996902],[-82.231764403169663,28.530880552367304],[-82.231768261433984,28.53088464244755],[-82.23177206678821,28.530888747744946],[-82.231775841095811,28.530892897101047],[-82.231779579634136,28.53089706714573],[-82.231783265271403,28.530901256533141],[-82.231786918295796,28.530905485856334],[-82.231790541800635,28.530909745483775],[-82.23179411707288,28.530914023070746],[-82.231797647226827,28.530918318611999],[-82.231801132295615,28.530922647234409],[-82.231804595660705,28.530927019899561],[-82.231808007645768,28.530931395402668],[-82.231811372976438,28.530935798488926],[-82.23181470723641,28.530940234632435],[-82.231817994814861,28.530944685982565],[-82.231821227935072,28.530949156678041],[-82.231824436246271,28.530953675547106],[-82.231827599412128,28.530958199993883],[-82.231830715923536,28.530962752023814],[-82.231833785735418,28.530967311009277],[-82.231836812037301,28.530971911324357],[-82.231839808810562,28.530976537818201],[-82.231842746417911,28.530981167163336],[-82.231845645162664,28.530985826828687],[-82.231848498798144,28.530990508573883],[-82.231851316691333,28.530995223384334],[-82.23185408318939,28.530999934156931],[-82.23185679056067,28.531004665658088],[-82.231859474668056,28.531009439829525],[-82.231862101169654,28.531014218224765],[-82.231864682552924,28.531019014574316],[-82.231868324370325,28.531025946144482],[-82.231870785912804,28.531030770202079],[-82.231873217965713,28.531035638315782],[-82.231875603346097,28.531040525761632],[-82.231877946719422,28.53104542978128],[-82.231880235598254,28.531050336644309],[-82.231882476250391,28.531055264217333],[-82.231884676488733,28.531060224863634],[-82.231886830009358,28.531065184214469],[-82.231888944733541,28.53107020413945],[-82.231928747781708,28.531165621855365],[-82.232012602455896,28.53135094789253]]},"properties":{"OBJECTID":141,"D":8,"MAXABSQ":13.76,"C":110,"SF":0,"ID":31440,"LABEL":"P-15347A","LENGTH":336,"MATERIAL":"DI","START_NDID":9743,"START_NODE":"J-814794","STOP_NDID":9744,"STOP_NODE":"J-814795","MAX_V":0.089999999999999997,"Shape_Length":335.74223411849692}},{"type":"Feature","id":142,"geometry":{"type":"LineString","coordinates":[[-82.232012602455896,28.53135094789253],[-82.232012602455896,28.53135094789253],[-82.232052228867147,28.531443824535309],[-82.232053642133181,28.531447082674187]]},"properties":{"OBJECTID":142,"D":8,"MAXABSQ":0.59999999999999998,"C":110,"SF":0,"ID":31441,"LABEL":"P-15347B","LENGTH":37,"MATERIAL":"DI","START_NDID":9744,"START_NODE":"J-814795","STOP_NDID":4850,"STOP_NODE":"J-814792","MAX_V":0,"Shape_Length":37.355105658191846}},{"type":"Feature","id":143,"geometry":{"type":"LineString","coordinates":[[-82.23144847790175,28.530591409211549],[-82.231498977779495,28.530548443640232],[-82.231689553609172,28.530385859744737],[-82.231814841561956,28.530284307530383],[-82.231864333043504,28.530241769849532],[-82.231872122862043,28.530235074548301],[-82.231892792609244,28.530217309055601],[-82.232129052939598,28.53001792646041],[-82.232192483073234,28.529964396395588],[-82.232256346787693,28.529910501136673],[-82.232275560912939,28.529895778599343],[-82.232325215185057,28.52985876457311],[-82.232389685105076,28.529815061422852]]},"properties":{"OBJECTID":143,"D":6,"MAXABSQ":3.71,"C":100,"SF":0,"ID":36606,"LABEL":"P-15348A","LENGTH":414,"MATERIAL":"DI","START_NDID":9743,"START_NODE":"J-814794","STOP_NDID":2518,"STOP_NODE":"J-FH_Tee-1902","MAX_V":0.040000000000000001,"Shape_Length":413.72717591303956}},{"type":"Feature","id":144,"geometry":{"type":"LineString","coordinates":[[-82.232389685105076,28.529815061422852],[-82.232390653721581,28.529814404812363],[-82.232456990896068,28.529769434276993],[-82.23251306454307,28.529731423191457],[-82.232559123391979,28.529703010114829],[-82.232589344515944,28.529685973510809],[-82.232740862127699,28.529600560028623],[-82.232858778171831,28.529540807103093],[-82.233041036307299,28.529447506179068],[-82.233082575023857,28.529428533046005]]},"properties":{"OBJECTID":144,"D":6,"MAXABSQ":7.5999999999999996,"C":100,"SF":0,"ID":36607,"LABEL":"P-15348B","LENGTH":264,"MATERIAL":"DI","START_NDID":2518,"START_NODE":"J-FH_Tee-1902","STOP_NDID":9742,"STOP_NODE":"J-814793","MAX_V":0.089999999999999997,"Shape_Length":263.52858143953813}},{"type":"Feature","id":145,"geometry":{"type":"LineString","coordinates":[[-82.233082575023857,28.529428533046005],[-82.232973600070849,28.529253768089099],[-82.23277357007899,28.528932973227001],[-82.232673970424955,28.528773243304567]]},"properties":{"OBJECTID":145,"D":6,"MAXABSQ":22.949999999999999,"C":100,"SF":0.0001,"ID":21778,"LABEL":"P-15349","LENGTH":272,"MATERIAL":"DI","START_NDID":9742,"START_NODE":"J-814793","STOP_NDID":5751,"STOP_NODE":"J-814791","MAX_V":0.26000000000000001,"Shape_Length":271.99350670658947}},{"type":"Feature","id":146,"geometry":{"type":"LineString","coordinates":[[-82.230863148888375,28.530066476985652],[-82.231194243368066,28.530364630658806],[-82.23131547243888,28.530474968183331],[-82.23134652309362,28.530498897081621],[-82.231385384329286,28.530534162035579],[-82.23144847790175,28.530591409211549]]},"properties":{"OBJECTID":146,"D":8,"MAXABSQ":12.44,"C":110,"SF":0,"ID":21703,"LABEL":"P-15350","LENGTH":268,"MATERIAL":"DI","START_NDID":9734,"START_NODE":"J-814781","STOP_NDID":9743,"STOP_NODE":"J-814794","MAX_V":0.080000000000000002,"Shape_Length":267.90593316722681}},{"type":"Feature","id":147,"geometry":{"type":"LineString","coordinates":[[-82.233562948469086,28.53013359377497],[-82.233410600274723,28.529915564939678],[-82.233284105633942,28.529727751006536],[-82.233189411097626,28.529587154206563],[-82.233082575023857,28.529428533046005]]},"properties":{"OBJECTID":147,"D":6,"MAXABSQ":13.99,"C":100,"SF":0,"ID":22108,"LABEL":"P-15351","LENGTH":299,"MATERIAL":"DI","START_NDID":9746,"START_NODE":"J-814797","STOP_NDID":9742,"STOP_NODE":"J-814793","MAX_V":0.16,"Shape_Length":299.18907227339287}},{"type":"Feature","id":148,"geometry":{"type":"LineString","coordinates":[[-82.232394549746473,28.531224886724534],[-82.232396691204528,28.531230723452978],[-82.232468247269338,28.531321255665816],[-82.232471772629751,28.531325476937567],[-82.23247535861735,28.53132965134931],[-82.232479011475917,28.53133378576625],[-82.232482728088115,28.531337878818583],[-82.232486499092815,28.531341922271203],[-82.232490335399234,28.531345920230951],[-82.23249422610121,28.531349869966167],[-82.232498193014109,28.53135377831542],[-82.232502214349765,28.53135765081668],[-82.232506277569243,28.531361450361565],[-82.232510417017821,28.531365216771515],[-82.23251460307003,28.531368932219863],[-82.23251884973439,28.531372593932268],[-82.232523149240137,28.531376208797948],[-82.232525011846334,28.531377730684721],[-82.232527507800839,28.531379769930329],[-82.232531925455746,28.531383295206709],[-82.232536385015635,28.531386757152905],[-82.232540883369168,28.53139015714941],[-82.232545448560501,28.531393502024123],[-82.232550074415258,28.53139681654083],[-82.232554369432094,28.531399804330817],[-82.232564583883786,28.531406618739641],[-82.232568996896049,28.531409446806176],[-82.232573858786722,28.531412462503742],[-82.232578756380875,28.531415427258281],[-82.232583703653717,28.531418323168548],[-82.232588711580917,28.531421184595274],[-82.232593719327227,28.531423963511276],[-82.232598786101292,28.531426676317356],[-82.232603916638027,28.531429351884146],[-82.232609051677414,28.531431950432935],[-82.232614250422088,28.531434485614131],[-82.2326194879996,28.531436976722837],[-82.232624730055576,28.531439379812099],[-82.232630040515517,28.531441731902312],[-82.23263539601281,28.531444028907984],[-82.232640762259493,28.53144625713599],[-82.232646168844838,28.531448417910859],[-82.232651620470534,28.531450524976286],[-82.232657075044642,28.531452556401526],[-82.232662562165487,28.531454517636618],[-82.232668102100419,28.531456419648197],[-82.232673671494908,28.531458263851537],[-82.232679264093107,28.53146003788067],[-82.232684873675325,28.531461745871823],[-82.232690506455214,28.531463380938415],[-82.232696140641394,28.531464947243318],[-82.232704347004301,28.531467096343494],[-82.232710043112121,28.531468496144921],[-82.23271577957965,28.531469838119346],[-82.2327215283415,28.531471105812724],[-82.232727309659055,28.531472307441408],[-82.232733117300569,28.531473441640898],[-82.232738924800216,28.531474511206874],[-82.232744743024938,28.531475500993761],[-82.23275059849189,28.531476431583819],[-82.232756456916192,28.531477290659158],[-82.232762312066086,28.531478076855301],[-82.23276821223196,28.531478798340551],[-82.232774088892313,28.531479452481985],[-82.232779970039928,28.531480022729443],[-82.232785889980875,28.531480531027039],[-82.232791812879043,28.531480967809919],[-82.232797729406542,28.531481339969975],[-82.232803651990508,28.531481633734099],[-82.23280959001022,28.531481865588368],[-82.232815513852216,28.531482023206927],[-82.232821443759704,28.531482106555089],[-82.232827395307368,28.531482116981323],[-82.232833340502467,28.531482071035796],[-82.232839262164674,28.531481945369855],[-82.232845189907451,28.531481752309386],[-82.232851119044156,28.531481484986536],[-82.232857038689687,28.531481150295825],[-82.232862964397597,28.531480739959534],[-82.232868885297904,28.531480267748115],[-82.232874781129283,28.531479725445195],[-82.232880664336975,28.531479107528732],[-82.232886558290602,28.531478419459376],[-82.232892433412985,28.531477665413377],[-82.232898263235285,28.531476846811326],[-82.232906667548619,28.531475538355835],[-82.232914174947254,28.531474238313749],[-82.232919973060376,28.531473162606346],[-82.232925742978026,28.531472011312122],[-82.232931539207172,28.531470787087976],[-82.232937293259582,28.531469502427971],[-82.232943026911386,28.5314681462933],[-82.232948723057916,28.531466729714769],[-82.23295441902286,28.531465230625503],[-82.232960086831568,28.531463673826678],[-82.232965715559686,28.531462048335602],[-82.232971348789761,28.531460345826495],[-82.232975190803543,28.531459140079246],[-82.233000281066609,28.531450416902331],[-82.233004472556544,28.531448807626877],[-82.233009894587411,28.531446659919943],[-82.233015254192168,28.531444449061553],[-82.23302060740771,28.531442165329359],[-82.233025920009581,28.531439823909054],[-82.233031191985688,28.531437419299913],[-82.233036429567676,28.531434952866466],[-82.233041628075014,28.531432420491193],[-82.233046789092029,28.531429834547957],[-82.233051904796639,28.531427178548117],[-82.23305705767639,28.531424433097531],[-82.233148452897126,28.531374892140811],[-82.233284356529069,28.531301225529738],[-82.2334212227086,28.531227035935121],[-82.23344147600946,28.531216058816756],[-82.233579704425182,28.531141132374785],[-82.233631151008836,28.531113245994657],[-82.233686711361159,28.531083130225745],[-82.233797376265315,28.531023145561647],[-82.233809363023582,28.531016647828334],[-82.234002331446206,28.530912050710189],[-82.234027807335892,28.530898241261269],[-82.234213680038039,28.530797488696489],[-82.234219170328672,28.530794547344367],[-82.234224743236638,28.530791645729803],[-82.23423036450744,28.530788785287029],[-82.234236027967199,28.530785990779965],[-82.234260973314932,28.530774525510044],[-82.234241702463592,28.530783258136736],[-82.234247439343363,28.530780569391467],[-82.234255399368891,28.530776956816098],[-82.234261389783498,28.530774343870384]]},"properties":{"OBJECTID":148,"D":6,"MAXABSQ":9.3900000000000006,"C":100,"SF":0,"ID":34822,"LABEL":"P-15353A","LENGTH":721,"MATERIAL":"DI","START_NDID":9745,"START_NODE":"J-814796","STOP_NDID":2520,"STOP_NODE":"J-FH_Tee-1904","MAX_V":0.11,"Shape_Length":721.4106700817033}},{"type":"Feature","id":149,"geometry":{"type":"LineString","coordinates":[[-82.234261389783498,28.530774343870384],[-82.234264258878355,28.530773092406093],[-82.234270148857334,28.530770628925442],[-82.234276029642061,28.530768232844267],[-82.234281944833057,28.530765904087335],[-82.23428787259661,28.530763627565342],[-82.234293861222937,28.530761411446047],[-82.234299857774701,28.53075925857113],[-82.234305894940121,28.53075716338347],[-82.234312395965219,28.530754989010092],[-82.234339337062124,28.530746808340034],[-82.234342591085351,28.530745900607599],[-82.234348789591664,28.530744236946436],[-82.234355013161377,28.530742640625579],[-82.234361253987458,28.530741102032259],[-82.234367524548418,28.530739630771183],[-82.234373801480842,28.530738224132325],[-82.23438009257049,28.53073688210225],[-82.234386404036925,28.53073560054467],[-82.234392731217795,28.53073438359316],[-82.234399077218299,28.530733227116844],[-82.234405449842498,28.530732139353312],[-82.23441180392976,28.530731119005306],[-82.234418204847273,28.530730150833065],[-82.234424596604313,28.530729265187194],[-82.234430985350386,28.530728426302304],[-82.234437424083666,28.530727658840277],[-82.234443850499588,28.530726954657514],[-82.234450303539262,28.530726319187504],[-82.234456745833995,28.530725753869977],[-82.23446318669626,28.530725244937035],[-82.234469646396548,28.530724804730269],[-82.234476114022584,28.530724427767822],[-82.234482586469198,28.530724118180625],[-82.234489046601567,28.530723873247855],[-82.234495520885289,28.530723690173456],[-82.234502028021524,28.530723575801083],[-82.234508490164529,28.530723535765851],[-82.234514946194565,28.530723547997724],[-82.23452144442011,28.530723628915439],[-82.234527906980219,28.530723777278297],[-82.234534380568277,28.530723983379396],[-82.234540863666766,28.530724265098694],[-82.234547321984735,28.530724607368423],[-82.234553794463295,28.530725015622085],[-82.234560248414354,28.530725495416792],[-82.234566693150384,28.530726032984717],[-82.234573144270414,28.5307266406755],[-82.234579576841625,28.530727310281151],[-82.234585978418991,28.53072804732388],[-82.234592386337724,28.530728835237024],[-82.234598813119078,28.530729702877778],[-82.234605202671887,28.530730635216042],[-82.234611573663756,28.530731623968428],[-82.234617949485596,28.530732684221586],[-82.234624236659158,28.530733794134079],[-82.234675826036565,28.530743167631496],[-82.234852362815161,28.530775243894382],[-82.234879611723599,28.530780195560141],[-82.235084701436691,28.530817465707521],[-82.235100729576757,28.530820378102764],[-82.23542115704447,28.530878606591592],[-82.235455522015215,28.530884850854225],[-82.235514311672162,28.530895533099489],[-82.235529361537999,28.530898266991567],[-82.235543701051881,28.530900872846807],[-82.235555128789613,28.530902834664847],[-82.235560943698275,28.530903736325417],[-82.235566825445673,28.530904584237756],[-82.235572724181282,28.530905368862065],[-82.235578643025505,28.530906092943326],[-82.235584527468546,28.530906752450473],[-82.235590460006279,28.530907332113511],[-82.235596423601635,28.53090787321733],[-82.235602354334603,28.530908341493365],[-82.235608292712712,28.530908746497545],[-82.235614249626934,28.530909084085465],[-82.235620215755716,28.530909363899568],[-82.235626164615056,28.530909580485034],[-82.235632121104217,28.530909726922815],[-82.235638089913039,28.530909811455839],[-82.23564405702399,28.530909832733236],[-82.235650023994225,28.530909790752318],[-82.235655989266576,28.53090968551577],[-82.235661938829665,28.530909518423083],[-82.235667900693997,28.530909281174591],[-82.235673859315483,28.530908986173877],[-82.235679795986769,28.530908623827159],[-82.235685755868573,28.530908195431216],[-82.235691696941998,28.530907712060426],[-82.235697619176491,28.530907159963064],[-82.235703904002975,28.530906505472863],[-82.235709810371972,28.530905821385151],[-82.235715722825731,28.530905072653152],[-82.235721613353661,28.530904267576513],[-82.235727497499909,28.530903393751689],[-82.235733364388736,28.530902462198974],[-82.235739220224332,28.530901461906165],[-82.235745060356621,28.530900402507577],[-82.235750898790869,28.530899279853394],[-82.235756704389942,28.530898096747997],[-82.235762492719346,28.530896850414024],[-82.235768274673063,28.530895538082198],[-82.235774037812163,28.530894168025206],[-82.235779771230412,28.530892737511632],[-82.235785488933018,28.530891242391615],[-82.235791192486346,28.53088968678794],[-82.235780768794967,28.530892477246088],[-82.23580251821609,28.530886394197346],[-82.235808152843674,28.53088465443842],[-82.235813770213724,28.530882856951681],[-82.23581933452688,28.530881008675131],[-82.235824887774385,28.530879086157775],[-82.235830433110408,28.530877107271557],[-82.235835928500734,28.530875076214954],[-82.235841397284403,28.530872984696437],[-82.23584684879215,28.53087082719896],[-82.235852265935009,28.530868621629622],[-82.235857633116851,28.530866357014077],[-82.235862993922851,28.530864026400728],[-82.235868307909712,28.530861649112317],[-82.235873915721953,28.530859056785321],[-82.235879164044263,28.530856561344962],[-82.235884376419975,28.530854006834122],[-82.235889562185932,28.530851390486124],[-82.235894710475677,28.53084872744688],[-82.235899810367656,28.530846008109108],[-82.235904880547764,28.530843232440322],[-82.235909917898638,28.530840399070797],[-82.235914908433386,28.530837520401402],[-82.235919847465212,28.530834589564467],[-82.235924262266849,28.530831898919274],[-82.235945926819468,28.530817783565375],[-82.235948688098873,28.530815876894163],[-82.235953346006951,28.530812572495204],[-82.23595795556929,28.530809235175724],[-82.235962505836767,28.530805842951892],[-82.235967020175934,28.53080239990863],[-82.235971487683656,28.530798904689707],[-82.235975900604714,28.530795371060407],[-82.23598027134436,28.530791775621132],[-82.235984606174085,28.530788137613499],[-82.235988859973034,28.53078447361808],[-82.235993080927358,28.530780745046094],[-82.235997250403273,28.530776975308019],[-82.23600135284137,28.530773169931571],[-82.236005419332798,28.530769305484711],[-82.236009431243716,28.530765405377867],[-82.236013623159778,28.530761224421298],[-82.23601751653608,28.530757239258939],[-82.236021361536018,28.530753207424429],[-82.2360251410676,28.530749145449576],[-82.236028872204429,28.530745028551511],[-82.236032564307834,28.530740864965008],[-82.236036170751902,28.530736694651367],[-82.23603972878594,28.530732462538605],[-82.236043230700687,28.530728203019645],[-82.236046667116455,28.530723899608688],[-82.23605005517733,28.530719559151766],[-82.236053374655583,28.530715188559977],[-82.236056637974713,28.530710772684746],[-82.236059845171567,28.530706328028185],[-82.236062979126586,28.530701858745552],[-82.236066063135837,28.530697337292814],[-82.236069083258442,28.530692796698499],[-82.236072028588211,28.530688234231203],[-82.23607492239671,28.530683611345459],[-82.236077753894108,28.530678977566481],[-82.236080512134393,28.53067431228563],[-82.236083212689124,28.530669615475819],[-82.236085852431742,28.530664881641773],[-82.236088420523458,28.53066013830594],[-82.23609092467342,28.530655351075417],[-82.236093368057254,28.530650547448314],[-82.236095728871717,28.530645726087311],[-82.236098045959906,28.530640848419885],[-82.236100283651297,28.530635979141497],[-82.236102446525379,28.530631076988779],[-82.236104683401095,28.530625841913682],[-82.236106710697953,28.5306208932404],[-82.236108680321593,28.530615918538924],[-82.236110570496351,28.530610928848532],[-82.236112402994863,28.530605911754737],[-82.236114156050618,28.530600882422398],[-82.236115846758665,28.530595825694753],[-82.236116513249584,28.530593741137629],[-82.236120107318314,28.530581926214257],[-82.236120498275056,28.530580577857677],[-82.236121908531985,28.530575448732922],[-82.236123250264697,28.530570315601722],[-82.236124514124199,28.530565175729965],[-82.23612571564523,28.530560012588502],[-82.236126842401234,28.530554839950742],[-82.236127897503437,28.530549656436051],[-82.236128882512091,28.53054446341698],[-82.23612979738121,28.530539240265831],[-82.236130643772199,28.530534033735865],[-82.236131412286966,28.530528819090208],[-82.236132110686739,28.530523585313905],[-82.236132737448131,28.530518347536574],[-82.236133294103766,28.530513094754127],[-82.236133782262925,28.530507850341845],[-82.236134186347925,28.530502611576409],[-82.23613452807929,28.530497342665416],[-82.236134790414098,28.530492082143521],[-82.236134987308532,28.530486803858036],[-82.236135112613695,28.530481543574329],[-82.236135160076458,28.530476290301863],[-82.23613513045396,28.530470685117173],[-82.236135034652392,28.530465429343362],[-82.236134862562523,28.53046017920294],[-82.236134612559795,28.530454904444689],[-82.236134301834241,28.530449632542336],[-82.236133914872525,28.530444389651318],[-82.236133454687817,28.530439130385428],[-82.236132926040526,28.530433894616589],[-82.236132316418207,28.530428657613367],[-82.23613164136485,28.530423406972041],[-82.236130897879562,28.530418193579575],[-82.23613007496418,28.530412973449248],[-82.236129186676024,28.530407765809212],[-82.23612822054254,28.530402563805172],[-82.236127187469975,28.530397370168622],[-82.23612608749815,28.530392202776749],[-82.236124906557521,28.530387036900802],[-82.236123660253384,28.530381887640633],[-82.23612234077234,28.530376742633202],[-82.23612095751561,28.530371627990586],[-82.236119497967721,28.530366517606112],[-82.236117971508378,28.53036142796563],[-82.236116375032481,28.530356363200102],[-82.236114703804205,28.53035129443894],[-82.236112968778826,28.530346246416343],[-82.236111264044425,28.530341514632649],[-82.236103786485046,28.530322612020409],[-82.236103262059302,28.530321365643115],[-82.236100980100673,28.530316150798978],[-82.236098759591385,28.530311259015427],[-82.236096476845262,28.530306389342929],[-82.236094125649046,28.530301548668159],[-82.236091713776219,28.530296731476856],[-82.236089235041064,28.530291957032318],[-82.236086678466961,28.530287190974104],[-82.236084067460169,28.530282455264437],[-82.236081386458437,28.530277754055859],[-82.236078640087214,28.530273066712681],[-82.236075831509851,28.530268415232239],[-82.236072968530493,28.530263807852048],[-82.236070024604032,28.530259211613931],[-82.236067040299176,28.530254663577235],[-82.236063978201344,28.530250144554472],[-82.236060853875941,28.530245651768201],[-82.236057673569988,28.530241193458654],[-82.236054431082422,28.53023678201323],[-82.236051127918358,28.530232394051254],[-82.236047762554321,28.530228044702323],[-82.236044336529076,28.530223725712716],[-82.236040860785607,28.530219456315894],[-82.236037321278914,28.530215222784495],[-82.236033713306881,28.530211011374849],[-82.236030060278864,28.530206845424377],[-82.236026355981608,28.530202731819735],[-82.236022581683329,28.53019864996579],[-82.236020198430637,28.530196192533456],[-82.236013865289209,28.530189663129597]]},"properties":{"OBJECTID":149,"D":6,"MAXABSQ":4.2300000000000004,"C":100,"SF":0,"ID":37306,"LABEL":"P-15353B","LENGTH":822,"MATERIAL":"DI","START_NDID":2520,"START_NODE":"J-FH_Tee-1904","STOP_NDID":2521,"STOP_NODE":"J-FH_Tee-1905","MAX_V":0.050000000000000003,"Shape_Length":821.64703832059365}},{"type":"Feature","id":150,"geometry":{"type":"LineString","coordinates":[[-82.236013865289209,28.530189663129597],[-82.236013613663715,28.530189403706263],[-82.236010943237147,28.53018665110887],[-82.236006710972461,28.530182495790431],[-82.236002675570717,28.530178637168834],[-82.235998557686287,28.530174799318125],[-82.235994414988824,28.530171006891365],[-82.235990222612983,28.530167281934641],[-82.23598596645553,28.530163584592216],[-82.235981655908404,28.53015993685062],[-82.23597730496455,28.530156329059349],[-82.235972910561657,28.530152784601704],[-82.235968458627255,28.530149277373752],[-82.235963958528686,28.530145818360658],[-82.235959411823146,28.530142407559676],[-82.235954816953452,28.530139044973527],[-82.235950180142069,28.530135727841039],[-82.235945507657433,28.530132474028658],[-82.235940771415713,28.530129258831945],[-82.235938358931534,28.530127658186469],[-82.235919582858386,28.530115818863468],[-82.235916484659597,28.53011396362497],[-82.23591151867808,28.530111070618496],[-82.235906493626231,28.530108223095393],[-82.235901445342932,28.530105431994862],[-82.23589635047405,28.530102698732634],[-82.235891204311386,28.530100006814735],[-82.235886041155069,28.530097375434057],[-82.235880848566268,28.530094812863339],[-82.235875596891788,28.530092288900093],[-82.235870378113617,28.530089852891059],[-82.2358601950897,28.530085302222769],[-82.235854881693541,28.530083031399133],[-82.235849468701346,28.530080788251819],[-82.235844051181786,28.530078609745658],[-82.235838588636796,28.53007649045022],[-82.235833098179654,28.530074423459894],[-82.235827600093131,28.530072426616798],[-82.235822030488166,28.530070479404177],[-82.235816453201735,28.530068578960766],[-82.23581088077367,28.530066762394721],[-82.235805269533387,28.530064998152696],[-82.235799624176821,28.530063297227986],[-82.235793952468285,28.53006164998083],[-82.235788255980225,28.530060063284377],[-82.235782536269767,28.530058537135961],[-82.235776816688016,28.530057068744682],[-82.235771069243029,28.530055674661263],[-82.235765311011363,28.530054331478023],[-82.235759528030741,28.530053062597261],[-82.235753712457239,28.530051841904143],[-82.235747903268503,28.530050691333877],[-82.235742058406288,28.530049604083622],[-82.235736202763491,28.530048570483867],[-82.235730283409268,28.530047596127172],[-82.235498286584175,28.530010681637521],[-82.235469208912676,28.530006055057086],[-82.235435330400378,28.530000665315164],[-82.235382759439375,28.529992300437261],[-82.235072712597812,28.529942969171955],[-82.235032002039119,28.529936491007838],[-82.234863011610813,28.529909602854978],[-82.234839077525734,28.529905795104671],[-82.234609559609524,28.529869272235299],[-82.234602649650526,28.529868173023665],[-82.234464589119199,28.529846203604833],[-82.234456436217201,28.529844951135743],[-82.234450495335253,28.529844089525177],[-82.234444518736439,28.52984327198174],[-82.234438525100416,28.5298424957229],[-82.234432547124172,28.529841759317002],[-82.234426575510483,28.529841083407831],[-82.234420558815714,28.529840441955699],[-82.234414556241845,28.529839848610276],[-82.234408533519456,28.529839297929975],[-82.234402507777176,28.529838789885186],[-82.234396511721087,28.529838327169895],[-82.234390492435679,28.529837922252018],[-82.234384382899776,28.529837546368395],[-82.234378356005195,28.529837221223577],[-82.234372318314044,28.529836942853287],[-82.23436627916314,28.529836708491022],[-82.234359164067456,28.529836495237404],[-82.234324224351994,28.52983633411106],[-82.23431794153845,28.529836465965104],[-82.234311903294042,28.52983664140277],[-82.234305855804038,28.52983686086187],[-82.234299819305292,28.529837121557183],[-82.234293800041527,28.529837430353851],[-82.234287769984135,28.52983778730021],[-82.234281746252648,28.529838188241111],[-82.23427571016731,28.529838635959255],[-82.234269683509964,28.529839122165946],[-82.234263670973263,28.529839656479297],[-82.234257660084879,28.529840232044982],[-82.23425167421415,28.529840854323407],[-82.234245680667044,28.529841526121327],[-82.234239677877369,28.529842243315898],[-82.234233700090101,28.529843000347316],[-82.234227727080594,28.529843805501574],[-82.234221758839709,28.529844654653143],[-82.234215807818529,28.529845545030163],[-82.2342098506751,28.52984648354882],[-82.234203907643135,28.529847466048654],[-82.234197988056394,28.529848488388073],[-82.234192070148282,28.529849565731546],[-82.234186141428196,28.529850682973681],[-82.234180236159389,28.529851842805709],[-82.234174290517117,28.529853053588781],[-82.234168425925347,28.529854299986589],[-82.234162553651032,28.52985559315352],[-82.234156707933167,28.52985692477947],[-82.234150877895999,28.529858305884673],[-82.234145033947712,28.529859733769719],[-82.234139224329411,28.529861194599739],[-82.234133445954157,28.529862700756574],[-82.234127656794186,28.529864259188656],[-82.234121883293653,28.529865857473734],[-82.234116134789332,28.529867492845369],[-82.234005837883075,28.52991227726578],[-82.233985326359758,28.529922530193609],[-82.23397248844465,28.529929068280509]]},"properties":{"OBJECTID":150,"D":6,"MAXABSQ":9.3699999999999992,"C":100,"SF":0,"ID":37836,"LABEL":"P-15353C","LENGTH":684,"MATERIAL":"DI","START_NDID":2521,"START_NODE":"J-FH_Tee-1905","STOP_NDID":2522,"STOP_NODE":"J-FH_Tee-1906","MAX_V":0.11,"Shape_Length":684.28118511342086}},{"type":"Feature","id":151,"geometry":{"type":"LineString","coordinates":[[-82.23397248844465,28.529929068280509],[-82.233972055660644,28.529929288688503],[-82.233938408432124,28.529946793560292],[-82.233937382257125,28.529946788451699],[-82.233751029926324,28.530037095597638],[-82.233562948469086,28.53013359377497]]},"properties":{"OBJECTID":151,"D":6,"MAXABSQ":11.77,"C":100,"SF":0,"ID":37837,"LABEL":"P-15353D","LENGTH":151,"MATERIAL":"DI","START_NDID":2522,"START_NODE":"J-FH_Tee-1906","STOP_NDID":9746,"STOP_NODE":"J-814797","MAX_V":0.13,"Shape_Length":151.12847031850231}},{"type":"Feature","id":152,"geometry":{"type":"LineString","coordinates":[[-82.235208781429407,28.527188647526444],[-82.235207416237316,28.527169886916095],[-82.235205332698683,28.526984650844678],[-82.235203392546779,28.526812096442843],[-82.235198641475577,28.526389657177763],[-82.235196759588717,28.526222293970044],[-82.235193183939231,28.525938638710372],[-82.235193378911518,28.525931774841499]]},"properties":{"OBJECTID":152,"D":6,"MAXABSQ":7.8799999999999999,"C":135,"SF":0,"ID":31070,"LABEL":"P-15355A","LENGTH":457,"MATERIAL":"PVC","START_NDID":9748,"START_NODE":"J-814801","STOP_NDID":9751,"STOP_NODE":"J-814808","MAX_V":0.089999999999999997,"Shape_Length":457.02342343177781}},{"type":"Feature","id":153,"geometry":{"type":"LineString","coordinates":[[-82.235193378911518,28.525931774841499],[-82.235193378911518,28.525931774841499],[-82.235191104291147,28.525832993984636],[-82.235190839238072,28.525816702666997]]},"properties":{"OBJECTID":153,"D":6,"MAXABSQ":0,"C":130,"SF":0,"ID":31071,"LABEL":"P-15355B","LENGTH":42,"MATERIAL":"DI","START_NDID":9751,"START_NODE":"J-814808","STOP_NDID":17859,"STOP_NODE":"FH-10102","MAX_V":0,"Shape_Length":41.847019450860159}},{"type":"Feature","id":154,"geometry":{"type":"LineString","coordinates":[[-82.236518881062111,28.527586208120773],[-82.236518956398996,28.527613678608823]]},"properties":{"OBJECTID":154,"D":6,"MAXABSQ":0.17000000000000001,"C":135,"SF":0,"ID":19231,"LABEL":"P-15356","LENGTH":10,"MATERIAL":"PVC","START_NDID":9749,"START_NODE":"J-814802","STOP_NDID":13527,"STOP_NODE":"J-293","MAX_V":0,"Shape_Length":9.9880010103518604}},{"type":"Feature","id":155,"geometry":{"type":"LineString","coordinates":[[-82.235208781429407,28.527188647526444],[-82.235238915426066,28.527188288681437],[-82.235349280362286,28.527282895642109],[-82.235353010997443,28.527286306504195],[-82.235453583784661,28.527378265241556],[-82.235691709684616,28.527587997865062],[-82.235993770450932,28.527587344173181],[-82.236518881062111,28.527586208120773]]},"properties":{"OBJECTID":155,"D":6,"MAXABSQ":83.099999999999994,"C":135,"SF":0.00069999999999999999,"ID":23702,"LABEL":"P-15357","LENGTH":481,"MATERIAL":"PVC","START_NDID":9748,"START_NODE":"J-814801","STOP_NDID":9749,"STOP_NODE":"J-814802","MAX_V":0.93999999999999995,"Shape_Length":480.87493748064702}},{"type":"Feature","id":156,"geometry":{"type":"LineString","coordinates":[[-82.236518881062111,28.527586208120773],[-82.23651829753824,28.527324807816786],[-82.236517358249515,28.526904028734663],[-82.236516420487348,28.526484622054792]]},"properties":{"OBJECTID":156,"D":6,"MAXABSQ":83.609999999999999,"C":135,"SF":0.00069999999999999999,"ID":30934,"LABEL":"P-15358A","LENGTH":401,"MATERIAL":"PVC","START_NDID":9749,"START_NODE":"J-814802","STOP_NDID":9750,"STOP_NODE":"J-814806","MAX_V":0.94999999999999996,"Shape_Length":400.52550000756059}},{"type":"Feature","id":157,"geometry":{"type":"LineString","coordinates":[[-82.236516420487348,28.526484622054792],[-82.236516420487348,28.526484622054792],[-82.236516222056224,28.52639572654817]]},"properties":{"OBJECTID":157,"D":6,"MAXABSQ":0.16,"C":135,"SF":0,"ID":30935,"LABEL":"P-15358B","LENGTH":32,"MATERIAL":"PVC","START_NDID":9750,"START_NODE":"J-814806","STOP_NDID":14914,"STOP_NODE":"J-1864","MAX_V":0,"Shape_Length":32.321499996585771}},{"type":"Feature","id":158,"geometry":{"type":"LineString","coordinates":[[-82.236516420487348,28.526484622054792],[-82.237075169674085,28.526473635387081]]},"properties":{"OBJECTID":158,"D":6,"MAXABSQ":83.930000000000007,"C":135,"SF":0.00069999999999999999,"ID":20987,"LABEL":"P-15359","LENGTH":179,"MATERIAL":"PVC","START_NDID":9750,"START_NODE":"J-814806","STOP_NDID":14544,"STOP_NODE":"J-1452","MAX_V":0.94999999999999996,"Shape_Length":179.464428217479}},{"type":"Feature","id":159,"geometry":{"type":"LineString","coordinates":[[-82.235187743810783,28.52593178459751],[-82.235176160582753,28.525931781272625],[-82.23516378323383,28.525931776571088],[-82.235152067726588,28.525931806477512],[-82.23468454983076,28.525932994500238],[-82.234621990823811,28.525933153442367],[-82.234376640924765,28.525933776367371],[-82.234062611108314,28.525934573583719],[-82.23382420890961,28.52593517803928]]},"properties":{"OBJECTID":159,"D":2,"MAXABSQ":4.2800000000000002,"C":135,"SF":0.00059999999999999995,"ID":23667,"LABEL":"P-15360","LENGTH":438,"MATERIAL":"PVC","START_NDID":9754,"START_NODE":"J-814809","STOP_NDID":9767,"STOP_NODE":"J-814830","MAX_V":0.44,"Shape_Length":437.84870334804305}},{"type":"Feature","id":160,"geometry":{"type":"LineString","coordinates":[[-82.235193378911518,28.525931774841499],[-82.235191033937298,28.52593177890137],[-82.235187743810783,28.52593178459751]]},"properties":{"OBJECTID":160,"D":2,"MAXABSQ":7.04,"C":135,"SF":0.0015,"ID":18904,"LABEL":"P-15361","LENGTH":2,"MATERIAL":"PVC","START_NDID":9751,"START_NODE":"J-814808","STOP_NDID":9754,"STOP_NODE":"J-814809","MAX_V":0.71999999999999997,"Shape_Length":1.809499999275431}},{"type":"Feature","id":161,"geometry":{"type":"LineString","coordinates":[[-82.234584437330241,28.526598715405843],[-82.234901925145294,28.526597589203135],[-82.234920462319195,28.526597524143206]]},"properties":{"OBJECTID":161,"D":0.80000000000000004,"MAXABSQ":1.1799999999999999,"C":135,"SF":0.0064999999999999997,"ID":20533,"LABEL":"P-15362","LENGTH":108,"MATERIAL":"PVC","START_NDID":5984,"START_NODE":"J-814811","STOP_NDID":14323,"STOP_NODE":"J-1203","MAX_V":0.85999999999999999,"Shape_Length":107.9017283765465}},{"type":"Feature","id":162,"geometry":{"type":"LineString","coordinates":[[-82.2345050604644,28.526485969306254],[-82.234505315288729,28.526598996409163]]},"properties":{"OBJECTID":162,"D":1.3,"MAXABSQ":0.16,"C":135,"SF":0,"ID":19927,"LABEL":"P-15363","LENGTH":41,"MATERIAL":"PVC","START_NDID":9756,"START_NODE":"J-814813","STOP_NDID":9755,"STOP_NODE":"J-814812","MAX_V":0.040000000000000001,"Shape_Length":41.095500027196465}},{"type":"Feature","id":163,"geometry":{"type":"LineString","coordinates":[[-82.234326419830481,28.526486423339385],[-82.234060929200311,28.526487096941878]]},"properties":{"OBJECTID":163,"D":1,"MAXABSQ":0.94999999999999996,"C":135,"SF":0.0011000000000000001,"ID":20363,"LABEL":"P-15364","LENGTH":85,"MATERIAL":"PVC","START_NDID":5986,"START_NODE":"J-814814","STOP_NDID":14227,"STOP_NODE":"J-1102","MAX_V":0.39000000000000001,"Shape_Length":85.252036139367192}},{"type":"Feature","id":164,"geometry":{"type":"LineString","coordinates":[[-82.235187743810783,28.52593178459751],[-82.235187745333889,28.525932470810481],[-82.23518842816857,28.526484232339349],[-82.234809897270537,28.526485195202032],[-82.234688229124075,28.526485504465267],[-82.2345050604644,28.526485969306254]]},"properties":{"OBJECTID":164,"D":1.3,"MAXABSQ":1.8,"C":135,"SF":0.0011999999999999999,"ID":31211,"LABEL":"P-15365A","LENGTH":420,"MATERIAL":"PVC","START_NDID":9754,"START_NODE":"J-814809","STOP_NDID":9756,"STOP_NODE":"J-814813","MAX_V":0.46999999999999997,"Shape_Length":420.30116843449377}},{"type":"Feature","id":165,"geometry":{"type":"LineString","coordinates":[[-82.2345050604644,28.526485969306254],[-82.2345050604644,28.526485969306254],[-82.234326419830481,28.526486423339385]]},"properties":{"OBJECTID":165,"D":1.3,"MAXABSQ":1.3300000000000001,"C":135,"SF":0.00069999999999999999,"ID":31212,"LABEL":"P-15365B","LENGTH":57,"MATERIAL":"PVC","START_NDID":9756,"START_NODE":"J-814813","STOP_NDID":5986,"STOP_NODE":"J-814814","MAX_V":0.34999999999999998,"Shape_Length":57.36352448406965}},{"type":"Feature","id":166,"geometry":{"type":"LineString","coordinates":[[-82.233658898469315,28.527192026360147],[-82.233658161735661,28.526961742493938],[-82.233657594223203,28.5267870087857],[-82.233657425177952,28.526735065720739],[-82.233656993155805,28.52660199977424]]},"properties":{"OBJECTID":166,"D":6,"MAXABSQ":28.199999999999999,"C":135,"SF":0.0001,"ID":21219,"LABEL":"P-15366","LENGTH":215,"MATERIAL":"PVC","START_NDID":5750,"START_NODE":"J-814789","STOP_NDID":5752,"STOP_NODE":"J-814815","MAX_V":0.32000000000000001,"Shape_Length":214.52808776491088}},{"type":"Feature","id":167,"geometry":{"type":"LineString","coordinates":[[-82.233656993155805,28.52660199977424],[-82.233676997115609,28.526601930985851],[-82.233766919153027,28.526601612627818]]},"properties":{"OBJECTID":167,"D":1.5,"MAXABSQ":2.4500000000000002,"C":135,"SF":0.00089999999999999998,"ID":30581,"LABEL":"P-15367A","LENGTH":35,"MATERIAL":"PVC","START_NDID":5752,"START_NODE":"J-814815","STOP_NDID":9765,"STOP_NODE":"J-814827","MAX_V":0.45000000000000001,"Shape_Length":35.298573464900024}},{"type":"Feature","id":168,"geometry":{"type":"LineString","coordinates":[[-82.233766919153027,28.526601612627818],[-82.233766919153027,28.526601612627818],[-82.233810150243315,28.526601459841942],[-82.23408738415857,28.526600477704765],[-82.234505315288729,28.526598996409163]]},"properties":{"OBJECTID":168,"D":1.5,"MAXABSQ":2.3700000000000001,"C":135,"SF":0.00080000000000000004,"ID":31707,"LABEL":"P-15367B","LENGTH":237,"MATERIAL":"PVC","START_NDID":9765,"START_NODE":"J-814827","STOP_NDID":9755,"STOP_NODE":"J-814812","MAX_V":0.42999999999999999,"Shape_Length":237.10800321581095}},{"type":"Feature","id":169,"geometry":{"type":"LineString","coordinates":[[-82.234505315288729,28.526598996409163],[-82.234505315288729,28.526598996409163],[-82.234563355870165,28.526598790313926],[-82.234584437330241,28.526598715405843]]},"properties":{"OBJECTID":169,"D":1.5,"MAXABSQ":1.5900000000000001,"C":135,"SF":0.00040000000000000002,"ID":31708,"LABEL":"P-15367C","LENGTH":25,"MATERIAL":"PVC","START_NDID":9755,"START_NODE":"J-814812","STOP_NDID":5984,"STOP_NODE":"J-814811","MAX_V":0.28999999999999998,"Shape_Length":25.407054242375693}},{"type":"Feature","id":170,"geometry":{"type":"LineString","coordinates":[[-82.233140088977947,28.526495035139991],[-82.23309726436699,28.526495203517182],[-82.233032508156953,28.52649545626085],[-82.232950787572292,28.526495824702092],[-82.232727948210453,28.526496829607158],[-82.232716737186024,28.526496880442426],[-82.232255853490329,28.526498959121927],[-82.232225136835311,28.526499096896259],[-82.232178389971438,28.526499307443469],[-82.232174979951253,28.526499322897891],[-82.232023562781251,28.526499382201433],[-82.231939675520735,28.526499414065228],[-82.231883447046357,28.526499435797266],[-82.231875476245264,28.526499438401487]]},"properties":{"OBJECTID":170,"D":6,"MAXABSQ":0.85999999999999999,"C":135,"SF":0,"ID":23445,"LABEL":"P-15368","LENGTH":406,"MATERIAL":"PVC","START_NDID":9758,"START_NODE":"J-814818","STOP_NDID":14892,"STOP_NODE":"J-1841","MAX_V":0.01,"Shape_Length":406.08359555768726}},{"type":"Feature","id":171,"geometry":{"type":"LineString","coordinates":[[-82.233656676888288,28.526504477943771],[-82.233221826797532,28.526494716061841],[-82.233140088977947,28.526495035139991]]},"properties":{"OBJECTID":171,"D":6,"MAXABSQ":27.440000000000001,"C":135,"SF":0.0001,"ID":20889,"LABEL":"P-15369","LENGTH":166,"MATERIAL":"PVC","START_NDID":9757,"START_NODE":"J-814817","STOP_NDID":9758,"STOP_NODE":"J-814818","MAX_V":0.31,"Shape_Length":165.92685281353045}},{"type":"Feature","id":172,"geometry":{"type":"LineString","coordinates":[[-82.231438310811455,28.527188957358369],[-82.231742632228645,28.527192934008045],[-82.232026268573847,28.527192458091225]]},"properties":{"OBJECTID":172,"D":8,"MAXABSQ":11.99,"C":110,"SF":0,"ID":21049,"LABEL":"P-15370","LENGTH":189,"MATERIAL":"DI","START_NDID":9738,"START_NODE":"J-814786","STOP_NDID":9759,"STOP_NODE":"J-814819","MAX_V":0.080000000000000002,"Shape_Length":188.80866913498198}},{"type":"Feature","id":173,"geometry":{"type":"LineString","coordinates":[[-82.233230016873748,28.52525732725449],[-82.233590727033118,28.525259789278987],[-82.23364555901523,28.525260163921974],[-82.2336450776573,28.525075754242199],[-82.233642300361325,28.524791405786928]]},"properties":{"OBJECTID":173,"D":3,"MAXABSQ":5.7000000000000002,"C":135,"SF":0.0001,"ID":21222,"LABEL":"P-15372","LENGTH":304,"MATERIAL":"PVC","START_NDID":6200,"START_NODE":"J-218005","STOP_NDID":5753,"STOP_NODE":"J-814825","MAX_V":0.26000000000000001,"Shape_Length":303.87955529959555}},{"type":"Feature","id":174,"geometry":{"type":"LineString","coordinates":[[-82.233211570237202,28.52479186398288],[-82.233211677181117,28.524834088760151],[-82.233211756186662,28.524860789156556],[-82.233128103760194,28.524885578745774]]},"properties":{"OBJECTID":174,"D":3,"MAXABSQ":17.670000000000002,"C":135,"SF":0.0011000000000000001,"ID":19963,"LABEL":"P-15373","LENGTH":53,"MATERIAL":"PVC","START_NDID":9763,"START_NODE":"J-814824","STOP_NDID":9762,"STOP_NODE":"J-814823","MAX_V":0.80000000000000004,"Shape_Length":53.394352574540392}},{"type":"Feature","id":175,"geometry":{"type":"LineString","coordinates":[[-82.233766919153027,28.526601612627818],[-82.233765487609688,28.525949920658789],[-82.233768782328085,28.525950990303347],[-82.233772234117183,28.525951553861908],[-82.233775744080106,28.525951595188019],[-82.233779211653228,28.525951113097637],[-82.233782537487428,28.525950121403103],[-82.233785626294576,28.525948648517364],[-82.233788389577541,28.525946736639895],[-82.233790748165802,28.525944440547757],[-82.23379263448372,28.525941826026049],[-82.233793994486604,28.525938967983144],[-82.233794789209213,28.52593594830455],[-82.233794995882064,28.525932853506774],[-82.233794608583878,28.525929772258507],[-82.2337936384111,28.52592679284027],[-82.233792113160135,28.525924000615017],[-82.233790076530767,28.525921475582521],[-82.2337875868743,28.525919290087142],[-82.23378471552158,28.525917506745273],[-82.233781544739458,28.525916176651229],[-82.23377816537355,28.525915337913361],[-82.233774674245723,28.525915014562248],[-82.233771171379829,28.525915215862202],[-82.23376775713605,28.52591593604577],[-82.23376452933546,28.525917154479092],[-82.233765211638016,28.525895408932413]]},"properties":{"OBJECTID":175,"D":1,"MAXABSQ":0.20000000000000001,"C":135,"SF":0.0001,"ID":21529,"LABEL":"P-15374","LENGTH":272,"MATERIAL":"PVC","START_NDID":9765,"START_NODE":"J-814827","STOP_NDID":9768,"STOP_NODE":"J-814831","MAX_V":0.080000000000000002,"Shape_Length":271.9105335156579}},{"type":"Feature","id":176,"geometry":{"type":"LineString","coordinates":[[-82.233656993155805,28.52660199977424],[-82.233656676888288,28.526504477943771]]},"properties":{"OBJECTID":176,"D":6,"MAXABSQ":25.469999999999999,"C":135,"SF":0.0001,"ID":30411,"LABEL":"P-15375A","LENGTH":35,"MATERIAL":"PVC","START_NDID":5752,"START_NODE":"J-814815","STOP_NDID":9757,"STOP_NODE":"J-814817","MAX_V":0.28999999999999998,"Shape_Length":35.458014897505777}},{"type":"Feature","id":177,"geometry":{"type":"LineString","coordinates":[[-82.233656676888288,28.526504477943771],[-82.233656676888288,28.526504477943771],[-82.233656086890178,28.526323073256542],[-82.233655100835449,28.526019962920078],[-82.233654994258472,28.525987166396089]]},"properties":{"OBJECTID":177,"D":6,"MAXABSQ":2.1299999999999999,"C":135,"SF":0,"ID":31719,"LABEL":"P-15375B","LENGTH":188,"MATERIAL":"PVC","START_NDID":9757,"START_NODE":"J-814817","STOP_NDID":9766,"STOP_NODE":"J-814828","MAX_V":0.02,"Shape_Length":188.08958047811052}},{"type":"Feature","id":178,"geometry":{"type":"LineString","coordinates":[[-82.233654994258472,28.525987166396089],[-82.233654994258472,28.525987166396089],[-82.233655071980863,28.525943326846114]]},"properties":{"OBJECTID":178,"D":6,"MAXABSQ":0.16,"C":135,"SF":0,"ID":31720,"LABEL":"P-15375C","LENGTH":16,"MATERIAL":"PVC","START_NDID":9766,"START_NODE":"J-814828","STOP_NDID":14660,"STOP_NODE":"J-1588","MAX_V":0,"Shape_Length":15.939598378508343}},{"type":"Feature","id":179,"geometry":{"type":"LineString","coordinates":[[-82.23382420890961,28.52593517803928],[-82.233824120923273,28.52589530617351],[-82.233765211638016,28.525895408932413]]},"properties":{"OBJECTID":179,"D":1,"MAXABSQ":0.81999999999999995,"C":135,"SF":0.00080000000000000004,"ID":19645,"LABEL":"P-15376","LENGTH":33,"MATERIAL":"PVC","START_NDID":9767,"START_NODE":"J-814830","STOP_NDID":9768,"STOP_NODE":"J-814831","MAX_V":0.34000000000000002,"Shape_Length":33.413500008378492}},{"type":"Feature","id":180,"geometry":{"type":"LineString","coordinates":[[-82.233765211638016,28.525895408932413],[-82.233764406394386,28.525876249911811],[-82.23376333779521,28.525520329970249],[-82.233762848207334,28.52535698809789],[-82.233762825232603,28.525349397133979]]},"properties":{"OBJECTID":180,"D":1,"MAXABSQ":0.28999999999999998,"C":135,"SF":0.0001,"ID":21117,"LABEL":"P-15377","LENGTH":199,"MATERIAL":"PVC","START_NDID":9768,"START_NODE":"J-814831","STOP_NDID":14592,"STOP_NODE":"J-1507","MAX_V":0.12,"Shape_Length":198.52935400504725}},{"type":"Feature","id":181,"geometry":{"type":"LineString","coordinates":[[-82.233654994258472,28.525987166396089],[-82.233748701251272,28.525986929553728],[-82.233748533011976,28.525935370157232],[-82.23382420890961,28.52593517803928]]},"properties":{"OBJECTID":181,"D":2,"MAXABSQ":2.4500000000000002,"C":135,"SF":0.00020000000000000001,"ID":20133,"LABEL":"P-15378","LENGTH":73,"MATERIAL":"PVC","START_NDID":9766,"START_NODE":"J-814828","STOP_NDID":9767,"STOP_NODE":"J-814830","MAX_V":0.25,"Shape_Length":73.137531149689963}},{"type":"Feature","id":182,"geometry":{"type":"LineString","coordinates":[[-82.239723685690365,28.522897342403695],[-82.23852060799048,28.522906125462896],[-82.238092500576542,28.522906876410101],[-82.237961935305407,28.522709737661643],[-82.237958854417982,28.52239861497905],[-82.237943247132279,28.521833650078893],[-82.237928079942122,28.521574904463865],[-82.237918482137474,28.52144855301686],[-82.23788594159268,28.520793628491106],[-82.237872609521872,28.520608706289906]]},"properties":{"OBJECTID":182,"D":12,"MAXABSQ":361.87,"C":135,"SF":0.00040000000000000002,"ID":25243,"LABEL":"P-15383","LENGTH":1371,"MATERIAL":"PVC","START_NDID":9769,"START_NODE":"J-815031","STOP_NDID":15058,"STOP_NODE":"J-2018","MAX_V":1.03,"Shape_Length":1371.4322776185115}},{"type":"Feature","id":183,"geometry":{"type":"LineString","coordinates":[[-82.257513800715998,28.521836222322591],[-82.257509860587788,28.521144454502355]]},"properties":{"OBJECTID":183,"D":3,"MAXABSQ":4.6399999999999997,"C":135,"SF":0.0001,"ID":21474,"LABEL":"P-15384","LENGTH":252,"MATERIAL":"PVC","START_NDID":9778,"START_NODE":"J-815045","STOP_NDID":9777,"STOP_NODE":"J-815044","MAX_V":0.20999999999999999,"Shape_Length":251.52254632944275}},{"type":"Feature","id":184,"geometry":{"type":"LineString","coordinates":[[-82.260755686898136,28.522156046094956],[-82.260749561905669,28.522135954081079],[-82.260630053839336,28.522136239779773],[-82.260624562204725,28.522136253065142],[-82.260263981161089,28.52213711345625],[-82.260263509381247,28.522137114360032],[-82.259994492431332,28.522137755965343],[-82.25998938693958,28.522137768486079],[-82.259765355614533,28.52213830153929],[-82.259760189398506,28.522138314167492],[-82.259380319863865,28.522139217342442],[-82.259379574046861,28.522139218766352],[-82.259350971453671,28.522139287122979],[-82.25915299697121,28.522139758420419],[-82.259152565674114,28.522139759243132],[-82.258908996749042,28.522140337777415],[-82.258908468916133,28.522140338783313],[-82.258681309500162,28.522140878760514],[-82.258680854847597,28.522140879626178],[-82.258456887329643,28.522141410400234],[-82.258456513642599,28.522141411111114],[-82.258109195279147,28.522142235050982],[-82.258108792008528,28.522142235817132],[-82.258051186657752,28.522142372749336],[-82.258050858124534,28.522142373373363],[-82.257828576854592,28.522142899908705],[-82.257827849721821,28.52214290128865],[-82.257674851507929,28.522143263067228],[-82.257674410868589,28.522143263902958],[-82.257530630256952,28.522143603910784],[-82.257520294568039,28.522143571245643],[-82.257511937890371,28.522143545830083]]},"properties":{"OBJECTID":184,"D":3,"MAXABSQ":3.0499999999999998,"C":135,"SF":0,"ID":25260,"LABEL":"P-15385","LENGTH":1047,"MATERIAL":"PVC","START_NDID":13845,"START_NODE":"J-677","STOP_NDID":9779,"STOP_NODE":"J-815046","MAX_V":0.14000000000000001,"Shape_Length":1047.2466366652882}},{"type":"Feature","id":185,"geometry":{"type":"LineString","coordinates":[[-82.26160473323263,28.521823204285258],[-82.26159798780516,28.521158838463382],[-82.261597966368939,28.521139430574515],[-82.261470348547178,28.521139570350744],[-82.261469087362229,28.521139571402749],[-82.2613580657884,28.521139692884368],[-82.26135678124821,28.52113969398027],[-82.261194745554732,28.521139872199303],[-82.261192855335949,28.521139874458097],[-82.260858306769165,28.521140240802612],[-82.260857098522621,28.521140241747286],[-82.260587195759484,28.521140536919457],[-82.260585517294587,28.521140538763618],[-82.260348749417233,28.521140797408147],[-82.2603469541762,28.521140799473134],[-82.260148681997478,28.521141015624607],[-82.260147221514529,28.521141017045952],[-82.259954739882943,28.521141227327284],[-82.25995283565085,28.521141229595614],[-82.259778762632493,28.5211414181557],[-82.259777285022352,28.521141419605843],[-82.259758460679777,28.521141440471112],[-82.259563179593883,28.521141681678476],[-82.259561507356892,28.521141683498065],[-82.259386327359536,28.521141899798693],[-82.259215717204114,28.521142109904844],[-82.259214125931834,28.521142111565698],[-82.258940523759463,28.521142449029767],[-82.258938357948736,28.521142451782438],[-82.25871269165782,28.521142729047394],[-82.25871072358791,28.521142731419868],[-82.258546922261417,28.521142933221213],[-82.258545402611745,28.521142934737931],[-82.258399933604338,28.521143113850851],[-82.258397521785199,28.521143117062802],[-82.258299084036537,28.521143236863949],[-82.258297073927181,28.521143239310351],[-82.258033280943394,28.521143563173904],[-82.258031073093122,28.521143565991924],[-82.257873227345485,28.52114375842029],[-82.257871564450355,28.521143760201355],[-82.25768990100832,28.521143982494756],[-82.257687875328713,28.521143984961686],[-82.257509860587788,28.521144454502355]]},"properties":{"OBJECTID":185,"D":3,"MAXABSQ":6.4900000000000002,"C":135,"SF":0.00020000000000000001,"ID":25455,"LABEL":"P-15386","LENGTH":1561,"MATERIAL":"PVC","START_NDID":9783,"START_NODE":"J-815054","STOP_NDID":9777,"STOP_NODE":"J-815044","MAX_V":0.28999999999999998,"Shape_Length":1561.4235419044712}},{"type":"Feature","id":186,"geometry":{"type":"LineString","coordinates":[[-82.257513800715998,28.521836222322591],[-82.257526360003794,28.521836331909167],[-82.257659938734776,28.521836078640064],[-82.257661797822593,28.521836075114255],[-82.257714612109808,28.521835974939894],[-82.257716707865427,28.521835970964386],[-82.257934641534433,28.521835557382925],[-82.25793606465524,28.521835554681068],[-82.258082043527381,28.521835277454056],[-82.258083438621696,28.521835274803895],[-82.258272056618424,28.521834916367165],[-82.258273490638331,28.521834913641044],[-82.258448937761628,28.521834581371586],[-82.258451024174946,28.521834577402537],[-82.258489942011281,28.521834503361887],[-82.258492277548555,28.521834498918206],[-82.258554476020279,28.521834380562247],[-82.258878008650896,28.521833764460606],[-82.25888063068065,28.521833759464343],[-82.259038542577301,28.521833458470624],[-82.259040809605366,28.521833454148137],[-82.259288588296542,28.521832981486476],[-82.259290607757634,28.521832977632304],[-82.25938403858342,28.52183279928531],[-82.259633774446357,28.521832322257442],[-82.259635579037962,28.521832318808748],[-82.259762951441289,28.52183207533248],[-82.259765450465878,28.521832070554325],[-82.259901509508083,28.521831810338856],[-82.259903164625257,28.521831807172578],[-82.259955110081236,28.521831707789346],[-82.25995635570095,28.521831705405951],[-82.260138423260798,28.521831356911679],[-82.260140716758031,28.521831352520152],[-82.260223478843585,28.521831194023751],[-82.260368904939526,28.521830915398333],[-82.260370704859938,28.521830911948832],[-82.260388736761456,28.52183087738997],[-82.26039022994803,28.521830874528124],[-82.260525954221663,28.521830614328923],[-82.260527648264357,28.521830611080375],[-82.260584914070009,28.521830501253802],[-82.260586201729282,28.521830498783995],[-82.260739819326062,28.521830204049504],[-82.260741882383542,28.521830200090097],[-82.260894188966716,28.521829909072324],[-82.260894724583153,28.521829908043767],[-82.26089637035804,28.521829904883333],[-82.260971816868647,28.521828856485381],[-82.260983825846111,28.521828690397999]]},"properties":{"OBJECTID":186,"D":2,"MAXABSQ":2.6000000000000001,"C":135,"SF":0.00020000000000000001,"ID":25326,"LABEL":"P-15387","LENGTH":1114,"MATERIAL":"PVC","START_NDID":9778,"START_NODE":"J-815045","STOP_NDID":9782,"STOP_NODE":"J-815053","MAX_V":0.27000000000000002,"Shape_Length":1114.3163690456693}},{"type":"Feature","id":187,"geometry":{"type":"LineString","coordinates":[[-82.260983825846111,28.521828690397999],[-82.260985063762334,28.522288371115373]]},"properties":{"OBJECTID":187,"D":3,"MAXABSQ":1.1499999999999999,"C":135,"SF":0,"ID":20893,"LABEL":"P-15388","LENGTH":167,"MATERIAL":"PVC","START_NDID":9782,"START_NODE":"J-815053","STOP_NDID":9780,"STOP_NODE":"J-815049","MAX_V":0.050000000000000003,"Shape_Length":167.1355034565004}},{"type":"Feature","id":188,"geometry":{"type":"LineString","coordinates":[[-82.261016067367834,28.52228831155346],[-82.26101016944942,28.522348427914007],[-82.261106654842834,28.522348561553745],[-82.261106812103066,28.522348561251512],[-82.261107078358933,28.522348562114942],[-82.261151448312575,28.522348156415276],[-82.261151498131298,28.52236837285292]]},"properties":{"OBJECTID":188,"D":2,"MAXABSQ":0.20000000000000001,"C":135,"SF":0,"ID":20078,"LABEL":"P-15390","LENGTH":75,"MATERIAL":"PVC","START_NDID":9781,"START_NODE":"J-815050","STOP_NDID":14039,"STOP_NODE":"J-893","MAX_V":0.02,"Shape_Length":74.658768357555786}},{"type":"Feature","id":189,"geometry":{"type":"LineString","coordinates":[[-82.2575111954731,28.52216993696241],[-82.257511681333142,28.522152662391832],[-82.257511937890371,28.522143545830083]]},"properties":{"OBJECTID":189,"D":2,"MAXABSQ":1.4399999999999999,"C":135,"SF":0.0001,"ID":19215,"LABEL":"P-15391","LENGTH":10,"MATERIAL":"PVC","START_NDID":4852,"START_NODE":"J-815043","STOP_NDID":9779,"STOP_NODE":"J-815046","MAX_V":0.14999999999999999,"Shape_Length":9.5984949926607541}},{"type":"Feature","id":190,"geometry":{"type":"LineString","coordinates":[[-82.257511937890371,28.522143545830083],[-82.257513624149666,28.521865442506353],[-82.257513800715998,28.521836222322591]]},"properties":{"OBJECTID":190,"D":3,"MAXABSQ":4.6500000000000004,"C":135,"SF":0.0001,"ID":20554,"LABEL":"P-15392","LENGTH":112,"MATERIAL":"PVC","START_NDID":9779,"START_NODE":"J-815046","STOP_NDID":9778,"STOP_NODE":"J-815045","MAX_V":0.20999999999999999,"Shape_Length":111.7411423247128}},{"type":"Feature","id":191,"geometry":{"type":"LineString","coordinates":[[-82.257509860587788,28.521144454502355],[-82.257509863523609,28.521133487425978],[-82.257509873713559,28.521092183836295]]},"properties":{"OBJECTID":191,"D":2,"MAXABSQ":0.35999999999999999,"C":135,"SF":0,"ID":19542,"LABEL":"P-15393","LENGTH":19,"MATERIAL":"PVC","START_NDID":9777,"START_NODE":"J-815044","STOP_NDID":4851,"STOP_NODE":"J-815042","MAX_V":0.040000000000000001,"Shape_Length":19.005053277666732}},{"type":"Feature","id":192,"geometry":{"type":"LineString","coordinates":[[-82.260983825846111,28.521828690397999],[-82.260990004264812,28.521828737661984],[-82.261091974671814,28.521829529115305],[-82.26109296493938,28.521829527212216],[-82.26115629535208,28.521829405489772],[-82.261157833692238,28.521829402532678],[-82.261251152395246,28.521829223117187],[-82.261306062418853,28.521829117516663],[-82.261363728375414,28.521829006592156],[-82.261365523624562,28.521829003138475],[-82.261515686175869,28.521828715548658],[-82.261517735219968,28.521828711604435],[-82.26160473323263,28.521823204285258]]},"properties":{"OBJECTID":192,"D":3,"MAXABSQ":6.9100000000000001,"C":135,"SF":0.00020000000000000001,"ID":21122,"LABEL":"P-15395","LENGTH":199,"MATERIAL":"PVC","START_NDID":9782,"START_NODE":"J-815053","STOP_NDID":9783,"STOP_NODE":"J-815054","MAX_V":0.31,"Shape_Length":199.46195523057739}},{"type":"Feature","id":193,"geometry":{"type":"LineString","coordinates":[[-82.239815557003695,28.52289767670268],[-82.239827611073991,28.522904290677015],[-82.241049839721896,28.522901422103967],[-82.242999166431105,28.522909426692074],[-82.245660715903043,28.522920311607987],[-82.246363368886591,28.522923177145348],[-82.246736693574618,28.522924697180073],[-82.24753457658295,28.522927943371812],[-82.250313027508184,28.522939211680196],[-82.252524931563485,28.522948142608531],[-82.253167850988618,28.522950730546636],[-82.253255238080158,28.522951081990257],[-82.253255028718542,28.52285956682287]]},"properties":{"OBJECTID":193,"D":16,"MAXABSQ":299.91000000000003,"C":130,"SF":0.0001,"ID":25578,"LABEL":"P-15396","LENGTH":4350,"MATERIAL":"DI","START_NDID":9771,"START_NODE":"J-815033","STOP_NDID":9798,"STOP_NODE":"J-815079","MAX_V":0.47999999999999998,"Shape_Length":4349.7666643371767}},{"type":"Feature","id":194,"geometry":{"type":"LineString","coordinates":[[-82.239723685690365,28.522897342403695],[-82.239784515585839,28.522897636606398],[-82.239815557003695,28.52289767670268]]},"properties":{"OBJECTID":194,"D":12,"MAXABSQ":183.75999999999999,"C":110,"SF":0.0001,"ID":19734,"LABEL":"P-15397","LENGTH":30,"MATERIAL":"DI","START_NDID":9769,"START_NODE":"J-815031","STOP_NDID":9771,"STOP_NODE":"J-815033","MAX_V":0.52000000000000002,"Shape_Length":29.502105327394066}},{"type":"Feature","id":195,"geometry":{"type":"LineString","coordinates":[[-82.239815557003695,28.52289767670268],[-82.23981566061083,28.522909057525624],[-82.239817110508696,28.523377738960587]]},"properties":{"OBJECTID":195,"D":12,"MAXABSQ":115.98,"C":110,"SF":0.0001,"ID":20949,"LABEL":"P-15398","LENGTH":175,"MATERIAL":"DI","START_NDID":9771,"START_NODE":"J-815033","STOP_NDID":9772,"STOP_NODE":"J-815034","MAX_V":0.33000000000000002,"Shape_Length":174.5461213685559}},{"type":"Feature","id":196,"geometry":{"type":"LineString","coordinates":[[-82.239817110508696,28.523377738960587],[-82.239851221114876,28.523377819011195],[-82.239896625205148,28.523377968498153]]},"properties":{"OBJECTID":196,"D":12,"MAXABSQ":0.16,"C":110,"SF":0,"ID":19669,"LABEL":"P-15399","LENGTH":26,"MATERIAL":"DI","START_NDID":9772,"START_NODE":"J-815034","STOP_NDID":13770,"STOP_NODE":"J-594","MAX_V":0,"Shape_Length":25.533857823985812}},{"type":"Feature","id":197,"geometry":{"type":"LineString","coordinates":[[-82.239817110508696,28.523377738960587],[-82.239771973644721,28.523378018032165],[-82.239626830136814,28.523378274120542],[-82.239576651093586,28.52337836261939],[-82.239576898595658,28.523487150069062],[-82.239494172503385,28.523547256608619],[-82.239494449227251,28.523669699559996],[-82.239494469867097,28.523678832106011],[-82.239494990265669,28.5236934507464]]},"properties":{"OBJECTID":197,"D":6,"MAXABSQ":115.66,"C":100,"SF":0.0022000000000000001,"ID":20819,"LABEL":"P-15400","LENGTH":204,"MATERIAL":"DI","START_NDID":9772,"START_NODE":"J-815034","STOP_NDID":9787,"STOP_NODE":"J-815059","MAX_V":1.3100000000000001,"Shape_Length":204.32705258689955}},{"type":"Feature","id":198,"geometry":{"type":"LineString","coordinates":[[-82.237657720854727,28.526471793744456],[-82.237656822094721,28.526562597165238],[-82.23765796564625,28.526914846477165],[-82.237658092202139,28.526953913779938],[-82.237658147985627,28.526971147453729],[-82.23765891462449,28.526983884416342]]},"properties":{"OBJECTID":198,"D":6,"MAXABSQ":0.16,"C":135,"SF":0,"ID":21029,"LABEL":"P-15401","LENGTH":186,"MATERIAL":"PVC","START_NDID":9773,"START_NODE":"J-815037","STOP_NDID":14560,"STOP_NODE":"J-1469","MAX_V":0,"Shape_Length":186.19901588247421}},{"type":"Feature","id":199,"geometry":{"type":"LineString","coordinates":[[-82.237657720854727,28.526471793744456],[-82.237569169810143,28.52647238319064]]},"properties":{"OBJECTID":199,"D":6,"MAXABSQ":84.409999999999997,"C":135,"SF":0.00069999999999999999,"ID":38270,"LABEL":"P-15402A","LENGTH":28,"MATERIAL":"PVC","START_NDID":9773,"START_NODE":"J-815037","STOP_NDID":13338,"STOP_NODE":"J-65","MAX_V":0.95999999999999996,"Shape_Length":28.435438964933706}},{"type":"Feature","id":200,"geometry":{"type":"LineString","coordinates":[[-82.237569169810143,28.52647238319064],[-82.237569169810143,28.52647238319064],[-82.237075169674085,28.526473635387081]]},"properties":{"OBJECTID":200,"D":6,"MAXABSQ":84.090000000000003,"C":135,"SF":0.00069999999999999999,"ID":38271,"LABEL":"P-15402B","LENGTH":159,"MATERIAL":"PVC","START_NDID":13338,"START_NODE":"J-65","STOP_NDID":14544,"STOP_NODE":"J-1452","MAX_V":0.94999999999999996,"Shape_Length":158.62906311165233}},{"type":"Feature","id":201,"geometry":{"type":"LineString","coordinates":[[-82.237843472560968,28.525937139170615],[-82.237764610196919,28.526457330269942]]},"properties":{"OBJECTID":201,"D":6,"MAXABSQ":84.909999999999997,"C":135,"SF":0.00069999999999999999,"ID":32663,"LABEL":"P-15403A","LENGTH":191,"MATERIAL":"PVC","START_NDID":9776,"START_NODE":"J-815039","STOP_NDID":2446,"STOP_NODE":"J-FH_Tee-1838","MAX_V":0.95999999999999996,"Shape_Length":190.8235870910149}},{"type":"Feature","id":202,"geometry":{"type":"LineString","coordinates":[[-82.237764610196919,28.526457330269942],[-82.237764043706662,28.526461066928828],[-82.23776307994379,28.526467349068824],[-82.237762372546726,28.526471995669521],[-82.237657720854727,28.526471793744456]]},"properties":{"OBJECTID":202,"D":6,"MAXABSQ":84.739999999999995,"C":135,"SF":0.00069999999999999999,"ID":32664,"LABEL":"P-15403B","LENGTH":39,"MATERIAL":"PVC","START_NDID":2446,"START_NODE":"J-FH_Tee-1838","STOP_NDID":9773,"STOP_NODE":"J-815037","MAX_V":0.95999999999999996,"Shape_Length":38.985167309045572}},{"type":"Feature","id":203,"geometry":{"type":"LineString","coordinates":[[-82.237843472560968,28.525937139170615],[-82.237850037358882,28.525887929185217],[-82.237873099021272,28.525734446057289],[-82.237878808400055,28.525699555956649]]},"properties":{"OBJECTID":203,"D":6,"MAXABSQ":0.16,"C":135,"SF":0,"ID":20374,"LABEL":"P-15404","LENGTH":87,"MATERIAL":"PVC","START_NDID":9776,"START_NODE":"J-815039","STOP_NDID":14231,"STOP_NODE":"J-1109","MAX_V":0,"Shape_Length":87.127422962427332}},{"type":"Feature","id":204,"geometry":{"type":"LineString","coordinates":[[-82.238938764429349,28.525930006533752],[-82.238938757252839,28.525928205058754],[-82.238938740556947,28.525920801111546],[-82.238939052845836,28.525903924336262]]},"properties":{"OBJECTID":204,"D":4,"MAXABSQ":21.27,"C":135,"SF":0.00040000000000000002,"ID":19214,"LABEL":"P-15405","LENGTH":9,"MATERIAL":"PVC","START_NDID":9784,"START_NODE":"J-815055","STOP_NDID":5988,"STOP_NODE":"J-815041","MAX_V":0.54000000000000004,"Shape_Length":9.4840319910711024}},{"type":"Feature","id":205,"geometry":{"type":"LineString","coordinates":[[-82.238938764429349,28.525930006533752],[-82.237928350053735,28.525936586235531],[-82.237884969257621,28.525938592962422]]},"properties":{"OBJECTID":205,"D":6,"MAXABSQ":14.890000000000001,"C":135,"SF":0,"ID":31237,"LABEL":"P-15406A","LENGTH":338,"MATERIAL":"PVC","START_NDID":9784,"START_NODE":"J-815055","STOP_NDID":9774,"STOP_NODE":"J-815038","MAX_V":0.17000000000000001,"Shape_Length":338.41388134165726}},{"type":"Feature","id":206,"geometry":{"type":"LineString","coordinates":[[-82.237884969257621,28.525938592962422],[-82.237884969257621,28.525938592962422],[-82.237843472560968,28.525937139170615]]},"properties":{"OBJECTID":206,"D":6,"MAXABSQ":85.230000000000004,"C":135,"SF":0.00069999999999999999,"ID":31238,"LABEL":"P-15406B","LENGTH":13,"MATERIAL":"PVC","START_NDID":9774,"START_NODE":"J-815038","STOP_NDID":9776,"STOP_NODE":"J-815039","MAX_V":0.96999999999999997,"Shape_Length":13.335554019935572}},{"type":"Feature","id":207,"geometry":{"type":"LineString","coordinates":[[-82.239494990265669,28.5236934507464],[-82.238397610791139,28.523727146197682],[-82.238216894916079,28.523892582660121],[-82.238061440169488,28.524800248211097],[-82.238033058333613,28.524984185858177],[-82.237894005441817,28.525885354866336],[-82.237884969257621,28.525938592962422]]},"properties":{"OBJECTID":207,"D":8,"MAXABSQ":70.5,"C":110,"SF":0.00020000000000000001,"ID":25173,"LABEL":"P-15407","LENGTH":1188,"MATERIAL":"DI","START_NDID":9787,"START_NODE":"J-815059","STOP_NDID":9774,"STOP_NODE":"J-815038","MAX_V":0.45000000000000001,"Shape_Length":1187.7063822268374}},{"type":"Feature","id":208,"geometry":{"type":"LineString","coordinates":[[-82.240181748427801,28.524464683388928],[-82.240202247219202,28.5244632829659],[-82.240247982668492,28.524460346771082]]},"properties":{"OBJECTID":208,"D":6,"MAXABSQ":7.8700000000000001,"C":135,"SF":0,"ID":29524,"LABEL":"P-15408A","LENGTH":21,"MATERIAL":"PVC","START_NDID":9785,"START_NODE":"J-815056","STOP_NDID":2450,"STOP_NODE":"J-FH_Tee-1841","MAX_V":0.089999999999999997,"Shape_Length":21.327301711606566}},{"type":"Feature","id":209,"geometry":{"type":"LineString","coordinates":[[-82.240247982668492,28.524460346771082],[-82.240287051693485,28.52445783854532]]},"properties":{"OBJECTID":209,"D":6,"MAXABSQ":7.71,"C":135,"SF":0,"ID":29525,"LABEL":"P-15408B","LENGTH":13,"MATERIAL":"PVC","START_NDID":2450,"START_NODE":"J-FH_Tee-1841","STOP_NDID":13853,"STOP_NODE":"J-685","MAX_V":0.089999999999999997,"Shape_Length":12.578799456443557}},{"type":"Feature","id":210,"geometry":{"type":"LineString","coordinates":[[-82.240181748427801,28.524464683388928],[-82.240182266434303,28.52449125510736],[-82.240182218129647,28.524505665720802],[-82.240182215369146,28.524506508712026],[-82.240180836622557,28.524926195040276]]},"properties":{"OBJECTID":210,"D":6,"MAXABSQ":36.649999999999999,"C":135,"SF":0.00020000000000000001,"ID":35411,"LABEL":"P-15409A","LENGTH":168,"MATERIAL":"PVC","START_NDID":9785,"START_NODE":"J-815056","STOP_NDID":2449,"STOP_NODE":"J-FH_Tee-1840","MAX_V":0.41999999999999998,"Shape_Length":167.80269559344708}},{"type":"Feature","id":211,"geometry":{"type":"LineString","coordinates":[[-82.240180836622557,28.524926195040276],[-82.240180835151335,28.524926642871115],[-82.240180628148849,28.524989882334129],[-82.239992434170617,28.52542545986438],[-82.239992472620742,28.525442436411197],[-82.239993283192447,28.525800317684606],[-82.239869617066574,28.525909524724483],[-82.239860150179339,28.525917884665329],[-82.239859008511132,28.525918892845965]]},"properties":{"OBJECTID":211,"D":6,"MAXABSQ":36.490000000000002,"C":135,"SF":0.00020000000000000001,"ID":37688,"LABEL":"P-15409B","LENGTH":390,"MATERIAL":"PVC","START_NDID":2449,"START_NODE":"J-FH_Tee-1840","STOP_NDID":2464,"STOP_NODE":"J-FH_Tee-1854","MAX_V":0.40999999999999998,"Shape_Length":389.93372959429757}},{"type":"Feature","id":212,"geometry":{"type":"LineString","coordinates":[[-82.239859008511132,28.525918892845965],[-82.239841569155772,28.525934293131257],[-82.239836075742403,28.525934298704399],[-82.238938764429349,28.525930006533752]]},"properties":{"OBJECTID":212,"D":6,"MAXABSQ":36.329999999999998,"C":135,"SF":0.0001,"ID":37689,"LABEL":"P-15409C","LENGTH":298,"MATERIAL":"PVC","START_NDID":2464,"START_NODE":"J-FH_Tee-1854","STOP_NDID":9784,"STOP_NODE":"J-815055","MAX_V":0.40999999999999998,"Shape_Length":297.82455649143503}},{"type":"Feature","id":213,"geometry":{"type":"LineString","coordinates":[[-82.239766583284535,28.523693276977113],[-82.239802676088345,28.52369333841412],[-82.239887643517932,28.523693422187897],[-82.239907542461651,28.523716555546308]]},"properties":{"OBJECTID":213,"D":6,"MAXABSQ":44.840000000000003,"C":135,"SF":0.00020000000000000001,"ID":35048,"LABEL":"P-15410A","LENGTH":49,"MATERIAL":"PVC","START_NDID":5989,"START_NODE":"J-815058","STOP_NDID":2447,"STOP_NODE":"J-FH_Tee-1839","MAX_V":0.51000000000000001,"Shape_Length":49.43770300404973}},{"type":"Feature","id":214,"geometry":{"type":"LineString","coordinates":[[-82.239907542461651,28.523716555546308],[-82.239908040197093,28.52371713418454],[-82.239969937887437,28.523806452933737],[-82.239973193991744,28.523900777774127],[-82.240182820316519,28.524322069658425],[-82.240181748427801,28.524464683388928]]},"properties":{"OBJECTID":214,"D":6,"MAXABSQ":44.68,"C":135,"SF":0.00020000000000000001,"ID":35049,"LABEL":"P-15410B","LENGTH":292,"MATERIAL":"PVC","START_NDID":2447,"START_NODE":"J-FH_Tee-1839","STOP_NDID":9785,"STOP_NODE":"J-815056","MAX_V":0.51000000000000001,"Shape_Length":291.82029465316697}},{"type":"Feature","id":215,"geometry":{"type":"LineString","coordinates":[[-82.239494990265669,28.5236934507464],[-82.239766583284535,28.523693276977113]]},"properties":{"OBJECTID":215,"D":8,"MAXABSQ":45,"C":135,"SF":0.0001,"ID":20376,"LABEL":"P-15411","LENGTH":87,"MATERIAL":"PVC","START_NDID":9787,"START_NODE":"J-815059","STOP_NDID":5989,"STOP_NODE":"J-815058","MAX_V":0.28999999999999998,"Shape_Length":87.213570635067896}},{"type":"Feature","id":216,"geometry":{"type":"LineString","coordinates":[[-82.239074621692481,28.520320621762401],[-82.239047965927085,28.520328332557025],[-82.238841295476789,28.520384736091884]]},"properties":{"OBJECTID":216,"D":8,"MAXABSQ":0.35999999999999999,"C":135,"SF":0,"ID":20309,"LABEL":"P-15412","LENGTH":78,"MATERIAL":"PVC","START_NDID":9788,"START_NODE":"J-815061","STOP_NDID":14187,"STOP_NODE":"J-1059","MAX_V":0,"Shape_Length":78.471369571197485}},{"type":"Feature","id":217,"geometry":{"type":"LineString","coordinates":[[-82.239723685690365,28.522897342403695],[-82.239723436844173,28.522878882400214],[-82.239723361833043,28.52287325528798],[-82.239741669038025,28.522248741825528],[-82.239782315991036,28.522128508055651],[-82.239791485491892,28.522071439691434],[-82.239791684405759,28.522069572507196]]},"properties":{"OBJECTID":217,"D":12,"MAXABSQ":178.66,"C":110,"SF":0.0001,"ID":35822,"LABEL":"P-15413A","LENGTH":303,"MATERIAL":"DI","START_NDID":9769,"START_NODE":"J-815031","STOP_NDID":2451,"STOP_NODE":"J-FH_Tee-1842","MAX_V":0.51000000000000001,"Shape_Length":303.16262935974083}},{"type":"Feature","id":218,"geometry":{"type":"LineString","coordinates":[[-82.239791684405759,28.522069572507196],[-82.23979557156261,28.522033084150785],[-82.239795523593656,28.522011884427766],[-82.239795806373465,28.52180518029958],[-82.239785150257717,28.521695856211032],[-82.239767711622903,28.521587214072589],[-82.239743543136882,28.521479581873919],[-82.239712717784158,28.52137328455467],[-82.239686017335487,28.52129777882956],[-82.239655159734824,28.521223519403133],[-82.239620219132476,28.521150684698743],[-82.239577726015142,28.521073367126771],[-82.239547613264691,28.521027238850792],[-82.23942152443567,28.520855765464283],[-82.239417833784842,28.520851401638392],[-82.239379232316352,28.520805278655349],[-82.23934720678065,28.520767011494879],[-82.239257459529739,28.520659773325143],[-82.23925177552772,28.520653170082351],[-82.239247867895415,28.520648553600186],[-82.239244025667162,28.520643941128309],[-82.239240217650007,28.520639309343501],[-82.239236446939316,28.52063464998924],[-82.239232708888906,28.520629974075163],[-82.239229001885903,28.520625256850888],[-82.239225338460869,28.520620531298647],[-82.239221717031953,28.520615786419778],[-82.239218128247785,28.520611018105274],[-82.239214570526514,28.520606215356388],[-82.239211056364596,28.520601396028521],[-82.239207588903923,28.520596572492796],[-82.239204133778614,28.520591695303157],[-82.239197394821645,28.520581950248253],[-82.239194053203732,28.52057700409938],[-82.239190772324974,28.520572064719389],[-82.239187531907035,28.520567115641803],[-82.239184325690815,28.520562143125812],[-82.239181150543672,28.520557138925856],[-82.239177898616219,28.520551918957342],[-82.239174244446275,28.520545772823898],[-82.239171266810501,28.520540666512478],[-82.239168340559402,28.520535561485747],[-82.239165448509993,28.520530433020614],[-82.239162592203783,28.520525274238498],[-82.239159784155774,28.520520111245801],[-82.239157019679439,28.520514937174891],[-82.239154292534323,28.520509746536032],[-82.239151598018367,28.52050452558565],[-82.239148951741996,28.520499292173675],[-82.239146345923245,28.520494047688945],[-82.23914378679325,28.520488793495705],[-82.239141261880448,28.520483522740022],[-82.23913877113516,28.520478213418997],[-82.239136333331473,28.520472905379968],[-82.239133932855864,28.520467579397785],[-82.239131585328053,28.520462257447896],[-82.239129268900271,28.52045691756588],[-82.239126986636919,28.520451537743366],[-82.239124755748819,28.520446155080052],[-82.239122571589732,28.520440780585531],[-82.239120420069071,28.520435379905088],[-82.239118307402421,28.520429947526978],[-82.239116244557096,28.520424513685988],[-82.239114222178657,28.520419072897827],[-82.239112240220521,28.520413604534838],[-82.239074621692481,28.520320621762401]]},"properties":{"OBJECTID":218,"D":12,"MAXABSQ":181.40000000000001,"C":110,"SF":0.0001,"ID":35823,"LABEL":"P-15413B","LENGTH":693,"MATERIAL":"DI","START_NDID":2451,"START_NODE":"J-FH_Tee-1842","STOP_NDID":9788,"STOP_NODE":"J-815061","MAX_V":0.51000000000000001,"Shape_Length":692.9826578718471}},{"type":"Feature","id":219,"geometry":{"type":"LineString","coordinates":[[-82.239069266483412,28.519688054076784],[-82.23903628833618,28.51968560651822],[-82.238904085664601,28.519673038103367]]},"properties":{"OBJECTID":219,"D":8,"MAXABSQ":9.1099999999999994,"C":135,"SF":0,"ID":34796,"LABEL":"P-15414A","LENGTH":53,"MATERIAL":"PVC","START_NDID":9789,"START_NODE":"J-815062","STOP_NDID":2452,"STOP_NODE":"J-FH_Tee-1843","MAX_V":0.059999999999999998,"Shape_Length":53.327182031558721}},{"type":"Feature","id":220,"geometry":{"type":"LineString","coordinates":[[-82.238904085664601,28.519673038103367],[-82.238903425815366,28.51967297537163],[-82.238814980711084,28.519663466078761]]},"properties":{"OBJECTID":220,"D":8,"MAXABSQ":8.9499999999999993,"C":135,"SF":0,"ID":34797,"LABEL":"P-15414B","LENGTH":29,"MATERIAL":"PVC","START_NDID":2452,"START_NODE":"J-FH_Tee-1843","STOP_NDID":14206,"STOP_NODE":"J-1078","MAX_V":0.059999999999999998,"Shape_Length":28.825227972229392}},{"type":"Feature","id":221,"geometry":{"type":"LineString","coordinates":[[-82.23929373166996,28.519074294439548],[-82.239265913067996,28.519060583352829],[-82.239082857134491,28.518959667388781]]},"properties":{"OBJECTID":221,"D":8,"MAXABSQ":0.75,"C":135,"SF":0,"ID":20319,"LABEL":"P-15415","LENGTH":80,"MATERIAL":"PVC","START_NDID":9790,"START_NODE":"J-815063","STOP_NDID":14194,"STOP_NODE":"J-1066","MAX_V":0,"Shape_Length":79.526766195733401}},{"type":"Feature","id":222,"geometry":{"type":"LineString","coordinates":[[-82.239074621692481,28.520320621762401],[-82.239073126838818,28.520315045277361],[-82.239071974411587,28.520309417308031],[-82.23907085774286,28.52030376589763],[-82.23906979086118,28.520298097897445],[-82.239068773844082,28.520292447686856],[-82.239067797302994,28.520286794654673],[-82.239066862751514,28.520281119545693],[-82.239065976495183,28.520275456728353],[-82.239065126009706,28.520269775970657],[-82.239064326880651,28.520264084121166],[-82.239063569824921,28.520258407324608],[-82.239062856303349,28.520252702947815],[-82.239062187944256,28.520247002617065],[-82.239061564732154,28.52024129945654],[-82.239060988251936,28.520235605840046],[-82.239060450653469,28.520229892902567],[-82.239059962876041,28.520224178502239],[-82.239059515568371,28.520218458529964],[-82.239059119638753,28.520212737092091],[-82.23905876421918,28.520207027959575],[-82.239058452361618,28.520201303623416],[-82.239058187207988,28.520195576454693],[-82.239057967238466,28.52018986295829],[-82.239057784609145,28.520184137019534],[-82.239057654902425,28.520178404111743],[-82.239057564123911,28.520172672510643],[-82.23905752471407,28.520166935318432],[-82.239057554240588,28.520103403207855],[-82.239057872719727,28.520069955457256],[-82.239058429322867,28.520011613732596],[-82.239059679417593,28.519880377858673],[-82.239065207112361,28.519728662111721],[-82.239069266483412,28.519688054076784]]},"properties":{"OBJECTID":222,"D":12,"MAXABSQ":182.50999999999999,"C":135,"SF":0.0001,"ID":21314,"LABEL":"P-15416","LENGTH":230,"MATERIAL":"PVC","START_NDID":9788,"START_NODE":"J-815061","STOP_NDID":9789,"STOP_NODE":"J-815062","MAX_V":0.52000000000000002,"Shape_Length":230.44441265987064}},{"type":"Feature","id":223,"geometry":{"type":"LineString","coordinates":[[-82.239069266483412,28.519688054076784],[-82.239073483454561,28.519655882509728],[-82.239116069714228,28.519462961576814],[-82.239205690920741,28.519229256541912],[-82.23924886709122,28.519146104355922],[-82.239267885626688,28.519112934461571],[-82.23929373166996,28.519074294439548]]},"properties":{"OBJECTID":223,"D":12,"MAXABSQ":191.97,"C":135,"SF":0.0001,"ID":21342,"LABEL":"P-15417","LENGTH":236,"MATERIAL":"PVC","START_NDID":9789,"START_NODE":"J-815062","STOP_NDID":9790,"STOP_NODE":"J-815063","MAX_V":0.54000000000000004,"Shape_Length":236.0512625764033}},{"type":"Feature","id":224,"geometry":{"type":"LineString","coordinates":[[-82.240027002454966,28.518134595512713],[-82.240002461436561,28.518126380890894],[-82.23979631293615,28.518060385423784]]},"properties":{"OBJECTID":224,"D":8,"MAXABSQ":0.55000000000000004,"C":135,"SF":0,"ID":20313,"LABEL":"P-15418","LENGTH":79,"MATERIAL":"PVC","START_NDID":9791,"START_NODE":"J-815066","STOP_NDID":14190,"STOP_NODE":"J-1062","MAX_V":0,"Shape_Length":78.84402942859019}},{"type":"Feature","id":225,"geometry":{"type":"LineString","coordinates":[[-82.240265146411829,28.517490711372204],[-82.240234960086497,28.517485990112178],[-82.240020886195978,28.51745576237137]]},"properties":{"OBJECTID":225,"D":8,"MAXABSQ":0.35999999999999999,"C":135,"SF":0,"ID":20318,"LABEL":"P-15419","LENGTH":79,"MATERIAL":"PVC","START_NDID":9792,"START_NODE":"J-815067","STOP_NDID":14193,"STOP_NODE":"J-1065","MAX_V":0,"Shape_Length":79.464867227338857}},{"type":"Feature","id":226,"geometry":{"type":"LineString","coordinates":[[-82.240306436405419,28.517219756171759],[-82.240269889726932,28.517219743793156],[-82.240065480646166,28.517220539660862]]},"properties":{"OBJECTID":226,"D":8,"MAXABSQ":0.35999999999999999,"C":135,"SF":0,"ID":20301,"LABEL":"P-15420","LENGTH":77,"MATERIAL":"PVC","START_NDID":9793,"START_NODE":"J-815068","STOP_NDID":14180,"STOP_NODE":"J-1052","MAX_V":0,"Shape_Length":77.380723545658668}},{"type":"Feature","id":227,"geometry":{"type":"LineString","coordinates":[[-82.23929373166996,28.519074294439548],[-82.239320872258759,28.519029070507518],[-82.239375317168367,28.518953240531008],[-82.23941916990934,28.518898138074956],[-82.239438181352156,28.518875656089101],[-82.23953093398498,28.518772150365223],[-82.239769348514628,28.518506094028442],[-82.239816798641726,28.518451496661761],[-82.239840394019225,28.51842297222553],[-82.239894207898203,28.518354122204176],[-82.239962728389273,28.51824536078114],[-82.240027002454966,28.518134595512713]]},"properties":{"OBJECTID":227,"D":12,"MAXABSQ":194.12,"C":135,"SF":0.0001,"ID":23517,"LABEL":"P-15421","LENGTH":416,"MATERIAL":"PVC","START_NDID":9790,"START_NODE":"J-815063","STOP_NDID":9791,"STOP_NODE":"J-815066","MAX_V":0.55000000000000004,"Shape_Length":416.1078006680462}},{"type":"Feature","id":228,"geometry":{"type":"LineString","coordinates":[[-82.240027002454966,28.518134595512713],[-82.240099286989036,28.517981419564965],[-82.240144607363007,28.517875089814329],[-82.240185112537333,28.517767254716095],[-82.240220738658635,28.517658084303505],[-82.240251429567394,28.517547750714851],[-82.240265146411829,28.517490711372204]]},"properties":{"OBJECTID":228,"D":12,"MAXABSQ":214.47999999999999,"C":135,"SF":0.0001,"ID":21423,"LABEL":"P-15422","LENGTH":247,"MATERIAL":"PVC","START_NDID":9791,"START_NODE":"J-815066","STOP_NDID":9792,"STOP_NODE":"J-815067","MAX_V":0.60999999999999999,"Shape_Length":246.77481348199433}},{"type":"Feature","id":229,"geometry":{"type":"LineString","coordinates":[[-82.240265146411829,28.517490711372204],[-82.24028400356984,28.517402046148913],[-82.240299634975855,28.517312892847169],[-82.240306436405419,28.517219756171759]]},"properties":{"OBJECTID":229,"D":12,"MAXABSQ":217.75,"C":135,"SF":0.0001,"ID":20482,"LABEL":"P-15423","LENGTH":100,"MATERIAL":"PVC","START_NDID":9792,"START_NODE":"J-815067","STOP_NDID":9793,"STOP_NODE":"J-815068","MAX_V":0.62,"Shape_Length":99.536843396060618}},{"type":"Feature","id":230,"geometry":{"type":"LineString","coordinates":[[-82.240329388447336,28.516382323923683],[-82.240316000768928,28.516382571757198],[-82.240129984693382,28.516380909360066],[-82.240159189054026,28.516381169911501],[-82.240159015822897,28.516381168365815]]},"properties":{"OBJECTID":230,"D":8,"MAXABSQ":2.23,"C":135,"SF":0,"ID":34759,"LABEL":"P-15424A","LENGTH":73,"MATERIAL":"PVC","START_NDID":9794,"START_NODE":"J-815075","STOP_NDID":2453,"STOP_NODE":"J-FH_Tee-1844","MAX_V":0.01,"Shape_Length":73.475480830288461}},{"type":"Feature","id":231,"geometry":{"type":"LineString","coordinates":[[-82.240159015822897,28.516381168365815],[-82.240088179656141,28.516380536299916],[-82.240040648028184,28.516380111460482]]},"properties":{"OBJECTID":231,"D":8,"MAXABSQ":2.0699999999999998,"C":135,"SF":0,"ID":34760,"LABEL":"P-15424B","LENGTH":38,"MATERIAL":"PVC","START_NDID":2453,"START_NODE":"J-FH_Tee-1844","STOP_NDID":14269,"STOP_NODE":"J-1148","MAX_V":0.01,"Shape_Length":38.014656870013965}},{"type":"Feature","id":232,"geometry":{"type":"LineString","coordinates":[[-82.240306436405419,28.517219756171759],[-82.240311754847212,28.516583060352243],[-82.240317061948517,28.516455762632695],[-82.240329388447336,28.516382323923683]]},"properties":{"OBJECTID":232,"D":12,"MAXABSQ":218.59,"C":135,"SF":0.0001,"ID":22193,"LABEL":"P-15425","LENGTH":305,"MATERIAL":"PVC","START_NDID":9793,"START_NODE":"J-815068","STOP_NDID":9794,"STOP_NODE":"J-815075","MAX_V":0.62,"Shape_Length":304.81037443724369}},{"type":"Feature","id":233,"geometry":{"type":"LineString","coordinates":[[-82.24056757213873,28.515235677488903],[-82.2403712977883,28.515235355125974]]},"properties":{"OBJECTID":233,"D":8,"MAXABSQ":0,"C":130,"SF":0,"ID":20163,"LABEL":"P-15426","LENGTH":63,"MATERIAL":"DI","START_NDID":9795,"START_NODE":"J-815076","STOP_NDID":17839,"STOP_NODE":"FH-10083","MAX_V":0,"Shape_Length":63.032470332739578}},{"type":"Feature","id":234,"geometry":{"type":"LineString","coordinates":[[-82.240329388447336,28.516382323923683],[-82.240331164983118,28.516367239146867],[-82.240365601923216,28.516151065432222],[-82.240463444387458,28.515640696548459],[-82.24056757213873,28.515235677488903]]},"properties":{"OBJECTID":234,"D":12,"MAXABSQ":221.16999999999999,"C":135,"SF":0.0001,"ID":23581,"LABEL":"P-15427","LENGTH":424,"MATERIAL":"PVC","START_NDID":9794,"START_NODE":"J-815075","STOP_NDID":9795,"STOP_NODE":"J-815076","MAX_V":0.63,"Shape_Length":424.10192044564621}},{"type":"Feature","id":235,"geometry":{"type":"LineString","coordinates":[[-82.253236162018268,28.518244057769021],[-82.253281156076568,28.518243598476595],[-82.253986827458036,28.518242272923693],[-82.254011172282119,28.518242227412941],[-82.254050460926081,28.518242152581511],[-82.254072288125258,28.518242111767236],[-82.254101594716658,28.518242579531073]]},"properties":{"OBJECTID":235,"D":2,"MAXABSQ":1.7,"C":135,"SF":0.0001,"ID":21865,"LABEL":"P-15428","LENGTH":278,"MATERIAL":"PVC","START_NDID":9796,"START_NODE":"J-815077","STOP_NDID":14736,"STOP_NODE":"J-1670","MAX_V":0.17000000000000001,"Shape_Length":277.92406252692791}},{"type":"Feature","id":236,"geometry":{"type":"LineString","coordinates":[[-82.253236162018268,28.518244057769021],[-82.253229347520573,28.518098896616173],[-82.253229316427593,28.518093050774763],[-82.253229277279729,28.518085788510732],[-82.253225757416544,28.517423182765686],[-82.253225616123288,28.517396625508447],[-82.253223802178624,28.517055083103052],[-82.253217793959209,28.515924307870101],[-82.253220805070953,28.515299415437934],[-82.253214816760831,28.515299553375005]]},"properties":{"OBJECTID":236,"D":16,"MAXABSQ":-1,"C":140,"SF":-1,"ID":25296,"LABEL":"P-15429","LENGTH":1073,"MATERIAL":"PVC","START_NDID":9796,"START_NODE":"J-815077","STOP_NDID":9770,"STOP_NODE":"J-815032","MAX_V":-1,"Shape_Length":1072.6192424390756}},{"type":"Feature","id":237,"geometry":{"type":"LineString","coordinates":[[-82.253255028718542,28.52285956682287],[-82.253254381344107,28.522810850860409],[-82.253245374190314,28.52111558805311],[-82.253232407372693,28.518675154097306],[-82.253236162018268,28.518244057769021]]},"properties":{"OBJECTID":237,"D":16,"MAXABSQ":597.84000000000003,"C":140,"SF":0.00020000000000000001,"ID":25515,"LABEL":"P-15430","LENGTH":1678,"MATERIAL":"PVC","START_NDID":9798,"START_NODE":"J-815079","STOP_NDID":9796,"STOP_NODE":"J-815077","MAX_V":0.94999999999999996,"Shape_Length":1678.1713649863361}},{"type":"Feature","id":238,"geometry":{"type":"LineString","coordinates":[[-82.253214816760831,28.515299553375005],[-82.253213065872885,28.514817044314022],[-82.253214336156063,28.514650108501737],[-82.25321598759912,28.514435471005889],[-82.253219376919532,28.513994803816963],[-82.253219802204597,28.513939502790624],[-82.253220454542912,28.513854762797877],[-82.253225729364928,28.513169056426491],[-82.253226901340483,28.513033974125182]]},"properties":{"OBJECTID":238,"D":16,"MAXABSQ":859.64999999999998,"C":140,"SF":0.00040000000000000002,"ID":29560,"LABEL":"P-15431A","LENGTH":824,"MATERIAL":"PVC","START_NDID":9770,"START_NODE":"J-815032","STOP_NDID":9799,"STOP_NODE":"J-815082","MAX_V":1.3700000000000001,"Shape_Length":823.75537233073203}},{"type":"Feature","id":239,"geometry":{"type":"LineString","coordinates":[[-82.261604159686144,28.522171157780807],[-82.2616035132273,28.522132564575148],[-82.261603444627625,28.522129374287683],[-82.261598719623223,28.521846400039607],[-82.26160473323263,28.521823204285258]]},"properties":{"OBJECTID":239,"D":3,"MAXABSQ":15.07,"C":135,"SF":0.00089999999999999998,"ID":20640,"LABEL":"P-15432","LENGTH":127,"MATERIAL":"PVC","START_NDID":6394,"START_NODE":"J-820902","STOP_NDID":9783,"STOP_NODE":"J-815054","MAX_V":0.68000000000000005,"Shape_Length":126.74339948118103}},{"type":"Feature","id":240,"geometry":{"type":"LineString","coordinates":[[-82.260970592714202,28.522288398913705],[-82.260985063762334,28.522288371115373]]},"properties":{"OBJECTID":240,"D":3,"MAXABSQ":0.46000000000000002,"C":135,"SF":0,"ID":18994,"LABEL":"P-15434","LENGTH":5,"MATERIAL":"PVC","START_NDID":13400,"START_NODE":"J-136","STOP_NDID":9780,"STOP_NODE":"J-815049","MAX_V":0.02,"Shape_Length":4.646999997436069}},{"type":"Feature","id":241,"geometry":{"type":"LineString","coordinates":[[-82.253226901340483,28.513033974125182],[-82.25324859061277,28.513033345126633],[-82.254359757132946,28.513038577447773]]},"properties":{"OBJECTID":241,"D":12,"MAXABSQ":-1,"C":135,"SF":-1,"ID":23145,"LABEL":"P-15435","LENGTH":364,"MATERIAL":"PVC","START_NDID":9799,"START_NODE":"J-815082","STOP_NDID":14844,"STOP_NODE":"J-1789","MAX_V":-1,"Shape_Length":363.82667788660706}},{"type":"Feature","id":242,"geometry":{"type":"LineString","coordinates":[[-82.253255028718542,28.52285956682287],[-82.253347774085313,28.52285949703943],[-82.253348281160726,28.52289900779969],[-82.253348367281006,28.522905722648808],[-82.253366000552163,28.522928391255522],[-82.253429611835443,28.52292823410308],[-82.253571031689589,28.522927970220884],[-82.253919712494792,28.522917597025195]]},"properties":{"OBJECTID":242,"D":16,"MAXABSQ":289.29000000000002,"C":130,"SF":0.0001,"ID":252691,"LABEL":"P-15466(1)","LENGTH":234,"MATERIAL":"DI","START_NDID":9798,"START_NODE":"J-815079","STOP_NDID":252690,"STOP_NODE":"J-126","MAX_V":0.46000000000000002,"Shape_Length":234.46274339885366}},{"type":"Feature","id":243,"geometry":{"type":"LineString","coordinates":[[-82.253919712494792,28.522917597025195],[-82.254369389128655,28.522926477765576],[-82.257619020365794,28.522931530562943],[-82.258732366459697,28.522934311819863],[-82.258871814990542,28.522934659504664],[-82.260219026456284,28.522938011384095],[-82.26135615189277,28.522940830102396],[-82.261571254724842,28.522941358121511],[-82.261685542093304,28.522940741977301]]},"properties":{"OBJECTID":243,"D":16,"MAXABSQ":288.60000000000002,"C":130,"SF":0.0001,"ID":252692,"LABEL":"P-15466(2)","LENGTH":2494,"MATERIAL":"DI","START_NDID":252690,"START_NODE":"J-126","STOP_NDID":9813,"STOP_NODE":"J-815128","MAX_V":0.46000000000000002,"Shape_Length":2493.8156895006141}},{"type":"Feature","id":244,"geometry":{"type":"LineString","coordinates":[[-82.261685542093304,28.522940741977301],[-82.261685564697686,28.52294800426294],[-82.261690606694714,28.522948115566845],[-82.261694122503073,28.522948112920069],[-82.26171708892646,28.52294809755756],[-82.265395359743039,28.522954329954807],[-82.267694715413896,28.52295817494667]]},"properties":{"OBJECTID":244,"D":16,"MAXABSQ":271.50999999999999,"C":140,"SF":0,"ID":252688,"LABEL":"P-15467A(1)","LENGTH":2895,"MATERIAL":"PVC","START_NDID":9813,"START_NODE":"J-815128","STOP_NDID":252687,"STOP_NODE":"J-125","MAX_V":0.42999999999999999,"Shape_Length":1932.3104411577592}},{"type":"Feature","id":245,"geometry":{"type":"LineString","coordinates":[[-82.261622172635043,28.522357051667246],[-82.261622828871779,28.522362390230576],[-82.261628037689803,28.522367015934268],[-82.261628141379518,28.522409016506511],[-82.261628305351053,28.522475434672323],[-82.261628477763139,28.522545271520652],[-82.261629357181647,28.522901482891413],[-82.261685449552644,28.522901374858041],[-82.261685513200106,28.522928410787767],[-82.261685542093304,28.522940741977301]]},"properties":{"OBJECTID":245,"D":6,"MAXABSQ":16.100000000000001,"C":135,"SF":0,"ID":21204,"LABEL":"P-15468","LENGTH":231,"MATERIAL":"PVC","START_NDID":5990,"START_NODE":"J-815094","STOP_NDID":9813,"STOP_NODE":"J-815128","MAX_V":0.17999999999999999,"Shape_Length":230.9774693599596}},{"type":"Feature","id":246,"geometry":{"type":"LineString","coordinates":[[-82.261622172635043,28.522357051667246],[-82.261622062797827,28.522322020522857],[-82.261622046529467,28.522315430687755],[-82.261621849470004,28.522262097429596],[-82.261621817781446,28.522252414842413],[-82.261621689502107,28.522214328081219],[-82.261604884486957,28.522214364567091],[-82.261604159686144,28.522171157780807]]},"properties":{"OBJECTID":246,"D":4,"MAXABSQ":15.77,"C":135,"SF":0.00020000000000000001,"ID":20196,"LABEL":"P-15470","LENGTH":73,"MATERIAL":"PVC","START_NDID":5990,"START_NODE":"J-815094","STOP_NDID":6394,"STOP_NODE":"J-820902","MAX_V":0.40000000000000002,"Shape_Length":73.00077304819753}},{"type":"Feature","id":247,"geometry":{"type":"LineString","coordinates":[[-82.235239090311538,28.524002738203347],[-82.233765475500505,28.523979454220971],[-82.233768052709763,28.524791263713404],[-82.233644558117604,28.524791403279103],[-82.233642300361325,28.524791405786928]]},"properties":{"OBJECTID":247,"D":2,"MAXABSQ":9.9900000000000002,"C":135,"SF":0.0028999999999999998,"ID":24404,"LABEL":"P-15481","LENGTH":809,"MATERIAL":"PVC","START_NDID":15024,"START_NODE":"J-1982","STOP_NDID":5753,"STOP_NODE":"J-814825","MAX_V":1.02,"Shape_Length":808.82637807121921}},{"type":"Feature","id":248,"geometry":{"type":"LineString","coordinates":[[-82.233642300361325,28.524791405786928],[-82.233226119117631,28.524791660232673],[-82.233211570237202,28.52479186398288]]},"properties":{"OBJECTID":248,"D":3,"MAXABSQ":4.6200000000000001,"C":135,"SF":0.0001,"ID":30844,"LABEL":"P-15482A","LENGTH":138,"MATERIAL":"PVC","START_NDID":5753,"START_NODE":"J-814825","STOP_NDID":9763,"STOP_NODE":"J-814824","MAX_V":0.20999999999999999,"Shape_Length":138.31455710527536}},{"type":"Feature","id":249,"geometry":{"type":"LineString","coordinates":[[-82.233211570237202,28.52479186398288],[-82.233211570237202,28.52479186398288],[-82.233161052223522,28.524791771923038]]},"properties":{"OBJECTID":249,"D":3,"MAXABSQ":12.890000000000001,"C":135,"SF":0.00059999999999999995,"ID":30845,"LABEL":"P-15482B","LENGTH":16,"MATERIAL":"PVC","START_NDID":9763,"START_NODE":"J-814824","STOP_NDID":14456,"STOP_NODE":"J-1356","MAX_V":0.58999999999999997,"Shape_Length":16.222130225464685}},{"type":"Feature","id":250,"geometry":{"type":"LineString","coordinates":[[-82.230309307061404,28.525416506727243],[-82.22867751107033,28.525405340935617],[-82.228644211127047,28.525405297973126]]},"properties":{"OBJECTID":250,"D":8,"MAXABSQ":369.16000000000003,"C":110,"SF":0.0038999999999999998,"ID":23365,"LABEL":"P-15686","LENGTH":535,"MATERIAL":"DI","START_NDID":14881,"START_NODE":"J-1830","STOP_NDID":9726,"STOP_NODE":"J-814767","MAX_V":2.3599999999999999,"Shape_Length":534.69991007952046}},{"type":"Feature","id":251,"geometry":{"type":"LineString","coordinates":[[-82.228601072789772,28.525725374050854],[-82.228595363637126,28.525405237159706],[-82.228644211127047,28.525405297973126]]},"properties":{"OBJECTID":251,"D":8,"MAXABSQ":201.90000000000001,"C":110,"SF":0.0012999999999999999,"ID":20582,"LABEL":"P-15687","LENGTH":132,"MATERIAL":"DI","START_NDID":9727,"START_NODE":"J-814768","STOP_NDID":9726,"STOP_NODE":"J-814767","MAX_V":1.29,"Shape_Length":132.09824072415222}},{"type":"Feature","id":252,"geometry":{"type":"LineString","coordinates":[[-82.228465237165906,28.522888725297825],[-82.22845828200704,28.522890253820275],[-82.228328163441503,28.52288997062599]]},"properties":{"OBJECTID":252,"D":6,"MAXABSQ":0.16,"C":135,"SF":0,"ID":19974,"LABEL":"P-15896","LENGTH":44,"MATERIAL":"PVC","START_NDID":5766,"START_NODE":"J-816443","STOP_NDID":4935,"STOP_NODE":"J-816442","MAX_V":0,"Shape_Length":44.085450747067725}},{"type":"Feature","id":253,"geometry":{"type":"LineString","coordinates":[[-82.261016067367834,28.52228831155346],[-82.261041903186694,28.52228826191412]]},"properties":{"OBJECTID":253,"D":3,"MAXABSQ":0.16,"C":135,"SF":0,"ID":19172,"LABEL":"P-15941A","LENGTH":8,"MATERIAL":"PVC","START_NDID":9781,"START_NODE":"J-815050","STOP_NDID":13504,"STOP_NODE":"J-269","MAX_V":0.01,"Shape_Length":8.2965000043623149}},{"type":"Feature","id":254,"geometry":{"type":"LineString","coordinates":[[-82.260985063762334,28.522288371115373],[-82.261016067367834,28.52228831155346]]},"properties":{"OBJECTID":254,"D":3,"MAXABSQ":0.53000000000000003,"C":135,"SF":0,"ID":19229,"LABEL":"P-15941B","LENGTH":10,"MATERIAL":"PVC","START_NDID":9780,"START_NODE":"J-815049","STOP_NDID":9781,"STOP_NODE":"J-815050","MAX_V":0.02,"Shape_Length":9.9559999990742654}},{"type":"Feature","id":255,"geometry":{"type":"LineString","coordinates":[[-82.235258736877327,28.535983638920627],[-82.235258769377452,28.535975836095542],[-82.235274600257057,28.535532061594665],[-82.235278778479952,28.535262235854557],[-82.235281409666371,28.535092345720251],[-82.235285587826382,28.534822503460614],[-82.235288224363714,28.534652225505283],[-82.235292113775841,28.534401024291491],[-82.235294056378791,28.534382435370201],[-82.235312299049809,28.53420783430489],[-82.23531082118393,28.53393512630748],[-82.235310271647023,28.533833707959253]]},"properties":{"OBJECTID":255,"D":8,"MAXABSQ":8.0600000000000005,"C":110,"SF":0,"ID":34773,"LABEL":"P-16428A","LENGTH":782,"MATERIAL":"DI","START_NDID":10918,"START_NODE":"J-817873","STOP_NDID":2547,"STOP_NODE":"J-FH_Tee-1929","MAX_V":0.050000000000000003,"Shape_Length":782.11082634664319}},{"type":"Feature","id":256,"geometry":{"type":"LineString","coordinates":[[-82.235310271647023,28.533833707959253],[-82.235310261660985,28.533831865012626],[-82.235310240619015,28.533828000793317],[-82.235310203115816,28.533820932433166],[-82.235310042717387,28.533791488732298],[-82.235241332877834,28.533614998884719],[-82.235163654301374,28.533479429256587],[-82.235005403941003,28.533328778517685],[-82.234983597541941,28.533308019396976],[-82.234971472861659,28.5332959484141]]},"properties":{"OBJECTID":256,"D":8,"MAXABSQ":13.390000000000001,"C":110,"SF":0,"ID":34774,"LABEL":"P-16428B","LENGTH":229,"MATERIAL":"DI","START_NDID":2547,"START_NODE":"J-FH_Tee-1929","STOP_NDID":10915,"STOP_NODE":"J-817871","MAX_V":0.089999999999999997,"Shape_Length":229.32608474774239}},{"type":"Feature","id":257,"geometry":{"type":"LineString","coordinates":[[-82.228582101122328,28.527184062721243],[-82.228582178938765,28.527303135445976]]},"properties":{"OBJECTID":257,"D":8,"MAXABSQ":97.989999999999995,"C":110,"SF":0.00029999999999999997,"ID":30961,"LABEL":"P-17480A","LENGTH":43,"MATERIAL":"DI","START_NDID":5748,"START_NODE":"J-814771","STOP_NDID":9733,"STOP_NODE":"J-814780","MAX_V":0.63,"Shape_Length":43.293538184737081}},{"type":"Feature","id":258,"geometry":{"type":"LineString","coordinates":[[-82.228582178938765,28.527303135445976],[-82.228582178938765,28.527303135445976],[-82.22858244523853,28.527667637889202],[-82.228585769036997,28.527739520392441],[-82.228595986027358,28.527810894707166],[-82.228613022554356,28.527881246192631],[-82.228636755790149,28.527950067582132],[-82.228667014619674,28.528016862640747],[-82.228703580873983,28.528081149743421],[-82.228746190903124,28.528142465347912],[-82.228794537477029,28.528200367337096],[-82.22884827200032,28.52825443820721],[-82.228970800624708,28.528363843315919],[-82.22899350405514,28.528384236115599]]},"properties":{"OBJECTID":258,"D":8,"MAXABSQ":96.200000000000003,"C":110,"SF":0.00029999999999999997,"ID":30962,"LABEL":"P-17480B","LENGTH":434,"MATERIAL":"DI","START_NDID":9733,"START_NODE":"J-814780","STOP_NDID":9732,"STOP_NODE":"J-814778","MAX_V":0.60999999999999999,"Shape_Length":434.29378949949012}},{"type":"Feature","id":259,"geometry":{"type":"LineString","coordinates":[[-82.23535775575229,28.536642432984376],[-82.23532774388697,28.536428558036324]]},"properties":{"OBJECTID":259,"D":8,"MAXABSQ":2.3399999999999999,"C":110,"SF":0,"ID":35820,"LABEL":"P-17497A","LENGTH":312,"MATERIAL":"DI","START_NDID":10919,"START_NODE":"J-817874","STOP_NDID":2539,"STOP_NODE":"J-FH_Tee-1921","MAX_V":0.01,"Shape_Length":78.357484365612933}},{"type":"Feature","id":260,"geometry":{"type":"LineString","coordinates":[[-82.23532774388697,28.536428558036324],[-82.235327385002975,28.53642600049929],[-82.235324372982831,28.5364097442211],[-82.235321590881313,28.536394639944813],[-82.235258451481187,28.535993965638234],[-82.235258736877327,28.535983638920627]]},"properties":{"OBJECTID":260,"D":8,"MAXABSQ":4.2300000000000004,"C":110,"SF":0,"ID":35821,"LABEL":"P-17497B","LENGTH":163,"MATERIAL":"DI","START_NDID":2539,"START_NODE":"J-FH_Tee-1921","STOP_NDID":10918,"STOP_NODE":"J-817873","MAX_V":0.029999999999999999,"Shape_Length":163.33077412431953}},{"type":"Feature","id":261,"geometry":{"type":"LineString","coordinates":[[-82.234971472861659,28.5332959484141],[-82.235003969246321,28.533268886405569],[-82.235085563888319,28.53321222805334],[-82.235316473370517,28.533004021978655],[-82.235348926873328,28.532978765573024],[-82.235487912525826,28.532952650662516],[-82.235537980934765,28.532920370879602],[-82.235563693279971,28.532881119902534],[-82.235568788258817,28.532873342673422],[-82.235578592769414,28.532819609756075],[-82.235565254365511,28.532767329286802],[-82.235526782433979,28.532722555503312],[-82.235474855649244,28.532699865676015],[-82.235453421925953,28.532697532022183],[-82.235411741352124,28.532692994664579],[-82.235350549750095,28.53270554746317],[-82.235299937676913,28.532739118038652],[-82.23527172199023,28.532787794662646],[-82.235264138015481,28.532803022792734],[-82.23526612367688,28.532823462782108],[-82.235348079340611,28.532977175958116],[-82.235348926873328,28.532978765573024]]},"properties":{"OBJECTID":261,"D":4,"MAXABSQ":2.6699999999999999,"C":100,"SF":0,"ID":20895,"LABEL":"P-17498","LENGTH":488,"MATERIAL":"DI","START_NDID":10915,"START_NODE":"J-817871","STOP_NDID":10917,"STOP_NODE":"J-817872","MAX_V":0.070000000000000007,"Shape_Length":487.83509642745923}},{"type":"Feature","id":262,"geometry":{"type":"LineString","coordinates":[[-82.235258736877327,28.535983638920627],[-82.23342157394255,28.535850757755561]]},"properties":{"OBJECTID":262,"D":8,"MAXABSQ":1.6499999999999999,"C":110,"SF":0,"ID":37273,"LABEL":"P-17499A","LENGTH":592,"MATERIAL":"DI","START_NDID":10918,"START_NODE":"J-817873","STOP_NDID":2540,"STOP_NODE":"J-FH_Tee-1922","MAX_V":0.01,"Shape_Length":591.85408635115311}},{"type":"Feature","id":263,"geometry":{"type":"LineString","coordinates":[[-82.23342157394255,28.535850757755561],[-82.233418422441403,28.535850529787243],[-82.233421118022164,28.535850529280044],[-82.23342103081707,28.535850529429919],[-82.233337061386806,28.535850551326927],[-82.233331263787221,28.53585055303618],[-82.23311575422575,28.535836381957925],[-82.233110080582037,28.535836100157965],[-82.233041779747865,28.535832715673312]]},"properties":{"OBJECTID":263,"D":8,"MAXABSQ":6.5899999999999999,"C":110,"SF":0,"ID":37274,"LABEL":"P-17499B","LENGTH":441,"MATERIAL":"DI","START_NDID":2540,"START_NODE":"J-FH_Tee-1922","STOP_NDID":2541,"STOP_NODE":"J-FH_Tee-1923","MAX_V":0.040000000000000001,"Shape_Length":123.90825424270915}},{"type":"Feature","id":264,"geometry":{"type":"LineString","coordinates":[[-82.232005918605651,28.533711225476985],[-82.232115234786704,28.533711297238714],[-82.23237205090372,28.533716159429041],[-82.23237247504558,28.533716167444474]]},"properties":{"OBJECTID":264,"D":8,"MAXABSQ":22.73,"C":110,"SF":0,"ID":36583,"LABEL":"P-17500A","LENGTH":118,"MATERIAL":"DI","START_NDID":13242,"START_NODE":"J-809039","STOP_NDID":2546,"STOP_NODE":"J-FH_Tee-1928","MAX_V":0.14999999999999999,"Shape_Length":117.71586928316277}},{"type":"Feature","id":265,"geometry":{"type":"LineString","coordinates":[[-82.23237247504558,28.533716167444474],[-82.232398141454482,28.533716652485147],[-82.232445695902697,28.533717552988129],[-82.232508964794874,28.533718751117085],[-82.232526386007677,28.533719080215459],[-82.233384530079462,28.533708838855912],[-82.233439963675607,28.53370817701899],[-82.233816981870888,28.533703676633102],[-82.233885795963886,28.533693581221993],[-82.2339957210216,28.533677454925947],[-82.23411991322584,28.533659235678545],[-82.234348910392995,28.533587655939321],[-82.234518440752382,28.533517509679548],[-82.234533638228683,28.533509390503298],[-82.234971472861659,28.5332959484141]]},"properties":{"OBJECTID":265,"D":8,"MAXABSQ":19.449999999999999,"C":110,"SF":0,"ID":36584,"LABEL":"P-17500B","LENGTH":867,"MATERIAL":"DI","START_NDID":2546,"START_NODE":"J-FH_Tee-1928","STOP_NDID":10915,"STOP_NODE":"J-817871","MAX_V":0.12,"Shape_Length":866.85968142959018}},{"type":"Feature","id":266,"geometry":{"type":"LineString","coordinates":[[-82.253214816760831,28.515299553375005],[-82.252976078917285,28.515294401873057],[-82.25272754495488,28.515296273921049],[-82.252217432191912,28.51529510533657],[-82.251719761027829,28.515290053026195],[-82.250979365987249,28.515285384180174],[-82.250228128015749,28.515282495627293],[-82.249702678819943,28.515275102512732],[-82.249132551377329,28.515271485781835],[-82.247719281747692,28.51526233107391],[-82.247496689878062,28.515262413526461],[-82.246906521556724,28.515257422644883],[-82.246543739606864,28.515256651180778],[-82.246256094921065,28.515254333033955],[-82.246010854480218,28.515253150423078],[-82.24570142138495,28.515248532736866],[-82.245428884982857,28.51524744931195],[-82.245282268669271,28.515246261861257],[-82.244247078228213,28.515237853967442],[-82.243580465253842,28.515238587149423],[-82.243103430562158,28.51523639954835],[-82.242784224849615,28.515233878855032],[-82.242351513996098,28.515231429261689],[-82.241909164387366,28.515229760052627],[-82.241545891990171,28.515228274773634],[-82.241161598502302,28.515225709184648],[-82.240886806294398,28.515223316978673],[-82.240573763653018,28.515218630918817]]},"properties":{"OBJECTID":266,"D":12,"MAXABSQ":-1,"C":135,"SF":-1,"ID":252974,"LABEL":"P-17547(1)","LENGTH":4060,"MATERIAL":"PVC","START_NDID":9770,"START_NODE":"J-815032","STOP_NDID":252890,"STOP_NODE":"TRIL_J-08","MAX_V":-1,"Shape_Length":4059.7636960589421}},{"type":"Feature","id":267,"geometry":{"type":"LineString","coordinates":[[-82.240573763653018,28.515218630918817],[-82.240573692692905,28.515218630879989],[-82.24056757213873,28.515235677488903]]},"properties":{"OBJECTID":267,"D":12,"MAXABSQ":222.16999999999999,"C":135,"SF":0.0001,"ID":252975,"LABEL":"P-17547(2)","LENGTH":7,"MATERIAL":"PVC","START_NDID":252890,"START_NODE":"TRIL_J-08","STOP_NDID":9795,"STOP_NODE":"J-815076","MAX_V":0.63,"Shape_Length":6.5249511474260062}},{"type":"Feature","id":268,"geometry":{"type":"LineString","coordinates":[[-82.231825342699906,28.52279014509109],[-82.231851929204211,28.522790105222107],[-82.231882015941906,28.522790060748843],[-82.231883135365763,28.523301647299757],[-82.231883989739558,28.52336334889571]]},"properties":{"OBJECTID":268,"D":16,"MAXABSQ":226.25,"C":140,"SF":0,"ID":21182,"LABEL":"P-17623","LENGTH":227,"MATERIAL":"PVC","START_NDID":11446,"START_NODE":"J-818433","STOP_NDID":12829,"STOP_NODE":"J-820743","MAX_V":0.35999999999999999,"Shape_Length":226.64218978958593}},{"type":"Feature","id":269,"geometry":{"type":"LineString","coordinates":[[-82.23194846671889,28.52336302017379],[-82.231914038777148,28.523363078949146],[-82.231883989739558,28.52336334889571]]},"properties":{"OBJECTID":269,"D":16,"MAXABSQ":0.16,"C":140,"SF":0,"ID":252544,"LABEL":"P-17624A(1)","LENGTH":21,"MATERIAL":"PVC","START_NDID":5164,"START_NODE":"J-817939","STOP_NDID":12829,"STOP_NODE":"J-820743","MAX_V":0,"Shape_Length":20.705327485027688}},{"type":"Feature","id":270,"geometry":{"type":"LineString","coordinates":[[-82.231883989739558,28.52336334889571],[-82.230120606785931,28.523377168594671]]},"properties":{"OBJECTID":270,"D":16,"MAXABSQ":225.50999999999999,"C":140,"SF":0,"ID":252545,"LABEL":"P-17624A(2)","LENGTH":566,"MATERIAL":"PVC","START_NDID":12829,"START_NODE":"J-820743","STOP_NDID":2510,"STOP_NODE":"J-FH_Tee-1896","MAX_V":0.35999999999999999,"Shape_Length":566.27866860530685}},{"type":"Feature","id":271,"geometry":{"type":"LineString","coordinates":[[-82.230120606785931,28.523377168594671],[-82.230120606785931,28.523377168594671],[-82.229429965845981,28.523378277563769],[-82.229429965725302,28.523378221815147]]},"properties":{"OBJECTID":271,"D":16,"MAXABSQ":225.34999999999999,"C":140,"SF":0,"ID":38600,"LABEL":"P-17624B","LENGTH":222,"MATERIAL":"PVC","START_NDID":2510,"START_NODE":"J-FH_Tee-1896","STOP_NDID":14753,"STOP_NODE":"J-1688","MAX_V":0.35999999999999999,"Shape_Length":221.79877065226327}},{"type":"Feature","id":272,"geometry":{"type":"LineString","coordinates":[[-82.229429965725302,28.523378221815147],[-82.228770908326737,28.523372948994499],[-82.228733393253066,28.523371806127347],[-82.228721502535024,28.52337132695553]]},"properties":{"OBJECTID":272,"D":16,"MAXABSQ":223.71000000000001,"C":140,"SF":0,"ID":38601,"LABEL":"P-17624C","LENGTH":228,"MATERIAL":"PVC","START_NDID":14753,"START_NODE":"J-1688","STOP_NDID":11447,"STOP_NODE":"J-818434","MAX_V":0.35999999999999999,"Shape_Length":227.52101968576554}},{"type":"Feature","id":273,"geometry":{"type":"LineString","coordinates":[[-82.228721502535024,28.52337132695553],[-82.228721502535024,28.52337132695553],[-82.228720178923041,28.523371274176618],[-82.228713748913918,28.523378782496525],[-82.228670951963039,28.523425106050404],[-82.228442779990417,28.52342257315658],[-82.228386429901008,28.523367579464612]]},"properties":{"OBJECTID":273,"D":16,"MAXABSQ":24.739999999999998,"C":140,"SF":0,"ID":30153,"LABEL":"P-17624D","LENGTH":126,"MATERIAL":"PVC","START_NDID":11447,"START_NODE":"J-818434","STOP_NDID":12853,"STOP_NODE":"J-820801","MAX_V":0.040000000000000001,"Shape_Length":125.82992843178292}},{"type":"Feature","id":274,"geometry":{"type":"LineString","coordinates":[[-82.233134424642401,28.525734445635866],[-82.233197544130959,28.525735012513071],[-82.233207599750401,28.525734978748922]]},"properties":{"OBJECTID":274,"D":3,"MAXABSQ":0.37,"C":135,"SF":0,"ID":19640,"LABEL":"P-17648","LENGTH":23,"MATERIAL":"PVC","START_NDID":11448,"START_NODE":"J-218469","STOP_NDID":9760,"STOP_NODE":"J-814820","MAX_V":0.02,"Shape_Length":23.498492360134424}},{"type":"Feature","id":275,"geometry":{"type":"LineString","coordinates":[[-82.231825316337151,28.522887706075863],[-82.231898269456309,28.522888021627328],[-82.231904422973216,28.522888048253453],[-82.231943900470043,28.522888218316393]]},"properties":{"OBJECTID":275,"D":8,"MAXABSQ":10.92,"C":110,"SF":0,"ID":37251,"LABEL":"P-17679A","LENGTH":38,"MATERIAL":"DI","START_NDID":9673,"START_NODE":"J-814306","STOP_NDID":2509,"STOP_NODE":"J-FH_Tee-1895","MAX_V":0.070000000000000007,"Shape_Length":38.080289453049524}},{"type":"Feature","id":276,"geometry":{"type":"LineString","coordinates":[[-82.231943900470043,28.522888218316393],[-82.231953349036189,28.522888259017659],[-82.231998050789201,28.522888453599961],[-82.232002342058124,28.522888472400286],[-82.232834569449338,28.522892083195245],[-82.233113402901182,28.522892875704276]]},"properties":{"OBJECTID":276,"D":8,"MAXABSQ":10.76,"C":110,"SF":0,"ID":38192,"LABEL":"P-17679B","LENGTH":376,"MATERIAL":"DI","START_NDID":2509,"START_NODE":"J-FH_Tee-1895","STOP_NDID":14586,"STOP_NODE":"J-1500","MAX_V":0.070000000000000007,"Shape_Length":375.55549901079758}},{"type":"Feature","id":277,"geometry":{"type":"LineString","coordinates":[[-82.233113402901182,28.522892875704276],[-82.233113402901182,28.522892875704276],[-82.233842592122571,28.522894959776298]]},"properties":{"OBJECTID":277,"D":8,"MAXABSQ":6.3799999999999999,"C":110,"SF":0,"ID":38193,"LABEL":"P-17679C","LENGTH":234,"MATERIAL":"DI","START_NDID":14586,"START_NODE":"J-1500","STOP_NDID":2454,"STOP_NODE":"J-FH_Tee-1845","MAX_V":0.040000000000000001,"Shape_Length":234.15907417349652}},{"type":"Feature","id":278,"geometry":{"type":"LineString","coordinates":[[-82.233842592122571,28.522894959776298],[-82.234078841794897,28.522895634154317],[-82.234100062293521,28.522879184789659],[-82.234368866911808,28.522880048385229],[-82.234398814669859,28.522879108350612]]},"properties":{"OBJECTID":278,"D":8,"MAXABSQ":6.2199999999999998,"C":110,"SF":0,"ID":38062,"LABEL":"P-17679D","LENGTH":181,"MATERIAL":"DI","START_NDID":2454,"START_NODE":"J-FH_Tee-1845","STOP_NDID":13563,"STOP_NODE":"J-337","MAX_V":0.040000000000000001,"Shape_Length":180.8740747208405}},{"type":"Feature","id":279,"geometry":{"type":"LineString","coordinates":[[-82.234398814669859,28.522879108350612],[-82.234398814669859,28.522879108350612],[-82.234443936376721,28.522877693815516]]},"properties":{"OBJECTID":279,"D":8,"MAXABSQ":0.68000000000000005,"C":110,"SF":0,"ID":38063,"LABEL":"P-17679E","LENGTH":14,"MATERIAL":"DI","START_NDID":13563,"START_NODE":"J-337","STOP_NDID":5319,"STOP_NODE":"J-820739","MAX_V":0,"Shape_Length":14.498647739679489}},{"type":"Feature","id":280,"geometry":{"type":"LineString","coordinates":[[-82.233127669372692,28.524833930408814],[-82.232300500198292,28.524851149581],[-82.23229943354464,28.523966828210245],[-82.232299044315923,28.523912153008844],[-82.232090541220074,28.52391227559314],[-82.232067767625679,28.523912288369033],[-82.232058887721223,28.523912303537628],[-82.231802340886489,28.523913613384],[-82.231721485401152,28.52391349966301],[-82.231422210966443,28.523915437237907],[-82.231277348195007,28.523914847819821],[-82.231259359764664,28.523915714553038],[-82.231100454915477,28.523915623286936]]},"properties":{"OBJECTID":280,"D":3,"MAXABSQ":0.26000000000000001,"C":135,"SF":0,"ID":24782,"LABEL":"P-18864","LENGTH":992,"MATERIAL":"PVC","START_NDID":9761,"START_NODE":"J-814821","STOP_NDID":15068,"STOP_NODE":"J-2029","MAX_V":0.01,"Shape_Length":992.0008285720869}},{"type":"Feature","id":281,"geometry":{"type":"LineString","coordinates":[[-82.233140088977947,28.526495035139991],[-82.23313630955613,28.525987471710675],[-82.233134424642401,28.525734445635866]]},"properties":{"OBJECTID":281,"D":6,"MAXABSQ":25.32,"C":135,"SF":0.0001,"ID":29816,"LABEL":"P-18865A","LENGTH":277,"MATERIAL":"PVC","START_NDID":9758,"START_NODE":"J-814818","STOP_NDID":11448,"STOP_NODE":"J-218469","MAX_V":0.28999999999999998,"Shape_Length":276.54796919931198}},{"type":"Feature","id":282,"geometry":{"type":"LineString","coordinates":[[-82.233134424642401,28.525734445635866],[-82.233134424642401,28.525734445635866],[-82.233131082616453,28.525285520527444],[-82.233130872878746,28.525257424547338]]},"properties":{"OBJECTID":282,"D":6,"MAXABSQ":24.789999999999999,"C":135,"SF":0.0001,"ID":32000,"LABEL":"P-18865B","LENGTH":173,"MATERIAL":"PVC","START_NDID":11448,"START_NODE":"J-218469","STOP_NDID":10969,"STOP_NODE":"J-218025","MAX_V":0.28000000000000003,"Shape_Length":173.44336117475609}},{"type":"Feature","id":283,"geometry":{"type":"LineString","coordinates":[[-82.233130872878746,28.525257424547338],[-82.233128103760194,28.524885578745774]]},"properties":{"OBJECTID":283,"D":6,"MAXABSQ":18.359999999999999,"C":135,"SF":0,"ID":32001,"LABEL":"P-18865C","LENGTH":135,"MATERIAL":"PVC","START_NDID":10969,"START_NODE":"J-218025","STOP_NDID":9762,"STOP_NODE":"J-814823","MAX_V":0.20999999999999999,"Shape_Length":135.20195154333325}},{"type":"Feature","id":284,"geometry":{"type":"LineString","coordinates":[[-82.233128103760194,28.524885578745774],[-82.233128103760194,28.524885578745774],[-82.233127669372692,28.524833930408814]]},"properties":{"OBJECTID":284,"D":6,"MAXABSQ":0.41999999999999998,"C":135,"SF":0,"ID":31913,"LABEL":"P-18865D","LENGTH":19,"MATERIAL":"PVC","START_NDID":9762,"START_NODE":"J-814823","STOP_NDID":9761,"STOP_NODE":"J-814821","MAX_V":0,"Shape_Length":18.779282467508871}},{"type":"Feature","id":285,"geometry":{"type":"LineString","coordinates":[[-82.233127669372692,28.524833930408814],[-82.233127669372692,28.524833930408814],[-82.233127451057939,28.524812550830088]]},"properties":{"OBJECTID":285,"D":6,"MAXABSQ":0,"C":130,"SF":0,"ID":31781,"LABEL":"P-18865E","LENGTH":8,"MATERIAL":"DI","START_NDID":9761,"START_NODE":"J-814821","STOP_NDID":17858,"STOP_NODE":"FH-10101","MAX_V":0,"Shape_Length":7.7736945720269013}},{"type":"Feature","id":286,"geometry":{"type":"LineString","coordinates":[[-82.228386429901008,28.523367579464612],[-82.228386431464003,28.523367582212359],[-82.228369679790831,28.523367906036913],[-82.22832849113135,28.523368701364461],[-82.228328432342678,28.52336865034972]]},"properties":{"OBJECTID":286,"D":16,"MAXABSQ":0.5,"C":140,"SF":0,"ID":29461,"LABEL":"P-20284A","LENGTH":19,"MATERIAL":"PVC","START_NDID":12853,"START_NODE":"J-820801","STOP_NDID":12037,"STOP_NODE":"J-819120","MAX_V":0,"Shape_Length":18.637791983806377}},{"type":"Feature","id":287,"geometry":{"type":"LineString","coordinates":[[-82.228328432342678,28.52336865034972],[-82.22830294245496,28.52336919536107]]},"properties":{"OBJECTID":287,"D":16,"MAXABSQ":0.34000000000000002,"C":140,"SF":0,"ID":29462,"LABEL":"P-20284B","LENGTH":8,"MATERIAL":"PVC","START_NDID":12037,"START_NODE":"J-819120","STOP_NDID":5162,"STOP_NODE":"J-817937","MAX_V":0,"Shape_Length":8.1876932122238824}},{"type":"Feature","id":288,"geometry":{"type":"LineString","coordinates":[[-82.228721502535024,28.52337132695553],[-82.228721672737166,28.523433592179682]]},"properties":{"OBJECTID":288,"D":12,"MAXABSQ":248.28999999999999,"C":135,"SF":0.00020000000000000001,"ID":31470,"LABEL":"P-20285A","LENGTH":23,"MATERIAL":"PVC","START_NDID":11447,"START_NODE":"J-818434","STOP_NDID":12747,"STOP_NODE":"J-820561","MAX_V":0.69999999999999996,"Shape_Length":22.639002918017127}},{"type":"Feature","id":289,"geometry":{"type":"LineString","coordinates":[[-82.228721672737166,28.523433592179682],[-82.228721833932752,28.523492405710559]]},"properties":{"OBJECTID":289,"D":12,"MAXABSQ":0.16,"C":135,"SF":0,"ID":31471,"LABEL":"P-20285B","LENGTH":21,"MATERIAL":"PVC","START_NDID":12747,"START_NODE":"J-820561","STOP_NDID":5163,"STOP_NODE":"J-817938","MAX_V":0,"Shape_Length":21.384002833719723}},{"type":"Feature","id":290,"geometry":{"type":"LineString","coordinates":[[-82.230646761370025,28.521796952111899],[-82.230543504744375,28.521870487864319]]},"properties":{"OBJECTID":290,"D":6,"MAXABSQ":16.66,"C":100,"SF":0.0001,"ID":19953,"LABEL":"P-20288A","LENGTH":43,"MATERIAL":"DI","START_NDID":13952,"START_NODE":"J-789","STOP_NDID":9662,"STOP_NODE":"J-814290","MAX_V":0.19,"Shape_Length":42.594833247638647}},{"type":"Feature","id":291,"geometry":{"type":"LineString","coordinates":[[-82.230564006671514,28.521384028946478],[-82.230627455923909,28.521444311029576],[-82.230644565672151,28.521460566898174],[-82.230644639768443,28.521494613546473]]},"properties":{"OBJECTID":291,"D":6,"MAXABSQ":15.720000000000001,"C":100,"SF":0.0001,"ID":34786,"LABEL":"P-20288B","LENGTH":50,"MATERIAL":"DI","START_NDID":9670,"START_NODE":"J-814301","STOP_NDID":2458,"STOP_NODE":"J-FH_Tee-1849","MAX_V":0.17999999999999999,"Shape_Length":50.374377878407522}},{"type":"Feature","id":292,"geometry":{"type":"LineString","coordinates":[[-82.230644639768443,28.521494613546473],[-82.230644744224165,28.521542609996555],[-82.230646724859426,28.521792338436054]]},"properties":{"OBJECTID":292,"D":6,"MAXABSQ":16.18,"C":100,"SF":0.0001,"ID":34787,"LABEL":"P-20288C","LENGTH":108,"MATERIAL":"DI","START_NDID":2458,"START_NODE":"J-FH_Tee-1849","STOP_NDID":9671,"STOP_NODE":"J-814303","MAX_V":0.17999999999999999,"Shape_Length":108.25167280918998}},{"type":"Feature","id":293,"geometry":{"type":"LineString","coordinates":[[-82.230646724859426,28.521792338436054],[-82.230646761370025,28.521796952111899]]},"properties":{"OBJECTID":293,"D":6,"MAXABSQ":16.5,"C":100,"SF":0.0001,"ID":31455,"LABEL":"P-20288D","LENGTH":2,"MATERIAL":"DI","START_NDID":9671,"START_NODE":"J-814303","STOP_NDID":13952,"STOP_NODE":"J-789","MAX_V":0.19,"Shape_Length":1.677521530905518}},{"type":"Feature","id":294,"geometry":{"type":"LineString","coordinates":[[-82.232394549746473,28.531224886724534],[-82.232389802039293,28.531215708640506],[-82.23238611388841,28.531183414706767],[-82.23238492265321,28.531144372614911],[-82.232383705723635,28.531093616777603],[-82.232385180319142,28.531042486411604],[-82.232385537473519,28.531035644276532],[-82.232385884049293,28.53103036849042],[-82.232386286667833,28.531025085732498],[-82.2323867484766,28.531019811124384],[-82.232387264770963,28.531014529547161],[-82.232387832511989,28.531009275385532],[-82.232388468753015,28.531004014230799],[-82.23238915324491,28.530998743367217],[-82.232389896960186,28.530993495780404],[-82.232390693640042,28.530988257729234],[-82.232391551049133,28.530983019574137],[-82.232392462970921,28.53097778682648],[-82.232393426324208,28.530972574618552],[-82.232394456635362,28.53096736229606],[-82.232395538326742,28.530962147135256],[-82.232396676136176,28.53095695938207],[-82.232397869988233,28.530951764657079],[-82.232399115286881,28.530946597347647],[-82.232400421323746,28.530941434059848],[-82.232401781900364,28.530936288556052],[-82.232403206281248,28.530931125065727],[-82.232404674304775,28.530925980753256],[-82.23240619069972,28.530920881738936],[-82.232407770953216,28.530915789491274],[-82.232409408812458,28.530910693019454],[-82.232411099669363,28.530905621210202],[-82.232412835759163,28.530900583703055],[-82.232415576783495,28.530892963262133],[-82.232417445313061,28.530887962658156],[-82.232419377670922,28.530882955069057],[-82.232421369249025,28.530877969381496],[-82.232423409107952,28.530872987736814],[-82.232425501991628,28.530868043131257],[-82.23242765715851,28.530863097043877],[-82.232429862187516,28.530858165998172],[-82.232432112437337,28.530853263753812],[-82.232434415708838,28.530848397173401],[-82.232436782814673,28.530843526358154],[-82.232439198222409,28.530838669212017],[-82.232441655757739,28.530833850498823],[-82.232444169416979,28.530829061943507],[-82.232446742251099,28.530824274662049],[-82.232449364944287,28.530819501047027],[-82.232452026686943,28.530814782372349],[-82.232454746056334,28.530810069099743],[-82.232455920478102,28.530808085454439],[-82.232477023978987,28.530775095881026],[-82.232478323192979,28.530773212410114],[-82.232481491510882,28.530768721147865],[-82.232484706594576,28.530764253183534],[-82.232487970022376,28.530759818140734],[-82.232491273996402,28.530755410532056],[-82.232494635648393,28.530751031703389],[-82.232498036295482,28.530746683061867],[-82.232501496174706,28.530742361822462],[-82.2325049996752,28.53073805013458],[-82.232508540667936,28.530733793389675],[-82.232512129965542,28.530729551688943],[-82.232515762965889,28.530725356669485],[-82.232519546799054,28.53072106512905],[-82.232523270228711,28.530716922211457],[-82.232527034228696,28.530712817729363],[-82.232530858996824,28.530708731020471],[-82.232534713435172,28.530704682765759],[-82.232538616226634,28.530700671558041],[-82.232542561118436,28.530696686406532],[-82.232546548146772,28.530692743813411],[-82.232550577275418,28.530688827276517],[-82.232554654757209,28.530684947786593],[-82.232558774339296,28.530681094352918],[-82.232562929826301,28.530677282113032],[-82.232567125871526,28.530673502807936],[-82.232571353153219,28.530669766079846],[-82.232575628788013,28.530666066398698],[-82.232579952751763,28.530662392763105],[-82.232584304834603,28.530658760334621],[-82.232588692828401,28.530655171850313],[-82.232593132277529,28.530651614906908],[-82.232597612266801,28.530648082647208],[-82.23260212039331,28.53064459984564],[-82.232606678405929,28.530641143086982],[-82.232611239659363,28.530637744080181],[-82.23261586328033,28.530634382096316],[-82.232620527438428,28.530631043420929],[-82.232625215065312,28.530627755586877],[-82.232629947918923,28.530624499304402],[-82.232634701120972,28.530621291118191],[-82.23263950267912,28.530618121354081],[-82.232644302797652,28.530615005224305],[-82.232646747558917,28.530613594227127],[-82.232855788323832,28.530492910464766],[-82.232874957443116,28.530483205955658],[-82.233019109932727,28.530410235055335],[-82.233060734800375,28.530389196260693],[-82.233071807905262,28.530383599527855],[-82.233254844476875,28.530291078090318],[-82.233496241780728,28.53016905610685],[-82.233503613840583,28.530165036157282],[-82.233562948469086,28.53013359377497]]},"properties":{"OBJECTID":294,"D":6,"MAXABSQ":0.40999999999999998,"C":100,"SF":0,"ID":24187,"LABEL":"P-20328A","LENGTH":592,"MATERIAL":"DI","START_NDID":9745,"START_NODE":"J-814796","STOP_NDID":9746,"STOP_NODE":"J-814797","MAX_V":0,"Shape_Length":592.23931542627656}},{"type":"Feature","id":295,"geometry":{"type":"LineString","coordinates":[[-82.232012602455896,28.53135094789253],[-82.232331346766358,28.531247428410285]]},"properties":{"OBJECTID":295,"D":6,"MAXABSQ":13,"C":100,"SF":0,"ID":36425,"LABEL":"P-20328B","LENGTH":109,"MATERIAL":"DI","START_NDID":9744,"START_NODE":"J-814795","STOP_NDID":2519,"STOP_NODE":"J-FH_Tee-1903","MAX_V":0.14999999999999999,"Shape_Length":109.04876985496118}},{"type":"Feature","id":296,"geometry":{"type":"LineString","coordinates":[[-82.232331346766358,28.531247428410285],[-82.232332207369979,28.531247148908349],[-82.232394549746473,28.531224886724534]]},"properties":{"OBJECTID":296,"D":6,"MAXABSQ":12.26,"C":100,"SF":0,"ID":36426,"LABEL":"P-20328C","LENGTH":22,"MATERIAL":"DI","START_NDID":2519,"START_NODE":"J-FH_Tee-1903","STOP_NDID":9745,"STOP_NODE":"J-814796","MAX_V":0.14000000000000001,"Shape_Length":21.886840670014713}},{"type":"Feature","id":297,"geometry":{"type":"LineString","coordinates":[[-82.235177538968557,28.52718839495293],[-82.235177775601997,28.527195388715519],[-82.235178184465582,28.527280678128598],[-82.235178082635144,28.52733862569497],[-82.235191450820437,28.527338786824885],[-82.235192380998399,28.527627353253006],[-82.235192552314203,28.527705230845037]]},"properties":{"OBJECTID":297,"D":6,"MAXABSQ":1.1100000000000001,"C":135,"SF":0,"ID":21045,"LABEL":"P-20329","LENGTH":192,"MATERIAL":"PVC","START_NDID":9747,"START_NODE":"J-814800","STOP_NDID":13813,"STOP_NODE":"J-642","MAX_V":0.01,"Shape_Length":192.15226513112216}},{"type":"Feature","id":298,"geometry":{"type":"LineString","coordinates":[[-82.233642300361325,28.524791405786928],[-82.233644194362398,28.524675155652002],[-82.233643910808993,28.524546554625491],[-82.233643584062065,28.524398362828386]]},"properties":{"OBJECTID":298,"D":1,"MAXABSQ":0.16,"C":135,"SF":0,"ID":20752,"LABEL":"P-20562","LENGTH":143,"MATERIAL":"PVC","START_NDID":5753,"START_NODE":"J-814825","STOP_NDID":14431,"STOP_NODE":"J-1324","MAX_V":0.070000000000000007,"Shape_Length":142.9106399780502}},{"type":"Feature","id":299,"geometry":{"type":"LineString","coordinates":[[-82.235192552314203,28.527705230845037],[-82.23522079524534,28.527705181943016],[-82.235220890007284,28.527747866028932],[-82.235193512820402,28.527747913432101],[-82.235193547513063,28.52775722884963],[-82.235193547721423,28.527757349095651]]},"properties":{"OBJECTID":299,"D":6,"MAXABSQ":0.80000000000000004,"C":135,"SF":0,"ID":29479,"LABEL":"P-205937A","LENGTH":37,"MATERIAL":"PVC","START_NDID":13813,"START_NODE":"J-642","STOP_NDID":2463,"STOP_NODE":"J-FH_Tee-1853","MAX_V":0.01,"Shape_Length":36.810223191421244}},{"type":"Feature","id":300,"geometry":{"type":"LineString","coordinates":[[-82.235193547721423,28.527757349095651],[-82.23519355305335,28.527760426136364],[-82.235193593269585,28.527784856161048]]},"properties":{"OBJECTID":300,"D":6,"MAXABSQ":0.64000000000000001,"C":135,"SF":0,"ID":29480,"LABEL":"P-205937B","LENGTH":10,"MATERIAL":"PVC","START_NDID":2463,"START_NODE":"J-FH_Tee-1853","STOP_NDID":13814,"STOP_NODE":"J-643","MAX_V":0.01,"Shape_Length":10.001281049152249}},{"type":"Feature","id":301,"geometry":{"type":"LineString","coordinates":[[-82.233207599750401,28.525734978748922],[-82.233207664973975,28.525764613803261]]},"properties":{"OBJECTID":301,"D":3,"MAXABSQ":0.20999999999999999,"C":135,"SF":0,"ID":19266,"LABEL":"P-205954","LENGTH":11,"MATERIAL":"PVC","START_NDID":9760,"START_NODE":"J-814820","STOP_NDID":13547,"STOP_NODE":"J-317","MAX_V":0.01,"Shape_Length":10.774999998044223}},{"type":"Feature","id":302,"geometry":{"type":"LineString","coordinates":[[-82.260903245575605,28.522293868091985],[-82.260970592714202,28.522288398913705]]},"properties":{"OBJECTID":302,"D":3,"MAXABSQ":0.29999999999999999,"C":135,"SF":0,"ID":19602,"LABEL":"P-205972","LENGTH":22,"MATERIAL":"PVC","START_NDID":13729,"START_NODE":"J-535","STOP_NDID":13400,"STOP_NODE":"J-136","MAX_V":0.01,"Shape_Length":21.717955320321508}},{"type":"Feature","id":303,"geometry":{"type":"LineString","coordinates":[[-82.260749951723966,28.522245659763566],[-82.260755686898136,28.522156046094956]]},"properties":{"OBJECTID":303,"D":3,"MAXABSQ":1.3300000000000001,"C":135,"SF":0,"ID":19786,"LABEL":"P-205977","LENGTH":33,"MATERIAL":"PVC","START_NDID":13844,"START_NODE":"J-676","STOP_NDID":13845,"STOP_NODE":"J-677","MAX_V":0.059999999999999998,"Shape_Length":32.634587763788396}},{"type":"Feature","id":304,"geometry":{"type":"LineString","coordinates":[[-82.234398814669859,28.522879108350612],[-82.234394112639023,28.523445207461791]]},"properties":{"OBJECTID":304,"D":8,"MAXABSQ":3.1600000000000001,"C":100,"SF":0,"ID":30384,"LABEL":"P-207840A","LENGTH":206,"MATERIAL":"DI","START_NDID":13563,"START_NODE":"J-337","STOP_NDID":10881,"STOP_NODE":"J-217761","MAX_V":0.02,"Shape_Length":205.83288056090637}},{"type":"Feature","id":305,"geometry":{"type":"LineString","coordinates":[[-82.234394112639023,28.523445207461791],[-82.234394112639023,28.523445207461791],[-82.234394149605109,28.52346191998646],[-82.234393997003181,28.523471770679343]]},"properties":{"OBJECTID":305,"D":6,"MAXABSQ":2.8399999999999999,"C":100,"SF":0,"ID":30385,"LABEL":"P-207840B","LENGTH":10,"MATERIAL":"DI","START_NDID":10881,"START_NODE":"J-217761","STOP_NDID":14621,"STOP_NODE":"J-1539","MAX_V":0.029999999999999999,"Shape_Length":9.6584377793855527}},{"type":"Feature","id":306,"geometry":{"type":"LineString","coordinates":[[-82.233130872878746,28.525257424547338],[-82.233154551404994,28.525257401787833],[-82.233230016873748,28.52525732725449]]},"properties":{"OBJECTID":306,"D":2,"MAXABSQ":6.1500000000000004,"C":135,"SF":0.0011999999999999999,"ID":19773,"LABEL":"P-207997","LENGTH":32,"MATERIAL":"PVC","START_NDID":10969,"START_NODE":"J-218025","STOP_NDID":6200,"STOP_NODE":"J-218005","MAX_V":0.63,"Shape_Length":31.836511031394203}},{"type":"Feature","id":307,"geometry":{"type":"LineString","coordinates":[[-82.229429965725302,28.523378221815147],[-82.229429554282888,28.523610343037209],[-82.229432932390267,28.523904153289202],[-82.229434550767451,28.524018770625002],[-82.229525108740248,28.524018315116184]]},"properties":{"OBJECTID":307,"D":1,"MAXABSQ":1.47,"C":135,"SF":0.0023999999999999998,"ID":38387,"LABEL":"P-208558A","LENGTH":262,"MATERIAL":"PVC","START_NDID":14753,"START_NODE":"J-1688","STOP_NDID":13480,"STOP_NODE":"J-240","MAX_V":0.59999999999999998,"Shape_Length":261.98543927577754}},{"type":"Feature","id":308,"geometry":{"type":"LineString","coordinates":[[-82.229525108740248,28.524018315116184],[-82.22965800741413,28.524017585825238],[-82.22997240259906,28.524016246747095],[-82.229996144748299,28.524006924073976]]},"properties":{"OBJECTID":308,"D":1,"MAXABSQ":0.67000000000000004,"C":135,"SF":0.00059999999999999995,"ID":38388,"LABEL":"P-208558B","LENGTH":152,"MATERIAL":"PVC","START_NDID":13480,"START_NODE":"J-240","STOP_NDID":14754,"STOP_NODE":"J-1689","MAX_V":0.27000000000000002,"Shape_Length":151.9793908224878}},{"type":"Feature","id":309,"geometry":{"type":"LineString","coordinates":[[-82.229525108740248,28.524018315116184],[-82.229524072964509,28.523998035677895]]},"properties":{"OBJECTID":309,"D":1,"MAXABSQ":0.16,"C":135,"SF":0,"ID":19134,"LABEL":"P-208559","LENGTH":7,"MATERIAL":"PVC","START_NDID":13480,"START_NODE":"J-240","STOP_NDID":13481,"STOP_NODE":"J-241","MAX_V":0.070000000000000007,"Shape_Length":7.3808751664982806}},{"type":"Feature","id":310,"geometry":{"type":"LineString","coordinates":[[-82.237569416789967,28.526479060639357],[-82.237569169810143,28.52647238319064]]},"properties":{"OBJECTID":310,"D":6,"MAXABSQ":0.16,"C":135,"SF":0,"ID":18919,"LABEL":"P-210030","LENGTH":2,"MATERIAL":"PVC","START_NDID":13337,"START_NODE":"J-64","STOP_NDID":13338,"STOP_NODE":"J-65","MAX_V":0,"Shape_Length":2.4291427019291851}},{"type":"Feature","id":311,"geometry":{"type":"LineString","coordinates":[[-82.234394112639023,28.523445207461791],[-82.234383331615476,28.52344522606219],[-82.234380650373041,28.523445230687987],[-82.23438064773319,28.523444741127719]]},"properties":{"OBJECTID":311,"D":6,"MAXABSQ":0.16,"C":100,"SF":0,"ID":18986,"LABEL":"P-210241","LENGTH":5,"MATERIAL":"DI","START_NDID":10881,"START_NODE":"J-217761","STOP_NDID":13394,"STOP_NODE":"J-129","MAX_V":0,"Shape_Length":4.5010006996127343}},{"type":"Feature","id":312,"geometry":{"type":"LineString","coordinates":[[-82.233113402901182,28.522892875704276],[-82.233113466236375,28.522899017159798],[-82.233113505980469,28.522902928110103],[-82.233118696554413,28.523409434584998],[-82.233119635171334,28.52342062833274],[-82.233119635171334,28.52342062833274]]},"properties":{"OBJECTID":312,"D":4,"MAXABSQ":1.4399999999999999,"C":100,"SF":0,"ID":21090,"LABEL":"P-210470","LENGTH":192,"MATERIAL":"DI","START_NDID":14586,"START_NODE":"J-1500","STOP_NDID":13341,"STOP_NODE":"J-69","MAX_V":0.040000000000000001,"Shape_Length":191.90381206675141}},{"type":"Feature","id":313,"geometry":{"type":"LineString","coordinates":[[-82.237847563128483,28.52646713929278],[-82.237764610196919,28.526457330269942]]},"properties":{"OBJECTID":313,"D":6,"MAXABSQ":0,"C":130,"SF":0,"ID":28919,"LABEL":"P-FH-10076","LENGTH":27,"MATERIAL":"DI","START_NDID":17833,"START_NODE":"FH-10076","STOP_NDID":2446,"STOP_NODE":"J-FH_Tee-1838","MAX_V":0,"Shape_Length":26.874720912423442}},{"type":"Feature","id":314,"geometry":{"type":"LineString","coordinates":[[-82.239912455034769,28.523713259377001],[-82.239907542461651,28.523716555546308]]},"properties":{"OBJECTID":314,"D":6,"MAXABSQ":0,"C":130,"SF":0,"ID":26074,"LABEL":"P-FH-10077","LENGTH":2,"MATERIAL":"DI","START_NDID":17834,"START_NODE":"FH-10077","STOP_NDID":2447,"STOP_NODE":"J-FH_Tee-1839","MAX_V":0,"Shape_Length":1.9811227869014025}},{"type":"Feature","id":315,"geometry":{"type":"LineString","coordinates":[[-82.240269324989541,28.524926421759965],[-82.240180836622557,28.524926195040276]]},"properties":{"OBJECTID":315,"D":6,"MAXABSQ":0,"C":130,"SF":0,"ID":28938,"LABEL":"P-FH-10078","LENGTH":28,"MATERIAL":"DI","START_NDID":17835,"START_NODE":"FH-10078","STOP_NDID":2449,"STOP_NODE":"J-FH_Tee-1840","MAX_V":0,"Shape_Length":28.415043193482536}},{"type":"Feature","id":316,"geometry":{"type":"LineString","coordinates":[[-82.240250648625747,28.524492737653617],[-82.240247982668492,28.524460346771082]]},"properties":{"OBJECTID":316,"D":6,"MAXABSQ":0,"C":130,"SF":0,"ID":28471,"LABEL":"P-FH-10079","LENGTH":12,"MATERIAL":"DI","START_NDID":17836,"START_NODE":"FH-10079","STOP_NDID":2450,"STOP_NODE":"J-FH_Tee-1841","MAX_V":0,"Shape_Length":11.808044691858459}},{"type":"Feature","id":317,"geometry":{"type":"LineString","coordinates":[[-82.239818851296562,28.522071830070939],[-82.239791684405759,28.522069572507196]]},"properties":{"OBJECTID":317,"D":6,"MAXABSQ":0,"C":130,"SF":0,"ID":27938,"LABEL":"P-FH-10080","LENGTH":9,"MATERIAL":"DI","START_NDID":17837,"START_NODE":"FH-10080","STOP_NDID":2451,"STOP_NODE":"J-FH_Tee-1842","MAX_V":0,"Shape_Length":8.7624555950025069}},{"type":"Feature","id":318,"geometry":{"type":"LineString","coordinates":[[-82.238903444051786,28.519678302797157],[-82.238904085664601,28.519673038103367]]},"properties":{"OBJECTID":318,"D":6,"MAXABSQ":0,"C":130,"SF":0,"ID":26053,"LABEL":"P-FH-10081","LENGTH":2,"MATERIAL":"DI","START_NDID":17838,"START_NODE":"FH-10081","STOP_NDID":2452,"STOP_NODE":"J-FH_Tee-1843","MAX_V":0,"Shape_Length":1.9252407835071967}},{"type":"Feature","id":319,"geometry":{"type":"LineString","coordinates":[[-82.240159108428259,28.516373071599851],[-82.240159015822897,28.516381168365815]]},"properties":{"OBJECTID":319,"D":6,"MAXABSQ":0,"C":130,"SF":0,"ID":26350,"LABEL":"P-FH-10084","LENGTH":3,"MATERIAL":"DI","START_NDID":17841,"START_NODE":"FH-10084","STOP_NDID":2453,"STOP_NODE":"J-FH_Tee-1844","MAX_V":0,"Shape_Length":2.9440422995800803}},{"type":"Feature","id":320,"geometry":{"type":"LineString","coordinates":[[-82.233842733118152,28.522856442388218],[-82.233842592122571,28.522894959776298]]},"properties":{"OBJECTID":320,"D":6,"MAXABSQ":0,"C":130,"SF":0,"ID":28673,"LABEL":"P-FH-10085","LENGTH":14,"MATERIAL":"DI","START_NDID":17842,"START_NODE":"FH-10085","STOP_NDID":2454,"STOP_NODE":"J-FH_Tee-1845","MAX_V":0,"Shape_Length":14.004566199684723}},{"type":"Feature","id":321,"geometry":{"type":"LineString","coordinates":[[-82.235612134647752,28.520662719705175],[-82.235612295868748,28.520623400235699]]},"properties":{"OBJECTID":321,"D":6,"MAXABSQ":0,"C":130,"SF":0,"ID":28690,"LABEL":"P-FH-10086","LENGTH":14,"MATERIAL":"DI","START_NDID":17843,"START_NODE":"FH-10086","STOP_NDID":2455,"STOP_NODE":"J-FH_Tee-1846","MAX_V":0,"Shape_Length":14.296211316316477}},{"type":"Feature","id":322,"geometry":{"type":"LineString","coordinates":[[-82.230328867786668,28.522747473055517],[-82.230458090829401,28.522747190801663]]},"properties":{"OBJECTID":322,"D":6,"MAXABSQ":0,"C":130,"SF":0,"ID":28996,"LABEL":"P-FH-10087","LENGTH":41,"MATERIAL":"DI","START_NDID":17844,"START_NODE":"FH-10087","STOP_NDID":2456,"STOP_NODE":"J-FH_Tee-1847","MAX_V":0,"Shape_Length":41.496388037718816}},{"type":"Feature","id":323,"geometry":{"type":"LineString","coordinates":[[-82.228413601586638,28.522228842724829],[-82.228384756001915,28.522349088340643]]},"properties":{"OBJECTID":323,"D":6,"MAXABSQ":0,"C":130,"SF":0,"ID":29007,"LABEL":"P-FH-10088","LENGTH":45,"MATERIAL":"DI","START_NDID":17845,"START_NODE":"FH-10088","STOP_NDID":2457,"STOP_NODE":"J-FH_Tee-1848","MAX_V":0,"Shape_Length":44.690452218880289}},{"type":"Feature","id":324,"geometry":{"type":"LineString","coordinates":[[-82.230574818181125,28.521494732061669],[-82.230644639768443,28.521494613546473]]},"properties":{"OBJECTID":324,"D":6,"MAXABSQ":0,"C":130,"SF":0,"ID":28888,"LABEL":"P-FH-10090","LENGTH":22,"MATERIAL":"DI","START_NDID":17847,"START_NODE":"FH-10090","STOP_NDID":2458,"STOP_NODE":"J-FH_Tee-1849","MAX_V":0,"Shape_Length":22.421500000404194}},{"type":"Feature","id":325,"geometry":{"type":"LineString","coordinates":[[-82.22928779726017,28.521127919790878],[-82.229292908059563,28.521136855354921]]},"properties":{"OBJECTID":325,"D":6,"MAXABSQ":0,"C":130,"SF":0,"ID":26534,"LABEL":"P-FH-10091","LENGTH":4,"MATERIAL":"DI","START_NDID":17848,"START_NODE":"FH-10091","STOP_NDID":2460,"STOP_NODE":"J-FH_Tee-1850","MAX_V":0,"Shape_Length":3.6398803610493431}},{"type":"Feature","id":326,"geometry":{"type":"LineString","coordinates":[[-82.22804313650154,28.521547863972515],[-82.227912885365058,28.521548331310878]]},"properties":{"OBJECTID":326,"D":6,"MAXABSQ":0,"C":130,"SF":0,"ID":28997,"LABEL":"P-FH-10092","LENGTH":42,"MATERIAL":"DI","START_NDID":17849,"START_NODE":"FH-10092","STOP_NDID":2461,"STOP_NODE":"J-FH_Tee-1851","MAX_V":0,"Shape_Length":41.827216848052977}},{"type":"Feature","id":327,"geometry":{"type":"LineString","coordinates":[[-82.235193808117529,28.52716895197598],[-82.235208781429407,28.527188647526444]]},"properties":{"OBJECTID":327,"D":6,"MAXABSQ":0,"C":130,"SF":0,"ID":27915,"LABEL":"P-FH-10093","LENGTH":9,"MATERIAL":"DI","START_NDID":17850,"START_NODE":"FH-10093","STOP_NDID":9748,"STOP_NODE":"J-814801","MAX_V":0,"Shape_Length":8.625456873249739}},{"type":"Feature","id":328,"geometry":{"type":"LineString","coordinates":[[-82.231883448011246,28.526500588197838],[-82.231875476245264,28.526499438401487]]},"properties":{"OBJECTID":328,"D":6,"MAXABSQ":0,"C":130,"SF":0,"ID":26229,"LABEL":"P-FH-10094","LENGTH":3,"MATERIAL":"DI","START_NDID":17852,"START_NODE":"FH-10094","STOP_NDID":14892,"STOP_NODE":"J-1841","MAX_V":0,"Shape_Length":2.5937251204398599}},{"type":"Feature","id":329,"geometry":{"type":"LineString","coordinates":[[-82.233791019462373,28.527180738455126],[-82.23379112915778,28.527195842796473]]},"properties":{"OBJECTID":329,"D":6,"MAXABSQ":0,"C":130,"SF":0,"ID":27107,"LABEL":"P-FH-10095","LENGTH":5,"MATERIAL":"DI","START_NDID":17853,"START_NODE":"FH-10095","STOP_NDID":2462,"STOP_NODE":"J-FH_Tee-1852","MAX_V":0,"Shape_Length":5.4918865975064817}},{"type":"Feature","id":330,"geometry":{"type":"LineString","coordinates":[[-82.235181092409576,28.527757365928831],[-82.235193547721423,28.527757349095651]]},"properties":{"OBJECTID":330,"D":6,"MAXABSQ":0,"C":130,"SF":0,"ID":26646,"LABEL":"P-FH-10096","LENGTH":4,"MATERIAL":"DI","START_NDID":17854,"START_NODE":"FH-10096","STOP_NDID":2463,"STOP_NODE":"J-FH_Tee-1853","MAX_V":0,"Shape_Length":3.9994815678464404}},{"type":"Feature","id":331,"geometry":{"type":"LineString","coordinates":[[-82.239875945670079,28.525933852884148],[-82.239859008511132,28.525918892845965]]},"properties":{"OBJECTID":331,"D":6,"MAXABSQ":0,"C":130,"SF":0,"ID":27699,"LABEL":"P-FH-10097","LENGTH":8,"MATERIAL":"DI","START_NDID":17855,"START_NODE":"FH-10097","STOP_NDID":2464,"STOP_NODE":"J-FH_Tee-1854","MAX_V":0,"Shape_Length":7.6919275624658674}},{"type":"Feature","id":332,"geometry":{"type":"LineString","coordinates":[[-82.229662413274951,28.527167504146906],[-82.229662617276531,28.527184955309163]]},"properties":{"OBJECTID":332,"D":6,"MAXABSQ":0,"C":130,"SF":0,"ID":27349,"LABEL":"P-FH-10103","LENGTH":6,"MATERIAL":"DI","START_NDID":17860,"START_NODE":"FH-10103","STOP_NDID":2465,"STOP_NODE":"J-FH_Tee-1855","MAX_V":0,"Shape_Length":6.3453887902435087}},{"type":"Feature","id":333,"geometry":{"type":"LineString","coordinates":[[-82.228614637430866,28.526482082196175],[-82.228605144795907,28.526481847191025]]},"properties":{"OBJECTID":333,"D":6,"MAXABSQ":0,"C":130,"SF":0,"ID":26370,"LABEL":"P-FH-10138","LENGTH":3,"MATERIAL":"DI","START_NDID":17900,"START_NODE":"FH-10138","STOP_NDID":2505,"STOP_NODE":"J-FH_Tee-1891","MAX_V":0,"Shape_Length":3.0493761449998402}},{"type":"Feature","id":334,"geometry":{"type":"LineString","coordinates":[[-82.226783344383975,28.525712827529976],[-82.226783403316517,28.525730194675486]]},"properties":{"OBJECTID":334,"D":6,"MAXABSQ":0,"C":130,"SF":0,"ID":27339,"LABEL":"P-FH-10139","LENGTH":6,"MATERIAL":"DI","START_NDID":17901,"START_NODE":"FH-10139","STOP_NDID":2506,"STOP_NODE":"J-FH_Tee-1892","MAX_V":0,"Shape_Length":6.3145291178431213}},{"type":"Feature","id":335,"geometry":{"type":"LineString","coordinates":[[-82.226483362870482,28.527335793755363],[-82.226497606804045,28.52733540322474]]},"properties":{"OBJECTID":335,"D":6,"MAXABSQ":0,"C":130,"SF":0,"ID":26823,"LABEL":"P-FH-10140","LENGTH":5,"MATERIAL":"DI","START_NDID":17902,"START_NODE":"FH-10140","STOP_NDID":2507,"STOP_NODE":"J-FH_Tee-1893","MAX_V":0,"Shape_Length":4.5760338251158474}},{"type":"Feature","id":336,"geometry":{"type":"LineString","coordinates":[[-82.231943654249207,28.522932803974893],[-82.231943900470043,28.522888218316393]]},"properties":{"OBJECTID":336,"D":6,"MAXABSQ":0,"C":130,"SF":0,"ID":28768,"LABEL":"P-FH-10143","LENGTH":16,"MATERIAL":"DI","START_NDID":17905,"START_NODE":"FH-10143","STOP_NDID":2509,"STOP_NODE":"J-FH_Tee-1895","MAX_V":0,"Shape_Length":16.211039712720105}},{"type":"Feature","id":337,"geometry":{"type":"LineString","coordinates":[[-82.230120774027057,28.523409010659194],[-82.230120606785931,28.523377168594671]]},"properties":{"OBJECTID":337,"D":6,"MAXABSQ":0,"C":130,"SF":0,"ID":28438,"LABEL":"P-FH-10144","LENGTH":12,"MATERIAL":"DI","START_NDID":17906,"START_NODE":"FH-10144","STOP_NDID":2510,"STOP_NODE":"J-FH_Tee-1896","MAX_V":0,"Shape_Length":11.577542844183707}},{"type":"Feature","id":338,"geometry":{"type":"LineString","coordinates":[[-82.232596694968862,28.528806814550641],[-82.232602238873312,28.528813908116433]]},"properties":{"OBJECTID":338,"D":6,"MAXABSQ":0,"C":130,"SF":0,"ID":26390,"LABEL":"P-FH-10145","LENGTH":3,"MATERIAL":"DI","START_NDID":17908,"START_NODE":"FH-10145","STOP_NDID":2512,"STOP_NODE":"J-FH_Tee-1898","MAX_V":0,"Shape_Length":3.133841772060225}},{"type":"Feature","id":339,"geometry":{"type":"LineString","coordinates":[[-82.228607863455693,28.528676424127472],[-82.22858629517593,28.52867404112391]]},"properties":{"OBJECTID":339,"D":6,"MAXABSQ":0,"C":130,"SF":0,"ID":27517,"LABEL":"P-FH-10146","LENGTH":7,"MATERIAL":"DI","START_NDID":17909,"START_NODE":"FH-10146","STOP_NDID":2513,"STOP_NODE":"J-FH_Tee-1899","MAX_V":0,"Shape_Length":6.9796314512459956}},{"type":"Feature","id":340,"geometry":{"type":"LineString","coordinates":[[-82.230659237604186,28.529004964934845],[-82.230662331364144,28.529002274804267]]},"properties":{"OBJECTID":340,"D":6,"MAXABSQ":0,"C":130,"SF":0,"ID":25903,"LABEL":"P-FH-10147","LENGTH":1,"MATERIAL":"DI","START_NDID":17910,"START_NODE":"FH-10147","STOP_NDID":2516,"STOP_NODE":"J-FH_Tee-1900","MAX_V":0,"Shape_Length":1.3941140446405029}},{"type":"Feature","id":341,"geometry":{"type":"LineString","coordinates":[[-82.230321309802051,28.529559096886072],[-82.230305826754801,28.529572727407235]]},"properties":{"OBJECTID":341,"D":6,"MAXABSQ":0,"C":130,"SF":0,"ID":27533,"LABEL":"P-FH-10148","LENGTH":7,"MATERIAL":"DI","START_NDID":17911,"START_NODE":"FH-10148","STOP_NDID":2517,"STOP_NODE":"J-FH_Tee-1901","MAX_V":0,"Shape_Length":7.0198287162782282}},{"type":"Feature","id":342,"geometry":{"type":"LineString","coordinates":[[-82.232376334609683,28.529799701121156],[-82.232389685105076,28.529815061422852]]},"properties":{"OBJECTID":342,"D":6,"MAXABSQ":0,"C":130,"SF":0,"ID":27542,"LABEL":"P-FH-10149","LENGTH":7,"MATERIAL":"DI","START_NDID":17912,"START_NODE":"FH-10149","STOP_NDID":2518,"STOP_NODE":"J-FH_Tee-1902","MAX_V":0,"Shape_Length":7.0404155418247818}},{"type":"Feature","id":343,"geometry":{"type":"LineString","coordinates":[[-82.232336096341399,28.531258834042408],[-82.232331346766358,28.531247428410285]]},"properties":{"OBJECTID":343,"D":6,"MAXABSQ":0,"C":130,"SF":0,"ID":26764,"LABEL":"P-FH-10150","LENGTH":4,"MATERIAL":"DI","START_NDID":17913,"START_NODE":"FH-10150","STOP_NDID":2519,"STOP_NODE":"J-FH_Tee-1903","MAX_V":0,"Shape_Length":4.4185011353142167}},{"type":"Feature","id":344,"geometry":{"type":"LineString","coordinates":[[-82.23427334358361,28.530795717712063],[-82.234261389783498,28.530774343870384]]},"properties":{"OBJECTID":344,"D":6,"MAXABSQ":0,"C":130,"SF":0,"ID":27924,"LABEL":"P-FH-10151","LENGTH":9,"MATERIAL":"DI","START_NDID":17914,"START_NODE":"FH-10151","STOP_NDID":2520,"STOP_NODE":"J-FH_Tee-1904","MAX_V":0,"Shape_Length":8.6675179232174067}},{"type":"Feature","id":345,"geometry":{"type":"LineString","coordinates":[[-82.236017283370003,28.530187077400232],[-82.236013865289209,28.530189663129597]]},"properties":{"OBJECTID":345,"D":6,"MAXABSQ":0,"C":130,"SF":0,"ID":25924,"LABEL":"P-FH-10152","LENGTH":1,"MATERIAL":"DI","START_NDID":17915,"START_NODE":"FH-10152","STOP_NDID":2521,"STOP_NODE":"J-FH_Tee-1905","MAX_V":0,"Shape_Length":1.4451530124592931}},{"type":"Feature","id":346,"geometry":{"type":"LineString","coordinates":[[-82.233963205623681,28.529914852156672],[-82.23397248844465,28.529929068280509]]},"properties":{"OBJECTID":346,"D":6,"MAXABSQ":0,"C":130,"SF":0,"ID":27239,"LABEL":"P-FH-10153","LENGTH":6,"MATERIAL":"DI","START_NDID":17916,"START_NODE":"FH-10153","STOP_NDID":2522,"STOP_NODE":"J-FH_Tee-1906","MAX_V":0,"Shape_Length":5.9666932740632648}},{"type":"Feature","id":347,"geometry":{"type":"LineString","coordinates":[[-82.228078475575344,28.532301013713067],[-82.228095020837713,28.532281086733477]]},"properties":{"OBJECTID":347,"D":6,"MAXABSQ":0,"C":130,"SF":0,"ID":27988,"LABEL":"P-FH-10155","LENGTH":9,"MATERIAL":"DI","START_NDID":17919,"START_NODE":"FH-10155","STOP_NDID":2525,"STOP_NODE":"J-FH_Tee-1909","MAX_V":0,"Shape_Length":8.984246431932668}},{"type":"Feature","id":348,"geometry":{"type":"LineString","coordinates":[[-82.235352263318362,28.536425874879399],[-82.23532774388697,28.536428558036324]]},"properties":{"OBJECTID":348,"D":6,"MAXABSQ":0,"C":130,"SF":0,"ID":27765,"LABEL":"P-FH-10166","LENGTH":8,"MATERIAL":"DI","START_NDID":17931,"START_NODE":"FH-10166","STOP_NDID":2539,"STOP_NODE":"J-FH_Tee-1921","MAX_V":0,"Shape_Length":7.9329101355734295}},{"type":"Feature","id":349,"geometry":{"type":"LineString","coordinates":[[-82.233418397198989,28.53588500558504],[-82.23342157394255,28.535850757755561]]},"properties":{"OBJECTID":349,"D":6,"MAXABSQ":0,"C":130,"SF":0,"ID":28550,"LABEL":"P-FH-10167","LENGTH":12,"MATERIAL":"DI","START_NDID":17932,"START_NODE":"FH-10167","STOP_NDID":2540,"STOP_NODE":"J-FH_Tee-1922","MAX_V":0,"Shape_Length":12.493858161093113}},{"type":"Feature","id":350,"geometry":{"type":"LineString","coordinates":[[-82.230128519142596,28.533384629133458],[-82.23014438171208,28.533350990393352]]},"properties":{"OBJECTID":350,"D":6,"MAXABSQ":0,"C":130,"SF":0,"ID":28608,"LABEL":"P-FH-10172","LENGTH":13,"MATERIAL":"DI","START_NDID":17937,"START_NODE":"FH-10172","STOP_NDID":2545,"STOP_NODE":"J-FH_Tee-1927","MAX_V":0,"Shape_Length":13.24882592106008}},{"type":"Feature","id":351,"geometry":{"type":"LineString","coordinates":[[-82.232371813394096,28.533743472288599],[-82.23237247504558,28.533716167444474]]},"properties":{"OBJECTID":351,"D":6,"MAXABSQ":0,"C":130,"SF":0,"ID":28187,"LABEL":"P-FH-10173","LENGTH":10,"MATERIAL":"DI","START_NDID":17938,"START_NODE":"FH-10173","STOP_NDID":2546,"STOP_NODE":"J-FH_Tee-1928","MAX_V":0,"Shape_Length":9.9300249325311256}},{"type":"Feature","id":352,"geometry":{"type":"LineString","coordinates":[[-82.23535724322285,28.533833509460713],[-82.235310271647023,28.533833707959253]]},"properties":{"OBJECTID":352,"D":6,"MAXABSQ":0,"C":130,"SF":0,"ID":28731,"LABEL":"P-FH-10174","LENGTH":15,"MATERIAL":"DI","START_NDID":17939,"START_NODE":"FH-10174","STOP_NDID":2547,"STOP_NODE":"J-FH_Tee-1929","MAX_V":0,"Shape_Length":15.08216828834391}},{"type":"Feature","id":353,"geometry":{"type":"LineString","coordinates":[[-82.234399499351127,28.523504018832963],[-82.234393997003181,28.523471770679343]]},"properties":{"OBJECTID":353,"D":6,"MAXABSQ":0,"C":130,"SF":0,"ID":28482,"LABEL":"P-FH-15694","LENGTH":12,"MATERIAL":"DI","START_NDID":17856,"START_NODE":"FH-15694","STOP_NDID":14621,"STOP_NODE":"J-1539","MAX_V":0,"Shape_Length":11.857455387299812}},{"type":"Feature","id":354,"geometry":{"type":"LineString","coordinates":[[-82.235353067174813,28.524108577959147],[-82.235353645908461,28.523977762934063]]},"properties":{"OBJECTID":354,"D":6,"MAXABSQ":0,"C":135,"SF":0,"ID":253706,"LABEL":"P-FH-17000","LENGTH":48,"MATERIAL":"PVC","START_NDID":17857,"START_NODE":"FH-15695","STOP_NDID":253703,"STOP_NODE":"J-17001","MAX_V":0,"Shape_Length":47.56326035160123}},{"type":"Feature","id":355,"geometry":{"type":"LineString","coordinates":[[-82.235932400986016,28.524589285533224],[-82.235823612149929,28.524588981379313]]},"properties":{"OBJECTID":355,"D":6,"MAXABSQ":0,"C":135,"SF":0,"ID":253710,"LABEL":"P-FH-17001","LENGTH":35,"MATERIAL":"PVC","START_NDID":253696,"START_NODE":"FH-1000","STOP_NDID":253707,"STOP_NODE":"J-17002","MAX_V":0,"Shape_Length":34.933982201303166}},{"type":"Feature","id":356,"geometry":{"type":"LineString","coordinates":[[-82.245528788684595,28.50896787539244],[-82.245188734892423,28.508390450561528]]},"properties":{"OBJECTID":356,"D":12,"MAXABSQ":2.3300000000000001,"C":130,"SF":0,"ID":252929,"LABEL":"TRIL_P-03","LENGTH":237,"MATERIAL":"DI","START_NDID":252894,"START_NODE":"TRIL_J-12","STOP_NDID":252892,"STOP_NODE":"TRIL_J-10","MAX_V":0.01,"Shape_Length":236.65242365693817}},{"type":"Feature","id":357,"geometry":{"type":"LineString","coordinates":[[-82.244198697584352,28.511402410663653],[-82.244197204012139,28.510894446635156]]},"properties":{"OBJECTID":357,"D":12,"MAXABSQ":188.81999999999999,"C":130,"SF":0.0001,"ID":252927,"LABEL":"TRIL_P-04","LENGTH":185,"MATERIAL":"DI","START_NDID":252887,"START_NODE":"TRIL_J-05","STOP_NDID":252885,"STOP_NODE":"TRIL_J-03","MAX_V":0.54000000000000004,"Shape_Length":184.69047155715012}},{"type":"Feature","id":358,"geometry":{"type":"LineString","coordinates":[[-82.245528788684595,28.50896787539244],[-82.24572648186907,28.508918558551734],[-82.246123418325979,28.508828870569552],[-82.246634830011288,28.50881937095771]]},"properties":{"OBJECTID":358,"D":12,"MAXABSQ":209.27000000000001,"C":130,"SF":0.0001,"ID":252947,"LABEL":"TRIL_P-05","LENGTH":362,"MATERIAL":"DI","START_NDID":252894,"START_NODE":"TRIL_J-12","STOP_NDID":252899,"STOP_NODE":"TRIL_J-17","MAX_V":0.58999999999999997,"Shape_Length":361.84455708764068}},{"type":"Feature","id":359,"geometry":{"type":"LineString","coordinates":[[-82.253265239157756,28.511311658988241],[-82.25228287418588,28.511452087402301],[-82.25099892409213,28.511443733965777]]},"properties":{"OBJECTID":359,"D":12,"MAXABSQ":541.10000000000002,"C":130,"SF":0.00080000000000000004,"ID":252966,"LABEL":"TRIL_P-07","LENGTH":732,"MATERIAL":"DI","START_NDID":252639,"START_NODE":"Import_Junc-21","STOP_NDID":252921,"STOP_NODE":"TRIL_J-39","MAX_V":1.53,"Shape_Length":731.95655990086675}},{"type":"Feature","id":360,"geometry":{"type":"LineString","coordinates":[[-82.24086213468955,28.514781983288835],[-82.240792517369215,28.514997221132202],[-82.240573763653018,28.515218630918817]]},"properties":{"OBJECTID":360,"D":12,"MAXABSQ":29.440000000000001,"C":100,"SF":0,"ID":252926,"LABEL":"TRIL_P-08","LENGTH":188,"MATERIAL":"DI","START_NDID":252888,"START_NODE":"TRIL_J-06","STOP_NDID":252890,"STOP_NODE":"TRIL_J-08","MAX_V":0.080000000000000002,"Shape_Length":188.23402756379386}},{"type":"Feature","id":361,"geometry":{"type":"LineString","coordinates":[[-82.246160696147385,28.511414538404974],[-82.248153306596677,28.511426754392055]]},"properties":{"OBJECTID":361,"D":12,"MAXABSQ":288.13,"C":130,"SF":0.00029999999999999997,"ID":252963,"LABEL":"TRIL_P-10","LENGTH":640,"MATERIAL":"DI","START_NDID":252897,"START_NODE":"TRIL_J-15","STOP_NDID":252912,"STOP_NODE":"TRIL_J-30","MAX_V":0.81999999999999995,"Shape_Length":639.95389628386954}},{"type":"Feature","id":362,"geometry":{"type":"LineString","coordinates":[[-82.245247950069512,28.511402877219012],[-82.246160696147385,28.511414538404974]]},"properties":{"OBJECTID":362,"D":12,"MAXABSQ":288.13,"C":130,"SF":0.00029999999999999997,"ID":252939,"LABEL":"TRIL_P-11","LENGTH":293,"MATERIAL":"DI","START_NDID":252893,"START_NODE":"TRIL_J-11","STOP_NDID":252897,"STOP_NODE":"TRIL_J-15","MAX_V":0.81999999999999995,"Shape_Length":293.16440262306395}},{"type":"Feature","id":363,"geometry":{"type":"LineString","coordinates":[[-82.244198697584352,28.511402410663653],[-82.245247950069512,28.511402877219012]]},"properties":{"OBJECTID":363,"D":12,"MAXABSQ":288.13,"C":130,"SF":0.00029999999999999997,"ID":252945,"LABEL":"TRIL_P-12","LENGTH":337,"MATERIAL":"DI","START_NDID":252887,"START_NODE":"TRIL_J-05","STOP_NDID":252893,"STOP_NODE":"TRIL_J-11","MAX_V":0.81999999999999995,"Shape_Length":336.97361549556638}},{"type":"Feature","id":364,"geometry":{"type":"LineString","coordinates":[[-82.24086213468955,28.514781983288835],[-82.242013589316002,28.511392025256598]]},"properties":{"OBJECTID":364,"D":12,"MAXABSQ":29.440000000000001,"C":130,"SF":0,"ID":252970,"LABEL":"TRIL_P-13","LENGTH":1287,"MATERIAL":"DI","START_NDID":252888,"START_NODE":"TRIL_J-06","STOP_NDID":252884,"STOP_NODE":"TRIL_J-02","MAX_V":0.080000000000000002,"Shape_Length":1286.8270109495991}},{"type":"Feature","id":365,"geometry":{"type":"LineString","coordinates":[[-82.244559396905231,28.509723935460865],[-82.24490131906704,28.509343212526154],[-82.245528788684595,28.50896787539244]]},"properties":{"OBJECTID":365,"D":12,"MAXABSQ":125.06999999999999,"C":130,"SF":0.0001,"ID":252953,"LABEL":"TRIL_P-15","LENGTH":420,"MATERIAL":"DI","START_NDID":252891,"START_NODE":"TRIL_J-09","STOP_NDID":252894,"STOP_NODE":"TRIL_J-12","MAX_V":0.34999999999999998,"Shape_Length":420.07349779922379}},{"type":"Feature","id":366,"geometry":{"type":"LineString","coordinates":[[-82.244197204012139,28.510894446635156],[-82.244196401868734,28.510720842674282],[-82.244270354301605,28.510281980516329],[-82.244497022027204,28.509796416192742],[-82.244559396905231,28.509723935460865]]},"properties":{"OBJECTID":366,"D":12,"MAXABSQ":121.13,"C":130,"SF":0.0001,"ID":252955,"LABEL":"TRIL_P-16","LENGTH":449,"MATERIAL":"DI","START_NDID":252885,"START_NODE":"TRIL_J-03","STOP_NDID":252891,"STOP_NODE":"TRIL_J-09","MAX_V":0.34000000000000002,"Shape_Length":448.51174109074049}},{"type":"Feature","id":367,"geometry":{"type":"LineString","coordinates":[[-82.248153306596677,28.511426754392055],[-82.25099892409213,28.511443733965777]]},"properties":{"OBJECTID":367,"D":12,"MAXABSQ":348.44,"C":130,"SF":0.00040000000000000002,"ID":252968,"LABEL":"TRIL_P-17","LENGTH":914,"MATERIAL":"DI","START_NDID":252912,"START_NODE":"TRIL_J-30","STOP_NDID":252921,"STOP_NODE":"TRIL_J-39","MAX_V":0.98999999999999999,"Shape_Length":913.90753313117034}},{"type":"Feature","id":368,"geometry":{"type":"LineString","coordinates":[[-82.243450243632992,28.511397430186268],[-82.242013589316002,28.511392025256598]]},"properties":{"OBJECTID":368,"D":12,"MAXABSQ":476.94999999999999,"C":130,"SF":0.00059999999999999995,"ID":252958,"LABEL":"TRIL_P-18","LENGTH":461,"MATERIAL":"DI","START_NDID":252903,"START_NODE":"TRIL_J-21","STOP_NDID":252884,"STOP_NODE":"TRIL_J-02","MAX_V":1.3500000000000001,"Shape_Length":461.39410358678828}},{"type":"Feature","id":369,"geometry":{"type":"LineString","coordinates":[[-82.246198229648911,28.510817638355576],[-82.24618570430124,28.510849954623353],[-82.246041962091283,28.510906696617504],[-82.245076517564243,28.510889290366478]]},"properties":{"OBJECTID":369,"D":10,"MAXABSQ":41.909999999999997,"C":130,"SF":0,"ID":252948,"LABEL":"TRIL_P-19","LENGTH":373,"MATERIAL":"DI","START_NDID":252898,"START_NODE":"TRIL_J-16","STOP_NDID":252889,"STOP_NODE":"TRIL_J-07","MAX_V":0.17000000000000001,"Shape_Length":373.10768894640324}},{"type":"Feature","id":370,"geometry":{"type":"LineString","coordinates":[[-82.245895848868344,28.509692925097269],[-82.246222245656668,28.510752457547444],[-82.246198229648911,28.510817638355576]]},"properties":{"OBJECTID":370,"D":10,"MAXABSQ":47.420000000000002,"C":130,"SF":0,"ID":252954,"LABEL":"TRIL_P-20","LENGTH":424,"MATERIAL":"DI","START_NDID":252896,"START_NODE":"TRIL_J-14","STOP_NDID":252898,"STOP_NODE":"TRIL_J-16","MAX_V":0.19,"Shape_Length":424.16353869530013}},{"type":"Feature","id":371,"geometry":{"type":"LineString","coordinates":[[-82.245076517564243,28.510889290366478],[-82.244197204012139,28.510894446635156]]},"properties":{"OBJECTID":371,"D":10,"MAXABSQ":70.060000000000002,"C":130,"SF":0,"ID":252935,"LABEL":"TRIL_P-21","LENGTH":282,"MATERIAL":"DI","START_NDID":252889,"START_NODE":"TRIL_J-07","STOP_NDID":252885,"STOP_NODE":"TRIL_J-03","MAX_V":0.28999999999999998,"Shape_Length":282.40427242618028}},{"type":"Feature","id":372,"geometry":{"type":"LineString","coordinates":[[-82.245528788684595,28.50896787539244],[-82.245798318561867,28.509373185790853],[-82.245895848868344,28.509692925097269]]},"properties":{"OBJECTID":372,"D":10,"MAXABSQ":81.079999999999998,"C":130,"SF":0.0001,"ID":252937,"LABEL":"TRIL_P-22","LENGTH":291,"MATERIAL":"DI","START_NDID":252894,"START_NODE":"TRIL_J-12","STOP_NDID":252896,"STOP_NODE":"TRIL_J-14","MAX_V":0.33000000000000002,"Shape_Length":291.30845753402508}},{"type":"Feature","id":373,"geometry":{"type":"LineString","coordinates":[[-82.246634830011288,28.50881937095771],[-82.246877225462441,28.509794082366504]]},"properties":{"OBJECTID":373,"D":8,"MAXABSQ":80.920000000000002,"C":130,"SF":0.00020000000000000001,"ID":252949,"LABEL":"TRIL_P-23","LENGTH":363,"MATERIAL":"DI","START_NDID":252899,"START_NODE":"TRIL_J-17","STOP_NDID":252901,"STOP_NODE":"TRIL_J-19","MAX_V":0.52000000000000002,"Shape_Length":362.84333731094284}},{"type":"Feature","id":374,"geometry":{"type":"LineString","coordinates":[[-82.251801169986763,28.510842187529175],[-82.251534038003555,28.510925248238262],[-82.251262575299577,28.510926676024269],[-82.250992935390812,28.510917908274561]]},"properties":{"OBJECTID":374,"D":8,"MAXABSQ":42.149999999999999,"C":130,"SF":0.0001,"ID":252931,"LABEL":"TRIL_P-24","LENGTH":265,"MATERIAL":"DI","START_NDID":252916,"START_NODE":"TRIL_J-34","STOP_NDID":252920,"STOP_NODE":"TRIL_J-38","MAX_V":0.27000000000000002,"Shape_Length":264.79100747520749}},{"type":"Feature","id":375,"geometry":{"type":"LineString","coordinates":[[-82.251693101098297,28.509537216599291],[-82.251718582111877,28.509696235335888],[-82.251787924616096,28.51004053453374],[-82.251815209413564,28.510291550830495],[-82.25181592895791,28.510415884535313],[-82.251820612206586,28.510624608618265],[-82.251801169986763,28.510842187529175]]},"properties":{"OBJECTID":375,"D":8,"MAXABSQ":37.619999999999997,"C":130,"SF":0,"ID":252959,"LABEL":"TRIL_P-25","LENGTH":478,"MATERIAL":"DI","START_NDID":252918,"START_NODE":"TRIL_J-36","STOP_NDID":252916,"STOP_NODE":"TRIL_J-34","MAX_V":0.23999999999999999,"Shape_Length":477.6954937781428}},{"type":"Feature","id":376,"geometry":{"type":"LineString","coordinates":[[-82.251450853152875,28.508839444195399],[-82.251581555754456,28.509153562699456],[-82.251693101098297,28.509537216599291]]},"properties":{"OBJECTID":376,"D":8,"MAXABSQ":33.490000000000002,"C":130,"SF":0,"ID":252932,"LABEL":"TRIL_P-26","LENGTH":266,"MATERIAL":"DI","START_NDID":252919,"START_NODE":"TRIL_J-37","STOP_NDID":252918,"STOP_NODE":"TRIL_J-36","MAX_V":0.20999999999999999,"Shape_Length":265.69856029730209}},{"type":"Feature","id":377,"geometry":{"type":"LineString","coordinates":[[-82.250398205936605,28.508428269800302],[-82.250923760798784,28.508454383244786],[-82.251032062502944,28.50847485144989],[-82.251174544980273,28.508513424540087],[-82.251286134354288,28.508588603170796],[-82.251450853152875,28.508839444195399]]},"properties":{"OBJECTID":377,"D":8,"MAXABSQ":29.550000000000001,"C":130,"SF":0,"ID":252951,"LABEL":"TRIL_P-27","LENGTH":403,"MATERIAL":"DI","START_NDID":252923,"START_NODE":"TRIL_J-41","STOP_NDID":252919,"STOP_NODE":"TRIL_J-37","MAX_V":0.19,"Shape_Length":402.99572973997306}},{"type":"Feature","id":378,"geometry":{"type":"LineString","coordinates":[[-82.250903303853832,28.509818518934953],[-82.250941583291024,28.510135122698976],[-82.25098000388698,28.510800898840113],[-82.250992935390812,28.510917908274561]]},"properties":{"OBJECTID":378,"D":8,"MAXABSQ":44.479999999999997,"C":130,"SF":0.0001,"ID":252952,"LABEL":"TRIL_P-28","LENGTH":401,"MATERIAL":"DI","START_NDID":252922,"START_NODE":"TRIL_J-40","STOP_NDID":252920,"STOP_NODE":"TRIL_J-38","MAX_V":0.28000000000000003,"Shape_Length":400.89649037860215}},{"type":"Feature","id":379,"geometry":{"type":"LineString","coordinates":[[-82.250398205936605,28.508428269800302],[-82.25044825313698,28.508814873389092],[-82.250789538556859,28.509499592326012],[-82.250903303853832,28.509818518934953]]},"properties":{"OBJECTID":379,"D":8,"MAXABSQ":44.479999999999997,"C":130,"SF":0.0001,"ID":252962,"LABEL":"TRIL_P-29","LENGTH":535,"MATERIAL":"DI","START_NDID":252923,"START_NODE":"TRIL_J-41","STOP_NDID":252922,"STOP_NODE":"TRIL_J-40","MAX_V":0.28000000000000003,"Shape_Length":535.07517828803725}},{"type":"Feature","id":380,"geometry":{"type":"LineString","coordinates":[[-82.249499598578069,28.508421441793732],[-82.249513732012915,28.508907737629055],[-82.249907515012467,28.509698387597279],[-82.250021423551118,28.510168684711108]]},"properties":{"OBJECTID":380,"D":8,"MAXABSQ":16.920000000000002,"C":130,"SF":0,"ID":252964,"LABEL":"TRIL_P-30","LENGTH":666,"MATERIAL":"DI","START_NDID":252914,"START_NODE":"TRIL_J-32","STOP_NDID":252915,"STOP_NODE":"TRIL_J-33","MAX_V":0.11,"Shape_Length":665.79430025358067}},{"type":"Feature","id":381,"geometry":{"type":"LineString","coordinates":[[-82.249144053906036,28.510988102878603],[-82.249141512621733,28.510525078929724],[-82.24910421630203,28.510143329196424],[-82.248968915219876,28.509776061777526]]},"properties":{"OBJECTID":381,"D":8,"MAXABSQ":17.84,"C":130,"SF":0,"ID":252957,"LABEL":"TRIL_P-31","LENGTH":448,"MATERIAL":"DI","START_NDID":252909,"START_NODE":"TRIL_J-27","STOP_NDID":252911,"STOP_NODE":"TRIL_J-29","MAX_V":0.11,"Shape_Length":448.09427037351088}},{"type":"Feature","id":382,"geometry":{"type":"LineString","coordinates":[[-82.248148964881835,28.511024402623402],[-82.248524527805642,28.510986482241865],[-82.248791053438353,28.510993459767871],[-82.249144053906036,28.510988102878603]]},"properties":{"OBJECTID":382,"D":8,"MAXABSQ":65.549999999999997,"C":130,"SF":0.0001,"ID":252943,"LABEL":"TRIL_P-32","LENGTH":320,"MATERIAL":"DI","START_NDID":252905,"START_NODE":"TRIL_J-23","STOP_NDID":252909,"STOP_NODE":"TRIL_J-27","MAX_V":0.41999999999999998,"Shape_Length":320.41973542370215}},{"type":"Feature","id":383,"geometry":{"type":"LineString","coordinates":[[-82.248968915219876,28.509776061777526],[-82.248882575691084,28.509619088581466],[-82.248649316236296,28.509260214506178],[-82.248609119021793,28.509116854720826],[-82.248600184332005,28.508876335205947],[-82.248583194185883,28.508405373864168]]},"properties":{"OBJECTID":383,"D":8,"MAXABSQ":14.1,"C":130,"SF":0,"ID":252961,"LABEL":"TRIL_P-33","LENGTH":526,"MATERIAL":"DI","START_NDID":252911,"START_NODE":"TRIL_J-29","STOP_NDID":252910,"STOP_NODE":"TRIL_J-28","MAX_V":0.089999999999999997,"Shape_Length":526.43073341094714}},{"type":"Feature","id":384,"geometry":{"type":"LineString","coordinates":[[-82.247902205800898,28.50982532867334],[-82.247705686603354,28.509466758384058],[-82.247638844303495,28.50918343770017],[-82.247647972895834,28.508819865498698],[-82.24762233966517,28.508456953054349]]},"properties":{"OBJECTID":384,"D":8,"MAXABSQ":38.840000000000003,"C":130,"SF":0,"ID":252960,"LABEL":"TRIL_P-34","LENGTH":515,"MATERIAL":"DI","START_NDID":252907,"START_NODE":"TRIL_J-25","STOP_NDID":252906,"STOP_NODE":"TRIL_J-24","MAX_V":0.25,"Shape_Length":514.50134894505754}},{"type":"Feature","id":385,"geometry":{"type":"LineString","coordinates":[[-82.248148964881835,28.511024402623402],[-82.248176549426248,28.510415206086439],[-82.248116115426541,28.510172946113293],[-82.247911653808075,28.509842056848303],[-82.247902205800898,28.50982532867334]]},"properties":{"OBJECTID":385,"D":8,"MAXABSQ":38.840000000000003,"C":130,"SF":0,"ID":252956,"LABEL":"TRIL_P-35","LENGTH":456,"MATERIAL":"DI","START_NDID":252905,"START_NODE":"TRIL_J-23","STOP_NDID":252907,"STOP_NODE":"TRIL_J-25","MAX_V":0.25,"Shape_Length":455.72818742862813}},{"type":"Feature","id":386,"geometry":{"type":"LineString","coordinates":[[-82.247179524078618,28.510770217053736],[-82.247341960297206,28.5109398048704],[-82.247774778920487,28.511018199877338],[-82.248148964881835,28.511024402623402]]},"properties":{"OBJECTID":386,"D":8,"MAXABSQ":82.890000000000001,"C":130,"SF":0.00020000000000000001,"ID":252944,"LABEL":"TRIL_P-36","LENGTH":343,"MATERIAL":"DI","START_NDID":252904,"START_NODE":"TRIL_J-22","STOP_NDID":252905,"STOP_NODE":"TRIL_J-23","MAX_V":0.53000000000000003,"Shape_Length":342.85657330770971}},{"type":"Feature","id":387,"geometry":{"type":"LineString","coordinates":[[-82.246877225462441,28.509794082366504],[-82.247166142941083,28.510757658476781],[-82.247179524078618,28.510770217053736]]},"properties":{"OBJECTID":387,"D":8,"MAXABSQ":80.920000000000002,"C":130,"SF":0.00020000000000000001,"ID":252950,"LABEL":"TRIL_P-37","LENGTH":369,"MATERIAL":"DI","START_NDID":252901,"START_NODE":"TRIL_J-19","STOP_NDID":252904,"STOP_NODE":"TRIL_J-22","MAX_V":0.52000000000000002,"Shape_Length":368.69478341676802}},{"type":"Feature","id":388,"geometry":{"type":"LineString","coordinates":[[-82.24527648921908,28.510205272378382],[-82.245296071455385,28.510166702911022],[-82.24555769368304,28.50988768310765],[-82.245895848868344,28.509692925097269]]},"properties":{"OBJECTID":388,"D":8,"MAXABSQ":32.079999999999998,"C":130,"SF":0,"ID":252933,"LABEL":"TRIL_P-38","LENGTH":277,"MATERIAL":"DI","START_NDID":252895,"START_NODE":"TRIL_J-13","STOP_NDID":252896,"STOP_NODE":"TRIL_J-14","MAX_V":0.20000000000000001,"Shape_Length":276.74291937956457}},{"type":"Feature","id":389,"geometry":{"type":"LineString","coordinates":[[-82.245076517564243,28.510889290366478],[-82.24513142214731,28.510525526243836],[-82.24527648921908,28.510205272378382]]},"properties":{"OBJECTID":389,"D":8,"MAXABSQ":29.719999999999999,"C":130,"SF":0,"ID":252930,"LABEL":"TRIL_P-39","LENGTH":259,"MATERIAL":"DI","START_NDID":252889,"START_NODE":"TRIL_J-07","STOP_NDID":252895,"STOP_NODE":"TRIL_J-13","MAX_V":0.19,"Shape_Length":258.84599725780174}},{"type":"Feature","id":390,"geometry":{"type":"LineString","coordinates":[[-82.248148964881835,28.511024402623402],[-82.248153306596677,28.511426754392055]]},"properties":{"OBJECTID":390,"D":8,"MAXABSQ":60.310000000000002,"C":130,"SF":0.0001,"ID":252925,"LABEL":"TRIL_P-40","LENGTH":146,"MATERIAL":"DI","START_NDID":252905,"START_NODE":"TRIL_J-23","STOP_NDID":252912,"STOP_NODE":"TRIL_J-30","MAX_V":0.38,"Shape_Length":146.29713225883015}},{"type":"Feature","id":391,"geometry":{"type":"LineString","coordinates":[[-82.250992935390812,28.510917908274561],[-82.25099892409213,28.511443733965777]]},"properties":{"OBJECTID":391,"D":8,"MAXABSQ":192.66,"C":130,"SF":0.00089999999999999998,"ID":252928,"LABEL":"TRIL_P-41","LENGTH":191,"MATERIAL":"DI","START_NDID":252920,"START_NODE":"TRIL_J-38","STOP_NDID":252921,"STOP_NODE":"TRIL_J-39","MAX_V":1.23,"Shape_Length":191.1938937341572}},{"type":"Feature","id":392,"geometry":{"type":"LineString","coordinates":[[-82.249499598578069,28.508421441793732],[-82.249942493024847,28.508412656503154],[-82.250398205936605,28.508428269800302]]},"properties":{"OBJECTID":392,"D":8,"MAXABSQ":70.689999999999998,"C":130,"SF":0.0001,"ID":252936,"LABEL":"TRIL_P-42","LENGTH":289,"MATERIAL":"DI","START_NDID":252914,"START_NODE":"TRIL_J-32","STOP_NDID":252923,"STOP_NODE":"TRIL_J-41","MAX_V":0.45000000000000001,"Shape_Length":288.74713146869124}},{"type":"Feature","id":393,"geometry":{"type":"LineString","coordinates":[[-82.248583194185883,28.508405373864168],[-82.249136846804319,28.508393719950334],[-82.249499598578069,28.508421441793732]]},"properties":{"OBJECTID":393,"D":8,"MAXABSQ":85.049999999999997,"C":130,"SF":0.00020000000000000001,"ID":252940,"LABEL":"TRIL_P-43","LENGTH":295,"MATERIAL":"DI","START_NDID":252910,"START_NODE":"TRIL_J-28","STOP_NDID":252914,"STOP_NODE":"TRIL_J-32","MAX_V":0.54000000000000004,"Shape_Length":294.80270762466961}},{"type":"Feature","id":394,"geometry":{"type":"LineString","coordinates":[[-82.24762233966517,28.508456953054349],[-82.247919301824837,28.508370387844398],[-82.248408243650786,28.508386047799537],[-82.248583194185883,28.508405373864168]]},"properties":{"OBJECTID":394,"D":8,"MAXABSQ":94.430000000000007,"C":130,"SF":0.00020000000000000001,"ID":252942,"LABEL":"TRIL_P-44","LENGTH":314,"MATERIAL":"DI","START_NDID":252906,"START_NODE":"TRIL_J-24","STOP_NDID":252910,"STOP_NODE":"TRIL_J-28","MAX_V":0.59999999999999998,"Shape_Length":314.19289625370516}},{"type":"Feature","id":395,"geometry":{"type":"LineString","coordinates":[[-82.246634830011288,28.50881937095771],[-82.246935226546583,28.508742373854957],[-82.247257126804342,28.508582268646762],[-82.24762233966517,28.508456953054349]]},"properties":{"OBJECTID":395,"D":8,"MAXABSQ":130.91,"C":130,"SF":0.00040000000000000002,"ID":252946,"LABEL":"TRIL_P-45","LENGTH":345,"MATERIAL":"DI","START_NDID":252899,"START_NODE":"TRIL_J-17","STOP_NDID":252906,"STOP_NODE":"TRIL_J-24","MAX_V":0.83999999999999997,"Shape_Length":344.93374933913412}},{"type":"Feature","id":396,"geometry":{"type":"LineString","coordinates":[[-82.250992935390812,28.510917908274561],[-82.250041351843578,28.510929952765359]]},"properties":{"OBJECTID":396,"D":8,"MAXABSQ":103.47,"C":130,"SF":0.00029999999999999997,"ID":252941,"LABEL":"TRIL_P-46","LENGTH":306,"MATERIAL":"DI","START_NDID":252920,"START_NODE":"TRIL_J-38","STOP_NDID":252913,"STOP_NODE":"TRIL_J-31","MAX_V":0.66000000000000003,"Shape_Length":305.63948036982686}},{"type":"Feature","id":397,"geometry":{"type":"LineString","coordinates":[[-82.250041351843578,28.510929952765359],[-82.249144053906036,28.510988102878603]]},"properties":{"OBJECTID":397,"D":8,"MAXABSQ":86.549999999999997,"C":130,"SF":0.00020000000000000001,"ID":252938,"LABEL":"TRIL_P-47","LENGTH":289,"MATERIAL":"DI","START_NDID":252913,"START_NODE":"TRIL_J-31","STOP_NDID":252909,"STOP_NODE":"TRIL_J-27","MAX_V":0.55000000000000004,"Shape_Length":288.94832654081711}},{"type":"Feature","id":398,"geometry":{"type":"LineString","coordinates":[[-82.250041351843578,28.510929952765359],[-82.250021423551118,28.510168684711108]]},"properties":{"OBJECTID":398,"D":8,"MAXABSQ":16.920000000000002,"C":130,"SF":0,"ID":252934,"LABEL":"TRIL_P-48","LENGTH":277,"MATERIAL":"DI","START_NDID":252913,"START_NODE":"TRIL_J-31","STOP_NDID":252915,"STOP_NODE":"TRIL_J-33","MAX_V":0.11,"Shape_Length":276.8623190858163}}]}