{"type":"FeatureCollection","features":[{"type":"Feature","id":1,"geometry":{"type":"MultiPolygon","coordinates":[[[[-82.365377201146444,28.566017793585544],[-82.365409013281109,28.566022971272503],[-82.365620889393682,28.566018030654529],[-82.365555070518496,28.566004376023471],[-82.365604076435929,28.565964049425979],[-82.365521776517838,28.565983866243666],[-82.365437955971217,28.565979206705631],[-82.365436684893226,28.565979915755481],[-82.365410843673445,28.565977354116239],[-82.365380015928878,28.565969542565103],[-82.365332248773683,28.565947741655993],[-82.365303362537162,28.565926767886655],[-82.365277454698131,28.565904909023693],[-82.365267439261771,28.565882129412284],[-82.365273579769962,28.565646156287048],[-82.365263513980707,28.565033048090864],[-82.365253299952442,28.564376959212506],[-82.365257888524283,28.564355188809074],[-82.365256594413765,28.564339156858441],[-82.365253136414552,28.564329593269477],[-82.36525006218406,28.564302409612701],[-82.365236049911402,28.564272624174514],[-82.365232494185406,28.564105972972285],[-82.365221223054178,28.56400688336727],[-82.365204202216688,28.563969211471559],[-82.365194151671318,28.563935906178131],[-82.36519476056823,28.563824505598589],[-82.365181669150346,28.563773665245044],[-82.365169683216038,28.563755277180679],[-82.365114016973592,28.563747532385605],[-82.364928260866421,28.563758557704997],[-82.364902470613814,28.563770907852597],[-82.364792510698081,28.563865059132834],[-82.364767698725046,28.56387302036439],[-82.364171619620734,28.563888655941632],[-82.364022560319071,28.563881161245916],[-82.363912161987145,28.56384812494613],[-82.363773053311732,28.563844989557968],[-82.363570451476932,28.563869215148419],[-82.363476054916873,28.56386683675332],[-82.363406447355032,28.563849479898053],[-82.363352662631371,28.563811029120345],[-82.363284378884813,28.563699074832016],[-82.363305287072293,28.563792138276199],[-82.363304063437369,28.563854278303296],[-82.363305338687965,28.563902406463935],[-82.363304258184726,28.563957415837653],[-82.363308093135657,28.564101797584627],[-82.363304712729558,28.564273701881302],[-82.363306347296927,28.564335385791875],[-82.363353055025328,28.564214521720704],[-82.363380727014672,28.564171466608116],[-82.363556014983999,28.564005214389809],[-82.363686980289955,28.563951356736787],[-82.363813096850109,28.563932598436939],[-82.364113226634714,28.563954599302971],[-82.364141052226444,28.563956278797878],[-82.364178845496909,28.563967581137508],[-82.364211633306567,28.563967493160032],[-82.364237437768665,28.563959529366443],[-82.364270168189563,28.563942775360029],[-82.3647698802002,28.563929152509541],[-82.364810597414348,28.563923780646547],[-82.364835399299849,28.563913188218962],[-82.364908712656629,28.563852466867825],[-82.364942424275853,28.563832200872529],[-82.365041739624786,28.563820530968226],[-82.365092434628437,28.563827412092799],[-82.365113344421687,28.56384051372839],[-82.36513134048505,28.563872919680172],[-82.365136407616362,28.563901852123912],[-82.365136589265248,28.563954481354525],[-82.365144695289686,28.56400007269259],[-82.365167752483444,28.56405965695367],[-82.365173920078448,28.564119287554284],[-82.365185054631198,28.564466613183026],[-82.365202167944645,28.565106895305519],[-82.365216558690605,28.565534033750335],[-82.365219724675043,28.56587524034159],[-82.365226821261757,28.5659164481172],[-82.36524081660734,28.565940971164398],[-82.36527272260399,28.565973339651656],[-82.365336407427904,28.566001238138579],[-82.365377201146444,28.566017793585544]]],[[[-82.357172012385107,28.557079214810358],[-82.357081733569771,28.557104713278925],[-82.356989564891336,28.557133506583828],[-82.356895014992091,28.557160210856622],[-82.356848931118478,28.557174607001269],[-82.35678608087143,28.557188000484842],[-82.356747470354478,28.557206170384365],[-82.356537749089838,28.557271686128569],[-82.356454444653906,28.557295211398088],[-82.356380991455083,28.557326056692908],[-82.356319935231866,28.557354788616124],[-82.356388893472428,28.557358175441959],[-82.356422867333123,28.557370070203156],[-82.356428058902509,28.557373942944224],[-82.356468225699629,28.557403906102394],[-82.356489272960147,28.557424225636296],[-82.356495973593809,28.557430694951432],[-82.356878850752295,28.557748366005733],[-82.356887959183766,28.55776631754415],[-82.356906131970661,28.557788240805191],[-82.356908494715398,28.557818194034443],[-82.35690858902808,28.557846156352706],[-82.356899681657836,28.557888124071898],[-82.356886195968613,28.557914125217817],[-82.356859143738731,28.557942158902122],[-82.356788869268243,28.557971965589921],[-82.356882580653718,28.557958235611324],[-82.357033105818516,28.557900268800005],[-82.356999219930543,28.557887862336713],[-82.356983733674028,28.557870391380398],[-82.356983323307048,28.557869928657603],[-82.356978697816558,28.557839980478047],[-82.356980858443492,28.55781001445277],[-82.356980764111853,28.557782052134577],[-82.356976099224042,28.557740121003398],[-82.356962450844364,28.557718185854402],[-82.356706100576943,28.557505145345889],[-82.356662970120979,28.557461316591244],[-82.356640173091463,28.557409446001294],[-82.356637756582018,28.55736351429567],[-82.356671507291807,28.55730949736061],[-82.356748273885771,28.557265354462054],[-82.357084951851363,28.557148623434585],[-82.35712560496728,28.557128543229247],[-82.357267978695276,28.557034363296591],[-82.357269568452807,28.557033311497634],[-82.357172012385107,28.557079214810358]]],[[[-82.375624199107776,28.565030483234878],[-82.375622646662109,28.565039722042659],[-82.375625236239159,28.565051704220579],[-82.375633926305426,28.56506186754903],[-82.375636868894134,28.565077989571712],[-82.375634811008467,28.565146373421292],[-82.375634498370118,28.565156769202456],[-82.375634288044552,28.565163740333595],[-82.375631575162487,28.565173450665551],[-82.375629555569986,28.565184977286631],[-82.375599239275786,28.565223480866507],[-82.375660878198303,28.565223784905754],[-82.375673823530775,28.565224249871878],[-82.375700898094564,28.565202535999727],[-82.375693066501569,28.565197536175749],[-82.375674700445273,28.565170420368972],[-82.375666953027149,28.565155160745022],[-82.375664819287167,28.565090219180075],[-82.375651586331159,28.565030051917123],[-82.375624146376836,28.565015632727235],[-82.375624199107776,28.565030483234878]]],[[[-82.366309474386711,28.567733998425329],[-82.366307538237336,28.567759006496619],[-82.366304397202356,28.567794102333863],[-82.366285899489782,28.567853850848639],[-82.366285974260421,28.567875442659613],[-82.366287910414727,28.568018968507776],[-82.36628800278163,28.568045641328052],[-82.366282357283112,28.568077411593691],[-82.366259473814537,28.568116848612565],[-82.366254768482918,28.568128498745605],[-82.36624663473556,28.568148638289593],[-82.366247117646964,28.568152907745414],[-82.366248489405763,28.568165034154124],[-82.366251087421674,28.568188001534491],[-82.366256922059875,28.568210849192756],[-82.366257058403136,28.568250224085446],[-82.366244354624541,28.568321388656891],[-82.366244442585597,28.568346791900439],[-82.366273434479496,28.568408952322898],[-82.366291485218639,28.568440581934823],[-82.366303355208714,28.568464827262158],[-82.366314078720762,28.568526649878031],[-82.366314219046487,28.568567168018326],[-82.366318356869712,28.568582303470496],[-82.366338900019173,28.568613175603609],[-82.366367031310389,28.568644025444584],[-82.366384750724421,28.568702735957576],[-82.366395517163596,28.568776929481725],[-82.366398173828628,28.568793503644603],[-82.366410436290963,28.568897387216062],[-82.36641365642231,28.568924661567486],[-82.366413727918243,28.568945299614022],[-82.36638846133539,28.569123002684513],[-82.366385161918359,28.569134804226842],[-82.36637981803311,28.5691400504002],[-82.36634432012211,28.569166732668162],[-82.36630954626483,28.569241048215019],[-82.366264145168657,28.56928137435062],[-82.366190794627371,28.569343423841989],[-82.366110565852225,28.56944260314118],[-82.366089004733155,28.569458731915979],[-82.366218587229937,28.569433753932508],[-82.366274997262465,28.569380307906769],[-82.366337200566406,28.569326839903269],[-82.366337275457909,28.569322493146586],[-82.366364092167103,28.569297185113907],[-82.366369034486482,28.569267482196633],[-82.366368952215069,28.569243731119435],[-82.366382259258799,28.569202129067982],[-82.366394081796699,28.569184614382227],[-82.366412785508061,28.569155367887959],[-82.366431894501403,28.569128044980378],[-82.366440740148903,28.569094173554483],[-82.366446726003176,28.569071249776766],[-82.3664474180637,28.56902997142976],[-82.366447903281198,28.568928991451674],[-82.366447774899186,28.568924683141695],[-82.366437455544144,28.56880519112547],[-82.366435706257036,28.56878234688428],[-82.366423379304223,28.568712367878941],[-82.366421369191741,28.568707171336236],[-82.366412383970726,28.568684813138638],[-82.366411656334805,28.568682190206289],[-82.366410298326002,28.568677286064506],[-82.366409299493554,28.568673681219884],[-82.366406538965762,28.568630665268497],[-82.366404323995781,28.568619146606654],[-82.366399763875123,28.568610164427682],[-82.366395583923321,28.568605886004743],[-82.366388277361722,28.568590113939052],[-82.366386263583692,28.56858562844678],[-82.366383427338363,28.568568257102442],[-82.366381622559658,28.568532634119734],[-82.366388265755404,28.568508864883601],[-82.366388834656803,28.568507268919131],[-82.366405962804023,28.568483817872931],[-82.366409254654485,28.568477509774308],[-82.366414879501804,28.568463092394826],[-82.366414052695987,28.568448069821613],[-82.366413574820982,28.568442011019687],[-82.366413244498517,28.568437828679361],[-82.366410125899691,28.568431007313894],[-82.366393031026746,28.568424522354206],[-82.3663868882157,28.56842219286283],[-82.36637743158947,28.568413043434258],[-82.366376126087602,28.568412083263155],[-82.366365511659012,28.568407433302255],[-82.366330914824147,28.568388473855876],[-82.366313548228788,28.568359306683504],[-82.366313455854254,28.568332633864539],[-82.366314767410827,28.568295795141854],[-82.366327298623006,28.568250960308138],[-82.366327328759894,28.568102656700258],[-82.366327848295114,28.568061721701316],[-82.366333588770956,28.568056198344014],[-82.36634127091807,28.56804880551794],[-82.366354651856966,28.568027986781974],[-82.36635412261451,28.567951321182164],[-82.366381665592115,28.56781208126058],[-82.366392423221669,28.567784615771977],[-82.366393605418082,28.567773291865265],[-82.366409434110494,28.567737085285156],[-82.366322633602067,28.56773888695837],[-82.366309474386711,28.567733998425329]]]]},"properties":{"OBJECTID_1":1,"OBJECTID":37,"WATERSHED":"BLUE SINK","COUNTY":"HERNANDO","FEMA_ZONE":"A","FTYPE":"TRANSITION ZONE","Shape_STAr":3788924.1377599998,"Shape_STLe":280734.22284300003,"Shape_Length":6248.9232855857326,"Shape_Area":68506.371479501831}},{"type":"Feature","id":2,"geometry":{"type":"MultiPolygon","coordinates":[[[[-82.363285929487574,28.559438152180817],[-82.363293557483772,28.559665148245383],[-82.363326935100261,28.559685119686847],[-82.363398023811271,28.559688466557834],[-82.3634639944692,28.559667497360227],[-82.363474752289378,28.559399702499153],[-82.363433643233023,28.559152737110558],[-82.363286921369337,28.559150149432895],[-82.363285929487574,28.559438152180817]]],[[[-82.359718318292479,28.565526595660138],[-82.359719407750973,28.565611330363716],[-82.359788509078129,28.565722189727989],[-82.359899040166809,28.565819275108929],[-82.359966821377256,28.565827441073967],[-82.359965559525662,28.565729349535431],[-82.359990535027407,28.56564426327391],[-82.360015809213436,28.565590490926855],[-82.360145298863344,28.565540095643506],[-82.360264005947201,28.565454159625986],[-82.360361472245415,28.565346144666805],[-82.360365250978973,28.56523455521582],[-82.36031763247226,28.565172578275135],[-82.360249564899618,28.565142034374734],[-82.360135094742333,28.565152026553005],[-82.360037285022415,28.565233330372941],[-82.359944815875409,28.565332451046544],[-82.359915131453505,28.565448721934175],[-82.359869074565665,28.565516150299398],[-82.359780371359847,28.565494746512726],[-82.359718318292479,28.565526595660138]]],[[[-82.359210461531802,28.565710110875091],[-82.359253210627955,28.565798941113094],[-82.359363786287361,28.565891515127237],[-82.359447426473437,28.565917482176587],[-82.359577375253096,28.565902732147613],[-82.359622298145581,28.565755081887552],[-82.359486275822235,28.565702925299981],[-82.359277671443081,28.565673788055275],[-82.359210461531802,28.565710110875091]]],[[[-82.371925176928158,28.567497479570214],[-82.371697617243342,28.567505670880681],[-82.371695281574347,28.567608302697749],[-82.371843316825291,28.56754092759132],[-82.371925176928158,28.567497479570214]]]]},"properties":{"OBJECTID_1":2,"OBJECTID":38,"WATERSHED":"BLUE SINK","COUNTY":"HERNANDO","FEMA_ZONE":"A","FTYPE":"FLOODPLAIN","Shape_STAr":3502098.1333400002,"Shape_STLe":96028.476580899995,"Shape_Length":1752.3681922115657,"Shape_Area":43313.366665711386}},{"type":"Feature","id":3,"geometry":{"type":"MultiPolygon","coordinates":[[[[-82.356088563269608,28.55735747652232],[-82.356234001400011,28.55735200575338],[-82.356319935231866,28.557354788616124],[-82.356380991455083,28.557326056692908],[-82.356454444653906,28.557295211398088],[-82.356537749089838,28.557271686128569],[-82.356747470354478,28.557206170384365],[-82.35678608087143,28.557188000484842],[-82.356848931118478,28.557174607001269],[-82.356895014992091,28.557160210856622],[-82.356989564891336,28.557133506583828],[-82.357081733569771,28.557104713278925],[-82.357172012385107,28.557079214810358],[-82.357269568452807,28.557033311497634],[-82.357299380167134,28.556983604416271],[-82.357143572250237,28.55696755756551],[-82.357104906451923,28.556960520884342],[-82.357097439302251,28.556967678927393],[-82.356996150270888,28.557002807183473],[-82.356919761139295,28.55697939294647],[-82.356826176659851,28.556982915359782],[-82.356703687439179,28.557100334649277],[-82.356567795429171,28.557119815819519],[-82.356474878501274,28.557134354694249],[-82.35643606453101,28.557133094081106],[-82.356322160199369,28.557202742338827],[-82.356272188569349,28.557216853428155],[-82.356152449190319,28.557263364654752],[-82.356132884328375,28.557300252150647],[-82.356088563269608,28.55735747652232]]],[[[-82.360666330447444,28.564609972413489],[-82.36070063300663,28.564641306058178],[-82.360871761216316,28.564562900956204],[-82.361063894222639,28.564537592847273],[-82.361304970303948,28.564532606568264],[-82.361536036663423,28.564536153760411],[-82.361592936762435,28.564518792807721],[-82.361639924266655,28.564505184896234],[-82.361730041981204,28.564477689654467],[-82.362076952302942,28.564450678087617],[-82.362203053512928,28.56444807225569],[-82.362431923937663,28.564516555071261],[-82.362523556979184,28.564500927308934],[-82.362607350784316,28.564450450506989],[-82.362761186733465,28.564433434626537],[-82.362825457646011,28.56441871174388],[-82.362932331730065,28.564420353401321],[-82.363049146936362,28.564417939448454],[-82.363225776386642,28.564420649424914],[-82.363306347296927,28.564335385791875],[-82.363304712729558,28.564273701881302],[-82.363308093135657,28.564101797584627],[-82.363304258184726,28.563957415837653],[-82.363305338687965,28.563902406463935],[-82.363304063437369,28.563854278303296],[-82.363305287072293,28.563792138276199],[-82.363284378884813,28.563699074832016],[-82.363215719715953,28.563607227391909],[-82.363097216756486,28.563605415840161],[-82.362945119877551,28.563632049970824],[-82.36286297927937,28.563649962621401],[-82.362732048011111,28.563689916177029],[-82.362611516221421,28.563708401386318],[-82.362256892595056,28.56368578648522],[-82.362093821368049,28.56363954731026],[-82.362041411057149,28.563617273958155],[-82.361995074472119,28.563596360451662],[-82.361872909741962,28.563544432752877],[-82.361791808880213,28.563459655081772],[-82.361745331349198,28.563397486996305],[-82.361696294294788,28.563334029055685],[-82.361666891925964,28.563280947996351],[-82.361624760921998,28.563226415595469],[-82.361600441887902,28.56316093188336],[-82.361525954631873,28.563061296583498],[-82.361424385466037,28.562957946245184],[-82.361400478267385,28.562896879241446],[-82.361371546396185,28.56281898528475],[-82.361324917456116,28.562734773342608],[-82.361251140957123,28.56264946511082],[-82.361196579470032,28.562484872344115],[-82.361173396351148,28.562402014621476],[-82.361149288046192,28.562319978677838],[-82.361133827924007,28.562264744413067],[-82.361116859860573,28.562206990319396],[-82.3611186362577,28.562116578579626],[-82.361091818884901,28.56202534418011],[-82.361118452774164,28.561699900279674],[-82.361219369903992,28.56151482397107],[-82.361312672193634,28.561403004292689],[-82.361441943923566,28.561356315161273],[-82.361581450410611,28.561315931250231],[-82.361628642875004,28.561204818889959],[-82.361649638079641,28.561108332825011],[-82.361717844884112,28.561008351624842],[-82.361658853546047,28.56092943605077],[-82.361618136082512,28.560876733407227],[-82.361580464915093,28.560780532661003],[-82.361612117570999,28.560735674339497],[-82.361657617007282,28.560696850047417],[-82.361620998493777,28.560565938080412],[-82.36150687619245,28.560485107452298],[-82.361360964649037,28.560449190404878],[-82.361224198197945,28.560400637789598],[-82.361060686916517,28.560471214247073],[-82.3609902112116,28.560512273985996],[-82.360929123307429,28.560650228837041],[-82.360832677832576,28.560739380867751],[-82.360771048169823,28.560791985851054],[-82.360725736043662,28.560875066314182],[-82.360682359180814,28.560931940435623],[-82.360662187961353,28.560987363286678],[-82.360630871454191,28.561028433383118],[-82.36060247214975,28.561106478940296],[-82.360569654925982,28.561166656402857],[-82.360524114729401,28.561245285267265],[-82.360462603923892,28.561384206524735],[-82.360372405343142,28.561492310581031],[-82.360253100907642,28.561602600591787],[-82.360184872003884,28.561633863584543],[-82.360059767270329,28.561662525295429],[-82.359797819300411,28.561609240242642],[-82.359682913756174,28.561532743193933],[-82.359635653314768,28.561512649735235],[-82.359589177910777,28.561450480874537],[-82.359492490023882,28.561325354431087],[-82.359463547489185,28.561196549261727],[-82.359433846902348,28.561095491175841],[-82.359428726097505,28.56090223659125],[-82.359460076792431,28.560792885865744],[-82.359462282437647,28.560680999145177],[-82.359460712307566,28.560621955210745],[-82.359477448979405,28.560533733521808],[-82.359475836459154,28.560473043834151],[-82.359491663088306,28.560302885947007],[-82.35950686367606,28.560131977162229],[-82.359570962355576,28.560038030101737],[-82.359602615778655,28.559979978251402],[-82.359707921714403,28.559861991047647],[-82.359797717800433,28.55976316090408],[-82.35982853344187,28.559655664900308],[-82.359773550287017,28.55953366384248],[-82.359616048577521,28.559400861802359],[-82.359581494790234,28.559326279446736],[-82.35951898216274,28.559174908166884],[-82.359487293805117,28.559106502820416],[-82.359453534114124,28.558985828696457],[-82.359378001473772,28.558888075366163],[-82.359362105727158,28.558845284357215],[-82.359306807270315,28.558773711094723],[-82.359236852502036,28.558654703679927],[-82.359260102206377,28.558567324685271],[-82.359443841385342,28.558375718536478],[-82.359609325663484,28.558299900718506],[-82.359866193048049,28.558254917002476],[-82.360000999373923,28.55822008573168],[-82.360242331670165,28.55817148352212],[-82.36040780982762,28.558154445769169],[-82.360465476094362,28.558155333049758],[-82.360582284441577,28.558152914060987],[-82.360771870425395,28.558155828393939],[-82.360823509317825,28.558140072573256],[-82.360901645921899,28.55812638212268],[-82.360963595134777,28.558112196878145],[-82.361112236741263,28.558093470546922],[-82.361150570708517,28.558043210293651],[-82.361188036210081,28.557992434398013],[-82.361318284309448,28.557923698667153],[-82.361336958811918,28.557891445412277],[-82.361366752060889,28.557836823369758],[-82.361383450087445,28.557822563481924],[-82.361407485009309,28.557756494357228],[-82.361490658699751,28.55764376124592],[-82.361538499898145,28.557615876111104],[-82.36156684866971,28.557563889088932],[-82.36161607461861,28.557491736036255],[-82.361569091286555,28.557452116794156],[-82.361599743862001,28.557395417934075],[-82.361674228272918,28.557308197104174],[-82.361646304322008,28.557257776648687],[-82.361616852545211,28.557207669758821],[-82.36156859522994,28.557084396320072],[-82.361566299683261,28.556997916917169],[-82.36159854564832,28.556955635883746],[-82.361619111912859,28.556822677493582],[-82.361660632250192,28.556803651165744],[-82.361735216711011,28.556837321711207],[-82.36177850781344,28.556742260503913],[-82.361691397682065,28.556668805870778],[-82.361690603392617,28.556638847646866],[-82.361706350140778,28.556597805241175],[-82.361736865969718,28.55650119447894],[-82.361752605572349,28.556460165621413],[-82.361782933268358,28.55630854789845],[-82.361798672828371,28.556267519937155],[-82.361813754415891,28.556212204296635],[-82.361839067610603,28.556146245371711],[-82.361584307655818,28.556185312355517],[-82.361440107829836,28.55614762399502],[-82.361438588482386,28.556090278116475],[-82.361470632137568,28.556075601985391],[-82.361563945941455,28.556035320340531],[-82.361542492304508,28.555995270338929],[-82.361454869164362,28.556020637405059],[-82.361404104277355,28.55603612133768],[-82.361299467791326,28.556034520289458],[-82.361270523195032,28.556061281272981],[-82.361171539566314,28.556091485145899],[-82.36106587585806,28.556089865897086],[-82.360975107415442,28.556091739614775],[-82.361046849180894,28.556007743244407],[-82.360995510759551,28.556008805571842],[-82.36095657063656,28.556008204388984],[-82.360882174533671,28.556009744860059],[-82.36080816180062,28.555900412136744],[-82.360707145531137,28.555898860563495],[-82.360683607671078,28.55589218173191],[-82.360661615140003,28.555912512098519],[-82.360550165876461,28.555960623059793],[-82.36055218218867,28.556036789511143],[-82.360520362656302,28.556023390373543],[-82.36045979388382,28.555996047934293],[-82.360420013467973,28.556045795707622],[-82.360474896983234,28.556092068080208],[-82.360398640182353,28.556114140525807],[-82.360380654222411,28.556161009715453],[-82.360365525059976,28.55620257278742],[-82.360289160553819,28.556247073080645],[-82.36036458397551,28.556310668215865],[-82.360367707116183,28.556428287864222],[-82.360350694402257,28.556506478241239],[-82.360250074306137,28.55659235104676],[-82.360159629616504,28.556693687225756],[-82.360117748149307,28.556711773817558],[-82.359956225455079,28.556835517576843],[-82.359783477905481,28.556839084076838],[-82.359677969091038,28.556802668269569],[-82.359575823897785,28.556741929058369],[-82.359482748391088,28.556714074938061],[-82.359224136310658,28.556710098940354],[-82.359089406937628,28.556733688802851],[-82.359027669159858,28.556769667715805],[-82.358940813738215,28.556821976765281],[-82.358848090296945,28.55686446397705],[-82.358526135363363,28.556990905736424],[-82.358349759966757,28.557083980241579],[-82.358296844132937,28.557129142094453],[-82.358095790923144,28.557359945766795],[-82.357898110319823,28.557553830093834],[-82.357721834732814,28.557652382520619],[-82.357660023632036,28.557653659777195],[-82.357634520147968,28.557584962463753],[-82.357537668932409,28.557632683295108],[-82.357493054987472,28.557773949984604],[-82.357459293924833,28.557805155128129],[-82.357441605126212,28.55780552384071],[-82.35737035713646,28.557773353569949],[-82.357230720797347,28.557882458298142],[-82.357162446395407,28.557902225009748],[-82.357087847608781,28.557924982431107],[-82.357033105818516,28.557900268800005],[-82.356882580653718,28.557958235611324],[-82.356788869268243,28.557971965589921],[-82.356731384946741,28.55804987297233],[-82.35668848864988,28.558089527967265],[-82.356603955439937,28.558161664626894],[-82.356562806730366,28.558237117974887],[-82.356478333417115,28.558261565813556],[-82.356457498029684,28.558357284640255],[-82.356356272449617,28.558416263765832],[-82.356277037023148,28.558523645186607],[-82.356245975067267,28.558550155296722],[-82.356262975378996,28.558853406458272],[-82.356332786345234,28.559041435658461],[-82.356480036982376,28.559126123303272],[-82.356497224847544,28.559155374382534],[-82.356521580795459,28.559242433884759],[-82.356617394802115,28.559299411203451],[-82.356743324322537,28.559260988101865],[-82.356793369810674,28.559306704377491],[-82.356900049925997,28.559304503758881],[-82.356989693277242,28.559356057741542],[-82.357031245407953,28.559467976457007],[-82.357119820826526,28.559486792720204],[-82.357212718886558,28.559547215193135],[-82.357230784070254,28.559690029445381],[-82.357254826536476,28.559730945859933],[-82.357216440486994,28.559933313200045],[-82.357215556535408,28.559977846816366],[-82.35736783202637,28.560097196202285],[-82.357543594478159,28.560147039609788],[-82.357672337532932,28.560351464412197],[-82.357805417398481,28.560508982241149],[-82.357825497077584,28.560527314448223],[-82.358004573732885,28.560664096902574],[-82.358144819414065,28.560826262378406],[-82.358200977573645,28.561017341267195],[-82.358177257752203,28.561383797275667],[-82.358140980905546,28.561516876849485],[-82.358094260111159,28.561597556328966],[-82.358093226642239,28.561649745766911],[-82.358109863511984,28.561709207449024],[-82.358163601092897,28.561825182109587],[-82.358204553921055,28.561983722179189],[-82.358231281989205,28.562125989116296],[-82.358257193160142,28.562172775522289],[-82.358346696750331,28.562278711932507],[-82.358537329464042,28.562325640806627],[-82.358743255272003,28.562427992085123],[-82.358838668769124,28.562531717154911],[-82.358891997864134,28.562600730419256],[-82.358922986286757,28.562642172256346],[-82.359015750279866,28.562720394213414],[-82.359188713184778,28.562916501853273],[-82.359251554757918,28.562984825676143],[-82.359282543434659,28.56302626742653],[-82.35932976229067,28.563080880035862],[-82.359421841378065,28.563189850673126],[-82.359483945397955,28.563217887865441],[-82.359571496459353,28.563236483233734],[-82.35960241674816,28.563374113372834],[-82.359657416357521,28.56342434786097],[-82.359705858205984,28.563465199152596],[-82.35970451516161,28.563533121659098],[-82.35974341738509,28.563568652769554],[-82.359783248222769,28.563602241381339],[-82.359834595206593,28.563663007634538],[-82.359907583158062,28.563724549342741],[-82.36000194839194,28.563876962861364],[-82.360051545318299,28.563948685340012],[-82.360080250884792,28.564000520663914],[-82.360096224426513,28.564027712635614],[-82.360174410753231,28.564206545172016],[-82.360206101121975,28.564274951191326],[-82.360250238424399,28.564393790994941],[-82.360345605095134,28.564545222558646],[-82.360474725095926,28.5645778348607],[-82.360547681115193,28.564576331788466],[-82.360666330447444,28.564609972413489]]],[[[-82.375629911871059,28.564949119987084],[-82.375589991078058,28.564997683225585],[-82.375624146376836,28.565015632727235],[-82.375651586331159,28.565030051917123],[-82.375643750641103,28.564975826037674],[-82.375649158584181,28.564936423180828],[-82.375636760469646,28.564927714756241],[-82.375629911871059,28.564949119987084]]],[[[-82.375599111211955,28.565223971189603],[-82.375599662715004,28.56528372779632],[-82.375673823530775,28.565224249871878],[-82.375660878198303,28.565223784905754],[-82.375599239275786,28.565223480866507],[-82.375599111211955,28.565223971189603]]],[[[-82.368085863069609,28.568324691924325],[-82.368132187403788,28.568383728868344],[-82.368196019875327,28.568475137440632],[-82.368211100507025,28.568503123095493],[-82.368258662662882,28.568571228725748],[-82.368340678054864,28.568693521782286],[-82.368540081947302,28.568724257223465],[-82.36862840168277,28.568760759593477],[-82.368806179840973,28.568706212212216],[-82.368829046546097,28.568667774606897],[-82.368893672249996,28.568545922510513],[-82.368948056108721,28.568493782957283],[-82.369050492755918,28.568427022101616],[-82.369101213764353,28.568317045465875],[-82.369097110652916,28.568232297459634],[-82.369099605105205,28.568172100325377],[-82.369082162108171,28.568143214345493],[-82.369058565357349,28.568078112680467],[-82.368904475361958,28.568054856109555],[-82.368661544010251,28.568047015312381],[-82.368525436970486,28.568052152910209],[-82.36836172984404,28.568022374482389],[-82.368155181710307,28.568015709926261],[-82.367876645651862,28.568026214959982],[-82.367656718640418,28.568016181393627],[-82.367649251436688,28.568023339103803],[-82.367572464093911,28.568086537401257],[-82.367566709667329,28.568225385578092],[-82.367619663190766,28.568529712132715],[-82.367664286404931,28.568612524092458],[-82.367780305162398,28.568682538742166],[-82.367907495702127,28.568659363990399],[-82.367977692087734,28.568601589275609],[-82.367980751816461,28.568527705794033],[-82.367943448237156,28.568410945341761],[-82.367899450823572,28.56830121237212],[-82.367952044850384,28.568270384034307],[-82.368043335305472,28.568266940423115],[-82.368085863069609,28.568324691924325]]],[[[-82.367432413554326,28.564118332997758],[-82.367433144335706,28.564145699804282],[-82.367431563358195,28.564226086071923],[-82.367402487394401,28.56437942672337],[-82.367387439088517,28.564505313691594],[-82.367322970365635,28.564560326808106],[-82.367182154138291,28.564558169554548],[-82.367100915730546,28.564521499059055],[-82.367067407525184,28.564461003167345],[-82.367044256721343,28.564297886244031],[-82.367028011994989,28.564256392891625],[-82.366996605877191,28.564257048993461],[-82.366957685012167,28.56439989402023],[-82.366913094226831,28.564458358779426],[-82.366814496347772,28.564479857272822],[-82.366663100146653,28.564477539484169],[-82.366634287807315,28.56447814157405],[-82.36665565849826,28.564532714036183],[-82.366671142522037,28.56459597836793],[-82.366617617778303,28.56471350888042],[-82.366524494423629,28.564815997876877],[-82.366539705524417,28.564828822320148],[-82.36654927352744,28.564945423536898],[-82.366422943424482,28.564932536390042],[-82.366336842788698,28.564906151672623],[-82.366288877310552,28.565095017540745],[-82.366267358406006,28.565421818141399],[-82.366273912209962,28.565557363043336],[-82.36617962468155,28.565647755503477],[-82.366144994777869,28.565634620669993],[-82.366102802669729,28.565615053614742],[-82.365959720398138,28.565639571586981],[-82.365956016824867,28.565728934583994],[-82.366005414370377,28.565810739890825],[-82.365985532790006,28.565870158248114],[-82.365895264512872,28.565925353947183],[-82.365803403779623,28.565951305530465],[-82.365747770057084,28.565968685586395],[-82.365604076435929,28.565964049425979],[-82.365555070518496,28.566004376023471],[-82.365620889393682,28.566018030654529],[-82.365647220015902,28.56602349285065],[-82.36574161195368,28.566100235828607],[-82.365703527660614,28.566155801489515],[-82.365569976697742,28.566256055380109],[-82.365524089717113,28.566254573711856],[-82.365481383910094,28.566295514048143],[-82.365353513520461,28.566310583559602],[-82.365345450638657,28.566317219393177],[-82.365353412324723,28.566324489745487],[-82.36539247301549,28.566323679866777],[-82.365555746139862,28.566364918241419],[-82.365639567455901,28.566382721140823],[-82.365668332167729,28.566408991880632],[-82.365648705460373,28.566477474374427],[-82.365650118372088,28.56653050992654],[-82.365681552636815,28.566557015296876],[-82.365592055279805,28.566595643617113],[-82.365541386952472,28.566627044258389],[-82.365615070134766,28.566689163873207],[-82.365681858258554,28.566708100846132],[-82.365728332505583,28.566723882915348],[-82.365683043299427,28.566841860961091],[-82.365661860221735,28.566919612840287],[-82.365635624630926,28.566942003724616],[-82.365620415589163,28.566958219986287],[-82.365682663791219,28.567064103919517],[-82.365701515320595,28.567131468507835],[-82.365698905913447,28.567264217393177],[-82.365605754572755,28.567313378618788],[-82.365590529693108,28.567325029095457],[-82.365719137591768,28.567391963532828],[-82.365877723143257,28.567414311984571],[-82.365911049956978,28.567444747284519],[-82.365943088926585,28.567531018130399],[-82.365996294810074,28.567546103395298],[-82.366050362076763,28.567578241381199],[-82.366075990038368,28.567647239811649],[-82.366309474386711,28.567733998425329],[-82.366322633602067,28.56773888695837],[-82.366409434110494,28.567737085285156],[-82.366430462503203,28.567736648627793],[-82.366479579784723,28.567751342298401],[-82.366526668668484,28.567764698752239],[-82.366580210795902,28.567788860384557],[-82.366713745238883,28.567807684215214],[-82.366866139102981,28.567804525644867],[-82.366984262616313,28.56782198683031],[-82.367042110337977,28.567874815600042],[-82.367104101095606,28.56790065417707],[-82.367134691329767,28.567844550766662],[-82.367171267548358,28.567813336546457],[-82.367371299487274,28.567835362670362],[-82.367414763385042,28.567913833111419],[-82.367451938556883,28.567954719298314],[-82.367502235884999,28.567886537009699],[-82.367592735564486,28.567940338269732],[-82.367869128415336,28.567955502981945],[-82.368006979889373,28.567952651442766],[-82.368351758545003,28.56795792689741],[-82.368509002633346,28.56798591009326],[-82.369016827909377,28.568015860286415],[-82.36912606756411,28.568035304535329],[-82.369176854241474,28.568103233241278],[-82.369175540501431,28.5681702019073],[-82.369176271221207,28.568197703133336],[-82.369175524813215,28.568235697135712],[-82.369194972350542,28.568350712877201],[-82.36925917055909,28.568377988195955],[-82.369371445924159,28.568375661435336],[-82.369494106346323,28.56837753646133],[-82.369630326226712,28.56835252272182],[-82.369838466359624,28.568376094081792],[-82.369897250186384,28.568356779984519],[-82.370885475946338,28.567976863970134],[-82.371695281574347,28.567608302697749],[-82.371697617243342,28.567505670880681],[-82.371925176928158,28.567497479570214],[-82.372690771017901,28.567091124573892],[-82.372673736582229,28.56698579650898],[-82.372600769987883,28.567019234408068],[-82.372534974511751,28.567033254157092],[-82.372461453335262,28.567000070399622],[-82.372521404020446,28.566896546838326],[-82.372519550388688,28.566827022394946],[-82.372555433753902,28.566796398761351],[-82.372582084141598,28.566708806190235],[-82.372534996001335,28.566607222281977],[-82.372506289099718,28.566529947381511],[-82.372457230916055,28.566552428381215],[-82.37239739016519,28.566566076200655],[-82.372332325569388,28.566469993458291],[-82.372233209076214,28.566386439176888],[-82.37209044594654,28.566389402304139],[-82.371893703314939,28.566386396262548],[-82.371836822478187,28.566283710111612],[-82.37178134461341,28.566309136537715],[-82.371751296253862,28.56641942661668],[-82.371677865393494,28.56640302924831],[-82.371584046696555,28.566389802525535],[-82.371568587674929,28.566334569518382],[-82.371535928947623,28.566320686243465],[-82.371506128231132,28.56629347935738],[-82.371451465427739,28.566294608909352],[-82.371366831394013,28.566293316466592],[-82.371284823643052,28.566330901175089],[-82.371253184498428,28.566273772368483],[-82.371256796662649,28.566089451222336],[-82.37124015399246,28.566046952478434],[-82.371221997300097,28.565888153905249],[-82.371190735072432,28.56584081349823],[-82.371144273916556,28.566030468237862],[-82.371037654941389,28.565957509872153],[-82.371084530702447,28.565937277656939],[-82.371053074795569,28.565910760067325],[-82.371021636735819,28.565831627173424],[-82.371130882338846,28.565799997558596],[-82.371113769589755,28.565770896171685],[-82.37101761674873,28.565715614816892],[-82.37096670387777,28.565669121225771],[-82.370865731717231,28.56558400634405],[-82.370810279972389,28.56548388749599],[-82.370774543239804,28.565484630297203],[-82.370755856608426,28.565553217423918],[-82.370733541390493,28.56563109499168],[-82.370631436585157,28.56560829569117],[-82.370508568895161,28.565590977842806],[-82.370479062416038,28.565459706138451],[-82.370407641337295,28.565418646238435],[-82.370247484947157,28.565384636522211],[-82.37003715007765,28.565362528096585],[-82.369933030347141,28.565315533991338],[-82.369867207722436,28.565335622539202],[-82.369850713443,28.56533537242283],[-82.369809473613145,28.565260911173453],[-82.369741655594069,28.56532360982975],[-82.369743073118599,28.565376799622079],[-82.369706709355512,28.565424478896073],[-82.369636386892552,28.565484498064812],[-82.369538862657677,28.565501261954218],[-82.369450656411644,28.565461441942428],[-82.369482338305318,28.565569200279878],[-82.369438581391151,28.56558404462508],[-82.369357345810755,28.565535751586221],[-82.369385198426926,28.565487659740633],[-82.369346042760313,28.565421062859418],[-82.369260127701651,28.565447282125103],[-82.369172884215402,28.565461002171645],[-82.369007401639792,28.565402262500225],[-82.368884191525595,28.565311520060611],[-82.368670543398224,28.565296723837847],[-82.368597446049506,28.56529824519766],[-82.368527795357167,28.565297179183343],[-82.368511977382113,28.565311799383455],[-82.368493879959829,28.565327245092263],[-82.36837518592769,28.565325431462416],[-82.368356020466109,28.565256947386185],[-82.36832813555219,28.565216036215617],[-82.36830571845303,28.565298318884143],[-82.368167530639269,28.565256982377523],[-82.36816888414738,28.565188045584129],[-82.368262130911688,28.565133705638242],[-82.368277961113066,28.565119071898589],[-82.368276981204474,28.565082157249183],[-82.368131060488963,28.565064578558282],[-82.368090358728821,28.565010138171228],[-82.36805661852938,28.564969243724015],[-82.367985975541302,28.565034560534798],[-82.367960512961801,28.565199279880698],[-82.367875065117659,28.565121245513424],[-82.367778674784645,28.56510077825434],[-82.367673863406239,28.564960585509652],[-82.367716094817865,28.564887657023345],[-82.367751646135034,28.564822455287743],[-82.367716537965237,28.564792850890566],[-82.367661890837027,28.564719762557669],[-82.367634255819581,28.564645351302051],[-82.367586807316854,28.564475780005289],[-82.367526568365349,28.564406137442102],[-82.367528177661356,28.564324214419297],[-82.367526672950987,28.56426766722835],[-82.36749537293224,28.564214423860818],[-82.367450376997013,28.564133184659351],[-82.367432413554326,28.564118332997758]],[[-82.371256148744649,28.566567953940314],[-82.37126543637234,28.566548683501392],[-82.371318089763889,28.566555677842562],[-82.371334184891367,28.566611332332549],[-82.371243934806699,28.566633227181597],[-82.371256148744649,28.566567953940314]],[[-82.371168322435736,28.566673842418847],[-82.371148348510602,28.566720140884755],[-82.371131394778743,28.566825258013569],[-82.371033378284295,28.566836296294237],[-82.370940810482494,28.56681320317206],[-82.370961995900331,28.566703716214107],[-82.370994893897318,28.566680312622992],[-82.370945470610053,28.566612200392729],[-82.370913587061821,28.566545973015106],[-82.370837741522507,28.566492691566548],[-82.370894853763488,28.566450568734712],[-82.37096214763622,28.566433382995537],[-82.370969045500843,28.566425729472325],[-82.370992818765771,28.566442431708435],[-82.371008847785049,28.566537574470996],[-82.37113126449438,28.566560606684348],[-82.371168322435736,28.566673842418847]],[[-82.371116150061184,28.566491661679894],[-82.371109234933698,28.566425346220665],[-82.371162369432326,28.566437227264331],[-82.371147710896082,28.566513364999114],[-82.371116150061184,28.566491661679894]],[[-82.371253242372006,28.566458298226781],[-82.37126495372442,28.566411168736227],[-82.37128762647211,28.566418620469843],[-82.371443446629229,28.566433611433741],[-82.371415326628906,28.566485404904345],[-82.371258791488742,28.566504936552693],[-82.371253242372006,28.566458298226781]],[[-82.371020868409971,28.566362946709862],[-82.370962021472906,28.566311720401032],[-82.370984043368537,28.566260669169171],[-82.371099549979533,28.566267269804349],[-82.371126639240657,28.56630766462489],[-82.371020868409971,28.566362946709862]],[[-82.36872117551853,28.565723384379083],[-82.368626970287622,28.565689885659065],[-82.368545151130277,28.565554390086184],[-82.368542708339305,28.565503929924635],[-82.368637353396636,28.565490357111912],[-82.368644820356096,28.565483199346968],[-82.368822524165608,28.565491573002483],[-82.368828752719907,28.565620250054803],[-82.36872117551853,28.565723384379083]],[[-82.366471067310272,28.56500014399613],[-82.366521280633123,28.565062804744468],[-82.36655579967281,28.565087051160738],[-82.366519959079298,28.5651268191952],[-82.366454288631502,28.565151457970877],[-82.366405132618652,28.565183363770021],[-82.366411026562261,28.565140455271141],[-82.366337152572797,28.565031910445388],[-82.366353359460064,28.56499434482183],[-82.366471067310272,28.56500014399613]],[[-82.36717882227866,28.564646839494159],[-82.367201166204509,28.564627769512832],[-82.367208774689132,28.564620738672371],[-82.367318375555016,28.56462904408361],[-82.367356852122754,28.564694495633145],[-82.367226595245697,28.564708652974161],[-82.36717882227866,28.564646839494159]],[[-82.366916954368747,28.564709651908846],[-82.366855690642808,28.564694259416893],[-82.36678778225199,28.564622817241307],[-82.366819221991378,28.56458053719215],[-82.366885368832556,28.564586999607489],[-82.366903637378059,28.564629702049761],[-82.366934936567759,28.564671853125191],[-82.366916954368747,28.564709651908846]]]]},"properties":{"OBJECTID_1":3,"OBJECTID":39,"WATERSHED":"BLUE SINK","COUNTY":"HERNANDO","FEMA_ZONE":"AE","FTYPE":"FLOODPLAIN","Shape_STAr":142797759.38600001,"Shape_STLe":848208.86475499999,"Shape_Length":24462.349114716293,"Shape_Area":4698705.0293543087}},{"type":"Feature","id":4,"geometry":{"type":"MultiPolygon","coordinates":[[[[-82.372812251509956,28.56688652273203],[-82.372862101951029,28.566845788772405],[-82.372737421783356,28.566827444761014],[-82.372699457497504,28.566819786218968],[-82.372734920906026,28.566896826859981],[-82.372812251509956,28.56688652273203]]],[[[-82.355791541866168,28.557398282156711],[-82.355757859532503,28.557409852689993],[-82.35574501011277,28.55745615648063],[-82.355876272789715,28.557432661130548],[-82.355850944139647,28.557397663554582],[-82.355798017926006,28.557390254221435],[-82.355791541866168,28.557398282156711]]]]},"properties":{"OBJECTID_1":4,"OBJECTID":40,"WATERSHED":"BLUE SINK","COUNTY":"HERNANDO","FEMA_ZONE":"X (shaded)","FTYPE":"FLOODPLAIN","Shape_STAr":206854.30353599999,"Shape_STLe":14289.6751754,"Shape_Length":238.03507972057039,"Shape_Area":1427.8803115953162}},{"type":"Feature","id":5,"geometry":{"type":"MultiPolygon","coordinates":[[[[-82.372518797268384,28.544190462430549],[-82.372596260938849,28.544255775078589],[-82.37270037830254,28.544271395787732],[-82.372847605569547,28.544161573039872],[-82.372892291080063,28.544202385865034],[-82.372925928502156,28.544215769927852],[-82.372987447705796,28.54415887539626],[-82.373016538636847,28.544105507834264],[-82.373078908366736,28.544036846223701],[-82.373077902536053,28.543999059915766],[-82.372992922698188,28.543988821718262],[-82.372965675366757,28.54404599118223],[-82.37286519934996,28.544064668522442],[-82.372782910632608,28.544009887842865],[-82.372548428817382,28.54399705491884],[-82.372518797268384,28.544190462430549]]],[[[-82.361917783058644,28.544898217449095],[-82.361888860033289,28.544931258815907],[-82.361815524153926,28.545319701311797],[-82.36184056235669,28.545363587566513],[-82.36191110253688,28.545370724769295],[-82.362047997520563,28.545374022432213],[-82.362155794040021,28.545359084582017],[-82.362167987963559,28.545285797405285],[-82.362179980379707,28.54515390830333],[-82.362166659887279,28.544897553885868],[-82.361917783058644,28.544898217449095]]],[[[-82.343885590739688,28.550857048414574],[-82.34400957961067,28.550847934691991],[-82.344074047172782,28.550852344390279],[-82.344211239900602,28.550777332513988],[-82.344151113948243,28.55068281773184],[-82.344134002721077,28.550617196012372],[-82.344102630554929,28.550548517212341],[-82.344023826651139,28.550617475227696],[-82.344002928338782,28.550650953563188],[-82.343963001304644,28.550714916035158],[-82.343902822331728,28.550800593174657],[-82.343885590739688,28.550857048414574]]],[[[-82.359019680212725,28.566227803800142],[-82.359005601529134,28.566285225176479],[-82.359006625669466,28.566315943440291],[-82.359012147959803,28.566325250878645],[-82.359043621322854,28.566331860257062],[-82.359075069267959,28.566331281677215],[-82.359085474691128,28.566320584010196],[-82.359085571790899,28.566296496763812],[-82.35907574144332,28.566262222227383],[-82.359059669231073,28.566210803553911],[-82.35904744295361,28.566193647276581],[-82.359019680212725,28.566227803800142]]]]},"properties":{"OBJECTID_1":5,"OBJECTID":41,"WATERSHED":"BYSTRE LAKE","COUNTY":"HERNANDO","FEMA_ZONE":"A","FTYPE":"FLOODPLAIN","Shape_STAr":243457.804386,"Shape_STLe":10281.9410704,"Shape_Length":1510.299075573537,"Shape_Area":36146.707960693711}},{"type":"Feature","id":6,"geometry":{"type":"MultiPolygon","coordinates":[[[[-82.353235423768155,28.545471555609787],[-82.353295502267784,28.545526445674138],[-82.353381288883682,28.545550781437999],[-82.35340974144178,28.545677491607595],[-82.3534947354444,28.545726381136792],[-82.353548275106576,28.545774848105928],[-82.353617992116327,28.545821365377297],[-82.353634974763892,28.545836882006277],[-82.35364912123687,28.545862677358461],[-82.353664741803485,28.545876388338943],[-82.353711554518341,28.545903769732224],[-82.353727174077193,28.545917480707981],[-82.353776417081264,28.545947361546194],[-82.353808934476817,28.54596709311377],[-82.353820643708417,28.545972380996055],[-82.353915166022773,28.545985715784084],[-82.353931330760872,28.54600048375999],[-82.3539455724801,28.546026924907391],[-82.353976765720276,28.546040595257548],[-82.354039106238147,28.546054184391885],[-82.354085873134991,28.546067814109751],[-82.35410149276629,28.546081525041473],[-82.354148259683029,28.546095154737632],[-82.354163925329104,28.546122617205903],[-82.354179592005266,28.546150079669491],[-82.354194052070341,28.546162954438543],[-82.354258744264797,28.546197364249412],[-82.354273242250642,28.546205075720646],[-82.354284220672696,28.546210914994351],[-82.354296780751,28.5462175956329],[-82.354336142584003,28.546223148789576],[-82.354376755816915,28.546228877332194],[-82.354398042112948,28.546231949287208],[-82.354449826901856,28.546239541759114],[-82.354488009793215,28.54624518998785],[-82.354559488474919,28.546255764669464],[-82.354572348731224,28.546241612172409],[-82.354580229213198,28.546232939956916],[-82.354595313104369,28.546216340820951],[-82.354611350995953,28.546198691574986],[-82.354634054701009,28.546173706037173],[-82.354658214345847,28.546147117746042],[-82.35468735679558,28.546115046449113],[-82.354718217552318,28.54607458701496],[-82.354727790565576,28.546062035720816],[-82.354782933752119,28.545960909865553],[-82.354817172297629,28.54591449877071],[-82.354966242155839,28.545760963085797],[-82.354982005436426,28.545744350400057],[-82.355003566902482,28.54572162544115],[-82.355018863808979,28.545639075463086],[-82.355029315856612,28.545606494409046],[-82.355065353930939,28.545570195583512],[-82.355080743009921,28.545515148684792],[-82.355096224318373,28.545487604871596],[-82.355111705618839,28.545460061056609],[-82.355126306140605,28.545338714061394],[-82.355129357766714,28.545318986337612],[-82.355185207852159,28.545271319414397],[-82.355204363591369,28.545226039503397],[-82.355219660273875,28.54514348949872],[-82.355235187632729,28.545129697213277],[-82.355297389323681,28.54510203114241],[-82.355328490156879,28.545088198096341],[-82.355343925185423,28.54504690271002],[-82.355359452513923,28.545033110410444],[-82.355369999010293,28.545011667568946],[-82.3553808479666,28.544989611245981],[-82.355405942151364,28.54496423041245],[-82.355402921958259,28.544932115004915],[-82.355401517933061,28.544806098743027],[-82.355405953553557,28.544778581997775],[-82.355404029510794,28.544705876455144],[-82.355420609646004,28.544648039968642],[-82.355442398678278,28.54452760532736],[-82.355481944357933,28.544455080877043],[-82.355540673137412,28.544378091037508],[-82.355559755515699,28.544345139037798],[-82.35563036705156,28.544215638833396],[-82.355695510293415,28.544130234947197],[-82.355745353189093,28.544055591819689],[-82.355776681986924,28.544014522735466],[-82.355776307933795,28.544000520295732],[-82.355793396464705,28.543956007287601],[-82.355830065103589,28.543821453468819],[-82.355870478879325,28.543751672448114],[-82.355868143829056,28.543663484721495],[-82.355868826942071,28.543628972923258],[-82.355822767096015,28.543590127858966],[-82.355790939647946,28.543532632913344],[-82.355752351086025,28.543499040623409],[-82.355819620652198,28.543436846515679],[-82.355892163968434,28.543538498157162],[-82.355962355493332,28.543750310025878],[-82.355943962403217,28.543786698193554],[-82.355885818733583,28.543887090678592],[-82.355862497704763,28.544030994773635],[-82.356065095514793,28.544060964588226],[-82.35609918268338,28.544031874886318],[-82.356124331816432,28.543921778455413],[-82.356097674401695,28.543831042246286],[-82.356118235513961,28.543793331858033],[-82.35616213803074,28.543735776435003],[-82.356210294027989,28.54352496988615],[-82.356213042670149,28.543385793814927],[-82.356180191061156,28.543326448239156],[-82.356119614306735,28.543299093854873],[-82.356017760314543,28.543280948674386],[-82.355774070467788,28.543285979044935],[-82.355717100089109,28.543285104137503],[-82.355606547818866,28.543301291124155],[-82.355696278031544,28.543354658745585],[-82.355758692146026,28.543390559985564],[-82.355739511314184,28.543414517744989],[-82.355634175711771,28.543395754271582],[-82.355626514995905,28.543402836050618],[-82.35560997009982,28.54341813434624],[-82.355551691813048,28.543349142408385],[-82.355493640271987,28.543300182711114],[-82.355449274424629,28.543259652021455],[-82.355400217843524,28.543258893421477],[-82.355339563614862,28.543260146692315],[-82.355306876442839,28.543245383308548],[-82.355267508424504,28.543246198257108],[-82.355095040850884,28.543230107658648],[-82.354995112706106,28.543200195567401],[-82.354932145924195,28.543219410375073],[-82.354863073931938,28.543218348372942],[-82.354745893016329,28.543233104627486],[-82.354715105238398,28.543247211937015],[-82.354651748322652,28.543261025321559],[-82.354614197305281,28.543295744388956],[-82.354590437143841,28.543316020666783],[-82.354567683823106,28.543357748359107],[-82.354543992709196,28.543398651952057],[-82.354513390052858,28.543467766310947],[-82.354497588148718,28.543495045613788],[-82.354498293347618,28.543521630332616],[-82.35444548794969,28.543600713041297],[-82.354400369727557,28.543621384312928],[-82.354266900417699,28.543597606708559],[-82.354124297002798,28.543633526374013],[-82.354077935743859,28.543647674151853],[-82.353772123418167,28.543686184535375],[-82.353735781961831,28.543786082578798],[-82.353674888097032,28.543812364852496],[-82.353595677054969,28.543896186518612],[-82.353495721309329,28.544039268310389],[-82.353464033478204,28.544068562265398],[-82.353449129349812,28.544082342802955],[-82.353424807528441,28.544061829136201],[-82.353487205969856,28.543965502488426],[-82.35358270131897,28.543815737852043],[-82.353730582115105,28.543638493973873],[-82.353828357726641,28.543620546146073],[-82.353999885432813,28.543592870969768],[-82.354142741980198,28.543566643716208],[-82.354264180443536,28.543550651494368],[-82.354422144194686,28.543535080877909],[-82.354512446837617,28.543322482930993],[-82.354513380288282,28.543275319667636],[-82.354214208484365,28.54325156484148],[-82.353610541160677,28.54324226044114],[-82.353593026447157,28.543507926229729],[-82.353508824873145,28.543527214620575],[-82.353392139980116,28.543525416785833],[-82.353360995322177,28.543526058188036],[-82.353330002259909,28.543525582091068],[-82.352239925303124,28.543514746330999],[-82.352208618116961,28.54348834113339],[-82.352207318492205,28.543439249956688],[-82.352211497554094,28.543228082388577],[-82.352146855849895,28.543198889676848],[-82.352021259422898,28.543225631345006],[-82.351999732014505,28.543281697237902],[-82.352006276173469,28.543529157115589],[-82.352005804822355,28.543553052316646],[-82.352028561538404,28.543693982236778],[-82.352444802585836,28.543679362909348],[-82.352592372678416,28.543611748223682],[-82.352890036851292,28.543782971928433],[-82.353145694161697,28.543958380094264],[-82.353237857651465,28.544007406362926],[-82.353331461112305,28.544056142779365],[-82.353308356771464,28.544086275196303],[-82.353306565330215,28.54409543771072],[-82.353082389193759,28.543993783817161],[-82.353050885919458,28.543980389272875],[-82.35298876580886,28.543939020547111],[-82.352941642377317,28.54391191491159],[-82.352895141495551,28.543884256311525],[-82.352815934729179,28.54385057744042],[-82.352602103301763,28.543747776061288],[-82.352534566910535,28.543761767148428],[-82.352448686357462,28.543801120077543],[-82.352280576256007,28.543804584560643],[-82.352146873155803,28.54378572052708],[-82.352062309938432,28.543735424967881],[-82.352002574579629,28.543750053371404],[-82.351918075375863,28.543844734811632],[-82.351731627194312,28.54391022971825],[-82.351646659764157,28.544003730136343],[-82.351585832566911,28.544108754954738],[-82.35158835124534,28.544204073493269],[-82.351542194541196,28.544223993955285],[-82.3515406805639,28.544300458602212],[-82.351542133390154,28.54435546151943],[-82.351540338531365,28.544446125219988],[-82.351560127404511,28.544652953593051],[-82.351604983234779,28.544712980250274],[-82.351667800035045,28.544794296217471],[-82.35169437407319,28.544828695895802],[-82.351683508792533,28.544863908095426],[-82.351682425843549,28.54495350879424],[-82.351652681587751,28.544960250513249],[-82.351605857147902,28.544973979061137],[-82.351598244950495,28.544981016273333],[-82.351528001425095,28.54493307000601],[-82.351512336638834,28.544905607221246],[-82.351481098391616,28.544878183844233],[-82.351436279030239,28.544864548181],[-82.351340845927652,28.544851043471166],[-82.351247313909766,28.544823782107706],[-82.351231694831796,28.544810070840235],[-82.351138162877504,28.544782809400839],[-82.351106879162757,28.544741635287235],[-82.351090985487772,28.544645414697815],[-82.351075047265979,28.544535442550622],[-82.351043718055422,28.544480516868305],[-82.351028053462443,28.544453054024157],[-82.350996815474247,28.544425630531624],[-82.350965440753257,28.544356953277553],[-82.350949821780972,28.544343241975792],[-82.350903010464179,28.544315859611739],[-82.35087177255194,28.544288436991572],[-82.350840443520852,28.544233511258792],[-82.3508247334522,28.544192296836691],[-82.350793495596832,28.544164874197541],[-82.350762121086376,28.544096196892003],[-82.350746274404429,28.544013727800095],[-82.350730564402909,28.543972512462819],[-82.350730382192282,28.54391750624935],[-82.350730437545351,28.543903984532147],[-82.350730532659554,28.543881180334189],[-82.35072704496659,28.543749140813759],[-82.350792147868447,28.543711208789954],[-82.350851392038052,28.543644827536809],[-82.350885158429634,28.543628321298463],[-82.350900686138772,28.543614529502584],[-82.350916168267759,28.543586986151119],[-82.350967867111777,28.543538593557308],[-82.35099067960445,28.543523214654638],[-82.351056210996362,28.543504251304601],[-82.351086641162297,28.54347611795837],[-82.351133540289823,28.543436095190142],[-82.351102595591243,28.543435094199538],[-82.351056696058635,28.543436038510432],[-82.350977967824292,28.543394157752392],[-82.350931262111814,28.543395121248945],[-82.350973790407508,28.543315549410444],[-82.351062325062685,28.543233703837341],[-82.351118177005986,28.543201160890746],[-82.351163023061531,28.543118927410365],[-82.351241556692571,28.543135453695729],[-82.35122665019864,28.543242527904756],[-82.351187016918587,28.543310955646284],[-82.351212495605296,28.543311349944798],[-82.351226722499277,28.543311148921838],[-82.351257777731561,28.543283565250526],[-82.351275106970405,28.543253467967297],[-82.351320025031271,28.543269652548375],[-82.351335643891062,28.543283363810694],[-82.351343430506958,28.543283343664253],[-82.351382317950325,28.5432694913716],[-82.351413464409646,28.543269410772496],[-82.351429037639278,28.543269370470263],[-82.351444565224753,28.543255578612548],[-82.351444291360778,28.543173069289775],[-82.35142736113616,28.543143256456915],[-82.351443971851282,28.543076807509618],[-82.35144388234302,28.543049840387173],[-82.351443836786274,28.543036115000696],[-82.351443743633297,28.543008049738898],[-82.351423146892273,28.542980371406117],[-82.351374697998565,28.542955143712046],[-82.351318606638685,28.542925937501039],[-82.351344922317836,28.542880497919821],[-82.351365010648294,28.542746971701654],[-82.351361183056724,28.542666081343185],[-82.351379944913859,28.54255440873288],[-82.351386254433478,28.542512376713084],[-82.351410928494133,28.542458203999228],[-82.351440191427045,28.54237777031118],[-82.351612600563286,28.542352526779048],[-82.351613781915333,28.542292850119303],[-82.351503635227459,28.542165445930102],[-82.35150230555935,28.542115202523497],[-82.351564977275103,28.542044978935884],[-82.35164229799544,28.54195988831755],[-82.351643056696432,28.541921569351651],[-82.351582600610669,28.541894265851006],[-82.351533483377992,28.541893510518548],[-82.351502339183881,28.541894151490478],[-82.35148676521915,28.541893909369104],[-82.35147119312937,28.541894232106422],[-82.351447832183808,28.541893869369478],[-82.351413932221178,28.54189456798423],[-82.351253414595902,28.541879589339075],[-82.351210778563598,28.541875611108292],[-82.351159549692582,28.541839890881292],[-82.351143839865784,28.541798676479569],[-82.351128130051364,28.54175746207569],[-82.351112465844423,28.541729998324591],[-82.351096710456716,28.541675032359052],[-82.351065335484464,28.541606355096334],[-82.351049716909159,28.541592643797063],[-82.351028264389285,28.541582274507341],[-82.351018434185107,28.541551469635177],[-82.351002724457103,28.541510255214522],[-82.35098704892745,28.541479354460208],[-82.350940022393914,28.541386652185075],[-82.350924403867381,28.54137294087052],[-82.350893121257599,28.541331766677441],[-82.350768355478962,28.541277081396697],[-82.350705927094737,28.541235987605024],[-82.350690263078377,28.541208524703841],[-82.350659026146459,28.54118110201367],[-82.350643362150507,28.541153639106657],[-82.350596597861113,28.541140008170288],[-82.350580979415327,28.541126296815051],[-82.350534168602209,28.541098914300193],[-82.350518504650864,28.541071451378055],[-82.350487267803814,28.541044028647104],[-82.35040917575698,28.540975471787146],[-82.350409039241185,28.540934217107431],[-82.35040890272569,28.540892962427488],[-82.35040872070249,28.540837955284818],[-82.350424248069189,28.540824163540801],[-82.350439729922883,28.540796620234854],[-82.350455211768605,28.540769076927116],[-82.350470648093491,28.540727782057292],[-82.350470602580685,28.540714030497004],[-82.350454802171797,28.540645312884084],[-82.350439138309341,28.540617849950213],[-82.350439047292369,28.54059034682907],[-82.350438956275497,28.540562843707811],[-82.350423299219699,28.540537432677738],[-82.350409065209121,28.54052363651768],[-82.350391964762309,28.54048045489327],[-82.350360682625734,28.540439280567998],[-82.350329309522948,28.540370602210366],[-82.350298027443529,28.540329427869501],[-82.350251127111903,28.54027454212456],[-82.350219845091459,28.540233367764589],[-82.350204181351785,28.540205904800864],[-82.35017294484318,28.540178481991166],[-82.35014175381977,28.540164810735924],[-82.350126090110578,28.540137347762641],[-82.350079235414384,28.540096213517412],[-82.350048043405351,28.540082542242793],[-82.350032425187408,28.540068830820321],[-82.350001052412111,28.540000153282627],[-82.349985388764068,28.539972690291922],[-82.349969634228685,28.53991772327165],[-82.349922688810722,28.539849085844057],[-82.349860352462102,28.53983549477076],[-82.34982911615198,28.539808071878742],[-82.349813452577266,28.539780608866788],[-82.34973554356516,28.539767057848053],[-82.349673071065865,28.539712211997681],[-82.349626307536269,28.539698580717623],[-82.349595071326917,28.539671157770343],[-82.349579407833261,28.539643694730131],[-82.349563698954839,28.539602480124056],[-82.349563653561916,28.539588728560176],[-82.349547898285408,28.539533762390413],[-82.34953223482465,28.539506299343941],[-82.349500998693713,28.539478875471175],[-82.349469807962421,28.539465204057649],[-82.349454144532132,28.53943774100161],[-82.349422908444623,28.539410318012589],[-82.349407063546195,28.539327848692281],[-82.349375918239488,28.539327928821098],[-82.349313627625691,28.53932808905731],[-82.349297129728456,28.539287089399604],[-82.349313400826404,28.53925933123292],[-82.349360073390642,28.53924545949388],[-82.349375464560808,28.539190413172527],[-82.349390901084917,28.539149118414205],[-82.349406428340316,28.539135326784137],[-82.349421910218098,28.53910778358723],[-82.3494216833476,28.539039024859079],[-82.349405974622698,28.538997810229777],[-82.349390311279379,28.538970347163737],[-82.349343457387562,28.538929212650562],[-82.349327794070732,28.538901749576805],[-82.349312130762073,28.53887428650108],[-82.349296422104814,28.538833071857514],[-82.349265050180023,28.538764394129934],[-82.349249386908255,28.538736931046074],[-82.349233768993102,28.538723219526425],[-82.349202442486359,28.53866829334892],[-82.349186733903082,28.538627078690805],[-82.349155362108675,28.538558400032304],[-82.349139608224675,28.538503433801047],[-82.349077136783706,28.538448587657122],[-82.349076923865766,28.538379652025537],[-82.349168146582386,28.538406960588748],[-82.349279235225609,28.538391053594768],[-82.349232790150495,28.538379291005089],[-82.349170144006948,28.538365975616923],[-82.348990157574718,28.538325734532268],[-82.348874084042052,28.538311729745562],[-82.348785431849947,28.538285185883783],[-82.34868738890053,28.538270678946894],[-82.348556821239256,28.538254925367319],[-82.348172913384005,28.538189763992474],[-82.348095316493442,28.538175936006709],[-82.348001525639006,28.538162699901793],[-82.347885129859918,28.538141957309076],[-82.347767801877723,28.53812204354821],[-82.347565535010233,28.538081031075258],[-82.347362735980781,28.538068073460551],[-82.347303095720108,28.538041134989896],[-82.347207186760983,28.538026940050557],[-82.346794384005477,28.53797258198885],[-82.346413206628185,28.537904651997636],[-82.346100333844007,28.537851543799718],[-82.345829264437157,28.537803233565437],[-82.345539721585737,28.537756434291872],[-82.345462125340376,28.537742604794946],[-82.345383907604159,28.537729327262525],[-82.34530631139809,28.537715497676196],[-82.345204729267095,28.537709904231445],[-82.345165958883882,28.537702240829596],[-82.345166003702232,28.537715992403751],[-82.345212810620978,28.537743376810241],[-82.345197327838676,28.537770919540609],[-82.345165295223467,28.537789561223274],[-82.345088410435253,28.537798699715598],[-82.345010548256781,28.53779889753854],[-82.344885833401491,28.537757959241759],[-82.344745636766774,28.53774456350672],[-82.344730019576744,28.537730851460783],[-82.344691110990937,28.537730950217831],[-82.344637064248985,28.537731087379765],[-82.344589867739415,28.53773120713932],[-82.344558767625898,28.537745037734325],[-82.344496612105829,28.537786450478077],[-82.344449939526839,28.537800320548577],[-82.344434410791649,28.537814111621131],[-82.344419017239019,28.537869157414178],[-82.344403534231233,28.537896700055459],[-82.344356929395147,28.537979190305165],[-82.344341512696573,28.537979367453033],[-82.344329385589816,28.538006363781104],[-82.344328753273246,28.538007680096197],[-82.344295063541125,28.538061995344584],[-82.344295108247053,28.538075746919269],[-82.344295197658994,28.538103250068552],[-82.344268849604049,28.53811730225657],[-82.344232997127847,28.538130911117538],[-82.344217469337949,28.53814470216269],[-82.344217558732922,28.538172206214245],[-82.344217782213576,28.538240964086803],[-82.344202299099919,28.538268506704576],[-82.344184742957012,28.53829644528825],[-82.344166430934848,28.538316924321599],[-82.34409364899787,28.538378795532772],[-82.344062593305381,28.53840637758935],[-82.344047110127477,28.538433920189316],[-82.344031671614033,28.538475214361711],[-82.344012111581577,28.53848836681399],[-82.343982467918579,28.53853448388535],[-82.343954145933012,28.538578545677741],[-82.343938593676299,28.538585463616091],[-82.343923109421411,28.538613007106605],[-82.343896110029263,28.538668832072723],[-82.343875854424979,28.538700343505667],[-82.343861176397496,28.538723177430928],[-82.343814681900724,28.53879205358129],[-82.343799287888658,28.538847099300149],[-82.343783938502,28.538915896590687],[-82.34376867837446,28.539012197026082],[-82.343737756321687,28.539081034630893],[-82.343722317595677,28.539122328766041],[-82.343707057384336,28.539218629192327],[-82.343693022734101,28.539267197155009],[-82.34364507916348,28.539315047840201],[-82.343629684990034,28.539370093537023],[-82.343630041966549,28.539480106120191],[-82.343614692385444,28.539548904289248],[-82.343599253545079,28.539590198408579],[-82.343583903925833,28.539658995671026],[-82.343552936952705,28.539714080755122],[-82.343543574459204,28.539781996617975],[-82.34351435683962,28.539862287787482],[-82.343482460277968,28.539949939809251],[-82.343452356727454,28.540020179315579],[-82.34339850192687,28.54011327111974],[-82.343383062922086,28.540154565212475],[-82.343352095701903,28.540209650248897],[-82.343320994699297,28.540223480563064],[-82.343305466485631,28.540237271503347],[-82.343290205745205,28.540333571871642],[-82.343228271076072,28.540443742796079],[-82.343230769080506,28.540565937880221],[-82.343227082593472,28.540751419872347],[-82.343229385380894,28.540787532072645],[-82.343252619462689,28.540842779658224],[-82.343260843177234,28.540883715246089],[-82.34327654980622,28.540924930593032],[-82.343296552553952,28.540964643507209],[-82.343308007684556,28.541021112850576],[-82.343339331858601,28.541076040389186],[-82.343355038547401,28.541117255725396],[-82.343370700656962,28.541144719489665],[-82.34343317179939,28.541199568246132],[-82.343466978518151,28.541226562009861],[-82.343477581088095,28.541240992506378],[-82.343501451757831,28.541273479580727],[-82.343511393371529,28.541309383860995],[-82.343573952902119,28.541391736592917],[-82.343605232702615,28.541432912496205],[-82.343636423274106,28.54144658525432],[-82.343745791221849,28.541556321908658],[-82.343777026492859,28.541583746202093],[-82.343809224523923,28.541597999281862],[-82.3438565599686,28.541637929849376],[-82.343870732402891,28.541666019037759],[-82.343886618026602,28.541762240577775],[-82.34390652004484,28.541786235767525],[-82.343931522356357,28.541823184680762],[-82.343949268476507,28.541872096258942],[-82.34404310881807,28.541995623670342],[-82.344121331616037,28.542105438910507],[-82.344199599281197,28.542229006571191],[-82.344275630159402,28.542304455292609],[-82.34431534343787,28.542365896076415],[-82.344343520091329,28.542409488016919],[-82.344371419233184,28.542434983300801],[-82.344491316251251,28.542512996991601],[-82.344536094753096,28.542550767278314],[-82.344615784010855,28.5426235870246],[-82.34471231165351,28.542667189487371],[-82.344786288708491,28.542688179623777],[-82.344849332506755,28.54274578561138],[-82.344902136181858,28.542763540418662],[-82.344964474669169,28.542777133750107],[-82.345019438903336,28.542784001691931],[-82.345104767638816,28.54281803231936],[-82.345180060434416,28.542848239016788],[-82.345182560271695,28.542831730649123],[-82.345207637564286,28.542835987310589],[-82.345221638805668,28.542838363674488],[-82.345268256792039,28.54284627689022],[-82.345305047324018,28.542852269632714],[-82.345315891960283,28.542853690313351],[-82.345329787788089,28.542864788962664],[-82.345346660356213,28.542879029210454],[-82.345361971691332,28.542893011747836],[-82.345368962712087,28.542899400588951],[-82.34537921166519,28.542908672244177],[-82.345400141387032,28.542922694627677],[-82.345432252905155,28.542954716435585],[-82.345479063244284,28.542982100706002],[-82.34549468131236,28.542995812647678],[-82.345619401566395,28.543036750301042],[-82.345666166074594,28.5430503829459],[-82.345744077012384,28.543063936276315],[-82.345903109246919,28.543088410617376],[-82.34604077165541,28.543103667676206],[-82.346258173792123,28.543117633970539],[-82.346269853704044,28.543117604187593],[-82.346351613086838,28.543117395678841],[-82.346507479177575,28.543116395277625],[-82.346554110918689,28.543130630718149],[-82.346803327432568,28.543143746148232],[-82.346865665356816,28.543157338604686],[-82.346928003296739,28.543170931032339],[-82.34705272531923,28.543211867358981],[-82.347146345032485,28.543266634760073],[-82.347380259388146,28.54336229829654],[-82.347520418636961,28.543361939673932],[-82.347603341554077,28.543320472408393],[-82.34772260093753,28.543278912051189],[-82.347753702247033,28.543265080732358],[-82.347831523247237,28.543251129742899],[-82.347878197764942,28.543237258504291],[-82.34790925385667,28.543209675591051],[-82.347955837963951,28.543168301207899],[-82.347986939210074,28.543154469835994],[-82.348038669128968,28.543099329660375],[-82.348111254709892,28.54307164025462],[-82.348142310692225,28.543044057288338],[-82.348173366658386,28.543016474315003],[-82.348297816535251,28.542974900145772],[-82.348328917679297,28.542961068696009],[-82.348391029449047,28.542905902657491],[-82.348422130560522,28.542892071186522],[-82.348499951194768,28.542878119816383],[-82.34853100701865,28.542850536761819],[-82.348546445412623,28.542809242111534],[-82.348577591746022,28.542809162164051],[-82.348593255458596,28.542836625305213],[-82.348655729265673,28.542891471615931],[-82.348718021979991,28.542891311663279],[-82.348718384295395,28.543001324130099],[-82.348624914941681,28.54299239634387],[-82.348640427762689,28.542974020950595],[-82.348655955672101,28.542960229408354],[-82.348655865109436,28.542932726291479],[-82.34862462818549,28.542905303140135],[-82.348609055004744,28.542905343120285],[-82.348593662916812,28.54296038933289],[-82.348593708190108,28.542974140891388],[-82.348593798736786,28.543001644008292],[-82.348578270813178,28.543015435543467],[-82.348547169686455,28.54302926705008],[-82.348500539589836,28.54305689007856],[-82.348469438440645,28.543070721567481],[-82.348344988523692,28.543112296796135],[-82.348235976041423,28.543112576397046],[-82.348189256405689,28.54311269619922],[-82.348158155198732,28.543126527617229],[-82.348142672414738,28.543154070661775],[-82.348142898490494,28.543222828455299],[-82.348143034136328,28.543264083131067],[-82.348143214997862,28.543319089365042],[-82.348158833457731,28.543332800996193],[-82.348190070389592,28.543360224252918],[-82.348221262111934,28.543373895944001],[-82.348236971045523,28.543415110682165],[-82.348283916984229,28.54348374865226],[-82.348299625958887,28.543524963382179],[-82.348299897379334,28.543607473630754],[-82.34828441456348,28.543635016689805],[-82.348269338832708,28.543786323763946],[-82.348269399143007,28.54380465917367],[-82.348285183552562,28.54386879316484],[-82.348300892586522,28.54391000789175],[-82.348316511154621,28.54392371950264],[-82.348321770178899,28.543937516337795],[-82.34833222020913,28.543964934225436],[-82.348347974522355,28.544019901405118],[-82.348367926101318,28.544048273954324],[-82.348379302202417,28.544074827726533],[-82.348441912404923,28.54417092878926],[-82.348471428841393,28.544196499373552],[-82.348491413663481,28.544214150205974],[-82.348535624215899,28.544253198323215],[-82.348582481197894,28.544294333062464],[-82.348598145135767,28.544321796195128],[-82.348613763803328,28.544335507770107],[-82.348754105508974,28.544390154084898],[-82.348816580324183,28.544445000300357],[-82.348832289655306,28.54448621586209],[-82.348863481792264,28.54449988739977],[-82.348879100520392,28.544513598943364],[-82.348910292671363,28.544527270470109],[-82.348972767648405,28.544582116611192],[-82.349019533260261,28.544595748088408],[-82.34905077078912,28.544623171136823],[-82.349066435919326,28.544650634210033],[-82.349082190715805,28.544705600392426],[-82.349113609670184,28.544788029641957],[-82.349129273819599,28.544815492709525],[-82.349160511442065,28.544842915731017],[-82.349176901259355,28.545090404552013],[-82.349208229690291,28.545145330667015],[-82.349223939277351,28.545186545274639],[-82.349236398089559,28.545186513231911],[-82.34928627870562,28.545200136602553],[-82.349317561854519,28.545241311137847],[-82.349333271498665,28.545282525731718],[-82.349348935779375,28.545309988770807],[-82.34934902653103,28.54533749187603],[-82.349333543744464,28.545365035949846],[-82.349333566431412,28.545371911726114],[-82.349349208037694,28.545392498988466],[-82.349364872339109,28.545419962025072],[-82.349380672789337,28.545488679716509],[-82.349411956061232,28.545529854227269],[-82.349443284746087,28.54558478028229],[-82.349474477285625,28.545598451673889],[-82.349568191166981,28.545680720459909],[-82.349615003773039,28.545708103273764],[-82.349646196370827,28.545721774625136],[-82.349693098835843,28.545776660516658],[-82.349699782814341,28.545814635444362],[-82.34974013763545,28.545872801946317],[-82.349740364774178,28.545941559700573],[-82.349740501057809,28.545982814352801],[-82.349771648320839,28.545982734123317],[-82.349787131084369,28.545955190904571],[-82.349802613839913,28.545927647684028],[-82.349833670206692,28.545900064339055],[-82.349866945246788,28.545890151216511],[-82.349873086524681,28.545874896667844],[-82.349911401952568,28.545858609047077],[-82.349942503724549,28.545844777228041],[-82.350004752705928,28.545830865119381],[-82.350051428064006,28.545816993131577],[-82.350066956197637,28.545803200529367],[-82.350095739020034,28.545771686074772],[-82.350129115203501,28.545761785260197],[-82.350160216918184,28.54574795339159],[-82.350175745030455,28.545734161679356],[-82.350240978492394,28.545719205879287],[-82.350315907377322,28.545733800144028],[-82.3504093944548,28.545747310590304],[-82.350627425814523,28.545746747761456],[-82.350689674644855,28.545732835339873],[-82.350736349867475,28.545718963117594],[-82.350798598666657,28.545705050646305],[-82.350845273862376,28.545691178386761],[-82.350876375460999,28.545677346354974],[-82.350922959472285,28.545635970969563],[-82.35098516260841,28.545608306863592],[-82.351047411308684,28.545594394278847],[-82.351094086422222,28.545580521934262],[-82.351171955294248,28.545580320570878],[-82.351296635111396,28.545607501399203],[-82.35140565012675,28.545607219318811],[-82.351436751626181,28.545593387159361],[-82.351545720963713,28.545579353417761],[-82.351595510716834,28.545565472837481],[-82.35163911772635,28.545565359917351],[-82.351716985560756,28.545565158244155],[-82.35181033556907,28.545537413080364],[-82.351823822974495,28.545524009060333],[-82.351872602785903,28.545482382224982],[-82.35188781804419,28.545468315914942],[-82.351947093755399,28.545433779513228],[-82.351969322603708,28.545290098184847],[-82.352208641867733,28.545285163552069],[-82.35226108193055,28.5453163549737],[-82.352324089090203,28.545343144410825],[-82.352555302647517,28.545466135134902],[-82.352648134595057,28.54548267399505],[-82.352845792393055,28.545478598078205],[-82.352944589213891,28.545480120730108],[-82.353024957079711,28.545451887826403],[-82.353115397614104,28.545410448196741],[-82.353164971430402,28.545409425953149],[-82.35320356237726,28.545444685586098],[-82.353235423768155,28.545471555609787]],[[-82.353390991995411,28.544115581136051],[-82.353367229128352,28.544125986504824],[-82.353355157752702,28.544110100631972],[-82.353370734125335,28.54411127194134],[-82.353390991995411,28.544115581136051]],[[-82.350779501709596,28.543614540317527],[-82.350730568661788,28.543670861782299],[-82.350680900953705,28.543688961976518],[-82.350614811812662,28.543724395205452],[-82.350562248192006,28.543700562039902],[-82.350555614229194,28.543661694599923],[-82.350572730854566,28.543641992919738],[-82.350599038634968,28.543623953079599],[-82.350626075659733,28.543592841849147],[-82.350652383418819,28.543574801998705],[-82.350659140875948,28.543567022614496],[-82.350772471731105,28.543573370235375],[-82.350779501709596,28.543614540317527]]],[[[-82.363510104628617,28.555613663206156],[-82.363540807934584,28.555614135926959],[-82.363596236875665,28.555612988593154],[-82.363763305611442,28.555556651089912],[-82.363859769357902,28.555467464421902],[-82.364005877119666,28.555354499707352],[-82.364116151974173,28.555296301827791],[-82.364146847325813,28.555254689370624],[-82.364184547691963,28.555238415628502],[-82.364240013176342,28.555171929611479],[-82.364387664988328,28.555055886076612],[-82.364504438054198,28.554978971281358],[-82.364623530531901,28.554887723729223],[-82.364661108802466,28.554852981120263],[-82.364784970011257,28.554799513257464],[-82.364750370109647,28.554784806971448],[-82.364699308421436,28.55473816692859],[-82.364752784578499,28.554675546248891],[-82.364663680714827,28.554650281928588],[-82.364721429309242,28.554523475472923],[-82.364839066688148,28.554525279879314],[-82.364944067309764,28.554454487127231],[-82.365000431540125,28.554455350729089],[-82.36503302006706,28.554440415128511],[-82.365078706072296,28.554441117016069],[-82.365094751048844,28.554440783314458],[-82.365093666763144,28.554399911200615],[-82.365140828685028,28.554344684867406],[-82.365163580128865,28.554302955486985],[-82.365233992957485,28.554261924429412],[-82.365243643745458,28.55425488549092],[-82.365298027855303,28.55422334771335],[-82.365464509043278,28.55420493047993],[-82.365562885582037,28.554138603611108],[-82.365685188685191,28.554123192543013],[-82.365731552918717,28.554109040796092],[-82.365778543464685,28.554095437772382],[-82.365809331855615,28.554081327964191],[-82.365887471966133,28.554067640965844],[-82.365933836147548,28.554053489150196],[-82.366025342324534,28.554026997955336],[-82.366086921041557,28.553998780019874],[-82.366159878439305,28.553977658939015],[-82.36628769261047,28.553908749962815],[-82.366413634314469,28.553792303511379],[-82.366605250764934,28.553776737009251],[-82.366858268548754,28.553718754136558],[-82.366913810448452,28.553693300663014],[-82.366991949100793,28.553679613034863],[-82.367056359280255,28.553659951101352],[-82.367147029380774,28.553605329207503],[-82.36720964935931,28.553624065641522],[-82.367264993029082,28.553605434239639],[-82.367302988912257,28.553637516956798],[-82.367310956023232,28.553644234064937],[-82.367335903590302,28.553573910494308],[-82.367396366363394,28.553486120797217],[-82.367417116552218,28.553446987972602],[-82.367497684353538,28.553424225881209],[-82.367668722003842,28.553331123307188],[-82.367798485990576,28.553270046247217],[-82.367934308779695,28.553212997826925],[-82.368036648210293,28.553157288881188],[-82.36811101249458,28.553139869747898],[-82.368233379165972,28.553122317677239],[-82.368345085313166,28.553098503316807],[-82.368447146006346,28.553061164625326],[-82.368609566943604,28.553015275653529],[-82.368655647362985,28.553000874636496],[-82.368718493563179,28.552987475685768],[-82.368829373332844,28.552961501169438],[-82.368889813684973,28.552986486934138],[-82.368968026341221,28.553039105408399],[-82.369068822073928,28.5530423586758],[-82.369202659727094,28.553037311638807],[-82.369336046967547,28.553067783539579],[-82.369476565829416,28.553051195195085],[-82.36965250566665,28.553021041061463],[-82.36963658024527,28.552789837646543],[-82.369542569277911,28.552589514565],[-82.369560357513024,28.552535644363392],[-82.369609368235146,28.552468174838662],[-82.369690763418419,28.55240117385916],[-82.369728385580913,28.552365097880227],[-82.369736200822061,28.552372499233069],[-82.36975144245352,28.552386571199897],[-82.369766685117312,28.552400644966838],[-82.369781927785141,28.552414718731978],[-82.369796935896773,28.552428932996719],[-82.369812857213176,28.552444193289524],[-82.369826324078701,28.552455736315576],[-82.369869000778237,28.552406776475948],[-82.369883441138754,28.552226357869685],[-82.36994504135923,28.55217565005189],[-82.369970781256015,28.552103089646408],[-82.370101320605954,28.552034848223812],[-82.370149077762917,28.55200564017035],[-82.370209027444858,28.552007575551357],[-82.370225724097963,28.551979502485683],[-82.370240511606141,28.551923932249025],[-82.370256488218359,28.551869405480222],[-82.370275564159272,28.551687731660675],[-82.370329099489268,28.551636395979106],[-82.370548037031924,28.551550945403847],[-82.370654661718845,28.551463172632097],[-82.370689938245889,28.551403867572187],[-82.370729147660469,28.551278168520764],[-82.370759085156621,28.551221705949654],[-82.370783851339979,28.55124861733626],[-82.370828595713306,28.551309385840103],[-82.370947915241857,28.551194972711251],[-82.371001654374837,28.551179787499841],[-82.371032159308712,28.551165429142628],[-82.371102893592806,28.551135716716256],[-82.371140044207763,28.551073260864129],[-82.371142205303613,28.551020997822938],[-82.371139923538223,28.550973851455762],[-82.371188856732232,28.550943923365338],[-82.371226352331661,28.550941694938814],[-82.371263391681794,28.550946328229795],[-82.371296104357299,28.550930929696314],[-82.371408290060216,28.55091707874773],[-82.371473854182767,28.55085420940372],[-82.371548549340176,28.550808525343978],[-82.371697985016539,28.550802885458516],[-82.371937168488031,28.550864001824159],[-82.372015697589276,28.550841812924933],[-82.37208991237172,28.550791239210149],[-82.372168234409884,28.550750293879045],[-82.372295172421616,28.5506811867617],[-82.372354930596273,28.550694251168956],[-82.37244337500573,28.55073526349608],[-82.37254547342269,28.550718706999639],[-82.372642853038769,28.550600713456348],[-82.372759332181289,28.550542396804087],[-82.372850213035861,28.550492920180329],[-82.373046382078513,28.550514957834476],[-82.373109356038967,28.550512581280675],[-82.373204316558713,28.55051564179611],[-82.373390318634662,28.550437507620497],[-82.373412421034516,28.550416314065583],[-82.373437316813764,28.550395819354975],[-82.373459891481787,28.550318765226468],[-82.373443192952763,28.550141195739691],[-82.373396115033856,28.550040888621062],[-82.373418500421295,28.549984930790043],[-82.373441968520609,28.549962427789499],[-82.373473684196966,28.549936316204725],[-82.373471722139328,28.549895783138368],[-82.373502459166843,28.549866307613488],[-82.373566769270866,28.54985259470385],[-82.37364375323709,28.549769348767743],[-82.373690340730548,28.549730993879798],[-82.373675301093186,28.549714255384117],[-82.373659086520618,28.549701071724982],[-82.373586691862442,28.54963251273924],[-82.373493839187361,28.549650837526762],[-82.373472146505776,28.549687311073697],[-82.373443774250219,28.54974082109565],[-82.373388519907039,28.54977462036603],[-82.373349350237035,28.549701923791517],[-82.37331650214297,28.549715242397514],[-82.373249356621685,28.549756312867011],[-82.37321059158964,28.549757775644139],[-82.373148279224708,28.549732018212477],[-82.373084951189966,28.549627133857797],[-82.373062337745125,28.549533160575866],[-82.373082113540391,28.549495859501558],[-82.373098234764782,28.549482587819853],[-82.373115079961877,28.54940333965471],[-82.373130251834894,28.549406605031916],[-82.373144712860906,28.54941317762761],[-82.373152228718041,28.549420296275326],[-82.373167852062551,28.549434223343589],[-82.37321865836914,28.549386374343079],[-82.373269161999715,28.549372103982407],[-82.373315241211259,28.549357702296312],[-82.373393657701655,28.549344258380394],[-82.373422519175705,28.549289820319007],[-82.373472331420004,28.549274253319215],[-82.373517607076266,28.549275710572481],[-82.373585891814216,28.549181698430097],[-82.373641617492993,28.549164281545227],[-82.373720034818618,28.549150837439338],[-82.3737376097328,28.549084777574841],[-82.373791255660137,28.548962002069381],[-82.373812750742758,28.548944307584005],[-82.373841957054267,28.548889219701476],[-82.373944081180298,28.548910016206243],[-82.374014697632731,28.548957522933222],[-82.374105035229945,28.548954111357109],[-82.374205081297291,28.548970693152334],[-82.374264290955892,28.549080580079711],[-82.374300276852495,28.549126446010572],[-82.374309971616853,28.549326647324346],[-82.374314352608522,28.549417096497201],[-82.374309446190253,28.549485844764355],[-82.374314506964936,28.54954773665402],[-82.374312201369037,28.549603481367136],[-82.374336591473579,28.549623309787549],[-82.374343817219312,28.549483057425537],[-82.374344283540083,28.549450493446791],[-82.374343328617158,28.549368588999599],[-82.374343438516931,28.549357764242586],[-82.374342994919019,28.549345604648114],[-82.374406169989868,28.549327483840898],[-82.374526381357342,28.549350462410576],[-82.374670690557537,28.549367844846362],[-82.374709178726221,28.549385216930808],[-82.374733168304786,28.549491950614456],[-82.374749252978631,28.549477073578629],[-82.374747084465596,28.549395677795875],[-82.374801678450922,28.549372106000984],[-82.374930332076417,28.549400839483251],[-82.37495074957188,28.549377559612367],[-82.374537984657536,28.54932021739944],[-82.374375062655005,28.549314263732487],[-82.374353032476961,28.549304901353025],[-82.374338786148883,28.549282766562492],[-82.374342871800195,28.549148961037275],[-82.374325553909983,28.548880119081019],[-82.374326229198076,28.548845670440159],[-82.374377218942143,28.548846450240212],[-82.374404111567699,28.548942553658005],[-82.374423149159512,28.54900730080627],[-82.374485423390084,28.549052067329797],[-82.374627856666621,28.549019417604047],[-82.374669855524743,28.549038374447139],[-82.374668912780933,28.549003000862243],[-82.374715885138968,28.549024203422725],[-82.374825262792129,28.549037377942994],[-82.374863219632701,28.549054509625286],[-82.374887540434685,28.549119991059836],[-82.374934623022725,28.549133337479354],[-82.374965605528786,28.549174782956086],[-82.375043665948581,28.549184101465912],[-82.375075936814497,28.549187953736904],[-82.375074562566013,28.54913639700338],[-82.375074102865227,28.549119139242837],[-82.375073184837788,28.549084722975042],[-82.375090377547409,28.548978527072158],[-82.375136258208613,28.548899277850758],[-82.375157714069061,28.548859914502295],[-82.375182131474233,28.548747606934409],[-82.375246319776267,28.548619931806932],[-82.375351798767255,28.548481603191259],[-82.375569234941096,28.548295979180196],[-82.3759423496805,28.548067224298006],[-82.376053865496331,28.547987229055067],[-82.376117586744598,28.547870321510537],[-82.376093980843706,28.547672528379369],[-82.376113088604612,28.547588824138479],[-82.37615463930193,28.54755335269645],[-82.376127670485459,28.547507478512205],[-82.376174103292726,28.547427274533135],[-82.376204690258021,28.547245845863326],[-82.376251528734869,28.547190984721595],[-82.376297692968123,28.547121823362193],[-82.376391105902087,28.547025578159612],[-82.376406264418961,28.546996414056093],[-82.376358622099787,28.546915376230917],[-82.376436335280914,28.546849031098539],[-82.376453189302907,28.54680267995267],[-82.376451252089439,28.546730062386853],[-82.376363837648697,28.546629000031167],[-82.376123916695761,28.5466137241166],[-82.376093033648914,28.546585517727259],[-82.376029790598523,28.546586834342801],[-82.376000291091131,28.546614117039756],[-82.375976778841462,28.546613756242348],[-82.375945633486054,28.546614406440867],[-82.375867760108235,28.546613218892048],[-82.375626014621034,28.546618241651839],[-82.375595562178418,28.546666436797],[-82.375744398897041,28.546684363242974],[-82.375879918438926,28.546668685393243],[-82.375930255130868,28.546669455596891],[-82.375953614158917,28.54666896772563],[-82.375984763523249,28.546669441828321],[-82.376062626974573,28.546667823063334],[-82.376125399901085,28.546668780726069],[-82.376124698558272,28.546704646127097],[-82.375860259808221,28.54673798800448],[-82.375640821259893,28.546766924186695],[-82.375603982839564,28.546800992837639],[-82.375580219856872,28.546821279983693],[-82.375580957600619,28.546848912071205],[-82.375580417508729,28.546876416854008],[-82.375582025197971,28.546936683229433],[-82.375493533182947,28.546910210624404],[-82.375471765528047,28.546890330934904],[-82.375452478467039,28.546876907836111],[-82.375290644487222,28.546926318844346],[-82.37519143752985,28.546891105825043],[-82.375100397896702,28.54685969157573],[-82.375020078856082,28.546878102782745],[-82.37495751900714,28.546891751985907],[-82.374894415318124,28.546906219278611],[-82.374735740211079,28.546903795972405],[-82.374568438977548,28.54687907421668],[-82.374457541981641,28.546865903660414],[-82.37439716541779,28.546893580662299],[-82.374350745806851,28.546892869474039],[-82.374334930365208,28.546907496678262],[-82.374287034644709,28.546921105144996],[-82.374257012151901,28.546893684608751],[-82.374240447736398,28.546879720549963],[-82.374241922061813,28.546804478562219],[-82.374240455352847,28.546749476021677],[-82.374241789872897,28.546681227544887],[-82.374271468684512,28.546577632120609],[-82.374301164698139,28.546441054346101],[-82.374268451094224,28.546140305592495],[-82.374291312908156,28.546080720682525],[-82.374268767768754,28.545985044652582],[-82.37426995811623,28.545924294100818],[-82.37426849141039,28.545869291553455],[-82.374268937141622,28.545846507165404],[-82.374304605842937,28.545753544618673],[-82.374751917859996,28.545737434863078],[-82.374782021455388,28.545709593120446],[-82.374843671942983,28.545673656930806],[-82.374875206455513,28.545636954759367],[-82.374256174940157,28.545656661321019],[-82.374081162770253,28.545653990809097],[-82.373919635368935,28.545657346657443],[-82.373879066209327,28.545712357583536],[-82.373847131654358,28.545754237346607],[-82.373848216557761,28.545794942486499],[-82.373832421365364,28.545822223981887],[-82.373817126053211,28.546085720231481],[-82.373756221439194,28.546137711929795],[-82.373739403608425,28.546168568588744],[-82.373680043461988,28.546219243098395],[-82.373569126424442,28.546235498946931],[-82.373522352269035,28.546263684955289],[-82.373483099925792,28.546263084591267],[-82.373455539445828,28.546213316989668],[-82.373415729824657,28.546194941156465],[-82.373398323171116,28.546291250557921],[-82.373366228965537,28.546374892702403],[-82.373369496012486,28.546497467381933],[-82.373367608790659,28.546593734100213],[-82.373369057337484,28.546648062657141],[-82.373337121279647,28.546689942301803],[-82.373297711880099,28.546743381596457],[-82.373205370622003,28.546770121790477],[-82.373150742496819,28.5467454612143],[-82.372975429827974,28.546730807954972],[-82.372916894742858,28.54667734542781],[-82.372868292915925,28.546664002466841],[-82.37280792725808,28.546691671516179],[-82.372776515639885,28.54670523419092],[-82.372737799850341,28.54672298030178],[-82.372692361140963,28.546702470339028],[-82.372714698051595,28.54666388997757],[-82.372713281478454,28.546610710903792],[-82.372729623039547,28.546568121661586],[-82.372748871734018,28.546461630708539],[-82.372821446334285,28.54633627612462],[-82.372837357556918,28.546292516813725],[-82.372853098548902,28.546251493860371],[-82.372875772585274,28.546189135909493],[-82.372914530047353,28.546088124497768],[-82.372929733690043,28.545989725971861],[-82.372948046618021,28.545942001488317],[-82.373009508192268,28.545906177634322],[-82.373006686427331,28.545800224601461],[-82.372929008063991,28.545783728447876],[-82.37282868972602,28.54574811700013],[-82.372789471343694,28.545784386822088],[-82.372754538551675,28.54581420848276],[-82.372773928282285,28.545880160460793],[-82.372772915623528,28.545931832985794],[-82.372696081386906,28.545976615843831],[-82.372680868848363,28.545990684459898],[-82.372605819201496,28.546054754379959],[-82.372588056435859,28.546169711499651],[-82.37257237691739,28.546238391851304],[-82.372592013814,28.546305185957987],[-82.372683302700509,28.546320661395352],[-82.372681815529802,28.546396632504027],[-82.372587028106423,28.54641731166371],[-82.372589221552943,28.546499610700899],[-82.372588095923817,28.546556957438607],[-82.37254091530481,28.546597237373899],[-82.372386423559163,28.546594873832635],[-82.372387200680322,28.546624060566177],[-82.372360371570494,28.546651369443651],[-82.372278081084161,28.546596588495245],[-82.372221474477641,28.546580540379672],[-82.372188666412839,28.546521297004571],[-82.372120920771351,28.54636182369989],[-82.372121432104123,28.546335766353661],[-82.372097163828201,28.546212449711788],[-82.372071882426397,28.54607794683335],[-82.371994633224332,28.545977988911794],[-82.371828727741175,28.545981434578536],[-82.371793074384328,28.545965339728969],[-82.371745994614969,28.54595199219424],[-82.37169948799702,28.545924340997558],[-82.37161670004356,28.54588915439227],[-82.371663689288852,28.545827533170065],[-82.371605156563277,28.545759854603787],[-82.371585699701896,28.545707462990762],[-82.371546991219944,28.545743260942636],[-82.371525766201088,28.545759796635657],[-82.371471474589697,28.545710209136189],[-82.371338033197986,28.545691827128881],[-82.371287216577102,28.545707340146123],[-82.371256508758293,28.545716714594214],[-82.371229608531863,28.545724926338458],[-82.371200391992261,28.545874006786878],[-82.371201040372142,28.545898339299264],[-82.37120063547296,28.545918967881345],[-82.371201185017995,28.545939593854129],[-82.371200239912355,28.545987727212854],[-82.371205176820666,28.546173122770853],[-82.371226542165502,28.546269426969037],[-82.3712640793768,28.54620056609177],[-82.371311064668518,28.546186961179188],[-82.371360152257736,28.546171973531148],[-82.371425704030059,28.54611135555578],[-82.371528745714471,28.546172620407209],[-82.371544603430806,28.546172288268266],[-82.371617041347321,28.54619396364193],[-82.371659663554169,28.54623289300671],[-82.37168543325437,28.546324988294145],[-82.371716654911481,28.546378099329136],[-82.371732352423194,28.546502097308291],[-82.371751447285362,28.546550863382897],[-82.371872346465778,28.546682271130543],[-82.371982760919238,28.546762417633918],[-82.372004871341161,28.546782611864899],[-82.371949331362686,28.546847662049124],[-82.372030110265356,28.546941059327189],[-82.37207676241475,28.54700996584814],[-82.372205451046568,28.547138330005399],[-82.372233128427041,28.547188308683108],[-82.372249061263233,28.54720174143673],[-82.372265208222615,28.547216490114003],[-82.372330226385429,28.547244120124109],[-82.372485487635231,28.54739811516707],[-82.372563407718502,28.547463812736826],[-82.372654209760213,28.547502402030432],[-82.37269942154019,28.547543697099567],[-82.372813077852882,28.547462167355139],[-82.372877956007045,28.547491453276404],[-82.372904206280595,28.547585265942462],[-82.372920285609254,28.547639953148852],[-82.372936038790428,28.547779585628685],[-82.372904871345781,28.547860811349221],[-82.372906980447155,28.547939971356694],[-82.372870545352541,28.548067154118662],[-82.372828037347745,28.548066502053651],[-82.372805212519609,28.548087610877332],[-82.372754466312088,28.548130929823262],[-82.372692910234093,28.548103145244745],[-82.372683250990164,28.548060167189238],[-82.372672158008172,28.548010804508632],[-82.372594247524134,28.548012425976573],[-82.372547753375173,28.547998512259316],[-82.372501562965951,28.547999471847152],[-82.372438600209222,28.547957556774382],[-82.372422879155764,28.547957885937524],[-82.372399516842421,28.547957526818355],[-82.372354837756362,28.547958455140876],[-82.372282530034738,28.547861729583175],[-82.372155599586648,28.547754713648938],[-82.372157536317602,28.547655935611502],[-82.372156014174749,28.547598814508291],[-82.372094124514959,28.547518730097725],[-82.372063142599032,28.547477284845762],[-82.372045689151676,28.547463856237556],[-82.371980396947805,28.547493780731489],[-82.371938899766718,28.54757658295047],[-82.371971919049244,28.547688903179857],[-82.371970114139529,28.547781039639492],[-82.371888578501739,28.547816243055923],[-82.371794263783272,28.547788028038209],[-82.371602775349686,28.547636158918252],[-82.371573180852153,28.547609129134315],[-82.371548855773355,28.547588622370625],[-82.371395567805919,28.547561897580547],[-82.371238049124088,28.547682608333144],[-82.371238506985179,28.547699813783836],[-82.371221784069078,28.547788033365769],[-82.371224741771385,28.547899142911835],[-82.371222179124572,28.548029791457068],[-82.371224558872001,28.548119170647993],[-82.371224155090886,28.548139826290551],[-82.371242693495347,28.548620858500325],[-82.371241608116932,28.548676197399892],[-82.371275346805547,28.548719854144831],[-82.371505917303267,28.54871506728934],[-82.371545416677833,28.548751144799574],[-82.371639579699433,28.548777839955221],[-82.371762149539549,28.548814509323243],[-82.371838474032927,28.548797016020799],[-82.371969725031988,28.548799020638814],[-82.372070131181445,28.548776006592401],[-82.372137132464843,28.548675636291424],[-82.372193413637305,28.548659846296605],[-82.372279445045194,28.54869867990427],[-82.372378418818371,28.548645312173161],[-82.372494908577096,28.548620781987452],[-82.372627878650647,28.548742222036651],[-82.372633475520729,28.548905894540475],[-82.372613067352759,28.548850943977037],[-82.372593675681742,28.548823769120009],[-82.372549484320473,28.54892360332866],[-82.3725043645331,28.549001533991042],[-82.372489445072347,28.549155071767878],[-82.372451531896928,28.549218508224197],[-82.372365021599236,28.549264174654343],[-82.372350195519971,28.549388255307917],[-82.372334405510998,28.549415526680789],[-82.372311876608421,28.549519139046176],[-82.37228826358151,28.549580672911734],[-82.372273437375455,28.549704754454723],[-82.372242218230554,28.54977332304442],[-82.372227198516967,28.549842397642582],[-82.372165944691574,28.549860134092793],[-82.372071288099292,28.549838990951418],[-82.371993634429174,28.549856789409578],[-82.371837820622787,28.549890781417247],[-82.37179136438705,28.549912892315444],[-82.371855630829501,28.549940204260086],[-82.371916326420092,28.549938945280427],[-82.371978135171886,28.549966845004995],[-82.372020645871231,28.549984912459738],[-82.371979591058221,28.550019956279296],[-82.371806254328035,28.550077365927557],[-82.37177646448815,28.550104914691378],[-82.371759663080596,28.550119255545685],[-82.371705804001081,28.550118432993457],[-82.371682776886502,28.550036136876102],[-82.371658709968997,28.549954272210819],[-82.371455590843496,28.549938881940506],[-82.371350621650365,28.549869005930731],[-82.371295691332008,28.549818838142581],[-82.371276206500951,28.549732134264097],[-82.371277636924063,28.549659212358872],[-82.371275060513028,28.549562447182314],[-82.371230587849254,28.549542589201312],[-82.371214875957861,28.549845169196303],[-82.371196947569501,28.549923694611433],[-82.371191781731667,28.549965967061144],[-82.371153953122928,28.550047122148491],[-82.371080260668606,28.550063603572941],[-82.371034158083333,28.550061017138436],[-82.370978903239248,28.550077447218655],[-82.370939173701188,28.550139961513292],[-82.370884013872924,28.550183525522542],[-82.370601315629173,28.550187010799792],[-82.370369196529779,28.550254544486695],[-82.370153184320031,28.550334751428675],[-82.370036603012622,28.550389334962514],[-82.36988295756548,28.550389753627581],[-82.36973109997767,28.550362516884167],[-82.369659447018336,28.550330170947856],[-82.369563457116499,28.550302955144584],[-82.369471997977371,28.550304853536545],[-82.369436419242504,28.550304308788725],[-82.369380108351976,28.550267732300398],[-82.36935513766403,28.550200495686354],[-82.369326896049898,28.550176684897629],[-82.369224834247532,28.550207840521491],[-82.369122936546759,28.550221892693315],[-82.369020016231559,28.550167164988526],[-82.368885862442283,28.550123565792781],[-82.368703686563421,28.550084877472237],[-82.368614702529584,28.550058252852175],[-82.368234275216039,28.550041980105753],[-82.368120227400752,28.550085917456574],[-82.368097529136733,28.550087099701589],[-82.367889797719783,28.550040691481797],[-82.367703502946682,28.549984952454349],[-82.367589225638966,28.549952551208182],[-82.367414866567941,28.549882733659025],[-82.367292753297335,28.549868018455665],[-82.367235647304355,28.549894190065579],[-82.367227798020807,28.549897787265174],[-82.367208995561967,28.54978147248864],[-82.367023722607044,28.549637634402909],[-82.366883936607422,28.54956815582322],[-82.3668365069787,28.549539955044864],[-82.366759257397376,28.549541556948913],[-82.366684548602237,28.549473316320977],[-82.366563715056486,28.549428411955702],[-82.366468910287836,28.549401530932595],[-82.366439777823231,28.549348915667473],[-82.366415807264389,28.549308138688698],[-82.366395614735225,28.549253760479097],[-82.366213105169635,28.54923992733362],[-82.366189532034596,28.549155661009067],[-82.366061411614155,28.549158316481734],[-82.365892939512761,28.549139761015006],[-82.365870341324126,28.549111895418491],[-82.365948134509665,28.549089372726858],[-82.366010038146669,28.549065801897292],[-82.365947680206617,28.549048119006788],[-82.36590122124305,28.54903421735542],[-82.365774295098191,28.549016322173394],[-82.36566765787741,28.549048873446868],[-82.365620670571488,28.549062476419188],[-82.365561671384484,28.549080486256816],[-82.365614872636769,28.549125345366704],[-82.365480836402227,28.549159114437298],[-82.365447584301975,28.549174352411061],[-82.365385657039312,28.549287946716319],[-82.365357268405731,28.549365997843093],[-82.365307642608315,28.549424112074824],[-82.365312292304822,28.549599091087675],[-82.365280080751717,28.549654714918059],[-82.365249538246772,28.549739735164529],[-82.365309185258511,28.549841212359247],[-82.365411437659262,28.549952361635356],[-82.365548814710948,28.550052083791627],[-82.365662917568642,28.550156308900331],[-82.365806306819408,28.550277212344586],[-82.365947832687098,28.550406482630549],[-82.366015171380312,28.550550369449702],[-82.365980222541481,28.550734686075511],[-82.365947912467547,28.550790481764995],[-82.365772891304431,28.550975718111463],[-82.365714540982225,28.551082741096412],[-82.365691035268,28.551307585139668],[-82.365729240449753,28.55150177111712],[-82.365614311116829,28.55173031823956],[-82.365599191808201,28.551771889096791],[-82.365582787127579,28.551800220689451],[-82.365584618648498,28.551869211287272],[-82.36571939327078,28.55194671292303],[-82.36578653396937,28.551991411669007],[-82.365849286283179,28.552032222298585],[-82.365900420684227,28.552092741510837],[-82.36595588714367,28.552264372037232],[-82.365974673484175,28.552350868310352],[-82.365943895445568,28.552458269119494],[-82.365928871253175,28.552527343034953],[-82.365913221746894,28.552595868206943],[-82.365891419250815,28.552696104604212],[-82.365835919242471,28.552761096223009],[-82.365781495016407,28.552834878210465],[-82.365696923745915,28.55308879312863],[-82.365614924168469,28.553179048424568],[-82.365564484364214,28.553222095865994],[-82.36551123401884,28.553271333679451],[-82.365439025932162,28.553332961983102],[-82.365259561719029,28.553396021217495],[-82.365197780293926,28.553395073936834],[-82.365106214977516,28.553340631277624],[-82.365054973875587,28.553318852168651],[-82.364979799185534,28.553341796829468],[-82.364935349252747,28.553382896028143],[-82.364889220360766,28.55342226723468],[-82.364857447569591,28.553465340038034],[-82.364826119567638,28.553506412056258],[-82.364830201921762,28.553513404135682],[-82.36483035699743,28.553525186456284],[-82.364731207186367,28.553590402293498],[-82.364579830190578,28.553634223109171],[-82.364292532796185,28.553659104814749],[-82.364075420309277,28.553631687658907],[-82.363875059288134,28.553635835082424],[-82.36375070970908,28.553680757377709],[-82.363628120715603,28.553736933322927],[-82.363565290908284,28.553764054449342],[-82.363463939689609,28.553810497593663],[-82.363315598895753,28.553910509231585],[-82.363286098247372,28.553964613896806],[-82.363239451658742,28.554045162348167],[-82.363192790261735,28.554216415702829],[-82.363134098360746,28.554369319679349],[-82.363116474138309,28.554516714195852],[-82.363077610081234,28.554617963073376],[-82.363054928506031,28.554680319380076],[-82.363039182488166,28.554721341192874],[-82.363023266997175,28.554765099347236],[-82.362990485792807,28.554821704072921],[-82.362898439309873,28.554929484544822],[-82.362850037844368,28.555018252436309],[-82.362705602858171,28.555141520665423],[-82.362682779573461,28.55516262237019],[-82.362609162498615,28.555205519485199],[-82.362589659615836,28.555259132584403],[-82.362572604386713,28.555288585347036],[-82.362449454777845,28.55534174160093],[-82.362335844123052,28.555399919063234],[-82.362253090101106,28.555435638808664],[-82.362216523797542,28.555454009634406],[-82.362341306568709,28.555507049958482],[-82.362429136334782,28.555546382145224],[-82.362442454958682,28.55554519520371],[-82.362691715527021,28.555543039733738],[-82.362697949408414,28.555544153708883],[-82.362697965554332,28.55554886477475],[-82.362720433844984,28.555548804744348],[-82.362754930391958,28.55555662246854],[-82.362769637746638,28.55555658316792],[-82.362775871307903,28.555557603297135],[-82.362775887778994,28.555562408205258],[-82.362799872694907,28.555562344108843],[-82.362835583367669,28.555570158567782],[-82.362847559985696,28.555570126557161],[-82.362853793226705,28.555571052840431],[-82.362853810023111,28.55557595159086],[-82.3628793606198,28.555575883295539],[-82.362916236363461,28.555583694618871],[-82.362925482244194,28.555583669901448],[-82.362931715164805,28.555584502338821],[-82.362931732286668,28.555589494931521],[-82.362959940042487,28.555589419517272],[-82.363000147461747,28.555597221910009],[-82.363009637790796,28.555598146695569],[-82.363009654569666,28.555603038227243],[-82.363039106082454,28.555602959470711],[-82.363079435128412,28.555610761514622],[-82.363100680618658,28.555613829489495],[-82.363468308564961,28.555632815358802],[-82.363510104628617,28.555613663206156]],[[-82.370175001691763,28.551813056471005],[-82.370147688835772,28.55182501744348],[-82.370139166068526,28.551807581331179],[-82.370175001691763,28.551813056471005]],[[-82.363993363410032,28.555033751953374],[-82.36398259198775,28.555000861722469],[-82.364020698812951,28.555010371256806],[-82.363993363410032,28.555033751953374]],[[-82.370161245081903,28.551848396168332],[-82.370144719898548,28.551895693081146],[-82.370129696983213,28.551869930765591],[-82.370139262246809,28.551835084347132],[-82.370161245081903,28.551848396168332]],[[-82.374237855744639,28.548919007094668],[-82.374265041168428,28.548913547003625],[-82.374287959673936,28.548942665459599],[-82.374223259473311,28.548955407062511],[-82.374209470598146,28.548908573986303],[-82.374237855744639,28.548919007094668]],[[-82.373601645979321,28.548786482161908],[-82.373639611405721,28.548795704263934],[-82.373613061476661,28.548846873156318],[-82.373572626504014,28.548852262194039],[-82.373601645979321,28.548786482161908]],[[-82.36414396845224,28.554959474520615],[-82.364153726990907,28.55494539622828],[-82.364190538344403,28.554952946603876],[-82.364197200603869,28.554971636011583],[-82.364057071133686,28.555012989761462],[-82.364048348145531,28.554988531809272],[-82.36414396845224,28.554959474520615]],[[-82.364318529035302,28.554898082095313],[-82.364324861812506,28.554889930519508],[-82.36434684456637,28.554903243277106],[-82.364326458098375,28.554939194816495],[-82.364209724708999,28.554962628656742],[-82.364257070915528,28.554918573988353],[-82.364318529035302,28.554898082095313]],[[-82.372572894597297,28.546656416162755],[-82.372524253758797,28.546718805601127],[-82.372481840826026,28.546681993729639],[-82.372519439292049,28.54663044281871],[-82.372572894597297,28.546656416162755]],[[-82.364458137863238,28.554856077985857],[-82.364504856456904,28.554831024554353],[-82.36459812256966,28.554800695556533],[-82.36460487970416,28.554792916396178],[-82.364658415938621,28.554800798903596],[-82.364639025134565,28.554840049471508],[-82.364549081583192,28.554857059181234],[-82.364381613720354,28.554916354779532],[-82.364375882470526,28.554882826633534],[-82.364458137863238,28.554856077985857]],[[-82.369282760159734,28.550423230058342],[-82.369138829619189,28.550398263933765],[-82.369111447739357,28.550336143775471],[-82.369117887182014,28.550306892297154],[-82.369161749460801,28.550291817680002],[-82.369168176113675,28.550270038501452],[-82.369198286204735,28.55027696419053],[-82.369221524199162,28.550305406782645],[-82.369246878977791,28.550321347124097],[-82.369334372461935,28.550297619463826],[-82.36938863323914,28.550306932871219],[-82.36937536211525,28.550367204600921],[-82.369282760159734,28.550423230058342]]],[[[-82.3768366933555,28.542112667754058],[-82.377074915691566,28.542127835312993],[-82.377010689093396,28.54216527755116],[-82.376880278640215,28.542184393769361],[-82.376777356381893,28.542253806695232],[-82.376684521739207,28.542293896210118],[-82.376596818353164,28.542454811822807],[-82.376470027318888,28.542521752427771],[-82.376453182104129,28.54258361478999],[-82.376429341231756,28.542624798681352],[-82.376453474470452,28.542665848679452],[-82.376468908558735,28.54271465493628],[-82.376375687341593,28.542776077517587],[-82.376355818078977,28.54286748271732],[-82.37626158420683,28.542886406940681],[-82.376235743256885,28.54274896201856],[-82.376202716965267,28.542735577079387],[-82.376141418896722,28.542763676995779],[-82.376142535305533,28.542805536134374],[-82.37625311840938,28.542933389942622],[-82.376251534946078,28.543014319732407],[-82.376220256215731,28.543123519974749],[-82.376185682879722,28.543183242340053],[-82.376128080694059,28.543216817332368],[-82.376013708771993,28.543289934815814],[-82.375957834356583,28.543341611292686],[-82.375926330598361,28.543327389213943],[-82.375885272322805,28.543314027337342],[-82.375864331690181,28.543410346859961],[-82.375831449718277,28.543437665959946],[-82.375755449710951,28.543403359097343],[-82.375705054590455,28.543381940749068],[-82.375601500426811,28.543384094159048],[-82.375536968047925,28.543369681812948],[-82.375476662069843,28.54338809568312],[-82.375459623323735,28.543466473068573],[-82.375443833963118,28.543493744813841],[-82.375428106548767,28.543595552320831],[-82.375429431144511,28.543645190855944],[-82.375428758032044,28.5436795718445],[-82.375430773605132,28.543755200352013],[-82.375428764875636,28.543857876776826],[-82.375446059829528,28.544016856329922],[-82.375480103291238,28.544016147706166],[-82.375512923731691,28.543834542382044],[-82.375570998046754,28.543809466380409],[-82.375612249779564,28.543771314167852],[-82.375633473754405,28.54375477693862],[-82.375704674709695,28.543786918897283],[-82.375739510632812,28.543754699231265],[-82.375772279022499,28.543740547403058],[-82.375710282243048,28.543688280405991],[-82.375693869465778,28.543648420763326],[-82.375772505720946,28.543602583610578],[-82.375808642233608,28.543603135095282],[-82.375833805805243,28.543673056301007],[-82.375797408987111,28.5437359291669],[-82.375818831345498,28.543753988852288],[-82.375900734703237,28.543828792562284],[-82.375999334842334,28.543856744750599],[-82.376043180762423,28.543896790065197],[-82.376068524148394,28.543987351734827],[-82.37614085520805,28.544080942339544],[-82.376251316107897,28.544047213672393],[-82.376303096255185,28.543999325616632],[-82.376301742780541,28.54394857910285],[-82.376380106126049,28.543931481860938],[-82.376490399341208,28.543902964473855],[-82.376529666693074,28.543866650137826],[-82.376550642981385,28.543802053061455],[-82.376486567968954,28.543765209553179],[-82.376456669870464,28.543737903740638],[-82.376457195431882,28.543710976480678],[-82.376441207537255,28.543683781888493],[-82.37642160836387,28.543631012377798],[-82.376347523657685,28.543615283315191],[-82.376332200778293,28.543598075762077],[-82.376380016594965,28.543560186655522],[-82.376472109554925,28.543614937967629],[-82.376550385262689,28.543641949018564],[-82.37663359269628,28.543700878326238],[-82.37666703600803,28.543731424491742],[-82.376698902767956,28.543758288966508],[-82.376722177063556,28.543779546675029],[-82.376799888159141,28.54377792792344],[-82.376922252377099,28.54377979364342],[-82.376955574562629,28.543764519288224],[-82.37702983931554,28.543798041646518],[-82.37709562778798,28.543777952461184],[-82.377142611237886,28.543764346445339],[-82.377191200408632,28.543735065930555],[-82.377375198350833,28.54373786809963],[-82.377391875679137,28.543707273960102],[-82.37739117154463,28.543680880691014],[-82.377407275267345,28.543653063738947],[-82.377406526528532,28.543625051797193],[-82.377453213643804,28.54354440269509],[-82.377468069980011,28.543362474175602],[-82.377515455681305,28.543280618485294],[-82.377623662555877,28.543282267572962],[-82.377659809574055,28.543248835538652],[-82.377638682950575,28.543212899980997],[-82.377630977629153,28.543192156778527],[-82.377607537971244,28.543172396664961],[-82.377591881791332,28.543102741711451],[-82.37757464660929,28.543073426613244],[-82.377544547871778,28.543048050797275],[-82.377565528434261,28.543011807756685],[-82.37765713677453,28.542992822256053],[-82.377818723443767,28.543021577881973],[-82.377840594440542,28.543061070167276],[-82.37787362205826,28.543074454701699],[-82.377994427132961,28.543019074886349],[-82.378058480420506,28.543020051566995],[-82.378119949313088,28.542963201784662],[-82.378167395317988,28.542991408528415],[-82.378183114589618,28.542991079612197],[-82.37821426287546,28.542991553213842],[-82.378230786540328,28.542961238221132],[-82.378228651103541,28.542881214798957],[-82.3783078096411,28.542847031147652],[-82.37838537420761,28.542811472215192],[-82.37843174093662,28.542812179476638],[-82.378449581641647,28.54273009990008],[-82.378383324444457,28.542674243855586],[-82.378384583284713,28.542609876487472],[-82.37850888231867,28.542591652030335],[-82.378539639857152,28.542570324325755],[-82.378490343750556,28.542549377674202],[-82.378294881518514,28.542553444159743],[-82.37826632266885,28.542451396953496],[-82.378305743380693,28.542399694986688],[-82.378320879368601,28.542364554527012],[-82.378234605330732,28.542308451885873],[-82.378216207506043,28.542297239226613],[-82.37814911388206,28.542235111425839],[-82.378107989789271,28.542197552367245],[-82.378097967277569,28.542142868731382],[-82.378087177551762,28.542083660193779],[-82.378069506692626,28.541988980902559],[-82.378051046979664,28.54190317109283],[-82.378071921872888,28.541830288773532],[-82.378145755843249,28.541787247336973],[-82.378155526784496,28.541758901108327],[-82.378162907840419,28.541737490598489],[-82.378146848498815,28.541737825872179],[-82.378094635445038,28.5417389123966],[-82.377990613959412,28.541741077040278],[-82.377954042170103,28.541740931591487],[-82.377945193841398,28.541740341724896],[-82.377892145296016,28.541739533779314],[-82.37786698667469,28.541727085632616],[-82.377839526962148,28.541713813731459],[-82.377915323962441,28.541644152455955],[-82.377914016174117,28.541631607260918],[-82.377897516248836,28.541575485254757],[-82.377929105092932,28.541561799090509],[-82.377928251610228,28.5415239411073],[-82.377928274683626,28.541506642293523],[-82.377928761989565,28.541492579781661],[-82.378001190126795,28.541493165033629],[-82.37801555801714,28.541490185217192],[-82.378052971293926,28.54147876031567],[-82.378124621210247,28.541458007340502],[-82.37815811634529,28.541463945307459],[-82.378239657328365,28.541479395460851],[-82.378270699961604,28.541477878786093],[-82.378302189146453,28.541492094050586],[-82.378342518263509,28.541501977813279],[-82.378349219567184,28.541491961221983],[-82.378370547891166,28.54145282689052],[-82.378389475357793,28.541454729521771],[-82.378529368805914,28.541472870091976],[-82.378660094686097,28.541490285334476],[-82.378675989451892,28.541504803868275],[-82.378707323107179,28.541513515201679],[-82.378723978542737,28.5415181455779],[-82.378738592805291,28.541504629283125],[-82.378761408923367,28.541483524897256],[-82.378786694149042,28.54146193718519],[-82.378808823976968,28.541455516670119],[-82.378928376479749,28.541413129598475],[-82.378941590722889,28.541407312338929],[-82.378971431050104,28.541379938714122],[-82.379006009827464,28.541367446774725],[-82.379026098965355,28.541381862424998],[-82.379088263466954,28.541429243092605],[-82.379146201624565,28.541474624216509],[-82.379158721498996,28.541502335294361],[-82.37917445993773,28.541541380692369],[-82.379159848599826,28.541544569751341],[-82.379085172496275,28.541560867846375],[-82.379074221436056,28.541591457943856],[-82.379066021287571,28.541614363258134],[-82.37908533886916,28.541626464747321],[-82.379158252098819,28.5416700354745],[-82.379221777370248,28.54170955199999],[-82.379244249610068,28.541723406925321],[-82.379268848998464,28.541722895175312],[-82.379292022340707,28.541733354436275],[-82.379309238844414,28.541741125118644],[-82.379327501036954,28.541774374038411],[-82.379295079953593,28.541786760775608],[-82.379227591664801,28.541814531066702],[-82.379176955933303,28.541835765547038],[-82.379094998275392,28.541872444364511],[-82.379004992709341,28.541916348066977],[-82.378952259976643,28.541944992010702],[-82.378905959643475,28.541951882436354],[-82.378864725368388,28.541959541040558],[-82.378818989552528,28.541971702230395],[-82.378747935213738,28.541987324111535],[-82.378760582537879,28.542006968857503],[-82.378764893102442,28.542016210324412],[-82.378778070683538,28.54203725672728],[-82.378783322080523,28.542047555817991],[-82.378788791333307,28.542057339065025],[-82.378794786502453,28.54206988290548],[-82.378798832745474,28.542077218465504],[-82.378806711657035,28.542088745528368],[-82.378810667272305,28.542106166787416],[-82.378822242366354,28.542129148661925],[-82.378822580871997,28.542171211167101],[-82.378818150428799,28.542198729535578],[-82.378819068422629,28.542233106102266],[-82.378818798801916,28.542246858505379],[-82.378821620613408,28.542291541694365],[-82.37882312102542,28.542322477820768],[-82.378818886862661,28.542340023889665],[-82.378823401311294,28.542349980340422],[-82.378822133659924,28.542359540552109],[-82.378825368849277,28.542396662788558],[-82.378825907088384,28.542409436606601],[-82.378826772297572,28.542432485352137],[-82.378828671734851,28.542461274601866],[-82.378837308237067,28.542568295917683],[-82.378835798629439,28.542645609849316],[-82.378836348614996,28.542666235790168],[-82.378835543845597,28.542707492985468],[-82.378840170098712,28.542734984281505],[-82.378839561296303,28.542755612552504],[-82.378840317701872,28.542776238819449],[-82.378836288951533,28.54278322604344],[-82.378836597645446,28.542824379069707],[-82.378836794448603,28.542879385119548],[-82.378852894124336,28.54289513023781],[-82.378862055352613,28.542956866188028],[-82.378899480619324,28.542989223419813],[-82.378915053759926,28.542989179965819],[-82.378930635077523,28.542948019596899],[-82.378944633615973,28.542896610362501],[-82.378950975755373,28.542873315019492],[-82.378992427250594,28.542851447548323],[-82.37903822469724,28.542807018476939],[-82.379147961486112,28.542796006775255],[-82.379210205705547,28.542782081320833],[-82.379272448886439,28.542768155840839],[-82.37936583826108,28.542754143323506],[-82.379443605227934,28.542726422746462],[-82.379459129047532,28.542712627718714],[-82.37949022595997,28.542698789169627],[-82.379504603741779,28.542686846232396],[-82.379526091615389,28.54268258578962],[-82.379599188337508,28.54268473297121],[-82.37963023591962,28.542657142878664],[-82.379692528281197,28.542656968718617],[-82.379692725527619,28.54271197476438],[-82.379708348961586,28.542725682728271],[-82.379723971377729,28.542739390693175],[-82.379755166902299,28.542753055106211],[-82.379770789328518,28.542766763065583],[-82.379797104742352,28.542776811908592],[-82.379817557975372,28.542780383910472],[-82.379822300632043,28.542730578666994],[-82.379848547973751,28.542736750339081],[-82.379848753523902,28.542794048301673],[-82.379973542579648,28.542807312770648],[-82.379973634494732,28.542876208815102],[-82.379973782540361,28.542917463346782],[-82.379988789833561,28.542934297802077],[-82.380005332450509,28.542986000659891],[-82.380020995476201,28.543054848615487],[-82.380036716695685,28.543096059563059],[-82.380067863004172,28.543095972392155],[-82.380083386795178,28.543082177294032],[-82.380098910582134,28.543068382194157],[-82.380114434365069,28.543054587092506],[-82.380145531289898,28.543040748393913],[-82.380176628206542,28.543026909688244],[-82.380203775913571,28.543018853393814],[-82.380192497614132,28.543109375146898],[-82.380192546991552,28.543123126656663],[-82.38020816952897,28.543136834563914],[-82.380239366254244,28.543150498860321],[-82.380254988801767,28.543164206762029],[-82.380270660741019,28.543191666171378],[-82.380301807076791,28.543191578946548],[-82.380348477182352,28.543177696586532],[-82.380364000948262,28.543163901456726],[-82.380394900256817,28.543095056663503],[-82.380425997156038,28.543081217901001],[-82.380441520897747,28.543067422762388],[-82.380456846985894,28.542998620681566],[-82.380487894433173,28.542971030395453],[-82.380518645348204,28.542860931044252],[-82.380534070203367,28.542819632875414],[-82.380533967836129,28.542791149022975],[-82.380533965355355,28.542790458740487],[-82.380565116534115,28.542791752021337],[-82.380565337309804,28.542853178138607],[-82.380565396685043,28.542869697996821],[-82.380545031303399,28.542942897776079],[-82.380549168329907,28.543011274463375],[-82.380554514990948,28.543194157296767],[-82.380560503894145,28.54330865546191],[-82.380559741191576,28.543339822585818],[-82.380558863454837,28.543375660538935],[-82.380556375647558,28.543477287129718],[-82.38059556216497,28.543530926933393],[-82.380602015506341,28.543530698600918],[-82.380633006213529,28.543496388723245],[-82.380654811818957,28.543477011227466],[-82.380655630326942,28.543440056344782],[-82.380651726997939,28.543408285100906],[-82.380649751121084,28.543392201934505],[-82.380640119874514,28.543358635751787],[-82.380659615920749,28.543327861870338],[-82.380652281316415,28.543308928798957],[-82.380663795060514,28.543153820531405],[-82.380665973984975,28.543107572252492],[-82.380679772491035,28.543032303756465],[-82.380686618386392,28.542979830690797],[-82.380691210923786,28.542952901040572],[-82.380690453156703,28.542945070861535],[-82.380643279733135,28.542874333387779],[-82.380658704541403,28.542833035205334],[-82.380658358480616,28.542736774637504],[-82.380658210169372,28.54269552010803],[-82.380689257475723,28.542667929775995],[-82.380689208034738,28.542654178266098],[-82.38067323943288,28.542544208940431],[-82.380657841382444,28.542475259252502],[-82.380669313327132,28.542475395831559],[-82.380703227372379,28.5424757907276],[-82.380704484465483,28.542571625547549],[-82.380720255320924,28.542626587927018],[-82.380736274450868,28.54275030784969],[-82.380751995901065,28.542791518714079],[-82.380814387248634,28.542818847057511],[-82.380845582934384,28.542832511218325],[-82.380876729162438,28.542832423862631],[-82.380938972144321,28.542818497620654],[-82.380970068890107,28.542804658734443],[-82.381032262357152,28.542776980940822],[-82.381078882690019,28.542749346822486],[-82.38109440629762,28.542735551609816],[-82.38110968242286,28.542652998849565],[-82.381109335951436,28.542556737381926],[-82.381093663891875,28.542529278067988],[-82.381078041331634,28.542515570261632],[-82.381063074744645,28.54247997979083],[-82.381062220819231,28.542446856414731],[-82.38104644981469,28.542391894074981],[-82.381030777796255,28.542364434752727],[-82.380983910225623,28.542323311304454],[-82.380976098957646,28.542316454687782],[-82.38097604948014,28.542302703177633],[-82.380983811268564,28.542295808284184],[-82.380983890654988,28.542274703250541],[-82.381014759408345,28.542240714857634],[-82.381030282950647,28.542226919651892],[-82.381041318217001,28.542212202215094],[-82.381092525556511,28.542212993341877],[-82.381123671601429,28.542212905931279],[-82.381146758459437,28.542137087955293],[-82.381146907376575,28.542178458886404],[-82.381162480393868,28.542178415175808],[-82.381158798586895,28.542240573218304],[-82.381158884145876,28.542260935163817],[-82.381154052374939,28.542309082203776],[-82.381154414986781,28.542322666804381],[-82.381170836192922,28.542336538391108],[-82.381207167163709,28.54233984454218],[-82.381222647308647,28.542308889652844],[-82.381264077397532,28.542281270041343],[-82.381310746973128,28.542267387353796],[-82.381357317482539,28.542226001630922],[-82.381378740577418,28.542178269083941],[-82.380977935227563,28.541594488831006],[-82.380934569108646,28.541594610486754],[-82.380924299936268,28.541591620065834],[-82.380887800848427,28.541580990020584],[-82.380778740887791,28.541567544218971],[-82.380778641987121,28.541540041195002],[-82.380931613531772,28.541539686167454],[-82.380940269457469,28.541539626694931],[-82.380928327817188,28.541522234216941],[-82.380510782414561,28.540995328785353],[-82.380508182656641,28.54100210632215],[-82.38048091857668,28.541073180578902],[-82.380465806600483,28.541114753989955],[-82.380428243484729,28.541197280705752],[-82.380419722649179,28.541334772364884],[-82.380404297958478,28.541376070528113],[-82.380388774457145,28.541389865663607],[-82.380389682026873,28.541396738044703],[-82.380357727442359,28.541417455929288],[-82.38034220392889,28.541431251059489],[-82.380326680411386,28.541445046187931],[-82.380311206279259,28.541472592827528],[-82.380295682751679,28.541486387952435],[-82.380264586300896,28.541500226684029],[-82.380233391083095,28.541486562382641],[-82.380171098392125,28.541486736787132],[-82.380156171241893,28.541486767747219],[-82.380081879855368,28.541486922461623],[-82.380063628525065,28.541486645092021],[-82.380015418567965,28.541500924179523],[-82.379984322075515,28.541514762847317],[-82.37996879849878,28.541528557935237],[-82.379955899993647,28.541571665388368],[-82.379952538918545,28.541672994865316],[-82.379938170730753,28.541673035065759],[-82.379938633589958,28.541690395681456],[-82.379857892417604,28.541708015952519],[-82.379812306911589,28.541707321427182],[-82.379773769063249,28.541672126084677],[-82.37967370974458,28.541708292812537],[-82.379567025653074,28.541723934424546],[-82.379521403562563,28.541703340614564],[-82.379499934351486,28.541693649935269],[-82.37942334690176,28.541623706158518],[-82.379425111804693,28.541533348182949],[-82.37950161872925,28.541488747422619],[-82.379547084634638,28.541446693157514],[-82.379625841112556,28.5414746476599],[-82.379826068040828,28.541543739349102],[-82.3798917735689,28.541542370783812],[-82.37989066038395,28.541500678601853],[-82.379797143192633,28.54147416867465],[-82.379632842757573,28.541425023784839],[-82.379485255286156,28.541268490600977],[-82.37942368850149,28.541233091511778],[-82.37937565386764,28.541103776100336],[-82.379309376048738,28.541031741602417],[-82.37931278600837,28.540853460482786],[-82.379312698632702,28.540829067784248],[-82.379312963885909,28.540794430743034],[-82.379307672598799,28.54076072509644],[-82.379299821013419,28.540714307223315],[-82.379293290038561,28.540675697213793],[-82.379199625806535,28.540636986744389],[-82.379144764953878,28.540649565137301],[-82.379123356436295,28.54065447407892],[-82.379088979056121,28.540662356335524],[-82.379046814429444,28.540672023490785],[-82.379011672525777,28.540656161895537],[-82.379000122649202,28.540651326008426],[-82.378989648793066,28.540647350656307],[-82.378977806284652,28.540643263623412],[-82.378961478464007,28.540637629863443],[-82.378922006865679,28.5406240100079],[-82.37890724716928,28.54060426649459],[-82.37887930797622,28.540566892845],[-82.37886601619374,28.540531016814821],[-82.378854000756391,28.54049858235474],[-82.378843907602914,28.540471340908883],[-82.378855077846893,28.540452044797778],[-82.378869044958321,28.540427916073355],[-82.37888262718522,28.540404172817897],[-82.378889473495676,28.540391878289569],[-82.378922865880753,28.540330632666628],[-82.378949074784984,28.540308254602991],[-82.378996550699171,28.540267718057166],[-82.379016366021929,28.540250798931154],[-82.379053275180809,28.540234861660103],[-82.379081748767192,28.540222566308234],[-82.379092748742423,28.540219380120725],[-82.379190092779595,28.540191184549393],[-82.379341883414313,28.540168927623526],[-82.379384591837422,28.540129424805794],[-82.379387630171408,28.540100157957752],[-82.37939876258865,28.539990482674686],[-82.37940366962772,28.539948601311856],[-82.379412165529374,28.539907336145646],[-82.379418382839404,28.539878082070611],[-82.379418539325215,28.539864717984202],[-82.379417965940036,28.539843290825726],[-82.379417132542855,28.539812037013156],[-82.379422144299753,28.539794538376597],[-82.379212860385564,28.539592776885438],[-82.37907969352122,28.539670409695518],[-82.37899439261831,28.539688417550149],[-82.378934347338458,28.539633578483979],[-82.378913341417743,28.53961587002771],[-82.378794292875341,28.539661747732517],[-82.378696409222059,28.539676098122609],[-82.378533429881585,28.539713466314787],[-82.378420547225062,28.539662514484288],[-82.378311178858198,28.539649342754757],[-82.378243676567365,28.539634264997588],[-82.378155566603013,28.539594494316447],[-82.378046109501312,28.539556723937121],[-82.377937345289212,28.539581659638653],[-82.377817008817118,28.539554782618229],[-82.377719024699999,28.539540977779787],[-82.377654514842916,28.539526569964941],[-82.377563363874643,28.539472377136342],[-82.377442519022836,28.539412321260521],[-82.377375707308772,28.539383925322358],[-82.377299928767471,28.539349719734386],[-82.377209270455353,28.539330469306147],[-82.377092262739239,28.539206360694472],[-82.376929957505098,28.539160348893279],[-82.376865775154869,28.539074495231119],[-82.376843644703271,28.538899726492396],[-82.376844792609859,28.538840969251748],[-82.376984777958953,28.538800427517199],[-82.377000890243551,28.538785523057353],[-82.37707849626976,28.538786707128828],[-82.377077710793117,28.53875723528056],[-82.376922188677995,28.538760470580876],[-82.376829762286064,28.538759062255679],[-82.37676666369029,28.538773528583032],[-82.376557855725395,28.538792147295258],[-82.376455359846474,28.538815647755396],[-82.376377232404849,28.538829339846142],[-82.376309212497134,28.538844935794902],[-82.376146555648546,28.538873443764349],[-82.375972952084737,28.538913245754404],[-82.375856640322311,28.538938626589907],[-82.375711094461707,28.538976258966912],[-82.375531373143488,28.539036889789006],[-82.375405621885861,28.538999265190714],[-82.375282923495632,28.539055515094773],[-82.375283479618801,28.539069137086173],[-82.375286583548956,28.539145148842159],[-82.375292542341498,28.53919689871368],[-82.375293155402602,28.539222838389385],[-82.37529479768132,28.539238174531654],[-82.375295089223727,28.539305447676895],[-82.37529567958542,28.539338245198067],[-82.375296187537671,28.539358457110104],[-82.375297119572807,28.539403183522321],[-82.375298044989194,28.539425858570702],[-82.375301839289619,28.539518764728324],[-82.375304546057095,28.53958505847374],[-82.375309222425926,28.539609402409788],[-82.375309551386621,28.539611112337028],[-82.375309577710325,28.539623153087224],[-82.375304748522694,28.539671020222151],[-82.375304532246076,28.539682076287605],[-82.375322994358982,28.539729230271043],[-82.375321705434715,28.539795145246067],[-82.375337697585351,28.539822349003021],[-82.375337425922041,28.539836228642624],[-82.375337793473179,28.539849979285577],[-82.375337523402578,28.539863731690797],[-82.375338257486618,28.539891233881747],[-82.375337000404599,28.539955463196559],[-82.375355253062182,28.540322024376124],[-82.375350945383346,28.540542103409628],[-82.375389922455398,28.541376232155169],[-82.375389652534011,28.541390025162269],[-82.375390419647402,28.541418765265252],[-82.37542790193568,28.541450364446618],[-82.375559866424666,28.541495905178049],[-82.375639115410678,28.541471707214036],[-82.375810681399471,28.541457756086086],[-82.376015150850435,28.541430792135898],[-82.376058468814691,28.541470355274317],[-82.376092002162309,28.541484205359062],[-82.376132948278041,28.541446335358909],[-82.376277704971528,28.541497718700558],[-82.376367424750782,28.541524697263327],[-82.376521398045512,28.541441660349207],[-82.376543185175947,28.541441992457084],[-82.376581271094011,28.541510766032467],[-82.37660524374536,28.541551541243372],[-82.376628597025714,28.541593712282019],[-82.376683099836725,28.541592577560284],[-82.376704475171834,28.541592904467926],[-82.376739589777685,28.541639874888386],[-82.376745431949502,28.541647690085025],[-82.376820858054302,28.54166370667728],[-82.376870923174735,28.541730673829086],[-82.376870110507824,28.54177222340337],[-82.376783870203639,28.541770911591822],[-82.376740818639448,28.541693174477953],[-82.376675535654613,28.54166542907047],[-82.376411990579044,28.541695919895211],[-82.376340957627804,28.541717610497237],[-82.376278748646399,28.541703715412048],[-82.376118693592488,28.541686895251065],[-82.376014317759584,28.541718767086643],[-82.375981002368789,28.541718258372487],[-82.375890802529682,28.541677541862555],[-82.375811101817661,28.541664030649123],[-82.375767481406911,28.541644339591432],[-82.375733604201798,28.541679879933884],[-82.375774410946093,28.54178408649561],[-82.375837623461919,28.541755108883184],[-82.375868660840752,28.541783456600548],[-82.375947081414949,28.54174750687508],[-82.376114328385995,28.541777276644595],[-82.376169752622772,28.541751869350243],[-82.376216401692346,28.541772928857068],[-82.376323082959573,28.541770709474946],[-82.37649680484077,28.541785899776421],[-82.376512626125844,28.541785570771854],[-82.376545943151314,28.541800613333045],[-82.376574880108933,28.541827039314473],[-82.376652482434579,28.541785189249715],[-82.376686287305418,28.54177161904288],[-82.376761698516759,28.541842589084911],[-82.376716768361575,28.541994232771902],[-82.3768366933555,28.542112667754058]],[[-82.380184067129235,28.542569194471728],[-82.380194288940984,28.542552428363926],[-82.380182812114711,28.542579963794147],[-82.380184067129235,28.542569194471728]],[[-82.37872975495759,28.539949273274697],[-82.378702446139712,28.539961237755655],[-82.378693922942105,28.539943800349505],[-82.37872975495759,28.539949273274697]],[[-82.377742673563105,28.542635674864599],[-82.377728754241247,28.542659316072875],[-82.377722406374488,28.542628083915027],[-82.377742673563105,28.542635674864599]],[[-82.379232817348438,28.541270105353398],[-82.379218898536948,28.54129374671431],[-82.379212550318258,28.541262514623213],[-82.379232817348438,28.541270105353398]],[[-82.378700859722755,28.5399865230284],[-82.378664224411636,28.540003592778984],[-82.378678448597611,28.539971346811058],[-82.378700859722755,28.5399865230284]],[[-82.377346886955834,28.542134067555669],[-82.377383286965127,28.542140452419059],[-82.377367020528084,28.54216613398777],[-82.377334455615426,28.542156324011369],[-82.377346886955834,28.542134067555669]],[[-82.377978919726658,28.542744692318024],[-82.377924502861916,28.54277092679391],[-82.377894102982324,28.542737619427694],[-82.377978919726658,28.542744692318024]],[[-82.37966522276669,28.542478504618604],[-82.379629605635202,28.542479920707603],[-82.379600710101371,28.542466451056825],[-82.379629496368565,28.542450869299319],[-82.379657682747023,28.542429859837782],[-82.37966522276669,28.542478504618604]],[[-82.379077233591701,28.541268260439029],[-82.379041340041823,28.541262569415309],[-82.379025667017686,28.541261186562256],[-82.379005409034988,28.541255833577573],[-82.379013060561576,28.541250093195202],[-82.37905062484262,28.541230094471381],[-82.379056672755368,28.541221694856702],[-82.379093924966142,28.541229560331058],[-82.379077233591701,28.541268260439029]],[[-82.380164052494735,28.541693032181161],[-82.38015625582382,28.541684805724127],[-82.380125070759661,28.54167938965362],[-82.380140594334463,28.541665593645789],[-82.380140544966778,28.541651842132985],[-82.380124922659448,28.541638134212821],[-82.380135255252313,28.541624353638387],[-82.380156068538781,28.541638047025746],[-82.380171690850077,28.541651754942286],[-82.380200074749538,28.541662508963],[-82.380202947832004,28.541682609550321],[-82.380179610630591,28.541688863130162],[-82.380164052494735,28.541693032181161]],[[-82.375514533614364,28.543624328066088],[-82.375567782418244,28.543631778499901],[-82.375551384002137,28.543684973442506],[-82.375493221739887,28.543670537143399],[-82.375514533614364,28.543624328066088]],[[-82.380564573903982,28.542640775961861],[-82.380564969303151,28.542750788042021],[-82.380565017310957,28.54276414523369],[-82.380533872518996,28.542764626835929],[-82.38053342711504,28.542640691802728],[-82.380564573903982,28.542640775961861]],[[-82.377200962797772,28.542100717352202],[-82.377195385221086,28.542081425488448],[-82.377222057862426,28.542065655204354],[-82.377228454263118,28.542115151506568],[-82.37727261376115,28.542164412059677],[-82.377198025624224,28.542181227721024],[-82.377171247980584,28.542140275432253],[-82.377200962797772,28.542100717352202]],[[-82.38056372465077,28.542454241376248],[-82.380563663315257,28.542465323175524],[-82.380548457166384,28.542489552088817],[-82.380548654856071,28.542544558130437],[-82.380564310446857,28.542595052468307],[-82.380564497550452,28.542627492841216],[-82.380533375025507,28.542626197674874],[-82.38053308178381,28.542544601771151],[-82.38051731103802,28.542489639368259],[-82.380501101073108,28.542473396665457],[-82.380501639141272,28.542462179984167],[-82.380517212201468,28.542462136347172],[-82.380517113365073,28.542434633325968],[-82.380563832533312,28.542434502404422],[-82.38056372465077,28.542454241376248]],[[-82.38054737820913,28.542271791792178],[-82.380540611695963,28.542295464673899],[-82.380532291060746,28.542324577601558],[-82.38053234048067,28.542338329112368],[-82.380548111210757,28.542393291514887],[-82.380563783109082,28.542420750893871],[-82.380517063946911,28.542420881815346],[-82.380516767438735,28.542338372750926],[-82.380501095564995,28.542310913365945],[-82.380485423699454,28.542283453978964],[-82.38049313609433,28.542262804895277],[-82.380485275458369,28.542242199445905],[-82.380520314771033,28.542242101265071],[-82.380532043961608,28.542255820047099],[-82.38054737820913,28.542271791792178]],[[-82.376237838376866,28.543298899560607],[-82.376221575619027,28.543271964673064],[-82.376213963305304,28.543237344956829],[-82.376264551257961,28.543245729193128],[-82.376283966107124,28.543299295104525],[-82.376330899785017,28.543359117367796],[-82.376259961173574,28.543379779903788],[-82.376237838376866,28.543298899560607]],[[-82.380609859680362,28.542241850317417],[-82.380594220745792,28.542223557714525],[-82.38062533384435,28.542214303646574],[-82.380656479891329,28.542214216343119],[-82.380656628198935,28.542255470875553],[-82.380656677634875,28.542269222386302],[-82.380656922570338,28.542337355527209],[-82.380656974251224,28.542351731450221],[-82.380657073123629,28.542379234471287],[-82.380680432695186,28.542379168988564],[-82.380703891151327,28.54240660652265],[-82.380719538369604,28.542427190128048],[-82.380688466420835,28.542447904712059],[-82.380657320305218,28.542447992023501],[-82.380641500075882,28.542379278124205],[-82.380625726300593,28.542349634476512],[-82.380604427381186,28.54231091073359],[-82.380594385508402,28.542269396986462],[-82.380609909110191,28.542255601828273],[-82.380609859680362,28.542241850317417]],[[-82.379045988242453,28.539873968726233],[-82.379005021423325,28.539818797618778],[-82.379072783214212,28.539779562450089],[-82.37912502032772,28.539789751124374],[-82.379163324579579,28.539766236592463],[-82.379175987066503,28.539749931152699],[-82.379225791512567,28.53976106952538],[-82.379184522734292,28.539814210747462],[-82.379126137330516,28.539848013879023],[-82.379074035169666,28.539837852801266],[-82.379045988242453,28.539873968726233]],[[-82.377839017775088,28.542816824850107],[-82.377744495313181,28.542840410583675],[-82.377653813639498,28.542803725547714],[-82.377676128552793,28.542751977491545],[-82.377699074520564,28.54275969273856],[-82.377817271405945,28.542746377466674],[-82.377839017775088,28.542816824850107]],[[-82.380405631810703,28.541747362269909],[-82.380374387103714,28.54171994648998],[-82.380358764756281,28.541706238597211],[-82.380350954599436,28.541699382842619],[-82.380343142412897,28.541692530702587],[-82.380311996518216,28.541692617932718],[-82.380280850623393,28.541692705155707],[-82.380265228292018,28.541678997251999],[-82.380237055427017,28.54168063087031],[-82.380234016558006,28.541660748211712],[-82.380280702462429,28.541651449715737],[-82.380327371894495,28.541637567366283],[-82.380342895439824,28.541623772237887],[-82.380389614251257,28.541623641379665],[-82.380408673587254,28.541657966214984],[-82.380397525240895,28.541657997444272],[-82.38040538479973,28.541678604708586],[-82.380421007148996,28.541692312596002],[-82.380452153043194,28.541692225340867],[-82.380466122779936,28.541692489388385],[-82.380482954933669,28.541692807675858],[-82.380497324210353,28.54173373542254],[-82.38049916837052,28.541774603517219],[-82.380499267199539,28.541802106541155],[-82.380483020966707,28.541815269367454],[-82.380483941299474,28.541870907734616],[-82.380484336602223,28.541980919828294],[-82.380468862434739,28.542008466484017],[-82.380391096268497,28.542036187643575],[-82.380383335472004,28.542043079793736],[-82.380383428411477,28.54206895140403],[-82.380383457066117,28.542076928002601],[-82.380376368043358,28.542078246325854],[-82.380360049066866,28.542063777908979],[-82.380328853670107,28.542050113632328],[-82.380313231279274,28.542036405735402],[-82.380297608892477,28.542022697836611],[-82.380281838349617,28.541967735400249],[-82.380263596041019,28.541938693261972],[-82.380265939404865,28.541883558282677],[-82.380281492643874,28.541871474815931],[-82.380298592375567,28.541842722614852],[-82.380374831688613,28.541843710099567],[-82.380405977627518,28.5418436228546],[-82.380405631810703,28.541747362269909]]],[[[-82.355323399719367,28.55059397251167],[-82.355440164728677,28.550642257858723],[-82.355487242454814,28.550712483695925],[-82.355659891233742,28.550931535535916],[-82.355709002365302,28.550998253083208],[-82.355784855810583,28.551041221345017],[-82.35583107937687,28.551069126869734],[-82.355886433423095,28.551100482452075],[-82.35604989756385,28.5511230364555],[-82.356127224751788,28.55113710865443],[-82.35628360681487,28.551149926663467],[-82.356423277888339,28.551177586728656],[-82.356513776506063,28.551190577414538],[-82.356834887336106,28.551160177708734],[-82.356901995456425,28.55109584228115],[-82.356920950017724,28.550965963867462],[-82.356853439999682,28.550911062531078],[-82.356687069281335,28.550888109272123],[-82.356632411202696,28.550871355648571],[-82.3565406100562,28.550784394676182],[-82.356443426461624,28.550603959089582],[-82.35635898854801,28.550586433529087],[-82.356290928353587,28.550565571399311],[-82.356250162780995,28.550468038925253],[-82.356352724064706,28.550448933439426],[-82.356467824410757,28.550531141210552],[-82.356504256355763,28.550546205758078],[-82.35659265035828,28.55059957168584],[-82.356662578295825,28.550628488452983],[-82.356759781504522,28.550610263883033],[-82.356841791018056,28.550584642096187],[-82.356909382437649,28.550565550494575],[-82.357038040345046,28.550468968700507],[-82.357061450382531,28.550336690047875],[-82.357058428818092,28.550274072027747],[-82.356797212379433,28.550206762945258],[-82.35669247759904,28.550107549797719],[-82.356668373923426,28.549976467999471],[-82.356594505095316,28.549916392968825],[-82.356524009510309,28.549898416713127],[-82.35643523109654,28.549926153114921],[-82.35635681088327,28.54993958635886],[-82.356319873183324,28.549956968518632],[-82.356243614112159,28.549933594107966],[-82.356182961494227,28.549896976583675],[-82.356187091732323,28.549797536051482],[-82.356216590689698,28.549747954508092],[-82.35623217286296,28.549538026734318],[-82.356294176603484,28.549486992841146],[-82.356316576657122,28.549465521539297],[-82.356292756228058,28.549459093521282],[-82.356262345819104,28.549444605949191],[-82.35623203887144,28.549446283512619],[-82.35620000302589,28.549431017862691],[-82.356182032607379,28.549432012462987],[-82.35588854231851,28.549412499280919],[-82.355908712981972,28.549397833920711],[-82.355938602988019,28.549376102122089],[-82.355981435308095,28.549378242970519],[-82.356043720770046,28.549374803257312],[-82.356153752391279,28.549380302281005],[-82.356214360294018,28.549303203493412],[-82.356168386547196,28.549266124247779],[-82.356120699542529,28.54923951842424],[-82.356040062507887,28.549184679062392],[-82.355981127342034,28.549156602093596],[-82.355817200158995,28.549123378126346],[-82.355742741722111,28.549029849017263],[-82.355746895868563,28.548965079018654],[-82.35574422999585,28.548927472875892],[-82.355768577560994,28.54886699743842],[-82.355696968658506,28.548827048081211],[-82.355700892665823,28.548765860071192],[-82.355669912746819,28.548678203126897],[-82.355635206737418,28.548661665719134],[-82.35556281364795,28.548665665897438],[-82.355541537306536,28.548648978699035],[-82.35554327840299,28.548621820029979],[-82.355539422826382,28.54856740009021],[-82.355616788636326,28.54856312522211],[-82.355713739709202,28.548635511413881],[-82.355835145449134,28.548660117723269],[-82.355871462334889,28.548688596933165],[-82.355854180580124,28.548716880949112],[-82.355839622590665,28.548758946477566],[-82.355812223552164,28.548827004164458],[-82.355886840141594,28.548804368319111],[-82.355885510913907,28.548785611258442],[-82.355933190114385,28.548730952474855],[-82.355915236914328,28.548687186432687],[-82.356004325696205,28.548616478335791],[-82.356045005946754,28.548515436847566],[-82.356012304644679,28.548483311774017],[-82.355962368997353,28.548469839023937],[-82.355900806513432,28.548427973030201],[-82.355853166181461,28.548415118642172],[-82.355822844163328,28.548400674047798],[-82.35570106137726,28.548375991111122],[-82.355619856599475,28.54824497203597],[-82.355634341489079,28.548181141381065],[-82.35566622812577,28.548140575286098],[-82.355680833324556,28.548112260405144],[-82.355728200410439,28.548044150425106],[-82.355789296256788,28.547946956331213],[-82.355877652093469,28.547897009463686],[-82.355948178538398,28.547820649969452],[-82.355997879895938,28.547581604440399],[-82.356022348590614,28.547520815518801],[-82.356041877672396,28.547464384311606],[-82.356076236121666,28.547466100697218],[-82.356170533125038,28.547460891408779],[-82.356255814864781,28.54747817577632],[-82.356395339775787,28.547547340322566],[-82.356442979779686,28.547560194524891],[-82.356454778639232,28.547567426483898],[-82.35651739084517,28.547605800129137],[-82.356627570781242,28.547658292249853],[-82.356763587176658,28.547712981269544],[-82.356847702980076,28.5477599083837],[-82.356817590160858,28.54780751375775],[-82.356765940069039,28.547873218000738],[-82.356739214088037,28.547916960564741],[-82.35671530610874,28.547986050565065],[-82.356672729063931,28.548068611907116],[-82.356490114579657,28.548213547963542],[-82.356445390110068,28.548276048640236],[-82.356407006576092,28.548324877550364],[-82.35638272616842,28.548426708962147],[-82.35636474730417,28.548513177737775],[-82.356259280230105,28.548507905119852],[-82.356280228959903,28.548550199661697],[-82.356321289652101,28.548552250308322],[-82.356368942346421,28.548549617642248],[-82.356461108033699,28.54857854474006],[-82.356555470519353,28.548591275324913],[-82.356652220463673,28.548606194062888],[-82.35670963176274,28.548603021309724],[-82.356740750221078,28.54863359203134],[-82.356814531045345,28.548691450181558],[-82.356869743007664,28.548774613584619],[-82.356992332013945,28.548823906465575],[-82.357069515584726,28.548879482533572],[-82.357179591656902,28.548933427226352],[-82.357319646696666,28.549044153866252],[-82.35749080530789,28.549112152996525],[-82.357548272781415,28.5491276563639],[-82.357601850616987,28.549229924485804],[-82.357703413810938,28.549357115118887],[-82.357725849962236,28.549359119658551],[-82.357758752846621,28.549362060314191],[-82.357849938825353,28.549370207258953],[-82.35786633966859,28.549371672743202],[-82.357923138208534,28.549398731268365],[-82.357971210914513,28.549401135594703],[-82.357998353726444,28.549401215622531],[-82.358053738516006,28.549399434538042],[-82.358132420812439,28.549395083477229],[-82.358260786157373,28.549425078773488],[-82.358301414870354,28.549427107399968],[-82.35832553268439,28.549427465144646],[-82.358349739603369,28.549426975353089],[-82.358391413402046,28.549424673574169],[-82.358450426707094,28.549432439427338],[-82.358504487567259,28.549439553307355],[-82.358574748676688,28.549435668176578],[-82.358634391654036,28.549438649887524],[-82.358654188765598,28.54943931766082],[-82.35867266040573,28.549439676723249],[-82.358682288835027,28.549439609779999],[-82.358699092969118,28.549439149408038],[-82.358722880147738,28.549438137301951],[-82.358743137633439,28.549440461443528],[-82.358788414626773,28.549445656584314],[-82.35885724027132,28.549452729501649],[-82.358870747277706,28.549452460997777],[-82.358908373858213,28.549450656118456],[-82.358960448974585,28.549447776242353],[-82.3589886506456,28.549448797119776],[-82.35901862494606,28.549450295153353],[-82.359043005254875,28.549451512908263],[-82.359064829987517,28.549451909069624],[-82.359106728541789,28.549446877802307],[-82.359161639175852,28.54944028353902],[-82.359174136417792,28.549438783275718],[-82.359204224178015,28.549435169215283],[-82.359242555223119,28.549437085432199],[-82.359279264181879,28.549438919306009],[-82.359329621484335,28.54942281463558],[-82.35936902889452,28.549417285472558],[-82.359423568835098,28.549409575890778],[-82.35950431435576,28.549398303044025],[-82.359517169256108,28.549396499518476],[-82.359528038464973,28.549394974658661],[-82.359581260306427,28.549352732364728],[-82.359577457516281,28.549299129036136],[-82.359655525950345,28.549237164346092],[-82.359657696112251,28.549203353352635],[-82.359625485114393,28.549151392636247],[-82.359668403022468,28.549145044690103],[-82.359727443845358,28.549147996837405],[-82.359796740952149,28.549133565281533],[-82.359904649358128,28.549063748618821],[-82.360007442891558,28.549046524752427],[-82.36004458210094,28.548994618453552],[-82.36009442594839,28.548980882600752],[-82.360137091245377,28.54893846054793],[-82.360334079998751,28.548948304881673],[-82.36040797893645,28.548874831560173],[-82.360495275167267,28.548805539260467],[-82.360496430955521,28.548787530910314],[-82.360494676949003,28.548762812368551],[-82.360513124938763,28.54868544372286],[-82.360509195068147,28.548630064048954],[-82.360541360497663,28.548525743090952],[-82.360604299617833,28.548457590081778],[-82.360620099751387,28.548350845569942],[-82.360680669199922,28.548273788215649],[-82.360650316173263,28.548250420647555],[-82.360615432104765,28.548236395297337],[-82.360580505535012,28.548202089067743],[-82.360525411732866,28.548158885171329],[-82.360543998816169,28.548118191736787],[-82.360576725302991,28.548064635799349],[-82.360563403736165,28.548010382819115],[-82.360587038428307,28.548003705905565],[-82.360603035007586,28.547973545132859],[-82.360601820128224,28.547948398351181],[-82.360603460420265,28.54790883091675],[-82.360567210768536,28.547848777228491],[-82.360586405139244,28.547783281370691],[-82.360503874454125,28.547697566209745],[-82.360328300764905,28.547654853501477],[-82.360293783212171,28.547559583140622],[-82.360238200490997,28.547523323019206],[-82.360120990869092,28.547559947694186],[-82.360062663986838,28.547532890522014],[-82.359939383230895,28.547449932335233],[-82.359896700499434,28.547293790923973],[-82.359644713771104,28.547169421386279],[-82.359484279104748,28.547130390529535],[-82.359415909822502,28.547098676519177],[-82.359259533412128,28.547085862060044],[-82.359141398133914,28.547064365929511],[-82.359069849857519,28.546957636916627],[-82.358979521499521,28.546884178057113],[-82.35896057726741,28.546863958881723],[-82.358947420800618,28.546811392666111],[-82.35893123668788,28.54677065600595],[-82.358943804453574,28.546716807237136],[-82.358950137187051,28.546689674282497],[-82.358914221355178,28.546660466640311],[-82.35890794827101,28.546653350225501],[-82.358915713867788,28.546646455674065],[-82.358900000297425,28.546605242232097],[-82.358853139336176,28.546564111109237],[-82.358821991932757,28.546564193423393],[-82.358697401295913,28.546564522611288],[-82.358666207303472,28.546550853353502],[-82.358650447258285,28.54649588834469],[-82.358697028557373,28.546454510321006],[-82.358712509054826,28.546426966106484],[-82.358727896352136,28.546371918817186],[-82.35872770996825,28.546316912670896],[-82.358727430390346,28.546234402548265],[-82.358711763549636,28.546206940617676],[-82.358602421947793,28.546110967809231],[-82.358574119264787,28.546098565898838],[-82.358540034263541,28.546083629238272],[-82.358508840433402,28.546069959941899],[-82.358493173673935,28.546042497984722],[-82.358461933301072,28.546015077139703],[-82.358446313120723,28.5460013667144],[-82.358376523748376,28.546008392468867],[-82.358321770705572,28.546015447086845],[-82.358135444441103,28.546180958582951],[-82.358104436692102,28.546222295344879],[-82.358088909552194,28.546236087954306],[-82.358073428922069,28.546263633002027],[-82.358057948280901,28.546291177145626],[-82.358042514138674,28.546332472825053],[-82.358020476902439,28.546396870474929],[-82.358025255928126,28.546495860802938],[-82.358043816348697,28.546717516770137],[-82.35805948309411,28.546744978776609],[-82.35807524287182,28.546799943854399],[-82.358075475432685,28.546868701537221],[-82.358059948195105,28.54688249414291],[-82.358060273767734,28.546978754897669],[-82.358076014990743,28.54701674249851],[-82.358091102824801,28.54705974792742],[-82.358076405687314,28.547143733163882],[-82.358063626836085,28.547213873251483],[-82.358060158629769,28.547225704853318],[-82.358062713821013,28.547278700652043],[-82.358030384755509,28.547360936720494],[-82.357952308592061,28.547377576886163],[-82.357876696339758,28.547401200036887],[-82.357859646068889,28.547433351126912],[-82.35784356970828,28.547460373455763],[-82.357821910136408,28.547521416975101],[-82.357718641619101,28.547543212590519],[-82.357720913295552,28.547488461651653],[-82.357718922201499,28.547447211922567],[-82.357720074957712,28.547419399675775],[-82.357703278874169,28.547420032250397],[-82.357674513465838,28.547366628152943],[-82.357544829144132,28.547351670535523],[-82.357548566154364,28.547429091375452],[-82.35765970741042,28.547447522213684],[-82.357654197051374,28.547580252862808],[-82.357607126123838,28.54765937127538],[-82.357436181733291,28.547653838876855],[-82.357377504415723,28.547626620853549],[-82.357345718314477,28.547613476210923],[-82.357266884904064,28.547576907901792],[-82.35726823154549,28.547544435465767],[-82.357251950315685,28.547517461348598],[-82.357225230792807,28.547443711228524],[-82.357254659387237,28.547343332414727],[-82.357249442769046,28.547235297262105],[-82.357251451131262,28.547186935585998],[-82.357232780671865,28.54715600647906],[-82.357200074569263,28.547129404919669],[-82.357111926230957,28.547092954863203],[-82.356942507528615,28.547124720554272],[-82.356846371499699,28.547147232163077],[-82.356715055292057,28.547163431323163],[-82.356641313187851,28.547234125750055],[-82.356645016713983,28.547310905144691],[-82.356624372194219,28.547381332853782],[-82.356644929653839,28.547449775476068],[-82.356660113369514,28.547510170705944],[-82.356481488096421,28.547504200695023],[-82.356340882241454,28.547432678552635],[-82.356270107151758,28.547403413707368],[-82.356217458752596,28.547378992855446],[-82.356150173061678,28.547315253018471],[-82.356070001813933,28.547282097460371],[-82.356035583113652,28.547187091015434],[-82.356037018074289,28.547152509587441],[-82.35609636405313,28.547023848124205],[-82.356080572294047,28.546696575647896],[-82.356017228984783,28.546569434208063],[-82.355918513940424,28.546513515115258],[-82.355445543938615,28.546531308383837],[-82.355286772221675,28.546490717974358],[-82.355166741795188,28.546476551236704],[-82.355057787771798,28.546480650374253],[-82.354974730357313,28.546381281675782],[-82.354965660852514,28.546387345650043],[-82.354951331044234,28.546399033222951],[-82.354937903872894,28.54640379929122],[-82.354920261079783,28.546415192334702],[-82.354907431421566,28.546427490475359],[-82.354897246125915,28.546437253346401],[-82.354889186118754,28.546443886760635],[-82.354874767938597,28.546454823809498],[-82.35485977871987,28.546453018600474],[-82.354842499618087,28.546454323423774],[-82.354831634291713,28.546450534919209],[-82.354804775722329,28.546449665767863],[-82.354794737109955,28.546457157058015],[-82.354785983910148,28.54646277624251],[-82.354776223027159,28.546470200032449],[-82.354764708541936,28.5464776202823],[-82.354751584239622,28.546486776327676],[-82.354733634541361,28.546499299878562],[-82.354725451858329,28.546505008705022],[-82.354716505983987,28.546511989117214],[-82.35470260406089,28.546523907447554],[-82.354694064847948,28.546526906573924],[-82.354685891900388,28.546537047666966],[-82.354672882228869,28.546541685388586],[-82.354664009323315,28.546547876059183],[-82.354639576193051,28.54655477690677],[-82.354609929861638,28.546564592388151],[-82.354588492457083,28.546569209701275],[-82.354572539880095,28.546573904727193],[-82.354559616650135,28.546581776199062],[-82.35454705998724,28.546592610899655],[-82.354533035158767,28.546597742131635],[-82.354511376265435,28.546610986381964],[-82.354500413302873,28.54661496815622],[-82.354481855154958,28.546622194721579],[-82.354469301149805,28.546623755156904],[-82.354445658197577,28.546630432833581],[-82.354415427470499,28.546727297641386],[-82.354391313288417,28.546767829630401],[-82.354354095219719,28.546837994371327],[-82.354321849841128,28.546864535129131],[-82.354299576246547,28.546885888474989],[-82.35423958036543,28.547023132117861],[-82.354166710364396,28.547043711483568],[-82.354055708506621,28.547086826930791],[-82.353964323631843,28.547212603245598],[-82.353966496602524,28.547257646905972],[-82.353964941620404,28.54729504483182],[-82.353926076939743,28.547360365472628],[-82.353896302078383,28.547416497343427],[-82.353872187545505,28.547457030141615],[-82.353857529917576,28.547553853328093],[-82.353819631133945,28.547669421830012],[-82.35387282325479,28.547846530747655],[-82.353895690166752,28.548011131942886],[-82.353925163008569,28.548084692373841],[-82.353952902401261,28.548130652031865],[-82.353968207254226,28.548227398012109],[-82.353984602085987,28.548295590211673],[-82.354000044947881,28.548433589901602],[-82.354047818806549,28.548570458570993],[-82.354064480431589,28.548704941358015],[-82.354267415937585,28.548947795609415],[-82.354326796356617,28.549028462330337],[-82.354426109553543,28.549055941044902],[-82.354549796590348,28.549139175679322],[-82.354626038915882,28.549160272685985],[-82.354654856763915,28.549213776542263],[-82.354764846251626,28.549325084253976],[-82.354813527212798,28.549338554403693],[-82.354915297751575,28.54936975029073],[-82.354965774148354,28.549345998692303],[-82.355031066126088,28.549366012414865],[-82.355078449100574,28.549379123122677],[-82.355082047717573,28.549386246706565],[-82.355077868623482,28.549393131659404],[-82.355079645628365,28.549429954200836],[-82.355069650272355,28.549475401411932],[-82.355047450518015,28.549434184645104],[-82.355016020832252,28.549435367684008],[-82.354883179573548,28.549431065209763],[-82.354808133709327,28.549466379499695],[-82.35476033638156,28.549575711859159],[-82.354770134719857,28.549778795692255],[-82.354815509256497,28.549929871344567],[-82.354841253587352,28.550159934949267],[-82.354800461180844,28.550299081254085],[-82.354801303491399,28.550316528495348],[-82.354863614906989,28.550342296179156],[-82.354894218577556,28.550356492101393],[-82.354992280899083,28.550376846077359],[-82.355175109074011,28.550520777440198],[-82.355323399719367,28.55059397251167]],[[-82.355833551355758,28.549399816653121],[-82.355854512837794,28.549403950376771],[-82.355830272841644,28.549411323759159],[-82.355813007928532,28.549415773324775],[-82.35580239812748,28.549398112564958],[-82.355817974229026,28.549398964160112],[-82.355833551355758,28.549399816653121]],[[-82.359512422668047,28.548244420348627],[-82.359504982741271,28.548191961782358],[-82.359585078742825,28.548220199549839],[-82.359615926568935,28.548265052557138],[-82.359554886164332,28.548273180968899],[-82.359512422668047,28.548244420348627]],[[-82.355461907019688,28.549533736349886],[-82.355435079520618,28.549570354946987],[-82.355441678426715,28.549596001113066],[-82.3554069866709,28.549602964146636],[-82.355391727442608,28.549583574912241],[-82.355329383447838,28.549569620981643],[-82.355342256812278,28.549541933287898],[-82.355404506853674,28.549554084584088],[-82.355413459540529,28.549522895240617],[-82.355461907019688,28.549533736349886]],[[-82.359266715249007,28.548860311082553],[-82.359273612823557,28.548852654527259],[-82.359296137306046,28.548860233227817],[-82.359344626949877,28.548872332506431],[-82.359389674911327,28.548887488980395],[-82.359454823582922,28.548899751661139],[-82.359510574250081,28.548982919766466],[-82.359472404916076,28.549025266556853],[-82.359390976581096,28.54901654173856],[-82.359270051891897,28.549030149617771],[-82.359240622882368,28.548963148469845],[-82.359266715249007,28.548860311082553]],[[-82.355723386212574,28.550069224418266],[-82.355803900243856,28.55010069368635],[-82.355872349038037,28.550152452053311],[-82.355877880581176,28.550211051724901],[-82.355835817852508,28.550270743449033],[-82.355744560767974,28.550254398490662],[-82.3556325125125,28.550169672696928],[-82.355610815007694,28.550147567166942],[-82.355536059444134,28.550127908767358],[-82.355501450451456,28.550045456978069],[-82.355531372339115,28.550024010325327],[-82.35557920803727,28.550011157555701],[-82.355586391915878,28.550003751287441],[-82.355640619298356,28.550012337586288],[-82.355723386212574,28.550069224418266]],[[-82.355469448817033,28.54856504592372],[-82.35535568528384,28.548550503833976],[-82.355315212663868,28.548555893854648],[-82.355214481800971,28.548541056764314],[-82.355169715782651,28.548525649116272],[-82.355105252330929,28.548509981663347],[-82.35507994507482,28.54836182049074],[-82.355113397940258,28.548286028496978],[-82.355194005127927,28.548297903592161],[-82.355332552951992,28.548363865762592],[-82.355387428567084,28.548428817835013],[-82.355405311500675,28.548502565275371],[-82.355510347864495,28.548528095407626],[-82.355469448817033,28.54856504592372]]],[[[-82.351461292030237,28.566963161534741],[-82.351481686694797,28.567074090820483],[-82.351551176512388,28.567139911416163],[-82.351677854316264,28.5672214351642],[-82.35170801825106,28.567271407855312],[-82.351776354851339,28.567413589823342],[-82.351838911429041,28.567488421833545],[-82.351884331071687,28.567525358566698],[-82.351914394024007,28.567553832378866],[-82.351948046017853,28.567581197830087],[-82.352078474950616,28.567835347558567],[-82.35218099938713,28.567908567005244],[-82.352300392767475,28.567963943078301],[-82.352521323377388,28.567978950960953],[-82.352588246711548,28.568033373034016],[-82.352585825563963,28.56809170370169],[-82.352681537823884,28.568149481618516],[-82.352787714240634,28.568173748333759],[-82.353218609769939,28.568187703816033],[-82.353241084615135,28.568169209668053],[-82.353255882207861,28.568113641316298],[-82.3533158516573,28.568036217165698],[-82.353347060497981,28.567956861975006],[-82.353368877383232,28.567749396624745],[-82.35340740949195,28.567676763712125],[-82.353441792121032,28.567632373022636],[-82.353497062005957,28.567556320850034],[-82.353550370162623,28.567494574007217],[-82.353580791271881,28.567452715634722],[-82.353612402515552,28.567411901768118],[-82.353630153005284,28.567378443770949],[-82.353703769061099,28.56731787022817],[-82.353725950250592,28.567261463255328],[-82.3537199023,28.567136101043776],[-82.353736027385267,28.567109007844369],[-82.353731242469436,28.567009846216884],[-82.353754297900949,28.566879604102159],[-82.353846364582367,28.56684593791358],[-82.353917886747354,28.566848253606821],[-82.353983676953192,28.566820632926628],[-82.353966900482348,28.566713513284402],[-82.353910005835019,28.566640978375236],[-82.353883516434152,28.566552791625487],[-82.353904500099105,28.566434250076195],[-82.353920533266532,28.566393476754257],[-82.353946232534895,28.566272713977195],[-82.353997315626088,28.566241484395483],[-82.354044547957699,28.56621438220564],[-82.354083613887454,28.566125038212657],[-82.354105891531773,28.56610368492645],[-82.354138142779263,28.56607714604732],[-82.354212586258143,28.565936814257203],[-82.354285155199292,28.565877101250308],[-82.354345621224851,28.565819145974828],[-82.354441870541578,28.565763918839092],[-82.35452977083834,28.565664632450904],[-82.354564668819918,28.565625214711559],[-82.354574738921187,28.565620476397601],[-82.35460272559898,28.565607309460784],[-82.354679735134553,28.565609802619228],[-82.354701327701918,28.565577156466354],[-82.354721683672835,28.5655463822829],[-82.354727363286386,28.565538416942825],[-82.354741233462491,28.565519952251694],[-82.354758613437184,28.565497510807067],[-82.35476361894257,28.565489992079851],[-82.354771534673844,28.565476479638146],[-82.354782946713286,28.565454967857679],[-82.354804532681484,28.5654142782683],[-82.354819624060596,28.565401859647622],[-82.354853282534279,28.565374162829691],[-82.35489203532164,28.565342274860111],[-82.354929804484001,28.565311195239154],[-82.354949170699498,28.565283085505197],[-82.354974096546925,28.565246905158194],[-82.354991399995569,28.565221789355004],[-82.355012294197579,28.565162919439079],[-82.355029012782438,28.565115814291481],[-82.355084350973414,28.565070278338307],[-82.35510474740704,28.565031828707003],[-82.355120875016439,28.565001424655659],[-82.355132725284093,28.565002710160179],[-82.355212721246886,28.565011388850213],[-82.355276123774942,28.565018267453059],[-82.355304514974577,28.56505075398535],[-82.355349132827499,28.565101806936671],[-82.355393982610167,28.56515312635732],[-82.355405553464436,28.565216048540929],[-82.355416663130654,28.565276465236888],[-82.355426327711044,28.565280948006873],[-82.355477265102252,28.565304572252245],[-82.355521385679722,28.565297016014267],[-82.355583258874233,28.565286419297752],[-82.355602841813521,28.565253510272719],[-82.355622993615597,28.565219866153864],[-82.355644674550518,28.565183213241113],[-82.355650127472558,28.565051907936517],[-82.355621801487246,28.564999327151035],[-82.355485981953606,28.564922398636526],[-82.355441915080434,28.564862543787303],[-82.355363163847642,28.564780764505389],[-82.355275609118209,28.564676030192327],[-82.355192000087797,28.564656923653171],[-82.355030199101421,28.564642148907875],[-82.354981855364628,28.56458051575602],[-82.354957799807678,28.564492516828757],[-82.354882468923591,28.564367725607195],[-82.354849367188038,28.564230086544185],[-82.354898669157265,28.564091179001601],[-82.354979793016952,28.564013421759014],[-82.355049003593479,28.563997218823214],[-82.355170557778152,28.563971319526484],[-82.355287220592317,28.563895304454643],[-82.355326900224938,28.563862650554345],[-82.355375458612812,28.563803840792698],[-82.355422598123525,28.563749234208849],[-82.355437487401474,28.563721168608705],[-82.355501935556632,28.563637954070636],[-82.355496331921174,28.56352187758003],[-82.355501183686044,28.563405081610185],[-82.355469776016278,28.563234276428354],[-82.35539369112756,28.563024285092371],[-82.355310911301956,28.56290080843678],[-82.355230388864683,28.562878533840461],[-82.355169599024478,28.56280103230938],[-82.355115583349075,28.562679638651012],[-82.354970027113424,28.562571691012515],[-82.354831301143733,28.562597693668167],[-82.354696356503339,28.562494979524129],[-82.3546158127577,28.562465302736573],[-82.354608346072851,28.562472459736846],[-82.354562677257803,28.562491633710344],[-82.354558489501059,28.56259246738048],[-82.35459209216647,28.562624294391572],[-82.354728493228805,28.562735214301064],[-82.354764698134304,28.562825553787647],[-82.354741611147134,28.563028371256603],[-82.354705566324753,28.56306291942321],[-82.354639196672011,28.56306541636862],[-82.354529294243818,28.563047189306008],[-82.35450106192053,28.56299477946386],[-82.354484802601419,28.562967842025152],[-82.354449804090123,28.562902873958642],[-82.354348868777151,28.562871935558025],[-82.354267174271342,28.562922003879766],[-82.354282311975695,28.562968370705615],[-82.354299917609438,28.562997536136301],[-82.354329500914815,28.563105764725545],[-82.354351535235665,28.563142265422634],[-82.354329683389111,28.563160247410728],[-82.354288805188688,28.563253745185239],[-82.354261042923767,28.563202204823472],[-82.354158974999976,28.563218000417329],[-82.354105745680442,28.563307444577763],[-82.354128023720293,28.56340882637619],[-82.354144330073424,28.563449515362247],[-82.354159452312103,28.563491255049932],[-82.354207015021146,28.563529931464952],[-82.354205779633958,28.563559630627054],[-82.354208365855015,28.563613166800263],[-82.354091849712034,28.563692530948519],[-82.353989443111473,28.563711724602296],[-82.353851131101678,28.563728781210401],[-82.353708613266562,28.563753188254061],[-82.353607631856818,28.563776828236623],[-82.353459531255794,28.563795092010061],[-82.353430149798143,28.563823254687708],[-82.353398886326403,28.563822242458059],[-82.35320387799959,28.563886241256114],[-82.352875000553283,28.56394788086445],[-82.352774634635352,28.563934914391105],[-82.352652748920846,28.563912731333676],[-82.352468899962616,28.563906777019596],[-82.352286560946723,28.56393529506342],[-82.352249993680218,28.563936669483784],[-82.352159750696018,28.563917939219149],[-82.352120839301762,28.563881081313415],[-82.352104625193604,28.563867895102547],[-82.352065942699497,28.563815349442134],[-82.351928078460418,28.563722582991801],[-82.351745821524105,28.563703805857376],[-82.351591497174482,28.563683899487465],[-82.351588377877718,28.563758958624426],[-82.351591248483572,28.563818501883492],[-82.351575351181012,28.564000882999302],[-82.351477614129365,28.564249400867919],[-82.351522205447139,28.564372482481851],[-82.351586160366296,28.564516230695492],[-82.3517637013924,28.564660608536919],[-82.351768647868013,28.564763151823499],[-82.35174961482798,28.564844659695588],[-82.351728070674298,28.564945893761575],[-82.35170389265285,28.564969067090594],[-82.351687766381815,28.564982337148908],[-82.351651691467396,28.565083970689315],[-82.35141827741964,28.565181961846449],[-82.351330970899099,28.565245066374889],[-82.351230322808405,28.565297655240002],[-82.351061392598027,28.565436654375631],[-82.351029265953656,28.565574225769176],[-82.351038283047728,28.565761248936873],[-82.351036283105032,28.565809384802879],[-82.351038630889875,28.565858060751932],[-82.351008128549637,28.565943988950739],[-82.350990111372354,28.565974262053295],[-82.350975220598599,28.566002327169443],[-82.350931408499875,28.566075946690535],[-82.35090686455834,28.566159637000681],[-82.350929963042418,28.566293702552336],[-82.350928649363041,28.566325350027885],[-82.350929641762093,28.56634597490039],[-82.350926550397773,28.566420369803453],[-82.350960648079706,28.566483672658325],[-82.351001296553875,28.566551015472331],[-82.351052568165187,28.566646197688151],[-82.351117782624385,28.566716521408171],[-82.351140188966454,28.56677836470012],[-82.351273412171921,28.566879770247787],[-82.35130509225975,28.566826536958416],[-82.351303822154151,28.566800180258905],[-82.351333751101265,28.566771492369874],[-82.351351706891677,28.56679842578064],[-82.351366920902208,28.566867667871417],[-82.351461292030237,28.566963161534741]],[[-82.35501747150289,28.5647250989079],[-82.354990153582079,28.564737056853307],[-82.354981630186657,28.564719618009988],[-82.35501747150289,28.5647250989079]]],[[[-82.369434200905658,28.543936898813886],[-82.369480677379983,28.543908892774709],[-82.369496550066231,28.543909138333639],[-82.369511718809974,28.543881312216389],[-82.369527989191482,28.543853210592943],[-82.369574206135894,28.543853920381501],[-82.369638480949575,28.543839187988652],[-82.36970639964791,28.543840225759663],[-82.369745471407029,28.543839413747289],[-82.369854479578407,28.543878112393244],[-82.36996320103168,28.543838827033507],[-82.370199313360118,28.543764043710432],[-82.370336334495775,28.543659038400342],[-82.370367746556028,28.54364547628672],[-82.370468886054226,28.543599117911338],[-82.370678970882309,28.543575868799362],[-82.370741298982608,28.543556840649572],[-82.370818914707897,28.543602990024912],[-82.370892600678999,28.543616265225538],[-82.370989311455801,28.543551049737474],[-82.371052931118882,28.543588877941833],[-82.371170441384081,28.543586438099556],[-82.371247464305085,28.543603642698372],[-82.371403065313785,28.543600413635684],[-82.371472913276108,28.543601481340851],[-82.371572885179603,28.543529766892281],[-82.37175323682122,28.543490422138692],[-82.371785220113154,28.543475763596646],[-82.371908202214115,28.543477642974452],[-82.372017912612975,28.543558455558863],[-82.372081794912802,28.543571756971403],[-82.372182386837622,28.543511142763105],[-82.372157073598487,28.543446496349873],[-82.372157855331125,28.543406665843264],[-82.372157321050153,28.543386650709849],[-82.372078733931559,28.543227617573745],[-82.372079266016996,28.543200485472422],[-82.372059895285389,28.543151013640951],[-82.372064358700271,28.542923277069768],[-82.372093770814729,28.542898167384109],[-82.372161139296125,28.542835864808602],[-82.372225045608829,28.542718622817038],[-82.372268386529242,28.542643762316164],[-82.372388071386737,28.542609105550529],[-82.372403856923299,28.542594504816147],[-82.372419695306675,28.54258098493786],[-82.37243490637394,28.542566916351042],[-82.372514509244056,28.542539469908856],[-82.372612007067843,28.542583482026195],[-82.372699799905234,28.542663670238046],[-82.372764211195076,28.542689777690491],[-82.372826450775634,28.542661247194161],[-82.372821943065006,28.542491976149947],[-82.372855311417993,28.542315929210766],[-82.372924411553825,28.54225693579551],[-82.373122738285232,28.542191241180113],[-82.373166049783393,28.542151186420167],[-82.373165214685571,28.542193743052025],[-82.373195132477761,28.542207285261217],[-82.373305685763327,28.542191346554844],[-82.373227569300838,28.542125484749317],[-82.373228121969262,28.542097318503266],[-82.373227388414151,28.542069817207189],[-82.373227963687725,28.542040526583609],[-82.37330590453044,28.541973984968035],[-82.373248313805078,28.541907395403786],[-82.373306288526933,28.541807257710946],[-82.373416529532506,28.54177533121813],[-82.373493873958651,28.541723172623868],[-82.373512711953452,28.541690739449542],[-82.373523667881543,28.54167091920095],[-82.373530944031444,28.541660639584912],[-82.37354631843715,28.541637046228942],[-82.373568661485166,28.541601459653617],[-82.373630300977439,28.541504752360815],[-82.373667521494013,28.541455938944807],[-82.373772814990247,28.541366047745093],[-82.373924218051769,28.541368360515829],[-82.373941225421632,28.541352628313735],[-82.373973528070209,28.541338680324536],[-82.373878789096295,28.541311820469172],[-82.37384548386224,28.541296784435232],[-82.373816662538118,28.541270461315424],[-82.373729495526959,28.541196967445725],[-82.373761731181048,28.54111251266897],[-82.373934040807029,28.541064138508354],[-82.37405909136983,28.541108526704495],[-82.374106020805883,28.541276245247918],[-82.374176030304028,28.541366834052948],[-82.374237316634748,28.541365560708616],[-82.374260677495741,28.541365919525468],[-82.374292444612706,28.541365258083651],[-82.374327481558439,28.541300972673945],[-82.374297447929237,28.541224272666781],[-82.374299304510913,28.541129416307349],[-82.374390571651602,28.541051498536955],[-82.374468750967623,28.540928840894015],[-82.374532101973998,28.540966506707058],[-82.374565642778691,28.540965810533091],[-82.374656084160804,28.5409243493867],[-82.374687808198345,28.540924835748211],[-82.374756460188891,28.540893365803761],[-82.374780315008252,28.540827751307607],[-82.374797249212492,28.540783612643594],[-82.374795124812934,28.540703935592305],[-82.374864338311866,28.540704989781741],[-82.374905887248318,28.540760573807795],[-82.37490457727948,28.540827546370956],[-82.374905311257606,28.540855047658994],[-82.374904775647991,28.54088242161265],[-82.37495168779887,28.540921972481964],[-82.374959973275892,28.54094428251247],[-82.374999085595093,28.540950912283481],[-82.375014498976398,28.540964991336086],[-82.375047369630664,28.540949922622573],[-82.375045194154481,28.540868284935311],[-82.37506099440489,28.540840993346261],[-82.375060516050567,28.540823069689214],[-82.375097553797744,28.540799647324064],[-82.375138589521939,28.540854540600098],[-82.375152036646043,28.540867979896014],[-82.375170543290622,28.540765570061271],[-82.375168725987209,28.540697373539601],[-82.375184225032811,28.540396462680906],[-82.375173929794997,28.540010222022644],[-82.375197830594161,28.539905510741153],[-82.375207496100259,28.539647945420299],[-82.375210524932029,28.539567222751909],[-82.375213094829334,28.539532031615622],[-82.375215765715467,28.539515826333258],[-82.37522105324291,28.539492331938433],[-82.375238586133918,28.539415109072316],[-82.375242745748153,28.539396574345837],[-82.375249270100909,28.53935589507833],[-82.375257608274879,28.539284091802429],[-82.375239655776113,28.539253553889846],[-82.375226096057645,28.539230487844801],[-82.375219107510787,28.539218599876396],[-82.375204460151977,28.539193685232586],[-82.375104093593123,28.539179539488174],[-82.375073812798206,28.539175272039419],[-82.374974731896273,28.539177331380461],[-82.374484955694555,28.539334165023376],[-82.374277387075679,28.53944049328523],[-82.374245977789769,28.539454056292488],[-82.374151257807156,28.539497475302603],[-82.373866769103586,28.539638941709597],[-82.37363916939934,28.539737223837705],[-82.373543784766369,28.539780946538155],[-82.373236184525098,28.539949952350895],[-82.373022984103343,28.540083256999264],[-82.372804497891337,28.540239993349807],[-82.372761785603032,28.540264888850899],[-82.372753858054296,28.540269509837444],[-82.37255220870297,28.54040785499723],[-82.372458520271351,28.540469582086722],[-82.372365770632641,28.540532131276237],[-82.372249369878887,28.540608823542556],[-82.372144467853829,28.54068407384181],[-82.371915412158842,28.540831501218026],[-82.371790253645614,28.540904453416683],[-82.371419300407936,28.541181170325835],[-82.371134816476655,28.54141875818188],[-82.370982945159639,28.541525762052753],[-82.370866176162423,28.54161286533898],[-82.370542646604605,28.541840809704812],[-82.370229110238952,28.542033029493794],[-82.369951752390307,28.542184181069594],[-82.369663646136104,28.542327824096084],[-82.369364777620646,28.542450021904568],[-82.369229115504851,28.542497699613016],[-82.369011091101882,28.542609370280235],[-82.368993903026151,28.54267526794035],[-82.369041637394233,28.542837660446974],[-82.369010017714928,28.542920057808441],[-82.368995021951179,28.542996347169577],[-82.369041811183919,28.543016233915878],[-82.369169147646403,28.543096577724576],[-82.369149983278419,28.543112936907278],[-82.369106348418811,28.543192986578077],[-82.369073412773517,28.543236174550291],[-82.369052760364397,28.543350410942718],[-82.369076551093812,28.543451395696295],[-82.369168122532827,28.54351095114605],[-82.369184676497213,28.543526070861589],[-82.369183433943348,28.543589387805081],[-82.369119603516253,28.543607868898189],[-82.369081372059824,28.543607284331255],[-82.368991832626747,28.543554045094243],[-82.368902417195216,28.543595029575147],[-82.368903918031165,28.543651548957595],[-82.369075498011881,28.543744981086849],[-82.369307948522916,28.543875322792047],[-82.36938754012192,28.543909153383531],[-82.369434200905658,28.543936898813886]],[[-82.374980225930031,28.54078833838399],[-82.374974864386303,28.540751717293723],[-82.375042406833558,28.540756997151483],[-82.375018274120038,28.540797472374006],[-82.374980225930031,28.54078833838399]]],[[[-82.361409584849326,28.54717886953247],[-82.361514453206325,28.547342207091194],[-82.361656865942805,28.547477108397498],[-82.361769059011934,28.547532481163067],[-82.361856297218338,28.547594786243888],[-82.36206981018843,28.547601690234803],[-82.362189743660679,28.547586889623005],[-82.36225886261721,28.547565292715248],[-82.362345523058877,28.547540811104135],[-82.362448189365054,28.547478023908109],[-82.362500201267949,28.54746177288435],[-82.362583991209334,28.547443912933744],[-82.362712627913552,28.54739685524796],[-82.362809430498643,28.547376220894296],[-82.362873549910347,28.547337010733379],[-82.362991034060187,28.547275599297535],[-82.363065540914434,28.547204160388219],[-82.363290032286869,28.547171969027293],[-82.363301538004023,28.547164232263135],[-82.363323936133824,28.547142758912827],[-82.363418474415099,28.547116049319243],[-82.363499812394608,28.547086294412054],[-82.363572271832595,28.547088635083423],[-82.363612848574135,28.54705523822085],[-82.363697688187287,28.546963510163685],[-82.36378399904585,28.546913966093701],[-82.363815124180903,28.546888346491755],[-82.363849163179012,28.546855712408131],[-82.363884147808292,28.546839245706103],[-82.363994438666168,28.546820346557411],[-82.364189628926951,28.546747197467262],[-82.364299043079242,28.54666808369748],[-82.364429162280487,28.546645783317114],[-82.364506387929495,28.546631301016781],[-82.364748727228147,28.546605033728284],[-82.364827372139246,28.546582815285994],[-82.364933679520931,28.546545934331895],[-82.365034252624696,28.546498594353771],[-82.365160463310133,28.546451295442335],[-82.365314631424511,28.546339819903],[-82.365440125911647,28.546258019903274],[-82.365462522392065,28.54623654620578],[-82.365486704423176,28.546216638671577],[-82.365516566712472,28.546188007363764],[-82.365548809052726,28.546161464874366],[-82.365571205493808,28.546139992061352],[-82.365595387482415,28.546120084507898],[-82.365617783905307,28.546098611687253],[-82.365641988301192,28.546078687823048],[-82.365641252107949,28.546063474556274],[-82.365672970620139,28.546037365668536],[-82.365701835202415,28.545982929193546],[-82.365750066859917,28.545967855640022],[-82.365781108481514,28.545968860244148],[-82.365781712195627,28.545954301174024],[-82.365779889723797,28.545916614458385],[-82.365824530533075,28.545894485232903],[-82.365873823314885,28.545744111081536],[-82.365858665143662,28.545692549831525],[-82.365845059399291,28.5456700135632],[-82.365811675078163,28.545614712488451],[-82.36584188012398,28.545513823537391],[-82.365883466711693,28.54544390829961],[-82.365889035491605,28.545309506051066],[-82.365841716390506,28.545245232666709],[-82.365750043725939,28.54513557014306],[-82.365613570924211,28.545041401349128],[-82.365561002679243,28.544896334769891],[-82.365544142691235,28.544895789125885],[-82.365491633616699,28.544897766732579],[-82.365366742934327,28.544779467721686],[-82.365252386116836,28.544697003750798],[-82.365179193943007,28.54460944987218],[-82.364977991047425,28.544591481125828],[-82.364785563728205,28.544636557544809],[-82.364632259079087,28.544587541832602],[-82.364567282277605,28.544548318338453],[-82.364406297548612,28.544527561712595],[-82.364289164942164,28.544516871967424],[-82.364265497796339,28.544514712093232],[-82.364176651662362,28.54449440953751],[-82.36407221276815,28.544527048403275],[-82.363935296815299,28.54453220955924],[-82.363757125034908,28.544491495155803],[-82.363634971652061,28.544487545238908],[-82.363595788451136,28.544489023524655],[-82.363535942494167,28.544461267167279],[-82.36343240334466,28.544454800235254],[-82.363414940592293,28.544471542064443],[-82.363337561719433,28.544507961836288],[-82.363222582665088,28.544534896589795],[-82.363035159931158,28.54451382646079],[-82.362976417532423,28.544530422325149],[-82.362957134829955,28.54453586986066],[-82.362943055637359,28.544539847108815],[-82.362927719464111,28.544793327395563],[-82.362896212762323,28.544861646540671],[-82.362865897035576,28.544931010111949],[-82.362811699692116,28.544993812508501],[-82.362775280177956,28.545086455590379],[-82.362770894063672,28.545192283796091],[-82.362774753708777,28.54527219823246],[-82.362742756129407,28.545353602577098],[-82.362757938240193,28.54541260752449],[-82.362780541066158,28.545450051988794],[-82.362727894159207,28.545474831925304],[-82.362667002233536,28.545500406265923],[-82.362648949815494,28.5455682391461],[-82.36259960465496,28.545598416132375],[-82.362587881489674,28.545605584944667],[-82.362493882573048,28.545619073241106],[-82.362467524466766,28.545644345953832],[-82.362455755085676,28.545655630449808],[-82.362422197822298,28.545687805418087],[-82.362393199102598,28.545688897044705],[-82.362369607026636,28.545688135268151],[-82.362329896834993,28.545686853437974],[-82.362192109090401,28.545744722642315],[-82.362134129827169,28.545824529520939],[-82.36179000005545,28.545846534547078],[-82.361675342285906,28.545825672007442],[-82.361606999360831,28.545828244325527],[-82.361457936463751,28.545801120748973],[-82.361311555200132,28.545816246445785],[-82.36135445490639,28.545834033806241],[-82.361622624183511,28.545871025955829],[-82.361575899522975,28.545909212881494],[-82.36152182859125,28.545911247255763],[-82.361450529972544,28.545908942097231],[-82.361311927288952,28.545925275173314],[-82.361079777273034,28.545939943039258],[-82.36089550697271,28.545991995330439],[-82.360844620141691,28.546033881833242],[-82.360830363128173,28.546284099741875],[-82.360814265342427,28.546311158571637],[-82.360816932694775,28.546366383700526],[-82.360814641884119,28.546421641855694],[-82.360859232617258,28.546457902989768],[-82.360893499764416,28.546530938431253],[-82.360917566216386,28.546597356147643],[-82.36096839696954,28.546618376382117],[-82.360988526545412,28.546832679077635],[-82.361076688069133,28.546873572404174],[-82.361128324781831,28.546887858077337],[-82.361262315377701,28.546939063140083],[-82.361290561565809,28.546832943223137],[-82.361402170453985,28.546847065594875],[-82.361391771137733,28.54709781646546],[-82.361409584849326,28.54717886953247]],[[-82.361608033496353,28.546282403608185],[-82.361748310134402,28.546315317274818],[-82.361724317150035,28.546376113167902],[-82.361586926691331,28.546395676381074],[-82.361531926389205,28.54637759918106],[-82.361425698990217,28.546357092971618],[-82.361392181866691,28.546279043171129],[-82.361453639822031,28.546255311373642],[-82.361460682615856,28.546247782452046],[-82.361561151997321,28.546258861884564],[-82.361608033496353,28.546282403608185]]],[[[-82.342450511379269,28.545533837648229],[-82.342466262885935,28.545588804619605],[-82.34247140609196,28.545593226653001],[-82.342481066388601,28.545601533600923],[-82.342528690699439,28.545629902178536],[-82.342568428209802,28.545643167404549],[-82.342606603157307,28.545643457291124],[-82.342668853021848,28.545629548537832],[-82.342675460297514,28.545626610084007],[-82.34268416965908,28.545622737816146],[-82.342731058352939,28.54560188819444],[-82.34276391875278,28.545577667632269],[-82.342824321759409,28.545546646064611],[-82.34291506890122,28.545475548878482],[-82.342925758576598,28.545470383953706],[-82.343043284759062,28.545413605069246],[-82.343110490592025,28.545392119270502],[-82.343194300635318,28.54539631901476],[-82.343213588342564,28.54538101348605],[-82.343244229812797,28.545366812594917],[-82.343275287742017,28.545339230734328],[-82.343290816700573,28.545325439801381],[-82.343306301064132,28.545297897305208],[-82.343321740826838,28.54525660324574],[-82.343337269767275,28.545242812307468],[-82.343349440771632,28.545224297982951],[-82.343383901165154,28.545215191043589],[-82.343430532538591,28.545187569763772],[-82.343441781386076,28.545176181744175],[-82.343461591388632,28.545159987858128],[-82.34347712029664,28.545146196903946],[-82.343492604585805,28.545118654386464],[-82.343508088866969,28.545091111867151],[-82.343507955016861,28.545049857182267],[-82.343492336897626,28.545036145016621],[-82.343476674169921,28.545008681287321],[-82.343461011450373,28.544981217556053],[-82.343444858046198,28.54480248573719],[-82.343444679567597,28.544747465050566],[-82.343444635006563,28.544733727925514],[-82.343460163854914,28.544719936972921],[-82.343475692699187,28.544706146018562],[-82.343491176925625,28.54467860350001],[-82.343522234589997,28.544651021582435],[-82.343537718796355,28.544623479058526],[-82.343599834052398,28.544568315195043],[-82.343630936287838,28.544554484815201],[-82.343677611944543,28.544540615013421],[-82.343771052520466,28.54454037848663],[-82.343817817463972,28.544554011761353],[-82.343833435553123,28.54456772389079],[-82.343864671743589,28.544595148144079],[-82.343897346433238,28.544609255609409],[-82.343927523020781,28.544632925183997],[-82.343958426108401,28.544691172418506],[-82.343972835983095,28.544703823731961],[-82.34398966236769,28.544718596641935],[-82.34400528050341,28.54473230875087],[-82.344067753086705,28.544787157168013],[-82.344083415933596,28.544814620828991],[-82.344254768804504,28.544827938192743],[-82.344270342275237,28.544827898709521],[-82.344285871028632,28.544814107663495],[-82.344332591434437,28.544813989197824],[-82.344348209628336,28.544827701266623],[-82.344363872553728,28.544855164894411],[-82.344410727177987,28.544896301083899],[-82.344519787310617,28.544909776095949],[-82.344535405545727,28.544923489045015],[-82.344566597268255,28.544937161572562],[-82.344597744240758,28.544937082532531],[-82.344737905615489,28.544936726763986],[-82.344815441493893,28.544949252899425],[-82.344834126863162,28.544968734810919],[-82.344847233549558,28.545032710874178],[-82.34486289663468,28.54506017444217],[-82.344881884632315,28.545077497178891],[-82.344956606486804,28.545142446452665],[-82.34497222583154,28.545156158445309],[-82.345002981570147,28.545170218180871],[-82.345050619162649,28.545183076406207],[-82.345080938811407,28.54519752343392],[-82.345096993266324,28.545210848104372],[-82.345128185145015,28.545224520500959],[-82.345159377031706,28.545238192890306],[-82.345190613761957,28.545265616831202],[-82.345206366646295,28.545320583474982],[-82.345222119550229,28.54537555101868],[-82.345268840199154,28.545375432228752],[-82.345346618231716,28.545347730190727],[-82.345393338867751,28.545347611358064],[-82.345455722792067,28.545374956908283],[-82.345486915786637,28.545388629218742],[-82.345580446866151,28.545415894556388],[-82.345642785980672,28.545429487559478],[-82.345736227321709,28.545429249673656],[-82.345767329524321,28.545415418806446],[-82.345782813253393,28.545387876033697],[-82.34578277857274,28.545377257376803],[-82.345782723425003,28.545360372015928],[-82.345782665277255,28.545342568079814],[-82.345829354227021,28.545332749917748],[-82.345907266867442,28.545346303135261],[-82.34593845888881,28.545359975344219],[-82.345954077372923,28.545373688127032],[-82.346000799039302,28.545373569082663],[-82.3460162826984,28.545346025381352],[-82.346109679006958,28.545332035681831],[-82.346125207591655,28.545318244427911],[-82.346125117677531,28.545290741313178],[-82.346109454231836,28.54526327789484],[-82.346047115157873,28.545249685105333],[-82.346031496683253,28.545235973235236],[-82.346000304686825,28.545222301047193],[-82.345953538152585,28.545208668533043],[-82.345906727723616,28.545181284442112],[-82.345890929571823,28.545112566323343],[-82.345875176365112,28.545057599760092],[-82.345874906820868,28.544975090410251],[-82.34587475056874,28.544922568260795],[-82.345874500671016,28.544838877695195],[-82.345858185604982,28.544807725331307],[-82.34581193912453,28.544768974786521],[-82.345780747294157,28.544755302545667],[-82.345749510564559,28.544727878738481],[-82.345718273851134,28.544700454923863],[-82.345702610599488,28.544672991454537],[-82.345686902457103,28.544631776423852],[-82.345671284120712,28.544618064509905],[-82.345655620893609,28.544590601034596],[-82.345624429135825,28.54457692875685],[-82.345561955879262,28.544522081060094],[-82.345530629518635,28.54446715408076],[-82.345530270490443,28.544357140698143],[-82.345545754129745,28.544329597948938],[-82.345576856036303,28.544315767125696],[-82.345623486435755,28.544288145097486],[-82.3456390149328,28.544274353897823],[-82.345666081797305,28.544252196597878],[-82.34568560039969,28.54423298028825],[-82.345701128880563,28.544219189081517],[-82.345700904381147,28.544150431280276],[-82.345685196319209,28.544109216245548],[-82.345669533165264,28.544081752769191],[-82.345638251773352,28.544040577371117],[-82.345622633531278,28.544026865449574],[-82.345606970402926,28.543999401063058],[-82.345560115719238,28.5439582652815],[-82.345544497499418,28.543944553350592],[-82.345482159273459,28.543930960291739],[-82.345435393376206,28.543917327591014],[-82.34541977517847,28.543903615645508],[-82.345341863661062,28.543890062135677],[-82.345248378833972,28.543876548176922],[-82.345217187339131,28.543862875801917],[-82.345137967668705,28.543807880079235],[-82.34512347843004,28.543780603947745],[-82.345107636182732,28.543698134155409],[-82.345091973239846,28.54367067060895],[-82.345078052440002,28.543627478439838],[-82.345084251309288,28.543590528969212],[-82.345091569859733,28.543546905645915],[-82.345106963854647,28.543491859818488],[-82.345122402657196,28.543450565551623],[-82.345137751797324,28.543381768157513],[-82.345153235399422,28.543354225449452],[-82.345168718993534,28.543326682739579],[-82.345184247410771,28.543312891590698],[-82.345199596491682,28.543244094188708],[-82.345214676541502,28.543092786503653],[-82.345230115245428,28.543051492222965],[-82.345245509098959,28.542996446377085],[-82.345245329745168,28.542941440123592],[-82.345229756553508,28.542941479716248],[-82.345214228196198,28.542955270870586],[-82.345198815782879,28.542982686175705],[-82.345183261130259,28.543010356300751],[-82.345167822413813,28.543051650576448],[-82.345152294032331,28.543065441723684],[-82.345121416550683,28.543148031168172],[-82.345105932969815,28.543175573873242],[-82.345090494199724,28.543216868139631],[-82.345075055417766,28.543258162404101],[-82.345074048064674,28.543266380778828],[-82.345073790259136,28.543268485693172],[-82.345059885514075,28.543381966044027],[-82.345044446696775,28.543423260304326],[-82.34502891824512,28.543437051437316],[-82.344997950944176,28.543492136823364],[-82.34498246728171,28.543519679513683],[-82.344967028414615,28.54356097376478],[-82.344951588516722,28.543602268918903],[-82.344941808533676,28.543628429166283],[-82.34493614962588,28.54364356316621],[-82.344920665925557,28.543671105849207],[-82.34490513742162,28.543684896967967],[-82.34488965370727,28.543712439647379],[-82.344874125193243,28.543726230762612],[-82.344858686254554,28.543767525000753],[-82.344858775834027,28.543795028125341],[-82.344874438735474,28.543822491698585],[-82.344890056851185,28.543836203707695],[-82.344890146439056,28.54386370683191],[-82.344859178943238,28.543918792184552],[-82.344812593287159,28.543960165514132],[-82.344765918038519,28.543974035703773],[-82.344656949391577,28.543988064001283],[-82.344610363628448,28.544029438164344],[-82.344532496864574,28.544029635752533],[-82.344516923511691,28.544029675264813],[-82.344439279403872,28.544098630613632],[-82.34439260404406,28.544112500675595],[-82.34431482665677,28.544140201264202],[-82.344268151261929,28.544154071283618],[-82.344143653683346,28.544181890215668],[-82.344081360179544,28.544182048076461],[-82.344050168742001,28.544168375433475],[-82.34401902199383,28.544168454345964],[-82.343972301871347,28.544168572701309],[-82.343956371111645,28.544058599646128],[-82.343925178704581,28.544044926976319],[-82.343893942659577,28.544017501831149],[-82.343878279981823,28.543990038143654],[-82.343862661972935,28.54397632601755],[-82.343862527990879,28.543935071327404],[-82.34389358534159,28.543907489324599],[-82.343909114010884,28.543893698320531],[-82.343924553338965,28.543852404187749],[-82.343955611671248,28.543824822168187],[-82.343986713641968,28.543810991707623],[-82.344268516161037,28.543810277553689],[-82.344298314218648,28.543851457033337],[-82.344329550314981,28.543878881183364],[-82.344516431306758,28.543878407175683],[-82.34453195988992,28.543864616101068],[-82.34456306179554,28.543850785509125],[-82.344562972292664,28.543823282383926],[-82.344547264722195,28.543782067211339],[-82.344516028598861,28.543754643111267],[-82.344469219183253,28.543727258510163],[-82.344453644852891,28.543727298017394],[-82.344344586969655,28.543713822936716],[-82.344297777615878,28.543686438275813],[-82.344204293094194,28.543672923595171],[-82.344173057091339,28.543645499414694],[-82.344157394397627,28.543618035758048],[-82.344124673885801,28.543603894178755],[-82.344115557974007,28.543596742766645],[-82.344094967155016,28.543576938931004],[-82.344079304488844,28.543549474362489],[-82.344063641833799,28.543522010694304],[-82.344047889819194,28.543467043895998],[-82.344047577033038,28.543370782946607],[-82.344047532349421,28.543357031382296],[-82.344031869731594,28.54332956770935],[-82.34400063387524,28.543302143486596],[-82.343969442708385,28.543288470820976],[-82.343891575462294,28.543288668039565],[-82.34381379854355,28.54331636834047],[-82.343735976940607,28.543330317032229],[-82.343641595698699,28.543345486044256],[-82.343595817677596,28.543330671748393],[-82.343533524671003,28.543330829353586],[-82.343471276272638,28.543344738495403],[-82.343393587375814,28.543399941689657],[-82.343378058710428,28.543413732635702],[-82.343326192419767,28.543427615457691],[-82.343300147802623,28.543400177948097],[-82.343284440786704,28.543358962622104],[-82.343197205201776,28.54336050505535],[-82.343191090393375,28.543386701936196],[-82.343175695414715,28.543441747555704],[-82.343175739985256,28.543455499121102],[-82.343191357828474,28.543469211328706],[-82.343207064825108,28.543510426664959],[-82.343222727257313,28.543537890433914],[-82.343230288361241,28.543554985123183],[-82.343254096730178,28.543606570433145],[-82.343254275054477,28.543661576692799],[-82.343238835491135,28.543702870752512],[-82.343223351338636,28.543730413245601],[-82.343192293863069,28.543757995096904],[-82.343176854261813,28.543799289149312],[-82.343161592926577,28.543895589458113],[-82.343146197861472,28.543950635070917],[-82.343115184865312,28.543991968468788],[-82.343099745203688,28.544033263413926],[-82.343084260967458,28.544060805890517],[-82.343037674549208,28.544102178616797],[-82.343006572366988,28.544116008861177],[-82.342866411031324,28.54411636283595],[-82.342850793133422,28.544102650592752],[-82.342819601875163,28.544088977665375],[-82.342788366103534,28.544061553166028],[-82.342757174865355,28.544047880224053],[-82.342679085534328,28.543979318022533],[-82.342647849831408,28.54395189348983],[-82.342632187485165,28.54392442965548],[-82.342616525147108,28.543896965819169],[-82.342569760644892,28.543883332125571],[-82.342554142819722,28.54386961984714],[-82.342538391533125,28.54381465287026],[-82.342522328859872,28.543663424930305],[-82.342506622105546,28.543622209513671],[-82.342490959845478,28.54359474566099],[-82.342475297590667,28.543567280903964],[-82.342459635346955,28.543539817047314],[-82.342429386596507,28.543516702260593],[-82.342409331746936,28.543501376939133],[-82.34233487020461,28.543485124925457],[-82.342319296928224,28.543485164185022],[-82.342288283741524,28.543526497398485],[-82.342274423365097,28.54355664165351],[-82.342210684003902,28.54360920395359],[-82.342179626297181,28.543636785575728],[-82.342117333101243,28.543636942532807],[-82.342101715370788,28.543623230201028],[-82.342052145067015,28.543523901743505],[-82.342038755833627,28.5434171127166],[-82.342007387206408,28.543348433329776],[-82.34194491653713,28.543293583936684],[-82.34192925447158,28.543266120016206],[-82.341899825526468,28.5432351147786],[-82.34186669406941,28.543183767452724],[-82.341835414415897,28.543142591158208],[-82.341819796795235,28.543128878792075],[-82.341770706487935,28.543071729855257],[-82.341734975639596,28.543017892259403],[-82.341725913627343,28.5429915973805],[-82.341694634085798,28.542950421051437],[-82.341678972136606,28.542922957099716],[-82.341663310195585,28.542895493146009],[-82.341492005095631,28.542895924047674],[-82.341468667482886,28.542902858574735],[-82.341414272162211,28.54293737454768],[-82.341398743303714,28.542951165269958],[-82.341367640217896,28.542964995142814],[-82.341289818535046,28.542978942433951],[-82.341196423625419,28.542992928810833],[-82.341134219411046,28.543020588452134],[-82.341056353360685,28.543020784040714],[-82.340994060519833,28.543020940479433],[-82.340947340888889,28.543021057789716],[-82.340931723400203,28.543007345320063],[-82.340884959502745,28.542993711039248],[-82.340822621390757,28.542980115832048],[-82.340807048186193,28.542980154917551],[-82.340798363463762,28.542984017078037],[-82.340795823657501,28.542985145964622],[-82.340775946034981,28.542993984652991],[-82.340744843875612,28.54300781438134],[-82.34072931491886,28.543021605027757],[-82.340713248579902,28.54303638779141],[-82.340667110563345,28.543049264456151],[-82.340636008373323,28.543063094159706],[-82.340480276201234,28.54306348472139],[-82.340449129766441,28.543063562812296],[-82.340293396568782,28.543063953162239],[-82.340246765294339,28.543091573372351],[-82.340137841091178,28.543119349612979],[-82.340108004724655,28.543163661625357],[-82.340089464983308,28.543176423851897],[-82.340060151624385,28.543174551815127],[-82.339995553325139,28.543160701112001],[-82.339960557995354,28.54313484731815],[-82.339950829922103,28.543078562868622],[-82.339935168403699,28.543051098712617],[-82.339903933681057,28.543023673536595],[-82.33987385408247,28.543023748825096],[-82.339867807711201,28.54302376395821],[-82.339826066596601,28.543023868422299],[-82.339748288782502,28.543051566403108],[-82.339608129830083,28.543051917000287],[-82.339576939293465,28.543038243319739],[-82.339545704666534,28.543010818060445],[-82.33953013145539,28.543010856999548],[-82.339467926786895,28.543038515881268],[-82.339452529916684,28.543093561097553],[-82.339437044861896,28.543121103168993],[-82.339390501495558,28.543176227132065],[-82.33936793835943,28.543196264066133],[-82.339301422275767,28.543320872172472],[-82.33931329532308,28.543382695293573],[-82.339329177085673,28.54347891737557],[-82.339344750365981,28.543478878458927],[-82.339376250569003,28.54358881408551],[-82.339407272230176,28.543614475835835],[-82.339438764181963,28.54365741623814],[-82.339454381575976,28.543671128879023],[-82.33946995488435,28.543671089947786],[-82.339527443801828,28.543671745691867],[-82.339535045530596,28.543681296915807],[-82.339547865525574,28.543684646834961],[-82.339553577382858,28.543704582414623],[-82.33956361524335,28.54373961417318],[-82.339595026516406,28.5438220457029],[-82.33961064395497,28.543835758325095],[-82.339658094464241,28.543859809755947],[-82.339688687090003,28.543890569838684],[-82.339719877893074,28.543904243489592],[-82.339735495359889,28.543917956097022],[-82.339801958107358,28.543931521626067],[-82.339829111972008,28.543972728564331],[-82.339875965479109,28.544013866339743],[-82.339891582982276,28.544027578928695],[-82.339938391367738,28.544054966017899],[-82.3399851556171,28.544068600619617],[-82.340031919878328,28.544082235205099],[-82.340125404260903,28.544095752758903],[-82.340140977630654,28.544095713750181],[-82.340187653556072,28.544081845144902],[-82.340234285279465,28.544054224955268],[-82.340296534535454,28.544040317291625],[-82.340343166208953,28.544012696162483],[-82.340373294869934,28.543998868966256],[-82.340405460659355,28.544012540014837],[-82.340421122447012,28.544040005012828],[-82.340434745141494,28.544106422871366],[-82.34045253447718,28.544122436334082],[-82.340483725445594,28.544136109807646],[-82.340559124413517,28.544148286412661],[-82.340639636165122,28.544190725499028],[-82.340653270751247,28.544191551226099],[-82.340706955654525,28.544194801219245],[-82.34085770779356,28.544203929954303],[-82.340904473245729,28.544217564234984],[-82.340966855361344,28.544244910965368],[-82.340982517326026,28.544272374993795],[-82.341060605784435,28.544340937273251],[-82.341076267787784,28.544368401290125],[-82.341091885497718,28.544382113738536],[-82.341154312068014,28.544423211947276],[-82.341169974107956,28.544450675952696],[-82.341201298215324,28.544505604859939],[-82.341216960279837,28.544533068859419],[-82.341248195788836,28.54456049372061],[-82.341263813549418,28.544574206148432],[-82.3412798674306,28.544587530374002],[-82.341295137739579,28.544629134129977],[-82.341341902412964,28.544642768259621],[-82.341419815020416,28.544656324060089],[-82.341528873529356,28.544669801482794],[-82.341653549893991,28.5446969911998],[-82.341700314642239,28.544710625205216],[-82.341715932483154,28.544724337580039],[-82.34174712378973,28.544738010759279],[-82.341793932961352,28.544765396296892],[-82.341825124289969,28.544779069457938],[-82.341856360028245,28.544806494176271],[-82.341887551376928,28.544820167322726],[-82.341903169258174,28.544833879675448],[-82.34191892139512,28.544888846716727],[-82.341950334849628,28.544971278571445],[-82.341981615095605,28.545012454823407],[-82.342059704745793,28.545081016510643],[-82.342099962631266,28.545095384128512],[-82.342168941540081,28.545149499667961],[-82.342199696911464,28.54516356004169],[-82.342231549860671,28.545176373313982],[-82.342278178475198,28.545217982735515],[-82.342295736963635,28.545231038659786],[-82.342309458921804,28.545259158908742],[-82.342325076922535,28.545272871211029],[-82.342356357403716,28.545314047372827],[-82.342371975418644,28.545327759669483],[-82.342403255934386,28.545368935819869],[-82.34242260426754,28.545393194287357],[-82.34243462645523,28.545437615987247],[-82.342450511379269,28.545533837648229]]],[[[-82.342496134507613,28.548248007492415],[-82.342459340234697,28.548311520397935],[-82.342443123914848,28.548446909660278],[-82.34233407574412,28.54846599303065],[-82.342273208264018,28.548545769003407],[-82.342196005334046,28.548656252159304],[-82.342064306024113,28.548810417719711],[-82.341973280272072,28.54893899501176],[-82.341886528603837,28.549117432028556],[-82.341868236218872,28.549382342059072],[-82.34193355135713,28.549466900125804],[-82.341918826313886,28.549633320645221],[-82.341896769919558,28.549710223099027],[-82.341950817828561,28.549894247424497],[-82.341966392226695,28.549990745073629],[-82.342076078182401,28.550100206877516],[-82.342122667916428,28.550155371362759],[-82.342216325974803,28.550220552288106],[-82.34217238434843,28.550264759501594],[-82.342060711551525,28.550289094577224],[-82.34206117503949,28.550306657462084],[-82.342060651841336,28.550332916880784],[-82.342154528664253,28.550375318618883],[-82.342208851168664,28.550398419678547],[-82.342418781590055,28.550553123582823],[-82.342450699561837,28.550553619676272],[-82.342493764979267,28.550479282739236],[-82.342527968697567,28.550268402565134],[-82.342511919739337,28.550110057078754],[-82.342466696473579,28.549917902300905],[-82.342464048638192,28.549817456852018],[-82.342465006826615,28.549769323604917],[-82.342463403653952,28.54970843592173],[-82.342479834874368,28.549203529653795],[-82.342536636115682,28.548867251945026],[-82.342610991932801,28.548711357382274],[-82.342720355984824,28.548563143566408],[-82.342858017304778,28.548435904397589],[-82.343104289452882,28.54826992029523],[-82.343374516474753,28.548131588750859],[-82.343593021467242,28.548075153144296],[-82.343799341287024,28.548090597800694],[-82.343872506943271,28.548152315781103],[-82.343924214978742,28.548219257582794],[-82.344001836952231,28.548417634483101],[-82.344064403200861,28.548596523741363],[-82.344170506344383,28.548855092957769],[-82.344220269991382,28.549066540339286],[-82.344251106449008,28.549300244083387],[-82.344254290079277,28.5494210061314],[-82.344253799768609,28.549445583513066],[-82.344272646434689,28.549664955088822],[-82.344270526431202,28.549771633317093],[-82.344271254586005,28.549799134799507],[-82.344270842388042,28.549819763341191],[-82.344271205954684,28.54983351408362],[-82.344270931837315,28.549847266442949],[-82.344271838710654,28.549881643303983],[-82.344268002368196,28.55007489188316],[-82.344290955499474,28.550113960051473],[-82.344266714941654,28.550177079754118],[-82.34430316635661,28.550177643323458],[-82.344318686921198,28.550163296459026],[-82.344381251788292,28.550149661329996],[-82.34447216334263,28.550121927378562],[-82.344637587124595,28.550168437382727],[-82.344736152350592,28.550258499667262],[-82.344787289730974,28.55023854901296],[-82.344785285779949,28.550162646545623],[-82.344860465404508,28.550098503157859],[-82.344879670029599,28.550065352932254],[-82.344878325609017,28.550014365107234],[-82.344909747892828,28.549928017962017],[-82.344971864384561,28.549776867063631],[-82.344986946723893,28.549721545970062],[-82.345003894771921,28.549677410956306],[-82.345001442910217,28.549584526680576],[-82.345032892384623,28.549557695084747],[-82.345048615926842,28.549528865963431],[-82.345079942346089,28.549487806569452],[-82.345131804139385,28.549392722393829],[-82.345190832031619,28.549304341511021],[-82.345281286377514,28.549239488613654],[-82.345328326488158,28.549225879896873],[-82.345310826697045,28.549136839965076],[-82.3453308800526,28.549044741237051],[-82.345358439132809,28.549019265751529],[-82.345403819344739,28.548980547297671],[-82.34546650410806,28.548842955083217],[-82.345473373836228,28.548496727689887],[-82.345428974311858,28.548107462759042],[-82.345402108891591,28.54798777790602],[-82.345361885881232,28.547900937922488],[-82.345324908954737,28.547576756096632],[-82.345262985672235,28.5475487858143],[-82.345168274780505,28.547521915794782],[-82.345150411626406,28.547506849708437],[-82.345153054973551,28.547373845225852],[-82.345078291570175,28.547273787934348],[-82.345013533728121,28.547297551407162],[-82.344964840076685,28.547342559346813],[-82.34491685449575,28.54732920479567],[-82.344901457037082,28.547287713687684],[-82.344884827957259,28.547245211475254],[-82.344885618944758,28.547205381961604],[-82.344884525703478,28.547164038594619],[-82.345118720702118,28.547146579695699],[-82.345112446860028,28.547125477265109],[-82.345103289253501,28.54709467749155],[-82.345093905701859,28.547066352509127],[-82.345081139043302,28.547027815313005],[-82.34507151710018,28.54699877176915],[-82.345044829385998,28.546903296166459],[-82.34494684435677,28.546888795469116],[-82.344915577033561,28.546889436154228],[-82.344868852981079,28.546888715658582],[-82.344826829757963,28.546889577644642],[-82.344460492725332,28.546875499757423],[-82.344401595846037,28.546876710310389],[-82.344323722422757,28.546875504668822],[-82.344238071697475,28.546877265744303],[-82.344214709663149,28.546876901772531],[-82.344186270806773,28.546877488197659],[-82.344097884482935,28.54687046371243],[-82.344080601752921,28.546886438331946],[-82.343420570074883,28.546906698409515],[-82.343398930047542,28.546906363328702],[-82.343062225738493,28.546921077110664],[-82.34301586152452,28.546935221130042],[-82.342926249111329,28.546954752157049],[-82.342876980477499,28.547062885849456],[-82.342875705547513,28.547127065337861],[-82.342894605754267,28.547191411342006],[-82.342876632786925,28.547224358773946],[-82.342789472667206,28.547320256724131],[-82.3427217734083,28.547496547355671],[-82.342783902273183,28.547540882228478],[-82.342877504143956,28.547589625840789],[-82.342862261465427,28.547595691063922],[-82.342789569115951,28.547616724082921],[-82.342751533306327,28.547666572453334],[-82.342709025529388,28.547744509328407],[-82.342629185305853,28.547857285924763],[-82.342566000770304,28.547956353603176],[-82.342476320366529,28.548032868213156],[-82.34247357023601,28.548171181389687],[-82.342496134507613,28.548248007492415]],[[-82.342826062438689,28.548084910579853],[-82.342760242010911,28.548013418285731],[-82.342777672814577,28.547973938393156],[-82.342831292280792,28.548009069192144],[-82.342924781329117,28.548022849161683],[-82.342898894028849,28.548075218706735],[-82.342826062438689,28.548084910579853]]],[[[-82.358586980821542,28.550535741898948],[-82.358466741384063,28.550614935600084],[-82.358369260705686,28.550705058715067],[-82.35823415423576,28.550820362465586],[-82.358203722690078,28.550872902959515],[-82.35828943919789,28.551080518006465],[-82.358385964836032,28.551130766270923],[-82.358432470332687,28.551158422017529],[-82.358479597373474,28.551185525679887],[-82.358572965832835,28.551254312584028],[-82.358838368615636,28.551349597713767],[-82.358869253291701,28.55136354294433],[-82.358932265705519,28.551390329244065],[-82.359041161806331,28.551455086430376],[-82.359218372192103,28.551499860964228],[-82.359293280189988,28.551485666567167],[-82.35931262149569,28.55148200151304],[-82.359328783504537,28.551478938609812],[-82.359337407304182,28.551471577963383],[-82.359365722264172,28.551447412368205],[-82.359396494020672,28.551421150446174],[-82.359414763647052,28.551389603227157],[-82.359475124201325,28.551253282246471],[-82.359564306711079,28.551170831258219],[-82.359616124098608,28.551155016776395],[-82.359681722924449,28.551136030136824],[-82.359740705595414,28.551058700404482],[-82.359755780372296,28.551003377747502],[-82.359788641835166,28.55096029330333],[-82.359784550825225,28.550806011357281],[-82.359817002621142,28.550686927566662],[-82.359847878066731,28.550606492427789],[-82.359838821637936,28.550557204492922],[-82.35983443295649,28.550533322180815],[-82.359829112397819,28.550504368484521],[-82.359804378937042,28.550483511491972],[-82.359771985531196,28.550456195996713],[-82.35972587761681,28.550377744267756],[-82.359613902837722,28.550160699844014],[-82.359503772137515,28.550082682881715],[-82.359347682370384,28.549974085378764],[-82.359346213619006,28.549918628781789],[-82.359446328958384,28.549860293722229],[-82.359502800446052,28.549794168761927],[-82.359502098656009,28.549767771779329],[-82.359533035155067,28.549711034678996],[-82.3595805563982,28.549670480418804],[-82.359621695606876,28.549595028828008],[-82.359720084069153,28.549573573142361],[-82.359782230613988,28.549559334689093],[-82.359842890710837,28.549586724160594],[-82.359875825496758,28.549573160430398],[-82.35993684517743,28.549545200311268],[-82.360092675815906,28.549547593389786],[-82.360136943359834,28.549540806788038],[-82.360170314587151,28.549535690432545],[-82.36020246421225,28.549530760484632],[-82.360217447571614,28.549530990533039],[-82.360268576582712,28.549531774358428],[-82.360280305933685,28.549531954382154],[-82.360271404639263,28.549523173876494],[-82.360265097549842,28.54951695273995],[-82.360178318031544,28.54951666773886],[-82.360140114690608,28.549517456661157],[-82.360062453809363,28.549503628549928],[-82.360023392104239,28.549504434153089],[-82.359984454386208,28.549503835376214],[-82.359941909165912,28.549504716965018],[-82.359808914949852,28.549490062666106],[-82.359704077021277,28.549492230853236],[-82.359587263886851,28.549490435116489],[-82.359486787262199,28.549492513984006],[-82.35946321476797,28.549470979802877],[-82.359455857530733,28.549464259707889],[-82.359439693133396,28.549471042074611],[-82.359423534856319,28.549477821716167],[-82.359384815775243,28.549495564041884],[-82.359345371004537,28.549477753396925],[-82.359314671912514,28.549477994357083],[-82.359279526094966,28.549477848243061],[-82.359162689765512,28.549477342547629],[-82.359014871043087,28.549480928675582],[-82.358960424165318,28.549481445299772],[-82.358917535642576,28.549481744563941],[-82.358893444654527,28.549481767640859],[-82.35883660952905,28.549481383677108],[-82.358824096507306,28.549483055395573],[-82.358812841403903,28.549479577746691],[-82.358796833840259,28.549481388634593],[-82.358776458077045,28.549481557977568],[-82.358704551216434,28.549482304712452],[-82.358666231070814,28.549482702815602],[-82.358637205622841,28.549483162981584],[-82.358602723946973,28.549476045268058],[-82.358574891577589,28.549473328741666],[-82.35851256600813,28.549469744106656],[-82.358496803313571,28.549465706250526],[-82.358479972601401,28.549464657053711],[-82.358377925395644,28.549460135024692],[-82.358323588005462,28.549459182095777],[-82.358216611731876,28.549456989259184],[-82.35819889440701,28.549452742670844],[-82.358060870629259,28.549447181973459],[-82.358041647087632,28.549446894290725],[-82.357923304507338,28.549443078109849],[-82.357903451852152,28.549444116700382],[-82.357828345671265,28.549436800879938],[-82.357809590731719,28.549435770206262],[-82.357799707821385,28.54943522687439],[-82.357780455107644,28.549434168633589],[-82.357792110761622,28.549463947607258],[-82.357722410976706,28.5495553262048],[-82.357743106891647,28.549611480207833],[-82.357741448322159,28.549695552841033],[-82.357743383498075,28.549768620095421],[-82.357727379453877,28.549812617023242],[-82.357647107279504,28.549983193795903],[-82.35755750911909,28.550241350878164],[-82.357653606263895,28.550386507961026],[-82.357850831980102,28.550503795000836],[-82.357932260876098,28.550526888682743],[-82.357981673133864,28.550556273026437],[-82.358237014615682,28.550515068258314],[-82.358294281409101,28.550490350054407],[-82.358321412816309,28.550443506595123],[-82.358274272670656,28.550341769516013],[-82.358289651098261,28.549956894718246],[-82.358342846051585,28.549941497577041],[-82.3584133295453,28.54992109642269],[-82.358471506195016,28.549867311389633],[-82.358505916611563,28.549851543288799],[-82.358615156378249,28.549824026707288],[-82.358730203175099,28.549782467829093],[-82.358817713033019,28.549850719637931],[-82.358843831188977,28.549897895297232],[-82.359020552356469,28.550015562384402],[-82.359075980991747,28.549990165641518],[-82.359103558796477,28.550037090147612],[-82.359051853730591,28.550097630391555],[-82.358990461917571,28.550180853969561],[-82.358927819515358,28.550262979069142],[-82.358895393633773,28.550322449543554],[-82.358795975313001,28.550392475771051],[-82.35871290636625,28.55046927139302],[-82.358623316737322,28.55048979806535],[-82.358587059416948,28.550456677816808],[-82.358585734037305,28.550488678270074],[-82.358586980821542,28.550535741898948]]],[[[-82.381195419781619,28.547067801885451],[-82.381199349188321,28.547126878687429],[-82.38122916147212,28.547146491232581],[-82.381284839417106,28.547166695261566],[-82.381391076065469,28.547205247082115],[-82.381483113166183,28.547238645755968],[-82.381532413298061,28.547256535958539],[-82.381548165192413,28.547262251322607],[-82.381548191446981,28.547286831851377],[-82.381548157271553,28.547309389506992],[-82.38156137628711,28.547322312647911],[-82.381579378355909,28.547339911798939],[-82.381591395979342,28.547344715462184],[-82.381620326084672,28.547356278833018],[-82.381634579010367,28.547364872347814],[-82.381648666581114,28.54735452714387],[-82.381655855636907,28.54734911546451],[-82.381681599141615,28.547339624492473],[-82.381693109524448,28.547327034291648],[-82.381705671652682,28.547319884941132],[-82.381715285485654,28.547314414106424],[-82.381735638379368,28.547291032340439],[-82.381821630398164,28.547266731503274],[-82.381846696849337,28.547259648038317],[-82.381925012123659,28.547243250650958],[-82.382101314829214,28.547206335348211],[-82.382132739349842,28.547199756392164],[-82.382281206079099,28.547133685232211],[-82.38236847218846,28.546947553277647],[-82.382402949372448,28.546874013050079],[-82.382410123830766,28.546801775085846],[-82.382313257747811,28.546585697764606],[-82.382260211612888,28.546467367355298],[-82.38220759818941,28.546050498788425],[-82.382195093899227,28.545935762829956],[-82.382045336587097,28.545644028673543],[-82.381978159945774,28.545571999891152],[-82.381533419180542,28.545594688926137],[-82.381267871038261,28.545635384051209],[-82.381194479152086,28.545584755049578],[-82.381148760490007,28.545553215811317],[-82.38107340329006,28.545553883900368],[-82.381012455237382,28.545554105464149],[-82.380928134446947,28.545580465649451],[-82.380882793440009,28.545584854585719],[-82.380760517252511,28.545596691509857],[-82.380728406643556,28.545627490842932],[-82.380733321730773,28.54572887286545],[-82.380820997380326,28.545829165580304],[-82.380841954954036,28.545886974685004],[-82.38081880555464,28.54591727517651],[-82.380810359442663,28.545940252555909],[-82.380692555017077,28.546058758579292],[-82.380659963692082,28.546161105677115],[-82.380586807796817,28.546334197029097],[-82.380560915125372,28.54637037938955],[-82.380477508393028,28.54655233691382],[-82.380453943070435,28.546603746914961],[-82.380435602529204,28.546672733364527],[-82.380424768053715,28.546761395028618],[-82.380428709835272,28.54682375453169],[-82.380663650081516,28.547026619450026],[-82.380775224232266,28.547039437436087],[-82.380942209054922,28.546953620458915],[-82.381079855092196,28.546979494974696],[-82.381195419781619,28.547067801885451]]],[[[-82.375537952551625,28.538432865082449],[-82.37565938263738,28.53840502502204],[-82.375768653782828,28.53839124717646],[-82.376032830019128,28.538321481543814],[-82.37642356914742,28.538236217078591],[-82.376744425563629,28.538184390282005],[-82.377250425998227,28.53816475206629],[-82.377270386951722,28.538146291589438],[-82.377294509289811,28.538153506459668],[-82.37733520754368,28.538152661590559],[-82.37737139301187,28.538129619956376],[-82.377387008591469,28.538125627924906],[-82.377412676837039,28.538110159066605],[-82.377310372517996,28.538034318325533],[-82.377204913157613,28.537965991932452],[-82.377178013661862,28.538012458646516],[-82.376983292484113,28.537977800822841],[-82.37695054155526,28.537932006839927],[-82.377012643024884,28.537878986209552],[-82.377035458721252,28.537857883008879],[-82.377036577279924,28.537856927934833],[-82.376579297339958,28.537560658170758],[-82.376567571816693,28.537570669661786],[-82.376559654290645,28.537577431192698],[-82.376552048362043,28.537584464365871],[-82.376544443463857,28.537591500242794],[-82.376536514016649,28.537595484402729],[-82.376532630894701,28.53759743610216],[-82.376530847735566,28.5375982739058],[-82.376505421411593,28.537610225508796],[-82.376496693646502,28.537612120255353],[-82.376473934887258,28.53762194846994],[-82.376386779720832,28.537647192079593],[-82.376357472374437,28.537646743625832],[-82.376349843516806,28.537651642817082],[-82.376337905157001,28.537653815347785],[-82.37630317977596,28.537666784352719],[-82.37630197460706,28.537667234350337],[-82.376300707056544,28.537667670083337],[-82.376277615583888,28.537675606077592],[-82.376194269527318,28.537694194178304],[-82.376190383561351,28.537695060360786],[-82.376188327125504,28.537695484742837],[-82.376155211760789,28.53770231694736],[-82.376109037366689,28.537723485595063],[-82.376015206918481,28.537743959636927],[-82.375906609523156,28.537772038805006],[-82.375812911419118,28.537785774567936],[-82.375782128079436,28.537799886624544],[-82.375726387371145,28.537823959174546],[-82.375686706752887,28.537806886588424],[-82.375684663061492,28.537806007948546],[-82.375680765691357,28.537803949663864],[-82.375673120420672,28.537799912988959],[-82.375618417421364,28.537793323815738],[-82.375602862076533,28.537792408552235],[-82.375541709335593,28.537784083938906],[-82.37551650464448,28.537716224568875],[-82.375517011088036,28.537690469480022],[-82.375516094223087,28.53765609285756],[-82.375517764372731,28.53757064294825],[-82.375500483426748,28.537511860860924],[-82.375501024123622,28.537484237832594],[-82.375499954074826,28.537444120042249],[-82.375518014107399,28.537364995334631],[-82.375510293628793,28.537353569594607],[-82.375507833531003,28.537343028942768],[-82.375481081094577,28.537285306217839],[-82.375484166916749,28.537127637204545],[-82.375467783853068,28.53707191697346],[-82.37545079671176,28.5369815503513],[-82.375451987963274,28.536920680602641],[-82.375276831452965,28.536835714895151],[-82.375281671409269,28.537017286659829],[-82.375280461179941,28.537079172494273],[-82.375283709002204,28.537201004709321],[-82.375313541322669,28.537402108032254],[-82.375329787156303,28.537530408386953],[-82.375329335499117,28.537553470741685],[-82.375331016983282,28.537616493649487],[-82.375361476769342,28.537745768040736],[-82.375401419696985,28.537972926423191],[-82.375445392756646,28.538394608225552],[-82.375537952551625,28.538432865082449]]],[[[-82.376300173179075,28.552099997975244],[-82.376284480153487,28.5521687463985],[-82.376285949456232,28.552223861650795],[-82.376284569222463,28.552294411172792],[-82.376223109062934,28.552346879213239],[-82.376198376165618,28.552414900125093],[-82.376270307579986,28.55256170339268],[-82.376223800256909,28.552622694080576],[-82.376176890554774,28.552735246366741],[-82.376179349165582,28.552827479257537],[-82.376198049473658,28.552880206095345],[-82.376219143168413,28.55294843658611],[-82.376246174747266,28.553084289874739],[-82.376273128304504,28.553256818898713],[-82.376377169740451,28.553397598411408],[-82.376527637340672,28.553577375362082],[-82.376506800327149,28.553678203543544],[-82.376481094294803,28.553820893850396],[-82.376459406211211,28.553958014606888],[-82.376457176185355,28.554083261678645],[-82.376486858740662,28.554151707415681],[-82.376509579393058,28.554181595705572],[-82.376535260267687,28.554215375685299],[-82.376591799748894,28.554309740551691],[-82.376601554855469,28.5543362512465],[-82.376616121993777,28.554375838806045],[-82.376645611314657,28.554389935429057],[-82.376658076683825,28.554382547694043],[-82.376677660457133,28.554370941629433],[-82.376680244480625,28.554344940814172],[-82.376671997221706,28.55428352441675],[-82.376622101188175,28.554158325413947],[-82.376563943410417,28.554002622313462],[-82.376568968372681,28.553964394366364],[-82.376592112136436,28.553788361647658],[-82.376609253418138,28.55369809925628],[-82.376634748780162,28.553593619910192],[-82.376629245399727,28.553551099870269],[-82.376477902719529,28.553353470897793],[-82.376400240235128,28.553252055913092],[-82.376368061045071,28.552890968998533],[-82.376313368881938,28.552779261369277],[-82.376313167242557,28.552722549079196],[-82.376350309339188,28.552634557493455],[-82.376529744518905,28.552528245487185],[-82.376472739018141,28.552431292145542],[-82.376456849980542,28.552374517779619],[-82.376432981892634,28.55232302706828],[-82.376413434093948,28.552280856354887],[-82.376486981619124,28.552058236903573],[-82.376456166114423,28.552032259218461],[-82.376428848796294,28.551991917431813],[-82.376395546144764,28.551942735784031],[-82.376369995912199,28.551905002256998],[-82.37635550323634,28.551840533374712],[-82.376344903459426,28.551793381299174],[-82.376345661793792,28.551754592190388],[-82.376396595868101,28.55166661378324],[-82.376412084503514,28.551639861631646],[-82.376552724825572,28.55153647695014],[-82.376523643975418,28.551245696096061],[-82.376452685039965,28.551247172381995],[-82.376436965578989,28.551246932633074],[-82.376351203324006,28.551286242542243],[-82.376203533434165,28.551302590707255],[-82.376079125119446,28.551334754530075],[-82.376001574710216,28.551358431922619],[-82.375798989409503,28.551413724146496],[-82.375752610385774,28.551427884775709],[-82.375736897030208,28.551427644929024],[-82.375704348236198,28.551428322425942],[-82.375697780917761,28.551434583877651],[-82.37568246038559,28.551448563788654],[-82.375674853419085,28.551455598712948],[-82.375662018245748,28.551462373792226],[-82.375651380240839,28.55146798960277],[-82.375635830736613,28.551476197884195],[-82.375620301295044,28.551487756490314],[-82.375609642198683,28.551490021973979],[-82.375589520205423,28.551501322580599],[-82.375573602732501,28.55149482646625],[-82.375558018795076,28.551490164783434],[-82.375542428891634,28.551487853706501],[-82.375534623966317,28.551483166894137],[-82.375356606668035,28.551537517941387],[-82.375246762106016,28.551558275788139],[-82.375230268880927,28.551559737141382],[-82.375200084628446,28.551571310033616],[-82.375184511409785,28.551573707270624],[-82.375171888822493,28.551577041100455],[-82.375138836172908,28.551587527369101],[-82.375122251682328,28.551592362804243],[-82.375091803565937,28.551601289843365],[-82.375063923300047,28.551610128571454],[-82.375044004352759,28.55161530436677],[-82.375013383153416,28.55162586058707],[-82.375000435252375,28.551628815415182],[-82.374978405541412,28.551635025696612],[-82.374951124381624,28.551643072298596],[-82.374938917553806,28.551646649492312],[-82.374927669400194,28.551649961457059],[-82.374920036872453,28.551654126071792],[-82.374904438480215,28.551656923082145],[-82.374885034768965,28.551662729068227],[-82.374857759787119,28.551670792778896],[-82.374834300673555,28.551677672909282],[-82.374826687215716,28.5516820296642],[-82.374813331721924,28.551684746480156],[-82.374795568894896,28.551690738316875],[-82.374771303981305,28.551698922735028],[-82.374748909307229,28.55170885793688],[-82.37473226596461,28.551712090934192],[-82.374714664400642,28.55171802727261],[-82.374701617961918,28.551722020935628],[-82.374686665742942,28.551726350112745],[-82.374676562836925,28.551729275402348],[-82.374655562449448,28.551737290174529],[-82.374641341018489,28.551739913715348],[-82.37460888553332,28.5517505263396],[-82.374591965465726,28.551754114702259],[-82.374565814253913,28.551762661614202],[-82.374545643384764,28.551767994136181],[-82.374523368969733,28.551774668820965],[-82.374515536809028,28.551778452274672],[-82.37449976992535,28.551781872316859],[-82.374477121945006,28.55178868157061],[-82.3744688627458,28.551792505000037],[-82.374453897475675,28.551795750479318],[-82.374437742322414,28.551800636982598],[-82.374408023991876,28.551809628629183],[-82.3743899118397,28.551815107043517],[-82.374362388609157,28.551823506107056],[-82.374345740536995,28.551828588863653],[-82.374337360022025,28.551831053698148],[-82.374315794450681,28.551837335682087],[-82.374297704992685,28.551842587534694],[-82.374267860812125,28.551851254655869],[-82.374249243545762,28.551856661354552],[-82.374220091623897,28.551865153308057],[-82.374196469012176,28.551872061751755],[-82.374186415952153,28.551876664314509],[-82.374175674351562,28.551879027365832],[-82.374157690825527,28.551884472910626],[-82.374129893791292,28.551892905165925],[-82.374111017014343,28.55189862386754],[-82.374084113218828,28.55190678295066],[-82.374064343187342,28.551912773906199],[-82.374038333656173,28.551920660717236],[-82.37401599213068,28.551931209242213],[-82.373992790004309,28.551934496310988],[-82.373970991110767,28.551944750073865],[-82.373947601761074,28.551948269551588],[-82.373924296483295,28.551958808985663],[-82.373902413505903,28.551962042777248],[-82.373877601843247,28.551972867881481],[-82.373857225235625,28.551975815085612],[-82.37383090719382,28.551986927663638],[-82.373812036959805,28.551989589183673],[-82.373784176432636,28.552000025636598],[-82.373766848665682,28.552003361462123],[-82.373737474811946,28.552014144057914],[-82.373721660362833,28.552017134627928],[-82.373702385061236,28.552022876928405],[-82.373675171758762,28.552031095434653],[-82.373644181666734,28.552042024125875],[-82.373627329736863,28.552045251245833],[-82.373597574998087,28.552055838149897],[-82.373577514318342,28.552059990869118],[-82.373550933790284,28.552069424863753],[-82.37353297285857,28.552073182891284],[-82.373504259311133,28.552083433045155],[-82.373486950410026,28.552087198296181],[-82.373457585083713,28.552097516103956],[-82.373441218720473,28.552101075730363],[-82.373410910843702,28.552111599146798],[-82.373395488040686,28.552114953146415],[-82.373375978278858,28.552120872903824],[-82.373350095613716,28.55212882961693],[-82.373326671632597,28.552136165974233],[-82.373317563353865,28.552140056637029],[-82.373305773587717,28.552142825847113],[-82.373286458979621,28.552152793847085],[-82.373263310631089,28.552156571515713],[-82.373239786136438,28.552167286489034],[-82.373219052489802,28.552170722744229],[-82.37319306150404,28.552180717205154],[-82.373175902042391,28.552183976696416],[-82.373157940289374,28.552189540255686],[-82.373130712704665,28.552197790274256],[-82.373099713955398,28.552208612389482],[-82.373083538604362,28.552211863750632],[-82.373053081068974,28.552222567966375],[-82.37303602446201,28.552226017550772],[-82.373021964494683,28.552230699614828],[-82.372994872328363,28.552239393184646],[-82.372973956163904,28.552252813374992],[-82.372959783122383,28.5522639808487],[-82.372946267906258,28.552268678552903],[-82.372936613508557,28.552274495378004],[-82.372901870512408,28.55228132947229],[-82.372866432916453,28.552291740529718],[-82.372830967005726,28.552295275837793],[-82.372788611112043,28.552306376310806],[-82.372775997087174,28.552308996145477],[-82.372757787995269,28.552322980049855],[-82.372741687701208,28.552336525039781],[-82.372725764965068,28.5523499964509],[-82.372710932445457,28.552361666507],[-82.372707141881392,28.552368890205472],[-82.372937145532489,28.552425487597787],[-82.373014804432174,28.552453052735718],[-82.373077461802836,28.55246635699179],[-82.373170722821783,28.552487187424276],[-82.373421577508466,28.55245817508575],[-82.373530754873997,28.552507456431037],[-82.373599822178974,28.552506021161058],[-82.373624547857204,28.552460662054909],[-82.373794059813562,28.552423681433293],[-82.373912891132804,28.552369214817723],[-82.373964825143929,28.552354177780487],[-82.374026400723736,28.552325953558547],[-82.374108299294022,28.552290593563409],[-82.374340601169024,28.552256544171957],[-82.374476232218498,28.552215137205597],[-82.374774117221946,28.552186925661246],[-82.374877216696646,28.552171105464236],[-82.375015320425518,28.552173213611976],[-82.375202203485102,28.55216932793941],[-82.375451112946891,28.552173125347725],[-82.375619243277001,28.552142236153955],[-82.375707983719678,28.552101559542823],[-82.375745034220927,28.552085561417833],[-82.375941713507558,28.552088561331079],[-82.376039878595478,28.552086520889382],[-82.376117187367441,28.551993834223282],[-82.376143778120266,28.552018118271835],[-82.376236973305353,28.552050274733471],[-82.376276390343932,28.552038240193617],[-82.376300173179075,28.552099997975244]]],[[[-82.343208865803433,28.54863300501934],[-82.343115343354484,28.548668056387278],[-82.343012402948858,28.548702849953681],[-82.342946829730636,28.548777220459751],[-82.342929034032892,28.548847299653655],[-82.342912434507198,28.548887575130582],[-82.342898331350483,28.548984893867932],[-82.342866246785889,28.549052712681171],[-82.342849871144509,28.54910123407263],[-82.342806358042878,28.549170566078892],[-82.342784472539819,28.549353978693283],[-82.342823640291584,28.549504212404145],[-82.342914509500389,28.549528118731033],[-82.342884672635208,28.549576250923423],[-82.342829254862721,28.549607097504481],[-82.342807113515846,28.549672708430794],[-82.342776207670212,28.549747682506744],[-82.34279082783182,28.549810267107297],[-82.342820797549237,28.549881693782183],[-82.342837996863068,28.549947666467823],[-82.342855968452071,28.549990503903956],[-82.342851934650056,28.550036505469095],[-82.342855175157752,28.550070876448533],[-82.342848790657925,28.55014362570353],[-82.342900581588381,28.550216176610864],[-82.342957488737056,28.550286613023566],[-82.342887753453851,28.550325425558032],[-82.342885153477582,28.55035503339381],[-82.342905166762861,28.550394327588286],[-82.3430408289166,28.550415824230239],[-82.343046506886097,28.550476068159877],[-82.343036364762867,28.55059169077667],[-82.343080287508528,28.550677938257316],[-82.343119672602214,28.550718071367875],[-82.343153219523046,28.550743444305436],[-82.343230882573309,28.550838368175427],[-82.343303261735784,28.550843320396822],[-82.343393518020761,28.550798557152824],[-82.343547814305225,28.550784265363497],[-82.343620320213702,28.550702032093618],[-82.343659346069487,28.550624212058153],[-82.343742412978756,28.550601898955133],[-82.343748931908934,28.550527614445656],[-82.34369741917169,28.550463856469968],[-82.343713071249951,28.550406886403515],[-82.34374379845913,28.550357927042757],[-82.343762531251713,28.550209891319049],[-82.343851926053389,28.550082619065275],[-82.343868610387233,28.55001691261376],[-82.343913776244747,28.549944945769731],[-82.343928012616558,28.549888878894464],[-82.343969308936721,28.549823083011919],[-82.343991232057547,28.549751539567772],[-82.343962510956985,28.549706388845216],[-82.343943804315515,28.549600054834649],[-82.343926898940254,28.549546111544952],[-82.343912298548631,28.549490121320581],[-82.343889199455319,28.549416418926931],[-82.343916742585705,28.549185531425504],[-82.343894196249011,28.54905735514998],[-82.343862770777918,28.548982454773629],[-82.343832462426022,28.548885248414216],[-82.343784274104209,28.548790129315577],[-82.343769585603567,28.548706635957789],[-82.343752679442659,28.548652692639926],[-82.343731661332825,28.548572079329229],[-82.343690256982697,28.548569246121531],[-82.34365154744961,28.548588447548955],[-82.343616434736035,28.548561892108097],[-82.343612016056284,28.548515021293685],[-82.343613258814926,28.548500883888821],[-82.343581866585524,28.54845154034204],[-82.343601313261914,28.548406347943509],[-82.343644272840706,28.548459526934263],[-82.34364120015654,28.548494545518068],[-82.34367230040921,28.548555613898142],[-82.343701084085865,28.548536135307081],[-82.343707388192257,28.548464326441149],[-82.34366504560974,28.54838117737966],[-82.343628302228041,28.54836320100889],[-82.343604343198109,28.548356896533477],[-82.343581672832485,28.548391843796232],[-82.343517602939059,28.54840905382569],[-82.343487203614842,28.5484323163694],[-82.343444286313456,28.54847655750072],[-82.343301876052024,28.548557571540343],[-82.343269612482516,28.548570384233155],[-82.343208865803433,28.54863300501934]]],[[[-82.352848409987217,28.554771048703618],[-82.352929238143673,28.554792305245538],[-82.352981452874985,28.554788464488869],[-82.353043951914771,28.554699784314316],[-82.35307029579036,28.554595990122014],[-82.353091957941658,28.554525286948873],[-82.353209483062429,28.554450312669633],[-82.353174300605218,28.554366489371137],[-82.353113600807262,28.55429137233288],[-82.352991323947805,28.554267180085187],[-82.352944644464827,28.554244343234942],[-82.352878888680777,28.554177355773902],[-82.352798299851443,28.554126578549596],[-82.352768223075188,28.554095937472081],[-82.352774190261187,28.554027827843267],[-82.352829485372979,28.553985514228174],[-82.352867091475204,28.553862103717467],[-82.352914162946163,28.553787093525145],[-82.352942807480801,28.55372996595688],[-82.352988309255522,28.553657457493838],[-82.353019983994997,28.553520705933217],[-82.352986025055586,28.553495027935284],[-82.35295857399916,28.553441140322171],[-82.352918678660075,28.553378436714127],[-82.35280130761916,28.553332560050173],[-82.352755644251744,28.553304150348097],[-82.352731683580529,28.553297849307175],[-82.35272449825753,28.553305255427198],[-82.352659968501541,28.553330880764637],[-82.352565793101263,28.553377595837215],[-82.352461152085468,28.5533704458024],[-82.352340558878481,28.553446413660918],[-82.35227752256398,28.5534421052498],[-82.352169538913472,28.553389277323511],[-82.352100581960741,28.553375634148253],[-82.352070539218786,28.553360936255046],[-82.352031322191252,28.553345607045969],[-82.35194511254646,28.553362444431333],[-82.351914745339243,28.553347588532869],[-82.351766827078649,28.553335244380886],[-82.351724965247442,28.55339464465472],[-82.351649534765542,28.553389490084996],[-82.351629329186295,28.553390976236905],[-82.351588090931315,28.553473223889643],[-82.351515473343639,28.553564216140224],[-82.351411295324993,28.553592203897878],[-82.351328638018728,28.553709483718148],[-82.351308977203416,28.553845241912629],[-82.351276896599543,28.553913059021578],[-82.351262663611749,28.553969126605018],[-82.351246112116726,28.554023151875093],[-82.351231879098435,28.554079219454692],[-82.351188337710951,28.554184861572878],[-82.351168876859916,28.554215874782106],[-82.351152196438321,28.554281582958762],[-82.351107033711841,28.554353552138188],[-82.351078389038904,28.554410679321439],[-82.351033519360854,28.554445011149454],[-82.350948433816328,28.554550285971853],[-82.350953883539859,28.5546080703187],[-82.351046003024308,28.554573536940538],[-82.351092815821758,28.554588579693505],[-82.351144705890462,28.554571601522134],[-82.351212154716634,28.554576211248783],[-82.351269259389696,28.554557527653483],[-82.351316063556439,28.55456072714993],[-82.35128374977576,28.554457674300636],[-82.351328012943966,28.554364113512424],[-82.351388494795344,28.554340096423811],[-82.3515054254202,28.554258751928458],[-82.351543494404154,28.554243433600316],[-82.351730018634399,28.554318026901633],[-82.351843297302992,28.554388502927676],[-82.351933841079685,28.554406417887655],[-82.351969921574394,28.554424069751928],[-82.352104614440222,28.554414162000597],[-82.352218263198296,28.554421927789289],[-82.352309074937807,28.554532898233791],[-82.352305734138625,28.554570985614788],[-82.3523083315756,28.554598482170732],[-82.352307122368302,28.554612236956984],[-82.352311863941935,28.554662455163719],[-82.352378368474888,28.5546940503095],[-82.352463102897687,28.554666326145366],[-82.352600673793219,28.554643801141836],[-82.352715643464151,28.554671261143749],[-82.352848409987217,28.554771048703618]]],[[[-82.348378137612357,28.553095677463464],[-82.348415822110539,28.553165650128022],[-82.348461587261966,28.553241484391993],[-82.34864381492855,28.553266636671811],[-82.348642417548319,28.55330034805435],[-82.348659425038022,28.553342801860232],[-82.348642597405515,28.553371080179954],[-82.348596696763309,28.553369590980154],[-82.348562709612182,28.553465339764394],[-82.348516708942185,28.553524729833985],[-82.348408148443639,28.553587023562883],[-82.348196480937276,28.553623266763978],[-82.348146328516549,28.553646863428884],[-82.348098779357343,28.553666826898127],[-82.348053015614738,28.553688357648848],[-82.348005741044176,28.55370170713568],[-82.347923022674308,28.553731953517222],[-82.347850113304304,28.553729588530679],[-82.347804044254502,28.553757753979831],[-82.347756770642647,28.553771103377755],[-82.347726272278678,28.553788973826691],[-82.347790454257705,28.553841173082954],[-82.348006877415003,28.553866724062825],[-82.348068943323682,28.55388575229582],[-82.348131102525016,28.553866336991604],[-82.348208898046735,28.553880500015172],[-82.348310910407179,28.553876667771025],[-82.34846406208635,28.553923621406707],[-82.348567452952096,28.553919736704998],[-82.3486249565577,28.553921602170622],[-82.34875633027832,28.554015441909886],[-82.349062247133745,28.554040530272978],[-82.349143744619099,28.554015073249357],[-82.349299546101776,28.553992747433149],[-82.349447401922831,28.554030553933909],[-82.349502104329545,28.554055930373025],[-82.349611765525935,28.554068875408369],[-82.349668856913368,28.554086378130993],[-82.349698856186677,28.55414208437983],[-82.349720833413869,28.554261641867043],[-82.349799345148682,28.554274667889771],[-82.349861098999753,28.554288783767731],[-82.34993284428397,28.554303678750628],[-82.350009397488748,28.554300802360487],[-82.350050420106513,28.554302131310909],[-82.350079283407155,28.554329476268595],[-82.35021002772919,28.554351166964636],[-82.350312765652561,28.554286076943654],[-82.350250379305123,28.55426027670735],[-82.350219734166345,28.554246060005049],[-82.350172760601382,28.554247827041753],[-82.350112072989944,28.554245859456675],[-82.349928354560021,28.554071809876],[-82.349861856661235,28.55387494102996],[-82.349782303708039,28.553810239846115],[-82.349766460189443,28.553749682260531],[-82.34980407459058,28.553686473927517],[-82.349861876062505,28.553611844086291],[-82.349995484795201,28.553535177134545],[-82.350211208667986,28.553363332445553],[-82.350231708264374,28.553324687409638],[-82.35025589479504,28.553304782569064],[-82.350308165291054,28.553254682465607],[-82.350384561028704,28.553191816946043],[-82.350483238073906,28.553163951555135],[-82.350527142953638,28.553177230725378],[-82.350442310342899,28.553232506870124],[-82.350393777674483,28.553279025016202],[-82.350309491809128,28.553296983421088],[-82.350279070346076,28.553337917135583],[-82.350508582598991,28.553351476167872],[-82.350558641564234,28.553282588656135],[-82.350605778954005,28.553227983679868],[-82.350707044137053,28.553088632823755],[-82.35078124819286,28.553046051016821],[-82.350888319760102,28.553015814853097],[-82.351006997416135,28.552943258657834],[-82.351134694321573,28.552921388702526],[-82.351223643667197,28.552924270786221],[-82.351180263607134,28.552868955001671],[-82.351164980340016,28.55277785644801],[-82.351265635036171,28.552667997009792],[-82.351318299178956,28.552624658533244],[-82.351337095064139,28.552589227359675],[-82.351467779511538,28.552593461260262],[-82.351492051199813,28.552592549322078],[-82.351490622092513,28.552562885906081],[-82.351376113774762,28.552416874290483],[-82.351299535244934,28.552395686115382],[-82.351171153066133,28.552380532300123],[-82.35116368582807,28.552387689119989],[-82.351074681825622,28.552460931200642],[-82.351054076073353,28.552499780569004],[-82.351019575746264,28.552528170748921],[-82.350858985523715,28.552522966991646],[-82.350806244493782,28.552622392204555],[-82.350774636511233,28.552663204574799],[-82.350728736011774,28.552732605686202],[-82.35061934593412,28.552801123146498],[-82.350604457898001,28.552829188258322],[-82.350587154223774,28.552858269324297],[-82.35051032228219,28.552890528730988],[-82.350415161856318,28.552935301222064],[-82.350331901006982,28.552986206821554],[-82.350307925388364,28.553053752849451],[-82.35027536058162,28.553108478938711],[-82.350137805065415,28.553187413096001],[-82.350082318013406,28.553221336166793],[-82.35003024506571,28.553271247988139],[-82.349976848295128,28.553315190617507],[-82.349819222987747,28.553310079959125],[-82.349748908855958,28.553312722701392],[-82.349702669939816,28.553298547854499],[-82.349588962647871,28.553282854853379],[-82.349548777689407,28.553244783048896],[-82.349483168536906,28.553217650774744],[-82.349371052250348,28.553165637940413],[-82.349266215769845,28.553190181519401],[-82.349172217494427,28.553203651605479],[-82.349126134257503,28.553218045130986],[-82.349056708461333,28.553232834328757],[-82.349009069321284,28.553231290183433],[-82.348985709968076,28.553232167751553],[-82.34896270295485,28.55323142290597],[-82.348715793198181,28.553082341164693],[-82.348583541896474,28.553066729237649],[-82.348347076557744,28.553012667935626],[-82.348302718390897,28.553014334670706],[-82.348378137612357,28.553095677463464]]],[[[-82.374656569760262,28.54544865350196],[-82.374673587252744,28.545448912439767],[-82.374726263090196,28.545400196874159],[-82.374764924044214,28.545367190892772],[-82.374795902605882,28.545231482014408],[-82.374780385950899,28.545159529909267],[-82.374618995316027,28.545140090413156],[-82.374560929531398,28.545062417527319],[-82.374507198744297,28.545017116710067],[-82.374530965595,28.544951757894854],[-82.374569408147565,28.544885354289566],[-82.374514401095098,28.54489898245064],[-82.374483406369038,28.544913188639246],[-82.374409251608057,28.544845460520321],[-82.374337551419799,28.544814989495617],[-82.374262914047833,28.544732392977018],[-82.374202471223512,28.544681433918559],[-82.37422581232272,28.544657780641312],[-82.374324490572306,28.544747904997887],[-82.374386535751697,28.544748851943517],[-82.374465959269131,28.54472585338549],[-82.374605861732633,28.54459646818465],[-82.374637967999945,28.544622070108129],[-82.374639418714494,28.544676549347788],[-82.374622182112276,28.544721477450189],[-82.374623976670492,28.544788804148546],[-82.374622902665195,28.544843676553629],[-82.374654631296295,28.54483011257858],[-82.374705559949589,28.544761048676193],[-82.374839013731673,28.544637631057014],[-82.374921085640821,28.544612569394051],[-82.375075438971862,28.544593110988778],[-82.375178746668368,28.544504917001024],[-82.375198475142412,28.544400808341823],[-82.375197777558952,28.544374669502005],[-82.375198048674036,28.544360917103077],[-82.375197680096463,28.544347166471645],[-82.375198084214361,28.544326537880245],[-82.375197533902991,28.544305911925925],[-82.375197805018033,28.544292159526858],[-82.375197254706976,28.544271533572427],[-82.375197660500859,28.544250801207156],[-82.375181417614897,28.544154751468174],[-82.375197476635179,28.543874500073098],[-82.375195047562528,28.543783355175886],[-82.375196257871224,28.54372146940203],[-82.375194242466534,28.543645840889084],[-82.375195721845955,28.543570202719142],[-82.375194805011375,28.543535826123719],[-82.375195311540779,28.543510070154788],[-82.375171599573534,28.543446228387371],[-82.375146640297601,28.543382491122909],[-82.375147934669982,28.543316347876306],[-82.375087708279665,28.543289162536411],[-82.375061690816153,28.543281787392658],[-82.37484527356311,28.54314672816491],[-82.374855973224882,28.543106506627012],[-82.374861744597041,28.543084814697696],[-82.374866997598815,28.543065064228824],[-82.37486586634995,28.543041674202257],[-82.374866432821293,28.543027920083365],[-82.374865200249516,28.543002464881432],[-82.374816856236535,28.542858316959752],[-82.374819233904091,28.542800808815397],[-82.374863918431814,28.542609229789111],[-82.374670661924839,28.542452098260974],[-82.374622674609171,28.542444147496145],[-82.374614135696618,28.542449864814767],[-82.374600727175746,28.542457485065025],[-82.37459059308172,28.542462899987122],[-82.374571715947909,28.542471792278484],[-82.374559987108498,28.542477317170913],[-82.37454235049006,28.542485624929888],[-82.374529755528641,28.542491558261379],[-82.374511433354726,28.542500189139997],[-82.374498107235468,28.542507997741868],[-82.374483620573017,28.542513290210945],[-82.374468027865873,28.542523674923366],[-82.374455541523574,28.542526517435636],[-82.374436866476742,28.542537948334445],[-82.374422905383284,28.542541891252668],[-82.374412838377935,28.542546632831296],[-82.374405032235316,28.542552092754335],[-82.374395525128563,28.54255478808663],[-82.374381205047428,28.542561533754519],[-82.374424530595348,28.542653851764218],[-82.374491594951749,28.54272615537268],[-82.374518510860199,28.542776112256547],[-82.374569898322164,28.542849705190672],[-82.374590002757472,28.542887020122485],[-82.3746323854526,28.54290453942712],[-82.374647464053638,28.5429325244903],[-82.374679348165046,28.542973168122572],[-82.37470252928216,28.543016192672475],[-82.374678922501815,28.543055887655385],[-82.374703370963303,28.543116873383187],[-82.374796575679255,28.543169655675904],[-82.375051977784764,28.543326466483837],[-82.37500739412009,28.5433849366826],[-82.37497998367715,28.543435228465114],[-82.374916627165234,28.543521143690402],[-82.374818224201604,28.543591734647471],[-82.374790050661503,28.543578335972068],[-82.374745018172177,28.543537205300229],[-82.374727659411477,28.543550729642437],[-82.374711944860351,28.543579562144231],[-82.374681134369453,28.54360586463104],[-82.374654581968343,28.543630419261742],[-82.374588250831394,28.543675154359025],[-82.37451969283606,28.543695007241762],[-82.374493706296278,28.543717194346627],[-82.374495156762237,28.543771629381691],[-82.374479121312675,28.543899870758789],[-82.374557747244921,28.543945082177508],[-82.374503388139146,28.544003085593118],[-82.374363476520983,28.544101663954255],[-82.374326317722065,28.54416983616337],[-82.374278632035072,28.544198571763847],[-82.37420331918311,28.544215006095818],[-82.37414666467032,28.544291826761405],[-82.374107401513385,28.544308782516033],[-82.374043976444483,28.544347002572259],[-82.373876079210831,28.544389317257234],[-82.373810800840744,28.544502071923873],[-82.373828246563036,28.544639866147026],[-82.373844373436398,28.544708304786848],[-82.373860024607794,28.544818551013201],[-82.373938292156737,28.544931719837997],[-82.373910544448265,28.545026815274699],[-82.373855169737098,28.545101903407712],[-82.373724839009782,28.545202696140141],[-82.373677192569929,28.545239544352871],[-82.37365891046575,28.545287189446039],[-82.373660047493686,28.545341527890042],[-82.373658175416224,28.545437086248899],[-82.373711804833547,28.545453131136583],[-82.373824361259921,28.545450792852801],[-82.374466325143871,28.545463483969559],[-82.374656569760262,28.54544865350196]]],[[[-82.361955340126173,28.55001473812181],[-82.361974286218171,28.550033673731463],[-82.362058182758602,28.550061895375105],[-82.362135275774179,28.550089965473475],[-82.362207567578494,28.550102751882385],[-82.362322023516526,28.550047439896307],[-82.362372287806963,28.550026906569659],[-82.362508934581072,28.550004008580661],[-82.362570325780808,28.550007075028077],[-82.362616485947086,28.549984765939456],[-82.362634000961151,28.549814437828747],[-82.362780189871415,28.549720164316476],[-82.362803552399626,28.549674858602916],[-82.362821750108779,28.54964507428873],[-82.362966013879316,28.549586139520091],[-82.363021024611484,28.549509257520882],[-82.363052908791559,28.549468689720978],[-82.363067383403603,28.549403124945698],[-82.363028859739458,28.549392734651562],[-82.363013268125385,28.549390652232447],[-82.363005028710532,28.549386306939617],[-82.362976471114919,28.549364641423946],[-82.363000246538334,28.549331313124881],[-82.363067277983546,28.549372388846226],[-82.363126485721082,28.549385209756419],[-82.363361625193292,28.54932892619685],[-82.363480881854898,28.549254896701363],[-82.363504772322557,28.549139954129497],[-82.36348598838056,28.549094167388528],[-82.363488232656877,28.549059083844178],[-82.363628593569004,28.549035562102951],[-82.363703978138858,28.548920431945952],[-82.363807161571856,28.548891997109145],[-82.363828440107568,28.548796837143044],[-82.363740903560981,28.548761644937194],[-82.363625773922294,28.548738317442389],[-82.36356017391391,28.5487229918248],[-82.363532853909575,28.548636445816125],[-82.36356846966676,28.548547961805184],[-82.363541434920364,28.548532267618231],[-82.363452999043758,28.548620198222704],[-82.363379594200637,28.548641942559193],[-82.363265247601106,28.548571871484],[-82.363267762737834,28.548532614798447],[-82.363266787649252,28.548518865755746],[-82.36326778093013,28.548503371736452],[-82.36322587660824,28.548470515071248],[-82.363158110559311,28.548492190062912],[-82.363054913498772,28.548454612002988],[-82.362905421804214,28.54842432218274],[-82.362909810238421,28.548355847257795],[-82.362863092245874,28.548280485112755],[-82.362841099314991,28.548198152178415],[-82.362767726541364,28.548183282774826],[-82.362732442958318,28.54817590927895],[-82.362717065028491,28.548168732547417],[-82.362705272098623,28.548162181484468],[-82.362696705450148,28.548169074780695],[-82.362678620003749,28.548182347776702],[-82.362666534374384,28.548193866839043],[-82.362654021999873,28.548199542587721],[-82.36263678741598,28.548212105871443],[-82.36261969980832,28.54822491600147],[-82.362606267675375,28.548241027050441],[-82.362600737456717,28.548252487092348],[-82.362587918587863,28.548265052112534],[-82.362573391336937,28.5482818744191],[-82.362566071800174,28.548290968792028],[-82.362573463324054,28.548302892418693],[-82.362588053468727,28.548324719847912],[-82.362595384099293,28.548338257018727],[-82.362602927058944,28.548348742812571],[-82.362612191913826,28.548370551976191],[-82.362581106859921,28.548368999950572],[-82.3625722360716,28.548375418518209],[-82.362558176191158,28.548386679359613],[-82.362544831117134,28.548391517243779],[-82.362535288249688,28.548397441316901],[-82.362519300148051,28.548403972727936],[-82.362495978956204,28.548415645393483],[-82.362485416632779,28.548417814843589],[-82.362472079774605,28.548423263582471],[-82.362474201446901,28.548453155129547],[-82.362440462624448,28.548508369108699],[-82.362443154502913,28.548546313415134],[-82.362423501622715,28.54861190819819],[-82.362394258521803,28.54865976061058],[-82.362399675421983,28.548736083160261],[-82.362365214944489,28.548792477500609],[-82.36228259649728,28.548815245627026],[-82.36224067217492,28.548896544565313],[-82.362160805682379,28.54895993942122],[-82.362096357767456,28.549026862766016],[-82.362107932207238,28.549038534336738],[-82.3621152073448,28.549046905787474],[-82.362122205306719,28.549053416451013],[-82.36213124799032,28.549064062495816],[-82.362142527420886,28.549076126465565],[-82.362155610876627,28.549089179098047],[-82.362164637249407,28.549101627155657],[-82.362170958876348,28.549122526518754],[-82.362176101909924,28.549143036507743],[-82.362178792178796,28.549152754744636],[-82.362170886356068,28.549170626811783],[-82.36216046396396,28.549189824811112],[-82.362156691549288,28.549197454226587],[-82.362154422404942,28.549206281548226],[-82.362151726099611,28.549216305608759],[-82.362140558573032,28.549230086144114],[-82.362160528985271,28.54923690780041],[-82.362140605614854,28.549243836767317],[-82.36212989116467,28.549307312430276],[-82.362134604689828,28.549373738198319],[-82.36210006651676,28.549417677686421],[-82.3621037857543,28.549470081949213],[-82.362055058428737,28.54953207807964],[-82.362005001149527,28.549602037273019],[-82.361827385362986,28.549743015774673],[-82.361792670767443,28.549843348247599],[-82.361776264382485,28.549870198658784],[-82.361780669951557,28.5498773740518],[-82.361781160469434,28.549892320896603],[-82.361793276153762,28.549899078715278],[-82.361803561128127,28.549904816353926],[-82.361815334121985,28.549907586744375],[-82.36182809558089,28.549918502622862],[-82.361839672706566,28.549924960491261],[-82.361849257102506,28.549930834441998],[-82.361864675700971,28.549940283250496],[-82.361876587554107,28.549946901742288],[-82.361896160122555,28.549959576166234],[-82.361906373644402,28.549961747942827],[-82.36191114009587,28.549971650140964],[-82.361925041198745,28.549985304278866],[-82.361939771547839,28.549998492402334],[-82.361948456828529,28.550008303844088],[-82.361955340126173,28.55001473812181]],[[-82.36282716122895,28.548257455978888],[-82.362799849466185,28.548269417280601],[-82.36279132512513,28.548251978887766],[-82.36282716122895,28.548257455978888]],[[-82.362644982662061,28.549427238195793],[-82.362603479548056,28.549439063210091],[-82.362592867592795,28.54942140209161],[-82.362644982662061,28.549427238195793]],[[-82.362753482723548,28.54931642442909],[-82.362741123378839,28.549324745435531],[-82.362725318870631,28.549335385633285],[-82.362701559643497,28.549324851130006],[-82.362688590680875,28.549322574883224],[-82.362685936379435,28.549311140311634],[-82.362701440321317,28.549311799111305],[-82.362753482723548,28.54931642442909]],[[-82.362810528147051,28.549310806537946],[-82.362880072577539,28.549321814205104],[-82.362862564838224,28.549351924233246],[-82.362842843358266,28.549385844437349],[-82.362797456567563,28.549338522528036],[-82.362810528147051,28.549310806537946]],[[-82.362495528074035,28.54944127796076],[-82.362401327126534,28.549425108659843],[-82.362421411071011,28.549380604014303],[-82.36248477580601,28.549387113073369],[-82.362495528074035,28.54944127796076]],[[-82.362487800119624,28.54923533333746],[-82.362739796923151,28.549249596751224],[-82.362716766790086,28.549292874011904],[-82.362701335672185,28.549295274851882],[-82.362685878888172,28.549294360564193],[-82.362639136778341,28.54928899829024],[-82.362524712324927,28.549295326971961],[-82.362431386097128,28.549270150911475],[-82.362421888459565,28.549215584736743],[-82.362420799005889,28.549201832384608],[-82.362460193824134,28.549208218652037],[-82.362487800119624,28.54923533333746]]],[[[-82.345508336231177,28.547314198374213],[-82.345551851805865,28.547378829661486],[-82.345561404166006,28.547373043005059],[-82.345567018633901,28.547361794577711],[-82.345651099820373,28.547263246207816],[-82.345695872467473,28.547244962697661],[-82.345726097930793,28.547230360766687],[-82.345789225573341,28.547217220751286],[-82.345850662163684,28.547197581846344],[-82.345968004072063,28.547203457627479],[-82.346059449293378,28.547247034125945],[-82.346209401238312,28.547238758192737],[-82.346286666550569,28.547201428952],[-82.346346160470262,28.547177131482563],[-82.3464315896437,28.547217842804578],[-82.346515041322093,28.547213235462674],[-82.346613166516306,28.547165831407945],[-82.346661136318332,28.54714623914645],[-82.346683113565419,28.547124397830419],[-82.346717025450943,28.547097485562762],[-82.346884664537839,28.547073979135757],[-82.347034618848568,28.547081485122707],[-82.347099766896989,28.547060657711601],[-82.347182186495118,28.546945491536629],[-82.347270291645373,28.54689569525847],[-82.34731399056453,28.546897883554674],[-82.347352040610389,28.546895784830916],[-82.347342849678455,28.54676593990073],[-82.347348754031344,28.54667398713519],[-82.347267742749167,28.546512739473496],[-82.347203045741168,28.546443518549101],[-82.347146740326693,28.546375431134635],[-82.347014257361494,28.546343568855356],[-82.346938668251909,28.546292152647752],[-82.346906603616802,28.546279255305798],[-82.346860664679809,28.546251096922443],[-82.346812567762711,28.546231750878583],[-82.346767087498009,28.546210080924634],[-82.346735022908305,28.546197183541615],[-82.346689084052173,28.546169025099161],[-82.346493683579098,28.546080524208488],[-82.346479032200605,28.546095085668576],[-82.346345501066054,28.54613187006267],[-82.346164645549706,28.546103965272604],[-82.345975604770658,28.546173960686644],[-82.345879658303488,28.546295626776466],[-82.345811130690777,28.54633981027213],[-82.345718376170041,28.546365359825437],[-82.345692558640721,28.546364066632023],[-82.345606381630901,28.546368821166986],[-82.345547527952164,28.546427321707824],[-82.345491167834254,28.546557898451006],[-82.345474762742796,28.546570919458105],[-82.345444626148776,28.546613023544943],[-82.345384636731083,28.54668932466862],[-82.345367519857021,28.546889828568084],[-82.345333911437251,28.546916500609154],[-82.345340162817038,28.546949817168137],[-82.345337020318865,28.546960430368483],[-82.345344121040071,28.546969351796207],[-82.345350550683449,28.54697743033968],[-82.345359759047895,28.546988999286967],[-82.345374358131423,28.54700656230488],[-82.345387109518313,28.547018460615845],[-82.345392587592883,28.547030243880751],[-82.345399293268898,28.547038669120731],[-82.345406688921628,28.547052789080659],[-82.345419974660729,28.547074674035894],[-82.345420118338225,28.547105554468608],[-82.345417274881953,28.547131397514693],[-82.34541866193959,28.547142145372856],[-82.345413468279645,28.547162410714655],[-82.345485645265185,28.547208549634703],[-82.345508336231177,28.547314198374213]]],[[[-82.347578305028904,28.563722205543858],[-82.347643157101146,28.563774947151053],[-82.347692456436064,28.5639993767414],[-82.34772692606505,28.564027411609981],[-82.347788823387788,28.564111495306346],[-82.34783753453253,28.564126427797611],[-82.347884899745893,28.56413953468169],[-82.34792185765572,28.56417454360934],[-82.34797843080878,28.564127997649326],[-82.347976998310799,28.564098305375335],[-82.348033495239449,28.564074589643788],[-82.348084073689989,28.56403297404659],[-82.348126638745512,28.563961452940774],[-82.34817131144932,28.563877256685341],[-82.348240377301479,28.563761211166852],[-82.348257690184084,28.563679865178855],[-82.348364188700828,28.563592241040489],[-82.348381351743555,28.563533711942451],[-82.348404284479344,28.563447600698971],[-82.348472044691391,28.563333749287025],[-82.348536027626167,28.56320327473998],[-82.348559308857091,28.563137688059303],[-82.348685001039016,28.563034269477587],[-82.348753300399352,28.562955161971757],[-82.348751439565135,28.56291651058422],[-82.348839101425966,28.562783977270872],[-82.348922624463086,28.562676151536579],[-82.348925788020026,28.562600000494427],[-82.348851271851757,28.562529407203076],[-82.348813878845334,28.562528195813691],[-82.348774943164159,28.562529657494551],[-82.34866815301487,28.562526194369156],[-82.348474205952968,28.56254454248867],[-82.348315148994203,28.562530009829342],[-82.348242761728386,28.562461437389103],[-82.348177936064246,28.562484887628848],[-82.34815934030452,28.562516134577184],[-82.348139461538054,28.562590771043169],[-82.348014278687344,28.562681249191982],[-82.347940743214593,28.56261158590155],[-82.347877960524684,28.562585624130492],[-82.347882926792479,28.562466288891589],[-82.347856246634208,28.562441016000001],[-82.347840034296667,28.562427829267705],[-82.347832566129824,28.562434985901909],[-82.347755680495425,28.56245669555468],[-82.347619170853534,28.562653202749349],[-82.347450539671868,28.562673990364594],[-82.347366464834238,28.56279600588412],[-82.347383986778183,28.562856922113877],[-82.347429168155031,28.562875605788932],[-82.347398225154365,28.562981115997626],[-82.347418624416932,28.563151634591431],[-82.347445737203628,28.563219298309019],[-82.347461218085598,28.563371050016773],[-82.34750208032807,28.563458156394752],[-82.347532757739089,28.563679057765246],[-82.347578305028904,28.563722205543858]],[[-82.348114655142211,28.563174123252988],[-82.348116659493613,28.563215769141607],[-82.348068507964243,28.563313964158201],[-82.348047649784817,28.563431764657061],[-82.347969992736495,28.563479236360582],[-82.347907198421311,28.563459222852646],[-82.347880042999449,28.563437136442989],[-82.347679459930717,28.563243089127013],[-82.347696289527875,28.563103838688665],[-82.347760204777586,28.563064768828735],[-82.347818979304492,28.563040094481348],[-82.347826447514521,28.563032937848178],[-82.348009973471818,28.563040652533857],[-82.348114655142211,28.563174123252988]]],[[[-82.361682281750035,28.544000563690528],[-82.361752421838844,28.544064639703667],[-82.361924889183001,28.544088957487066],[-82.361953373242798,28.544137422042652],[-82.361926562791396,28.544254802213846],[-82.361960313485923,28.54431576277031],[-82.362007237764885,28.544355331616106],[-82.362029901388269,28.544376034036723],[-82.362037243058623,28.54438274140719],[-82.362058057748868,28.544373755451701],[-82.362085298776094,28.544361995708687],[-82.362108296028339,28.544350568510136],[-82.362117028438263,28.54434829839678],[-82.362140059812987,28.544337288885256],[-82.362148446315487,28.544334571229438],[-82.362147855011102,28.544312271474421],[-82.36214652221804,28.544262004767376],[-82.362154561574414,28.544217549399498],[-82.362156399138712,28.544198792069388],[-82.362162048307596,28.544176146316236],[-82.362169766377761,28.544169214709516],[-82.362177742354163,28.544162099239454],[-82.362185741999269,28.544155032432144],[-82.362203003219989,28.544138183918463],[-82.362214791590162,28.544126218125463],[-82.362226430680963,28.544114228366471],[-82.362254789124449,28.544085017962924],[-82.362287587732283,28.544051657576045],[-82.362284819042983,28.543915950320788],[-82.362314310182043,28.543888684132146],[-82.362422373445057,28.543886448507763],[-82.362519606240056,28.54390015898927],[-82.362581635817676,28.543914020250639],[-82.362659861196207,28.543927287802635],[-82.362697533173019,28.543961702592469],[-82.362705716619644,28.543965050974016],[-82.362721357070768,28.543961638956716],[-82.362737738198362,28.543954891715174],[-82.362745443540376,28.543951717453506],[-82.362749252841979,28.543950148033993],[-82.362747432957164,28.543934065978522],[-82.362729392577222,28.543852602189929],[-82.362662509769351,28.543791502923774],[-82.362534645600533,28.54378954068061],[-82.362410206975852,28.543792116066037],[-82.362243351804011,28.543774562302701],[-82.362011604566803,28.54373525448468],[-82.362080611912347,28.543641699959597],[-82.362166892346679,28.543583525202084],[-82.362346866535532,28.543586288089045],[-82.362347430585189,28.543557614729014],[-82.362327627223067,28.543507025540158],[-82.362269314102306,28.543281299233605],[-82.362325932265477,28.54317744583815],[-82.362393026326203,28.543158022592788],[-82.362423124648146,28.543102818309102],[-82.362454088264755,28.543049346908916],[-82.362435363707235,28.54303060204419],[-82.362348184609729,28.542957088245061],[-82.362298116791592,28.542871901063791],[-82.362296614844468,28.542815216453786],[-82.362330437776137,28.542799712436267],[-82.362422073590949,28.542801120084896],[-82.362422361919229,28.542786538400993],[-82.362362377802782,28.542735955381211],[-82.362343894942441,28.54270450581048],[-82.362328491370079,28.54266301670528],[-82.362299985512962,28.542590194503926],[-82.36232775619672,28.54253925368857],[-82.362358719700254,28.542485782306738],[-82.362298246718623,28.54237558745417],[-82.36226217843037,28.54235929988716],[-82.362171726298229,28.542361172587203],[-82.362163806463585,28.542367932386156],[-82.362125847544434,28.542424789913369],[-82.362062103676976,28.542444243796762],[-82.361940666976494,28.542442382052723],[-82.361892760648033,28.542483271145333],[-82.36186168445083,28.542564236126456],[-82.361859507284834,28.542674698293975],[-82.361877258389853,28.542706760766077],[-82.361923556782713,28.542745804356127],[-82.361908570001262,28.542829499353552],[-82.361846030845484,28.542815524538533],[-82.36181485339101,28.542829813153659],[-82.36179655612635,28.542732414578939],[-82.361737668044483,28.542678618736442],[-82.361719358638922,28.542693400017189],[-82.361721522450296,28.542774913470812],[-82.361705722514273,28.54280219359762],[-82.361688359872844,28.542898202819529],[-82.361552306435811,28.543024005753701],[-82.361420818045332,28.543136232424125],[-82.361326711305153,28.543237307642752],[-82.361197554570253,28.543332230934315],[-82.361162189787876,28.543409893764547],[-82.36112734806045,28.543635236688488],[-82.361055829634751,28.543696278878887],[-82.361179643234692,28.543711205478985],[-82.361228550420563,28.543740291353721],[-82.361288843874306,28.543765921633639],[-82.361347080403064,28.543819124751511],[-82.361444547667489,28.543848293367859],[-82.361518714925538,28.543869327090729],[-82.361628543807569,28.543969658194289],[-82.361682281750035,28.544000563690528]],[[-82.361829760813166,28.542889734839473],[-82.361800755756761,28.542909983033699],[-82.361791743060834,28.542863984990763],[-82.361829760813166,28.542889734839473]]],[[[-82.377214437591448,28.548668355073413],[-82.377205484334993,28.548679204400244],[-82.377199488025752,28.54868647134888],[-82.377195527422103,28.548694034023008],[-82.377184560837421,28.548704559588042],[-82.377169543461036,28.548722289847682],[-82.377158771270174,28.548731159981731],[-82.377152078893033,28.548736669301658],[-82.377135330634076,28.548750459341349],[-82.377121502341026,28.548762046781412],[-82.377112167140439,28.548769530537861],[-82.377104419171786,28.548775918055657],[-82.377089110278789,28.548782104596828],[-82.377068774748665,28.548790647566868],[-82.377060070746367,28.548794304553763],[-82.37704923512689,28.548798856263055],[-82.377034833213031,28.548804906733338],[-82.377020118716572,28.54881128020493],[-82.37701249901211,28.54881580854396],[-82.377000431979425,28.548820363668682],[-82.376984288033057,28.548827949336758],[-82.376975338697207,28.5488321619376],[-82.376965850688535,28.548836628688225],[-82.376954512007472,28.548841966821211],[-82.376945850374099,28.548846045075273],[-82.376934605231227,28.548867034008776],[-82.376925585985489,28.548884045570187],[-82.376919573243441,28.548895316228119],[-82.376905767903139,28.548918528409789],[-82.376900862273573,28.548928754694913],[-82.376881170205607,28.548959886798055],[-82.376865546549496,28.549014879873695],[-82.376887822992444,28.549039691903566],[-82.376902542061359,28.549055830877091],[-82.376910337178728,28.549066120260274],[-82.376921156464945,28.549078497380084],[-82.376928856381241,28.549087305386617],[-82.376936391519834,28.549095182636812],[-82.376951204549812,28.549097239449324],[-82.376972072065726,28.549104050114046],[-82.376987941057834,28.549107341096789],[-82.377009523933765,28.549109849224209],[-82.377027296001842,28.549115503556557],[-82.37705365058153,28.549120968924829],[-82.377091484800673,28.549128815258861],[-82.377111358631282,28.549132936083783],[-82.377126215218283,28.549149511382371],[-82.37715240644674,28.549177963355543],[-82.377165676314902,28.54918918045961],[-82.377171839736476,28.549200411889661],[-82.377186892304024,28.549217204100483],[-82.377200045594108,28.549231264793455],[-82.377209829759508,28.549242793860138],[-82.377331952592925,28.54919810368493],[-82.377469779799142,28.549174470926161],[-82.377625202493462,28.549121610172609],[-82.377675109395781,28.54909811523078],[-82.377713511094314,28.549081980168189],[-82.377739263119295,28.54900936322062],[-82.377736904548172,28.548960688621818],[-82.377741895706492,28.548839853417896],[-82.377768069604159,28.548795843028792],[-82.377782508165566,28.548644011472646],[-82.377805904182011,28.548564145360022],[-82.37782148261924,28.548571368543399],[-82.377860184584421,28.548589312125145],[-82.377981474078922,28.548606026018437],[-82.378062842590907,28.548643754540642],[-82.37815176481223,28.548680508204004],[-82.378241530775782,28.548699123356958],[-82.378399760622571,28.548693145723675],[-82.378642363385836,28.548592531794064],[-82.378734862099819,28.548529488196678],[-82.378779866322091,28.548444592466407],[-82.378869147161609,28.54837108701868],[-82.378890151035804,28.548150182864845],[-82.378868341547573,28.548023779173711],[-82.378770518210445,28.547861781850894],[-82.378690663322786,28.547796861161078],[-82.37857358817331,28.547748473082748],[-82.378513934069304,28.547720813979502],[-82.378441383039913,28.547714200848404],[-82.378433917988858,28.547721359152956],[-82.378386651052665,28.5477347191676],[-82.378265342354297,28.547781865086773],[-82.378133496012254,28.547819128957666],[-82.378076161724977,28.547846120557761],[-82.378044467523267,28.547859437090501],[-82.378029636580038,28.547901256660218],[-82.378010035357747,28.547934216813388],[-82.377889219816637,28.547997385655904],[-82.377810575588867,28.548040205720199],[-82.377632789404117,28.548065721250904],[-82.37761032992708,28.548068944606563],[-82.377499062448166,28.548109659825396],[-82.377503421864887,28.548199617179225],[-82.377458103182093,28.548314947445334],[-82.377472771999919,28.548617631325005],[-82.377470741910244,28.548666771106582],[-82.377222347875602,28.548658769210583],[-82.377214437591448,28.548668355073413]]],[[[-82.371254309480207,28.545654598157721],[-82.371285500773766,28.545646719369035],[-82.37128565299048,28.545646706320056],[-82.371322687868954,28.545643600258845],[-82.371326694567031,28.545643264459827],[-82.371371086890292,28.545636313248959],[-82.371410896283152,28.545637597577052],[-82.371542376219679,28.54562209301757],[-82.371573668163336,28.545623101929184],[-82.371851814813411,28.545602713722861],[-82.372206979481561,28.545568352276923],[-82.372319924056768,28.54549472486412],[-82.372322072419692,28.545442807396764],[-82.372272426656963,28.54541284147761],[-82.372117319896262,28.54538066691757],[-82.371971277339313,28.545347306038892],[-82.371930906964039,28.545346002657144],[-82.371856575123971,28.545348808584581],[-82.371764729983212,28.545299495479927],[-82.371517208119471,28.545231042012386],[-82.37136067610453,28.545183076838068],[-82.371338334298073,28.54521011788437],[-82.37132345180386,28.545238185242503],[-82.371270789060517,28.545306214938687],[-82.371232997011617,28.54541276272289],[-82.371150083367056,28.545492269813419],[-82.371040011557909,28.54555219721432],[-82.370954108242557,28.545516686651712],[-82.370903833026773,28.545486339357879],[-82.370845322966133,28.545470158704454],[-82.370793937519736,28.545404652944701],[-82.37077881038789,28.54536291503798],[-82.370700303860261,28.545349901992832],[-82.370685224920351,28.545321915595249],[-82.37066894064246,28.545294944008567],[-82.370670048718154,28.54526818932877],[-82.370622642093181,28.545239576515037],[-82.370439910791077,28.545180686778203],[-82.370403312755087,28.545102694555773],[-82.370481953221272,28.545089215626842],[-82.370538852185405,28.545071431367141],[-82.370576031164333,28.54510166294839],[-82.370622291218581,28.545145474304125],[-82.370707659970122,28.545142253623109],[-82.370759510459663,28.545143928467201],[-82.370811877884179,28.54512192900641],[-82.37086895462609,28.545025964537263],[-82.370824278611821,28.545005247925271],[-82.370586634386882,28.544919511240344],[-82.370290188042219,28.544796962043979],[-82.370063190914109,28.544691689527451],[-82.370044029394236,28.544691070406213],[-82.369989720169812,28.544698373045801],[-82.369977490995765,28.544642738337213],[-82.369807664522369,28.544556373331584],[-82.369716337867246,28.54454123532658],[-82.369687096140581,28.544486956203549],[-82.369596037697534,28.54445905289181],[-82.369545537105537,28.544517000523207],[-82.369576224378093,28.544555368399244],[-82.369670019709915,28.54465649814658],[-82.36964196019143,28.544724829296769],[-82.369566231976776,28.544760475708141],[-82.369514696899969,28.544775038952451],[-82.369473833772332,28.544831295513031],[-82.3692458613192,28.545006976704336],[-82.369065554893623,28.545029233123142],[-82.369063004566016,28.545090884278604],[-82.369080920240719,28.545107853705996],[-82.369185627811746,28.545103906465997],[-82.369235393995211,28.545144371011631],[-82.369270106497822,28.54525303468758],[-82.369373981451531,28.545295977829763],[-82.369438798997919,28.545339588417118],[-82.369564026908108,28.545352475041295],[-82.36962607466667,28.545366652448784],[-82.369732881407216,28.54534162764147],[-82.369836342338758,28.545373332015462],[-82.369939447099753,28.545341105632421],[-82.369984091699592,28.545377404216854],[-82.370004376725873,28.545433379707532],[-82.370042949399263,28.54543462449498],[-82.370146168487494,28.545359981376706],[-82.370223626066817,28.545403848585654],[-82.370265349487354,28.545472956881444],[-82.370260934062102,28.54557966152619],[-82.370455367135577,28.545624083045034],[-82.370499106150916,28.545625494977493],[-82.370545822080274,28.545623732463493],[-82.370660411007748,28.54562743151379],[-82.370746697554111,28.545607212739654],[-82.371209814280704,28.545633961490566],[-82.37122485447675,28.545640936963199],[-82.371254309480207,28.545654598157721]],[[-82.370255509150184,28.544846022960044],[-82.37027799705703,28.544911248605143],[-82.370345205726494,28.544982546842476],[-82.370340363518011,28.545037912255612],[-82.370304087488194,28.545065682328648],[-82.370229540653625,28.545041739903542],[-82.370186096319102,28.54502049185405],[-82.370122598159256,28.545007933841916],[-82.370084250568283,28.544989180370596],[-82.370092303115925,28.544897109875194],[-82.370060293449015,28.544846816795946],[-82.370052351268981,28.544794463951369],[-82.37009151084645,28.544786810060174],[-82.37012187706236,28.544801661011501],[-82.370255509150184,28.544846022960044]]],[[[-82.340668138022082,28.545929361323473],[-82.340538411102557,28.546003793280001],[-82.340482482133723,28.546057396328759],[-82.340440762427761,28.546136032563364],[-82.340412920581116,28.546240559148362],[-82.340396928351637,28.546295082580603],[-82.340374792000986,28.546399061569161],[-82.340346967105972,28.546469803552228],[-82.34037054941227,28.546664262048427],[-82.340398936970203,28.546735132016202],[-82.340438079044219,28.546857772080699],[-82.340508395574929,28.546872374299369],[-82.340564134422166,28.546889468314713],[-82.340676932495313,28.546885236708416],[-82.340844738223055,28.54675350334513],[-82.340866781607076,28.546629024241],[-82.341021054780697,28.546369809438165],[-82.341019416362258,28.546335769136824],[-82.341043831375359,28.546294745153254],[-82.341300755603896,28.546279585450709],[-82.341346836924046,28.546265194583427],[-82.341394109049148,28.546251847421921],[-82.34145879652182,28.546221415744448],[-82.341647886872039,28.546168031351545],[-82.341735736222432,28.546126699638112],[-82.341794502826033,28.546102029710966],[-82.341890612037105,28.546043275463461],[-82.341986773154645,28.546016124601575],[-82.34202897270788,28.545975679165988],[-82.341968021907647,28.545905909389703],[-82.341970502830833,28.545846354061599],[-82.342031165038705,28.545796438078348],[-82.342064584957924,28.545764409222549],[-82.342101555899973,28.545660258137051],[-82.342070984718831,28.545507784508374],[-82.342014076196733,28.545413475328832],[-82.341998461354407,28.545314687577182],[-82.3419867717665,28.545312747208381],[-82.341977692476775,28.54531124060696],[-82.34196339668533,28.545308868262133],[-82.341936807660645,28.545329642139698],[-82.341847412744642,28.545403201370142],[-82.34188475380742,28.545433575799937],[-82.341872205627652,28.545507528962684],[-82.341829677024691,28.545467227402028],[-82.34179227882565,28.545451757065429],[-82.341693669647611,28.545455459402682],[-82.341606693218338,28.545496376523843],[-82.341578734024367,28.545551137740855],[-82.341625431098805,28.545549385221708],[-82.341640476509411,28.545563643154576],[-82.341711768309708,28.545621639484942],[-82.341765302254004,28.545694386824859],[-82.341781449763516,28.545814511814168],[-82.341710796776411,28.545837976344373],[-82.341672957787239,28.545793301019653],[-82.341703875086353,28.545714698812134],[-82.341702720829588,28.545690786977111],[-82.341639210353861,28.545673206764011],[-82.341602673094599,28.545638586536572],[-82.34157725002423,28.545617905675503],[-82.341547537290694,28.545535850251675],[-82.341525870683327,28.545499943757214],[-82.341400687324068,28.545473947198722],[-82.341250368478725,28.545357284218607],[-82.341206580458447,28.545358925529236],[-82.341036803119252,28.545477349359945],[-82.340962051934909,28.54549845334461],[-82.34086443088961,28.545544381251634],[-82.340773788265011,28.545631255146127],[-82.340729124727957,28.545774310660388],[-82.340668138022082,28.545929361323473]]],[[[-82.35700027090995,28.567464650402563],[-82.356984349613924,28.567480117735428],[-82.356981487991334,28.567505337465114],[-82.35697245301003,28.567541512465574],[-82.356969442157421,28.56756097838328],[-82.356968661062325,28.567570912462816],[-82.356965409825307,28.567615158093151],[-82.356958127936707,28.567634125423481],[-82.35695164523402,28.567642462022192],[-82.356938581064355,28.567647738960282],[-82.356915835457329,28.567657554848314],[-82.356907472521215,28.56766117897099],[-82.356884280032105,28.567671234245964],[-82.356868477877327,28.567678101076424],[-82.356857045170244,28.567683735553995],[-82.356841445642729,28.56769037445957],[-82.356814132018116,28.56769892192472],[-82.356804675492455,28.567701659211764],[-82.356786723495546,28.567707820643001],[-82.356767576405431,28.56771239439307],[-82.35675502283982,28.567716027717676],[-82.356785385107386,28.567741626613259],[-82.356949784307119,28.567788246699934],[-82.357042708013594,28.567830198262104],[-82.35711478366575,28.567896030830333],[-82.357212359963484,28.567952141236265],[-82.35730538526559,28.56800745325376],[-82.357405023283718,28.568064748273599],[-82.357694429441324,28.568133020026274],[-82.357964954320579,28.568114878124955],[-82.358100348787104,28.568073565670765],[-82.358236393654636,28.568034194999097],[-82.358286905773056,28.5680110538697],[-82.358339166649287,28.567988500037359],[-82.358427403930264,28.567962964600664],[-82.358480382461877,28.56794679916964],[-82.35851254411898,28.567858406099354],[-82.35855155259695,28.567825120506832],[-82.35856696350433,28.567782766501313],[-82.358608444420568,28.567747370110201],[-82.358628611206697,28.567673373007896],[-82.358681722573579,28.567564109423941],[-82.358779129065439,28.567450073572509],[-82.358948818849072,28.567368611257859],[-82.359046753864348,28.567379101746987],[-82.359160277047451,28.567350158487631],[-82.359233483428341,28.567358000952655],[-82.359325910951839,28.567340091223855],[-82.359330787506181,28.567304612856883],[-82.359306747033429,28.567278275023963],[-82.359273757521564,28.567255094693174],[-82.359235519002254,28.56719805631851],[-82.359252894973167,28.567117458693303],[-82.359368509086835,28.567074087672317],[-82.359378218315697,28.567003468522831],[-82.359381447079656,28.56697998567353],[-82.359334213670493,28.566928235376501],[-82.359281240432196,28.566900932839225],[-82.359190802233485,28.566883908703787],[-82.359123593313228,28.566810269966407],[-82.359030623745738,28.566820729489869],[-82.358991907140478,28.566813072706392],[-82.358983300245256,28.566833014564473],[-82.358951865418732,28.567060691494049],[-82.358954844355878,28.567081328186219],[-82.358951062925669,28.567108841422542],[-82.358957318075696,28.567152175860521],[-82.35893977054431,28.567260898847529],[-82.358911116260458,28.567327300012192],[-82.358935255147784,28.567353749545095],[-82.358745981358254,28.567435984577894],[-82.358689397717995,28.567411934355089],[-82.358690730926128,28.567344228479769],[-82.358673442423026,28.567314813766274],[-82.358430954142719,28.567263305617328],[-82.358058793706945,28.567255590341286],[-82.358051184429883,28.567262623380266],[-82.357957457798037,28.567276347019426],[-82.357911086746981,28.567290497047232],[-82.357761546406536,28.56732309754026],[-82.357498694124132,28.567394075019045],[-82.357248089105312,28.567430767936631],[-82.357095980355354,28.567458688621954],[-82.357007609323986,28.567456682411034],[-82.35700027090995,28.567464650402563]]],[[[-82.372805022618564,28.545394943254131],[-82.373261003290196,28.545452500538719],[-82.373358431850932,28.545434002724974],[-82.373379596117331,28.545397443105053],[-82.3733943234881,28.545245859250336],[-82.373410154226377,28.545204599568891],[-82.373413200081828,28.545196662338153],[-82.373417626085299,28.54518512729479],[-82.373420138431555,28.545173980105748],[-82.373426628955698,28.545161661568144],[-82.373433057847748,28.54514490730006],[-82.373434548030943,28.545136870578091],[-82.373432982444385,28.545123529286538],[-82.373426822506431,28.545101515614817],[-82.373417210018943,28.545067161120247],[-82.373398024394092,28.54499859368747],[-82.373362352114114,28.545012168213507],[-82.373329511310899,28.545056703228266],[-82.373254296633135,28.545120911117895],[-82.373223804737691,28.545204773519497],[-82.373177103628223,28.545205744658908],[-82.37316052834467,28.545191770566387],[-82.373130484085081,28.545164329977283],[-82.373076399602709,28.545148997151365],[-82.373051437088222,28.545081781003098],[-82.373035098227305,28.545040057508402],[-82.373037127669207,28.544936507600017],[-82.373004574185686,28.544848857165025],[-82.372957878324684,28.544827776846077],[-82.372896804059536,28.544854148513018],[-82.372875935142659,28.544930773821232],[-82.372833090470039,28.544931662966864],[-82.372801422454373,28.544850784814209],[-82.372785525201152,28.544752471669767],[-82.372722678800884,28.54468416114749],[-82.372707319283478,28.544656423888092],[-82.372651872953796,28.544592316870265],[-82.372628706012023,28.544533149989508],[-82.372608936670318,28.544445181936755],[-82.372490552463219,28.544409764169366],[-82.372366010131131,28.54444427644037],[-82.372335826317212,28.544549638751803],[-82.372302335035528,28.54472632380687],[-82.372303070798438,28.544753932471028],[-82.372301856749999,28.544815818231207],[-82.372303460001959,28.54487594753277],[-82.372272919841208,28.544959937992854],[-82.372142409944374,28.544932224859593],[-82.372064853011892,28.544840436677539],[-82.371901578236447,28.544771040185957],[-82.371847160227091,28.544576547395227],[-82.371820043144851,28.544605843911555],[-82.371819271013919,28.544645244870257],[-82.371820162113082,28.544678712002405],[-82.371802065500788,28.544864943039453],[-82.371742977077275,28.544866172284479],[-82.371710529427659,28.54481097568139],[-82.371679810897291,28.544755502732784],[-82.371648922862661,28.544729460039342],[-82.371648154274354,28.544700602622576],[-82.371670782601711,28.544621619378084],[-82.371632559696394,28.544604362983645],[-82.371502102711617,28.544588645687085],[-82.371476225586491,28.54452255605343],[-82.371451279720091,28.544455383766241],[-82.371328190211457,28.544453504275978],[-82.37128925924938,28.544454312750755],[-82.371273532620449,28.544454070611994],[-82.371265936999492,28.544465449126111],[-82.371262806276462,28.544474869086191],[-82.371250444859669,28.544488658145433],[-82.371241250205387,28.544502431327075],[-82.371234952709955,28.544511866260631],[-82.371227362161648,28.544523236637634],[-82.371219445807426,28.544529994243391],[-82.371203706440951,28.544543610260369],[-82.371195978959918,28.544550027166476],[-82.37119730059905,28.544599674780393],[-82.371149687120109,28.544578180365683],[-82.371118350151448,28.544571525539407],[-82.3710949914813,28.544569076362603],[-82.371087034661826,28.544564875158859],[-82.371017965598242,28.544523808935718],[-82.371007231581359,28.544540101127705],[-82.371011129092565,28.544686504976781],[-82.37096903014185,28.544743587390482],[-82.370900969215739,28.54474499778804],[-82.370882837263281,28.544664310493637],[-82.37080690532629,28.544620647026154],[-82.370760399538739,28.544592995494693],[-82.370670157022801,28.544541102886235],[-82.370626935535398,28.544504662579957],[-82.370575149456357,28.544457360711888],[-82.370513125262704,28.544429358926084],[-82.37042018262683,28.544403008821288],[-82.370338788529267,28.544360643114747],[-82.370261088179788,28.544319324828852],[-82.370182766472482,28.544278558618853],[-82.37004290610048,28.544204184605686],[-82.369934728657981,28.544155347872184],[-82.36987878570244,28.544148607294844],[-82.369887120582888,28.544228580601477],[-82.369951523631173,28.544266873693655],[-82.370035876593192,28.544302725703371],[-82.370387628884501,28.544494266393045],[-82.370725276985524,28.544707301394695],[-82.370854467090069,28.544771511008218],[-82.371026782695736,28.544880227862922],[-82.371270446265569,28.544995732638405],[-82.371716127214199,28.545146536749318],[-82.372190136342297,28.545271776973184],[-82.372242196295318,28.545249297761],[-82.372285671088918,28.545229370421698],[-82.372318972443807,28.545289505750155],[-82.372363961158371,28.545309815858943],[-82.372616347160474,28.545358009546387],[-82.372805022618564,28.545394943254131]],[[-82.37136557888293,28.544741337631834],[-82.371355224183105,28.544772535459924],[-82.371256706695405,28.54478204480624],[-82.371242044137631,28.544807835855696],[-82.371183948431181,28.544782083097651],[-82.371204439403527,28.544755291668992],[-82.371292834067489,28.544745202766006],[-82.371298034056309,28.544736056872633],[-82.37136557888293,28.544741337631834]],[[-82.372909954365923,28.545035663964633],[-82.372892087091344,28.54513647725722],[-82.372789538011986,28.545120435516555],[-82.372781026094046,28.545070638929307],[-82.372817620179717,28.545065760575135],[-82.372864377363641,28.545071732906393],[-82.372887541959969,28.545020486807879],[-82.372909954365923,28.545035663964633]],[[-82.372739179333465,28.545268206389569],[-82.372693949619133,28.545297018610764],[-82.372581672642411,28.545252992999011],[-82.372522416377294,28.54526350270201],[-82.372484052834935,28.545256917098918],[-82.372445709517677,28.545228192535578],[-82.372476787136534,28.545208396591232],[-82.372483260164699,28.545200367866912],[-82.372554646543136,28.545205913609735],[-82.372646853954009,28.54522190630766],[-82.372662423992736,28.545219143926609],[-82.372705176145942,28.545226483519677],[-82.372739179333465,28.545268206389569]],[[-82.373130473107807,28.545233124350549],[-82.373129390465252,28.545288375751593],[-82.373175753549546,28.545327465809144],[-82.37304811452438,28.545343556036414],[-82.372968925822917,28.545342346068853],[-82.372865840043715,28.545311507498464],[-82.37283406055198,28.545267787994934],[-82.3729274316442,28.545247417546914],[-82.372934988892979,28.545226631258423],[-82.37295852919938,28.545233305273012],[-82.372981881861307,28.545275476019668],[-82.373036859733062,28.54527433512801],[-82.373036127274844,28.545246850082609],[-82.373053578759851,28.545231949634694],[-82.373130473107807,28.545233124350549]]],[[[-82.382997895640258,28.551348621921964],[-82.38300995123565,28.551435227686362],[-82.383041398574818,28.551517648739605],[-82.383058776772529,28.551546425793646],[-82.383071667181497,28.551605022433016],[-82.383123271927161,28.551787188758091],[-82.383215090979988,28.55207834952849],[-82.383277791361735,28.552194687797417],[-82.383320156426606,28.552249088338115],[-82.383420519628046,28.552338711157518],[-82.383447493304232,28.552387531754686],[-82.383462481419969,28.552579921053542],[-82.383484152187236,28.552644529481235],[-82.383547629081761,28.552727646760328],[-82.383563197240591,28.552429169033406],[-82.383541481160549,28.552360517369127],[-82.383455527646547,28.55221819622043],[-82.383437730653924,28.552186152137065],[-82.383379779344466,28.552065638950857],[-82.3833211720832,28.551981530601051],[-82.383254277937112,28.551747853353376],[-82.383228047191224,28.551680042720175],[-82.383181368931147,28.551462247254712],[-82.383160674186371,28.551295621302319],[-82.383133778958396,28.551228549730556],[-82.383135189097473,28.551194346243673],[-82.383118417882301,28.551118109926527],[-82.383093452839574,28.551097814605662],[-82.383131694614463,28.551066327895064],[-82.383170652932463,28.550981817776897],[-82.383128441629069,28.550876562781706],[-82.383099014013041,28.550690861660076],[-82.383056021353184,28.550611088158124],[-82.383001466397289,28.550585795233246],[-82.382897164766831,28.550553845277925],[-82.382851044678517,28.55055559052197],[-82.382835969474399,28.550541316536517],[-82.382827921929618,28.550545059567629],[-82.382805675070543,28.550542463104563],[-82.382796752134212,28.550539256087898],[-82.382784539379756,28.550534867259703],[-82.38276557522245,28.550531483719581],[-82.382746574956357,28.550521222658507],[-82.382734381450547,28.550519047206571],[-82.382725880074901,28.550514004543718],[-82.382678932172766,28.550507537177719],[-82.382622532731958,28.550499766385457],[-82.382590683055355,28.550494158776885],[-82.382563854778468,28.550489281440864],[-82.382547370241866,28.550486284302593],[-82.382516199952107,28.55048061791495],[-82.382508733964585,28.550487776442765],[-82.382489190384618,28.550495988637294],[-82.382470847831215,28.55050511783044],[-82.382451338616576,28.550523691469945],[-82.382437657777999,28.550536675849969],[-82.382423339902573,28.550550408256495],[-82.382415815862331,28.550557624692349],[-82.38240742972873,28.550549684277598],[-82.382392821946638,28.550536068535063],[-82.382375042634493,28.550521763313412],[-82.38234586363248,28.550532657301968],[-82.382332890389236,28.550536139864356],[-82.382314294329504,28.550546388649444],[-82.382292802498711,28.550550811068184],[-82.38228285171121,28.550554452950223],[-82.382265318155945,28.550562352658172],[-82.382251703294614,28.550554562305951],[-82.382242181239448,28.550550146904246],[-82.382221013051264,28.550540333116057],[-82.382212698914856,28.550536478272978],[-82.382203653547123,28.5505333220928],[-82.382194093966675,28.550527852862523],[-82.382141734891633,28.550533270799509],[-82.382095962281142,28.550533323827633],[-82.382045917780147,28.550529648669976],[-82.38192905950784,28.5505262002611],[-82.381793029766143,28.550577195893542],[-82.381791675590691,28.550610033977659],[-82.381813441875465,28.550670072992016],[-82.381923405363693,28.550736430244147],[-82.381949530239851,28.550722805439808],[-82.38194754628033,28.550681921574458],[-82.381964320227652,28.550681288767716],[-82.381993391632449,28.550761474454173],[-82.382034896682342,28.550800773599871],[-82.382111007025841,28.55084973864038],[-82.382167637986058,28.550914515095442],[-82.382198343694242,28.550956206908115],[-82.382315340218156,28.551013925808086],[-82.382398677918175,28.551092836974576],[-82.382522399836674,28.551143966828331],[-82.382604861650208,28.551229571168292],[-82.382675492427325,28.551314029447987],[-82.382788820470779,28.55136656982965],[-82.382945226326143,28.551351717525829],[-82.382965440688992,28.551256582069527],[-82.382988214452951,28.551279072666411],[-82.382997895640258,28.551348621921964]]],[[[-82.349349323404098,28.55740407125915],[-82.349327056449368,28.557466795997748],[-82.349298401637213,28.557539660509146],[-82.3493671278477,28.557576182676549],[-82.349482215177829,28.557465873280055],[-82.349520217586473,28.557434602337338],[-82.349604229950245,28.557399331940257],[-82.349683735125069,28.557345175418149],[-82.349753766068986,28.557387458170702],[-82.349875522974301,28.557330172542297],[-82.35003342625879,28.557313076720998],[-82.350073396007744,28.557258075354866],[-82.350105005612036,28.557217262258778],[-82.350143029051921,28.557164940423881],[-82.350198549169505,28.557141629657785],[-82.350192339348041,28.557012816946813],[-82.35021606221521,28.55693192061792],[-82.350303320719533,28.556830847371899],[-82.350502708789847,28.556700930991084],[-82.350654114483646,28.556637362726715],[-82.350694216155091,28.556594896127788],[-82.350656000638921,28.556563817230604],[-82.350545644145726,28.556501299450868],[-82.350476306771171,28.556459438506028],[-82.350383764685986,28.556407014182593],[-82.350268980360752,28.556391172966364],[-82.350211118244701,28.55633635807391],[-82.350194905538714,28.556323171608067],[-82.35016695996012,28.556271282502813],[-82.350126547213264,28.556219754900059],[-82.350039719416927,28.556195729353689],[-82.349914819644297,28.556241402006943],[-82.349878376347789,28.556240221834663],[-82.349784882344096,28.556151650947012],[-82.349707457919308,28.556131904212851],[-82.349618672458334,28.556159636193385],[-82.349495175480442,28.556190373844462],[-82.349486280791211,28.556249102020132],[-82.349447571353309,28.556228311617403],[-82.349369058210414,28.55621528630958],[-82.349290258450566,28.556186944487948],[-82.349256823814983,28.556188202648649],[-82.349196448926136,28.556216608394969],[-82.349158739166285,28.556322845729785],[-82.349214487786085,28.556393932074865],[-82.349230060102485,28.556506065390856],[-82.349344152745232,28.556553246597407],[-82.349451840686669,28.556630166338685],[-82.349479730682859,28.556713578043521],[-82.34944661779609,28.556797774814047],[-82.349450255085088,28.556873282200129],[-82.349433718245933,28.556929683055468],[-82.349410250638144,28.557017806329366],[-82.349371871282329,28.557067358697431],[-82.349316549141719,28.557150998096791],[-82.349372380262977,28.5572435020696],[-82.349388231744314,28.557305136138101],[-82.349349323404098,28.55740407125915]]],[[[-82.345771999595812,28.558137717400353],[-82.345919545950252,28.55824484164987],[-82.346024950359336,28.55822718223224],[-82.34607331356375,28.558203194785378],[-82.346173941812808,28.558186724078581],[-82.346276683466598,28.558121190443476],[-82.346292707809752,28.558104676466009],[-82.346328380722213,28.5581410228097],[-82.346410286544881,28.558078353918184],[-82.346375716129401,28.557945764915779],[-82.34633835168799,28.557927485920864],[-82.346292589607742,28.557909596492387],[-82.346269134311896,28.557819638082758],[-82.346176060030174,28.557685806835249],[-82.346029952053769,28.557605523773031],[-82.345982386976573,28.557467492387005],[-82.345900169897774,28.557374218675267],[-82.345806764973119,28.557310015195799],[-82.345749411039321,28.557278500010923],[-82.345650777723421,28.557178011342341],[-82.34550226517247,28.557142531351278],[-82.345416936813749,28.557174515345132],[-82.345337945016368,28.557187443810065],[-82.34525043781295,28.557208828050356],[-82.345119804631324,28.557161519422507],[-82.345039021910395,28.557129208980914],[-82.344998919153184,28.557113169861399],[-82.344979854731648,28.557106310001878],[-82.344966690078564,28.55710218367259],[-82.344956638183746,28.557099539194212],[-82.344949453081824,28.557106945805256],[-82.344928445698486,28.557112588273252],[-82.344877688139945,28.5571262207391],[-82.344823572645339,28.557182002759838],[-82.34474515708925,28.557225646846703],[-82.34470091954789,28.557313851848892],[-82.344670535477547,28.557362263697076],[-82.344668786278433,28.55738218005645],[-82.344672027626928,28.557416550948343],[-82.344669010230632,28.557450937731105],[-82.344670310041124,28.557464686079449],[-82.344664205308334,28.557534266512938],[-82.344685039417769,28.557575174396675],[-82.344817832444775,28.557704032263032],[-82.344857079542777,28.557781091581568],[-82.344918845533712,28.557776551093561],[-82.345110812691217,28.557875605633356],[-82.345185549390365,28.557862687216339],[-82.345283674218891,28.557794436491942],[-82.345364513577309,28.557788495581928],[-82.34540258460018,28.557817286201153],[-82.345429020089909,28.557894006184142],[-82.345481928391578,28.557998426468718],[-82.345514614390922,28.558073816718938],[-82.345613210635634,28.558122057427926],[-82.345771999595812,28.558137717400353]]],[[[-82.351176584290911,28.537452665894222],[-82.351211760183318,28.537564149452379],[-82.35120611307299,28.537652113470706],[-82.351212605839322,28.537686352267698],[-82.351272887564505,28.537657222179387],[-82.351358305919547,28.53745927655434],[-82.351243625790218,28.537428329623875],[-82.351223027789089,28.537370035690838],[-82.351202387744181,28.537319701416887],[-82.351222226903886,28.537260410492067],[-82.351237616823894,28.537205363052284],[-82.35125305233889,28.537164068079129],[-82.351268487842006,28.537122773104088],[-82.351284014556342,28.537108981260005],[-82.35128396894477,28.537095229693588],[-82.351268214184955,28.537040263705205],[-82.351252550656369,28.537012800847737],[-82.351221314830127,28.536985378260415],[-82.35120569692306,28.53697166696395],[-82.351174415524056,28.536930492798533],[-82.351156966657456,28.536894318828921],[-82.351158615251535,28.536861775228321],[-82.351147446156958,28.536802395744573],[-82.35114684287575,28.536799189480178],[-82.351177100502738,28.536778154362789],[-82.351222117553746,28.536792672127969],[-82.351238815198613,28.536808143806013],[-82.351251912156926,28.536820278912],[-82.351314383742931,28.536875124067212],[-82.351423435397848,28.536888593617903],[-82.351470197906934,28.53690222429363],[-82.351550487940642,28.536901630284586],[-82.351565921327605,28.536880060466022],[-82.351592124717698,28.53684344058318],[-82.351625647926312,28.536819311806841],[-82.351641174549655,28.536805519922105],[-82.351656655506588,28.536777975566771],[-82.351703235334256,28.536736599896649],[-82.351796623267091,28.536722606341176],[-82.351827676436685,28.536695022531113],[-82.351843157332056,28.536667479056959],[-82.351858318423012,28.536543674614816],[-82.351873844975742,28.536529882703544],[-82.351904898069094,28.536502298875696],[-82.35192037891666,28.536474755392408],[-82.35195143198176,28.536447171553949],[-82.351966912809289,28.536419628065289],[-82.351997965846152,28.536392044216239],[-82.352015557195116,28.536366498450196],[-82.352027123620445,28.536350688321669],[-82.352044499662227,28.536336916862535],[-82.35205998044664,28.536309372460856],[-82.352075461226036,28.536281828959691],[-82.352090713831458,28.536253579514788],[-82.352106469499404,28.536240493516281],[-82.352121950256816,28.536212950009734],[-82.352136454266031,28.536172223116463],[-82.352147914438589,28.536142907004216],[-82.352152820302479,28.536130359857093],[-82.352168026685575,28.536020306941786],[-82.352167889512799,28.535979052239746],[-82.352152134467957,28.53592408634746],[-82.35214325520495,28.535893108521662],[-82.352136379436772,28.535869119550416],[-82.352136196557396,28.535814113279585],[-82.352136013678518,28.535759107008307],[-82.352089159143858,28.535717973422493],[-82.352040639655257,28.535704056954923],[-82.352037160460128,28.535700686703645],[-82.352026779260612,28.535690631748253],[-82.351995589330954,28.535676960900265],[-82.351917728769607,28.535677162669487],[-82.351886675919133,28.535704746501427],[-82.351871149487835,28.535718538414763],[-82.351855668735709,28.535746081894665],[-82.351840142294336,28.535759873804452],[-82.351809043722199,28.535773706050396],[-82.351777945141876,28.535787538289277],[-82.351762418684274,28.535801330190242],[-82.351731320089669,28.535815162418523],[-82.351700267150107,28.535842746208068],[-82.351669214194388,28.535870329990569],[-82.351653687713451,28.535884122781507],[-82.351634404701969,28.535916268097349],[-82.351607245191445,28.535966753141508],[-82.351591809984242,28.536008048159445],[-82.351576427030849,28.536050620755891],[-82.351573700373578,28.536056939693843],[-82.351564098765024,28.536079191027138],[-82.351561029803747,28.536118141328302],[-82.351561303678423,28.536200650735779],[-82.351577149756281,28.536283119832053],[-82.351592859930534,28.536324334220147],[-82.351608477793818,28.536338046376109],[-82.351624186966831,28.536379260762715],[-82.351639896152221,28.536420475147121],[-82.351655651008642,28.536475441096531],[-82.351655833643477,28.53653044736485],[-82.351655970619944,28.536571702065785],[-82.351656153255675,28.53662670833334],[-82.351594046849726,28.536681875868965],[-82.351562946953663,28.536695708062009],[-82.351531893714238,28.536723291812148],[-82.351516836423215,28.536752882470026],[-82.351345255378021,28.536750875695247],[-82.3513326185832,28.536750243360057],[-82.351309148789753,28.536749068766117],[-82.351282696794385,28.536723080270459],[-82.351267073956649,28.536696473630027],[-82.351220661996337,28.53668560133714],[-82.351157976923872,28.536669252384016],[-82.351142359072014,28.536655541079149],[-82.351127176253087,28.536641442445543],[-82.351095551126889,28.536628158721093],[-82.351049940394503,28.536612686867869],[-82.351033169934453,28.53660081659925],[-82.350986362041496,28.536573434202857],[-82.350970698656027,28.536545971309767],[-82.350940533168313,28.536506302015617],[-82.350923754112358,28.536477334186767],[-82.350908090757557,28.536449871285782],[-82.350892427410926,28.536422408382808],[-82.350876809629852,28.536408697046291],[-82.350861009631728,28.536339979433794],[-82.350814292996873,28.536340100112987],[-82.350798766332332,28.536353891904483],[-82.350767712991129,28.536381475482159],[-82.350721041874635,28.536395347698122],[-82.350705515189816,28.536409139478998],[-82.350690935980893,28.536420850718859],[-82.350653687340426,28.536454907424098],[-82.350643408410122,28.536464306584907],[-82.350627927230306,28.536491849925586],[-82.35061244604249,28.536519393264477],[-82.350612491565784,28.536533144833058],[-82.350612810229777,28.536629405812295],[-82.350597420061547,28.536684452285712],[-82.350597693191972,28.536766961694866],[-82.350629019848242,28.536821888466797],[-82.350675918825061,28.536876774120778],[-82.350700171113587,28.536882814936106],[-82.350716134716365,28.536898498819632],[-82.350722817850638,28.536931659757688],[-82.350722954465965,28.536972914460346],[-82.350718843213428,28.536989427099321],[-82.350558247051353,28.537157131334013],[-82.350537821199893,28.537365591558896],[-82.350619063979494,28.537457608360409],[-82.350666601981146,28.537476728056603],[-82.35070879797135,28.537493699520809],[-82.350771447645258,28.537509105821275],[-82.350802592412421,28.537509025377091],[-82.350862072815289,28.537504192181782],[-82.350943162944503,28.537497603110005],[-82.351112310688066,28.537409757001893],[-82.351141704001364,28.537438638047934],[-82.351176584290911,28.537452665894222]]],[[[-82.339549616158905,28.548115514553636],[-82.339652581992553,28.548142608770874],[-82.339672320307969,28.548199903140794],[-82.339814985444235,28.548272058256462],[-82.339863996564205,28.548340713791777],[-82.339922884887386,28.548385256598792],[-82.340018121104308,28.548482303988543],[-82.34013727925084,28.548461831005863],[-82.340230328696592,28.548390640519351],[-82.34026405121061,28.548290184159114],[-82.340314953802547,28.548118073175402],[-82.340371246822627,28.54808261987359],[-82.340434657488316,28.548069729776508],[-82.340464336739544,28.54797237221301],[-82.34049642252927,28.547904553946235],[-82.340533631793818,28.547817236775906],[-82.340603721647199,28.547729421138431],[-82.340586206877219,28.547641398430404],[-82.340540794156936,28.547533147537198],[-82.340524940768915,28.54747234156282],[-82.340485307724165,28.547410035071191],[-82.340423323418918,28.547288301405278],[-82.340244049761822,28.547272608780005],[-82.340204048436107,28.547253035275805],[-82.340031255045901,28.54726572911159],[-82.339833127761807,28.547218383023395],[-82.339753851026202,28.54721144389876],[-82.339746666212136,28.547218847535625],[-82.339606771031356,28.547287852100812],[-82.339560313976662,28.547386032876265],[-82.339590150262637,28.547439061010788],[-82.339709561379124,28.54751431980867],[-82.339747766251989,28.547561616957157],[-82.33978378724926,28.547612075044857],[-82.33986847886608,28.54767613590629],[-82.339899703565351,28.547775760975661],[-82.339856422283404,28.54780887513293],[-82.339808624530747,28.5478825580856],[-82.339778861663049,28.547905330948026],[-82.339727157991931,28.547958620821262],[-82.339662819777914,28.547963347627974],[-82.339565095607526,28.547956662984479],[-82.33951551448861,28.548007771023588],[-82.339405966100315,28.548000273045616],[-82.339312542660934,28.548007137845563],[-82.339234655217652,28.548001805628157],[-82.339156803194939,28.548007526950908],[-82.339090906544811,28.548003017411048],[-82.338962670254048,28.54801815674621],[-82.33887717084275,28.548046122553323],[-82.338709090313372,28.548080279562093],[-82.338675081041643,28.548162776976309],[-82.338708733843376,28.548293052383666],[-82.338753327299386,28.548280210009956],[-82.338876628082616,28.548237626767552],[-82.338955613009588,28.548224698488529],[-82.339091198832094,28.548191572494986],[-82.339262301205153,28.548211614675242],[-82.339351196629082,28.548150536869379],[-82.339394426175389,28.548105974104125],[-82.339462602559024,28.548072163510046],[-82.3395002589873,28.548084800483501],[-82.339549616158905,28.548115514553636]]],[[[-82.375625014198832,28.549165943698998],[-82.375625192432295,28.549166061412269],[-82.375627642995667,28.54916778261104],[-82.375635151430572,28.549173055858752],[-82.375645098122021,28.549176293903095],[-82.375655303660764,28.549179616050353],[-82.375656652123254,28.549180055367714],[-82.37567062544052,28.549182491820815],[-82.375678954971519,28.549179550610955],[-82.375697348185653,28.549144857134888],[-82.376071673182494,28.549130592555834],[-82.376126076483573,28.549113587978429],[-82.376258287132202,28.54897489316264],[-82.376365909899036,28.548826716927515],[-82.376397505790692,28.548785897778036],[-82.376457941318293,28.54869447492062],[-82.376459392901211,28.548661267543018],[-82.376461610983441,28.54861054725729],[-82.376462601369965,28.548587885886821],[-82.376463651339336,28.548563875354876],[-82.376465654839436,28.54851804724094],[-82.376467353981454,28.548479165270834],[-82.37647525366161,28.548298482542425],[-82.376470530053254,28.548200988023844],[-82.376473088556253,28.548139098545196],[-82.376472423440305,28.548125348748254],[-82.376472997361461,28.54811144392291],[-82.376452560801155,28.547992986523056],[-82.376324216797357,28.547967614822173],[-82.376303734831126,28.547987258654384],[-82.376222908210295,28.548029516280682],[-82.376145780952911,28.548071509151235],[-82.376067462450479,28.548112456759995],[-82.37599841828451,28.548154688837158],[-82.375927590360689,28.548195354846385],[-82.375881560847176,28.548223508919762],[-82.375788194680126,28.548272324007833],[-82.37567137183153,28.548324185261322],[-82.375658039620518,28.548327002253927],[-82.375647989696603,28.548331224129051],[-82.375640277242113,28.548339284401738],[-82.375639517707285,28.548340078756404],[-82.375638737500466,28.548340807297553],[-82.375624754943388,28.548353879360498],[-82.375624374006662,28.548354235033454],[-82.375623990036232,28.54835459973819],[-82.37558908319771,28.548387713776876],[-82.37551203900081,28.548431948370446],[-82.375377368106498,28.548584142846664],[-82.375353558213902,28.548651271382226],[-82.375321415121022,28.54870531918678],[-82.375291652311901,28.548761455634629],[-82.375275557876876,28.548788517040663],[-82.375276244707663,28.548802669226141],[-82.375259943384052,28.548872557095727],[-82.375230416311481,28.54906066350911],[-82.375295915765435,28.549135595849588],[-82.375391634568913,28.549159454358836],[-82.375557244678959,28.549120648792641],[-82.375600699659756,28.549149880759447],[-82.375625014198832,28.549165943698998]]],[[[-82.377701171246628,28.556153796152568],[-82.377725622593019,28.556115447353253],[-82.377706552209588,28.556084543018017],[-82.377689992060525,28.556057703945321],[-82.377681811539645,28.556015192317673],[-82.377759249091781,28.555965352802932],[-82.377753803149105,28.555939374319358],[-82.377718351758119,28.555921787146882],[-82.377590756562995,28.555857292005474],[-82.377455998280453,28.555782742962322],[-82.377386440113682,28.555744263961419],[-82.377330387722424,28.555692625592286],[-82.377225328344807,28.555595839571232],[-82.377068098809701,28.555442038900857],[-82.376970197225731,28.555350792096682],[-82.376894864018283,28.555286131304573],[-82.376846706873067,28.555244798064443],[-82.376733747399186,28.555123609103099],[-82.376708644787499,28.555099907577372],[-82.376693691022083,28.555052804632407],[-82.376670384183711,28.554994679345786],[-82.37666203546668,28.554822358706986],[-82.376727339655432,28.554819892784305],[-82.37676230994019,28.554848321340582],[-82.37680621524639,28.554889894707344],[-82.376942461458398,28.554894283526114],[-82.37696429244717,28.554876311504628],[-82.377000611965215,28.554807808035019],[-82.377040072610953,28.554806316967476],[-82.377084876379755,28.554842740814028],[-82.377042494086439,28.554913999739],[-82.377089527727065,28.555054211492262],[-82.377132853573627,28.555189792803144],[-82.377195708513682,28.555218936030396],[-82.377248021416776,28.555135906442658],[-82.377240872045306,28.554988379659061],[-82.377319520005784,28.554934783302926],[-82.377368942137096,28.554957697050476],[-82.377400731863744,28.554970836950371],[-82.377416208949541,28.554985490297685],[-82.377431197924039,28.554943228245389],[-82.377463197917265,28.554944259076546],[-82.377432563734573,28.554816977477124],[-82.377492863596757,28.554767335543666],[-82.377456509139307,28.554628519929036],[-82.377406493344466,28.554560604668847],[-82.377282125246452,28.554532199165571],[-82.377211817808259,28.554572563906866],[-82.377121477347728,28.554627821402704],[-82.377071744032207,28.554600979648256],[-82.376933462970044,28.554493736415754],[-82.376837679538255,28.554477864915441],[-82.376804857580623,28.554462646053],[-82.376759817792973,28.554464347439851],[-82.376736666147551,28.554457256149959],[-82.376729200509999,28.554464414359277],[-82.376680311110562,28.554478229459288],[-82.376651473167669,28.554505884914221],[-82.37659024882268,28.554556287005717],[-82.376501201046239,28.554732252547371],[-82.376491739465337,28.554961196464259],[-82.37651697793396,28.555075962481386],[-82.376526143806203,28.555096552769992],[-82.376612463995912,28.555268032709133],[-82.37669138093608,28.555424803369522],[-82.37674603100875,28.555533368968476],[-82.376818799426474,28.555610749092185],[-82.37696873834085,28.55575920679852],[-82.377079051919125,28.555850598685282],[-82.377201577201902,28.55594677954382],[-82.377311034430676,28.55603636352717],[-82.377409591619909,28.556119466455886],[-82.377454824281045,28.556157606124735],[-82.377549606397352,28.556162207959307],[-82.377594095506055,28.55616436803777],[-82.377615303343944,28.556144138194039],[-82.377685373225262,28.55617756616866],[-82.377701171246628,28.556153796152568]]],[[[-82.35338835420481,28.554275475558931],[-82.353291452434732,28.554295178586216],[-82.353257573461732,28.554362749079033],[-82.35323846115007,28.554377374293182],[-82.353241246459305,28.55440689158133],[-82.35324575760761,28.554451631350858],[-82.353241518777267,28.554496746702039],[-82.353261370432278,28.55453185017771],[-82.353358691488239,28.554585317657757],[-82.353431756023468,28.554561411284549],[-82.353510501514378,28.554480226739429],[-82.353494114445624,28.554306559209547],[-82.353492419251495,28.554258908388512],[-82.353522162725241,28.554264650123677],[-82.353598544448047,28.554283291139708],[-82.353671308947071,28.554319837627087],[-82.353789997734296,28.554335131622324],[-82.353821442522872,28.554332218133215],[-82.353813398072219,28.554264527573917],[-82.353819627279222,28.554208962442562],[-82.353880273893424,28.554140892525485],[-82.353862778913964,28.554086263596822],[-82.353832162196667,28.55396604444784],[-82.353760703538782,28.553878919434517],[-82.353777887506411,28.553725577159955],[-82.353750097346961,28.553508915825784],[-82.353755554363076,28.553460205067211],[-82.353750707682423,28.553419393163679],[-82.353677534782747,28.553330182745945],[-82.353642157268936,28.553316744327468],[-82.353600431715321,28.553295788803435],[-82.353579521755151,28.553213674447576],[-82.353548203744097,28.553165720881058],[-82.353518258364957,28.553095767408493],[-82.353463212665403,28.553019142415014],[-82.353434573024757,28.552961300329542],[-82.353328031131213,28.552883627265086],[-82.353251274013374,28.552863956591708],[-82.353170015857444,28.55281264261815],[-82.353072675555865,28.552801902599921],[-82.353037900716743,28.552871026501734],[-82.353115776436368,28.553019530391541],[-82.353110883845801,28.553063205510373],[-82.353061914109048,28.553099337108339],[-82.353022795018234,28.553095918809262],[-82.352879419659118,28.553014919494977],[-82.352824745132011,28.553002582242776],[-82.352730639399041,28.553103210217298],[-82.352740403289516,28.553185388861021],[-82.352771038726218,28.553207725172737],[-82.352785172091245,28.553222604115668],[-82.352785219239848,28.553222645500746],[-82.352821985399828,28.55323667517635],[-82.352863520498076,28.553280562583833],[-82.352876850918534,28.553291547302898],[-82.3528781995023,28.553291421981818],[-82.35289823007885,28.553289567042363],[-82.352951598656375,28.553345718936665],[-82.352951873511287,28.55334600877536],[-82.352951980793279,28.553346001277735],[-82.352973804407796,28.553344600053901],[-82.353034972114983,28.553387082853625],[-82.353083175794637,28.553399436848295],[-82.353137671795025,28.553426807430277],[-82.353211148858264,28.55344099235402],[-82.353251902693444,28.553484052422721],[-82.353286014335893,28.553508922362813],[-82.353300293129394,28.553551413354516],[-82.353348714436208,28.553625553462069],[-82.353383114446743,28.553760641553051],[-82.35337762739654,28.553809595103104],[-82.353419107730019,28.553894787954022],[-82.353474426742252,28.553962237256844],[-82.353488752626461,28.554018479750898],[-82.353505851937442,28.554044666225778],[-82.353520106823581,28.554079645279014],[-82.353482551823561,28.554099733488368],[-82.35343414670119,28.554048589506465],[-82.353397230597011,28.554165441974963],[-82.353453349309646,28.554251366399146],[-82.353404611093026,28.554258716506162],[-82.35338835420481,28.554275475558931]]],[[[-82.344657412050964,28.556356935015668],[-82.344629445434364,28.556437722972227],[-82.344636750778534,28.55654099159376],[-82.344749759745795,28.556604044353797],[-82.344830470838104,28.55661922785368],[-82.344856281873035,28.556624976059272],[-82.344861207984039,28.556618093134205],[-82.344865938247636,28.556605054045804],[-82.344878682087085,28.556592970930044],[-82.344892625415866,28.556574198431829],[-82.344896135025067,28.556563865851924],[-82.344907237909439,28.556553783779275],[-82.34491694020349,28.556537921269694],[-82.344915307597617,28.55651488779424],[-82.344931719294166,28.556488039400342],[-82.34494632850749,28.556459726576193],[-82.34496269035715,28.556432954101592],[-82.345002736859101,28.556355328757345],[-82.345071402709934,28.55633641625549],[-82.345133864138518,28.556293426132068],[-82.345218805217755,28.556297678538812],[-82.345296827032598,28.556293373562056],[-82.345503900071122,28.55619333853226],[-82.345734916195795,28.556145262973036],[-82.345820549058857,28.556098221571446],[-82.345883962184629,28.555951308972467],[-82.345878927312143,28.555880169640783],[-82.345884463721319,28.555793945136124],[-82.345847265667544,28.555715615792391],[-82.345785253564941,28.555536229888634],[-82.345749686779584,28.555461342393144],[-82.345689780472156,28.555414354939362],[-82.345620852805695,28.555406394045502],[-82.345597029176858,28.555465548900884],[-82.345599130080345,28.555495183595816],[-82.345541698481171,28.555561005657296],[-82.345389375335841,28.555578492614078],[-82.34530247104135,28.555551210384433],[-82.345247403558929,28.555536349950998],[-82.345194345095109,28.555539276714406],[-82.345162494789193,28.555612633069202],[-82.345254893107196,28.555751365590744],[-82.345271317687192,28.555818429892469],[-82.345240417575212,28.555895160399796],[-82.345224091719032,28.555942318467391],[-82.3451870010568,28.556002995845631],[-82.345066110230704,28.556019368434217],[-82.344967644321883,28.555959013965179],[-82.344945230047202,28.555854655821957],[-82.344927801370218,28.555812148489565],[-82.344929607578621,28.555784033322499],[-82.344867324648007,28.555683528383586],[-82.344777480761863,28.555772823801817],[-82.344755973942654,28.555834954857342],[-82.344758425141563,28.555869602072882],[-82.344695422496272,28.555937800249502],[-82.344634244662075,28.55601403631465],[-82.344665729345394,28.55611664710942],[-82.344684649854713,28.556289299596116],[-82.344657412050964,28.556356935015668]]],[[[-82.367218130501684,28.545118448117599],[-82.367217219999119,28.545139072648482],[-82.367216157647263,28.545150388152635],[-82.367215512944739,28.545190194801407],[-82.367219334338102,28.545191528952916],[-82.367265280069844,28.545207567396758],[-82.367351534926684,28.545186368214896],[-82.367304744021951,28.545166481803513],[-82.367289240826636,28.545096646562769],[-82.367367873380758,28.545097851423378],[-82.367426411722079,28.544990472537826],[-82.36747550587441,28.544918489091849],[-82.36751989814509,28.544837054616188],[-82.367613201039319,28.544757410606653],[-82.367666687238867,28.544659297882621],[-82.367796863210017,28.54462160834256],[-82.36790349776075,28.544523003254277],[-82.367925654080892,28.544462075001537],[-82.368018617657583,28.544353199437964],[-82.36805175647099,28.544308265145744],[-82.368048918802927,28.544201583807286],[-82.368079981469322,28.544147939436076],[-82.368095167849532,28.544063931053358],[-82.368127376249191,28.544008306538608],[-82.368125902069366,28.543952870785585],[-82.368032349735344,28.543913108313657],[-82.368016108533979,28.543898272749523],[-82.368017000233621,28.543852881743977],[-82.368079046653023,28.543816720145387],[-82.36814100910631,28.543774937169829],[-82.368172079036597,28.543788964623779],[-82.368254265178393,28.543817332400032],[-82.368341353597557,28.54385664935327],[-82.368393349346391,28.543870599238133],[-82.368421436378213,28.543841135638246],[-82.368353692500193,28.543784016338936],[-82.368022604592213,28.543615442027896],[-82.367841337685121,28.543525345484355],[-82.367634665884182,28.54343749662798],[-82.367540251133804,28.543426118340157],[-82.367485802799635,28.543488011007195],[-82.367460975852921,28.543579149540705],[-82.367492848472935,28.543687582275986],[-82.367612704523182,28.54370790880397],[-82.3676580212543,28.543750445128897],[-82.367615763505853,28.543823427078305],[-82.367734970870444,28.543909962624383],[-82.367674209697881,28.543927554946972],[-82.367619932659323,28.543992626143371],[-82.367581846394017,28.544148106728009],[-82.367540218576153,28.544239529866388],[-82.367519551760594,28.544315407600877],[-82.367441872462166,28.544381713298279],[-82.367366042625648,28.544451832649081],[-82.367276008664945,28.544640722031442],[-82.367241378490888,28.54476785428465],[-82.367221003506174,28.544803040175829],[-82.367229822663333,28.544829631734501],[-82.367233748107466,28.544857137964705],[-82.367240021883916,28.544883768890553],[-82.367245279898441,28.544897435040802],[-82.367245137630121,28.54491210024873],[-82.367234081890061,28.544953368873315],[-82.36722821478341,28.544998024382497],[-82.367221165002547,28.545067329592904],[-82.367218999898967,28.545095105850987],[-82.367218130501684,28.545118448117599]]],[[[-82.382583879133364,28.549772354437522],[-82.382614665009299,28.549758240839314],[-82.38264607726245,28.549744675895099],[-82.382662911775654,28.54969836467339],[-82.382709596088318,28.549661987071385],[-82.382762604081876,28.549710391555553],[-82.382857642859832,28.549622490324744],[-82.382894765879598,28.549606458469412],[-82.382926784117757,28.549591780071015],[-82.38295705212002,28.549536237904647],[-82.383019537295112,28.549482891374833],[-82.383072777531439,28.549433647663832],[-82.38314325576772,28.549413233717587],[-82.383199757588798,28.549387330556154],[-82.38322137080776,28.549327877660421],[-82.38328618056606,28.549272541107687],[-82.383263123006969,28.549194144287306],[-82.383300714146699,28.549177909778603],[-82.383473718077596,28.549147581847901],[-82.383580111830142,28.549125220952174],[-82.383578760134441,28.549085825079157],[-82.383528969545807,28.549082104628901],[-82.383438067380666,28.54910986463959],[-82.383389259158449,28.54912400314717],[-82.383352303149294,28.54912343886274],[-82.383260259865821,28.549125358110139],[-82.383173440803802,28.54915187382462],[-82.383157726751378,28.549151633031869],[-82.383142153730958,28.549151958507686],[-82.38312644070048,28.549151717708455],[-82.383066817768395,28.549169928189269],[-82.382752993432646,28.549249039633676],[-82.38274538213301,28.549254136742078],[-82.38274538914429,28.549256075847001],[-82.382742707627116,28.549256083406117],[-82.382729852375221,28.549266432466631],[-82.382729864808411,28.549269871242263],[-82.382720146351218,28.54926989863694],[-82.382717687694608,28.549270776323688],[-82.382714300756334,28.549272682585446],[-82.382706220439246,28.549277228782756],[-82.382683178951936,28.549280048566033],[-82.382681239167681,28.549280286836574],[-82.382613536482978,28.549275817966038],[-82.382605351256032,28.549292054243782],[-82.38260537175384,28.549297725381294],[-82.382602098543842,28.549297734604998],[-82.38259776437657,28.549304758888081],[-82.382470594271538,28.549346889120734],[-82.382411016507874,28.549345982251126],[-82.382379971782441,28.549374698168418],[-82.382332347168472,28.549373973259101],[-82.382325334594285,28.549380458258835],[-82.382325336637692,28.549381024019105],[-82.382324721441307,28.549381025751426],[-82.382302203802425,28.549401852860036],[-82.382285727927481,28.54941591978082],[-82.382241340956753,28.549415245278077],[-82.382240253203634,28.549415412565942],[-82.382230633981962,28.549416888801371],[-82.382200316787959,28.549421542684968],[-82.382175263707111,28.549425387686991],[-82.382155150973929,28.549428475252515],[-82.382154192194363,28.549428700828653],[-82.382133225709012,28.549433648708195],[-82.382121001450457,28.549433107420857],[-82.382092471609013,28.549432666160534],[-82.382060653265512,28.549431679209967],[-82.382045189599992,28.549433435360854],[-82.382029597746239,28.549429970942043],[-82.38201404838901,28.549433467940812],[-82.381998455722666,28.54943176037311],[-82.381982893814765,28.549433478895114],[-82.381952194455337,28.549429650917446],[-82.381929197377218,28.549430349051075],[-82.381920593069964,28.549434130590697],[-82.381900782845307,28.549437225388697],[-82.381873918986983,28.549447613770884],[-82.381847017042205,28.549451128242673],[-82.381825826609841,28.549456608181874],[-82.381794411311006,28.549464801326423],[-82.381765002826413,28.549476323862955],[-82.381748213628086,28.549478909346607],[-82.381718330812916,28.549490391699159],[-82.381702764184837,28.549492788760709],[-82.381687208085239,28.54949753908884],[-82.381657314729523,28.549506668159658],[-82.381640536718649,28.549511791875897],[-82.381630499107089,28.549514857360126],[-82.381624383810774,28.549520512357699],[-82.381609469376585,28.549534305911305],[-82.381701788276587,28.54952737451719],[-82.381849922944767,28.549471111372384],[-82.381925750122889,28.549451231634677],[-82.382021919644544,28.549459612698456],[-82.382066726575601,28.549455454070191],[-82.382083510863779,28.549463685790919],[-82.382036912292747,28.549498089524736],[-82.382022833317322,28.549513149460061],[-82.381998943884739,28.549530786101275],[-82.381904866875757,28.54955545088038],[-82.38188167702792,28.549553428096459],[-82.381836141573629,28.549568681155758],[-82.38178802337508,28.549581299416243],[-82.381742796138255,28.549596446906413],[-82.381694677915576,28.549609065134014],[-82.381649500233266,28.549637964087498],[-82.381579357945682,28.549651906551794],[-82.381509992780522,28.54968724574589],[-82.381485521869109,28.549713424561745],[-82.38158731016739,28.549706773432764],[-82.381632770838436,28.549678120945174],[-82.381696181297173,28.549665212508881],[-82.381757264606009,28.549650267692819],[-82.381872919818022,28.549634371705697],[-82.381913855260962,28.549637160289606],[-82.381989383062418,28.549618680884677],[-82.382006422454268,28.549641527067749],[-82.381958574852888,28.549678162161573],[-82.381964269541456,28.549738332996977],[-82.38199243320922,28.549759618422279],[-82.382008078419489,28.54979031435694],[-82.382062034495036,28.549786333013387],[-82.382119408805323,28.549790241096026],[-82.382132734097127,28.549773899245253],[-82.382147005601766,28.549756398834816],[-82.382209779933248,28.549742795344322],[-82.382225038970546,28.549801242846961],[-82.382241868608531,28.549827674579099],[-82.38225643554027,28.549869912619545],[-82.382276513978297,28.549901450554863],[-82.382417967763246,28.550017544956411],[-82.382431157596571,28.550040652776449],[-82.382422545547556,28.550075395393105],[-82.382370315742008,28.550129547429098],[-82.382305000547674,28.550189522985242],[-82.382304986432672,28.550202874921105],[-82.382301796568953,28.550304063970096],[-82.382312668511872,28.550328830508171],[-82.382317152624722,28.550349157483012],[-82.382318698206547,28.550369924952182],[-82.382323682228872,28.550392847447807],[-82.382336361222769,28.550405515760851],[-82.38234494724216,28.550419853193915],[-82.382346546640335,28.550449010449839],[-82.38234794974089,28.550466544340157],[-82.382359485065194,28.550468992381898],[-82.38237630086293,28.550471467961067],[-82.382388172070023,28.550469013554338],[-82.382402571045688,28.55046471937856],[-82.38241874268364,28.550455504270843],[-82.382421896727607,28.550445130230269],[-82.382425616504733,28.550421910716835],[-82.382427076382371,28.550409615858698],[-82.382414303537388,28.550379176271285],[-82.382422513387979,28.550345398486375],[-82.382438763456591,28.550331874491278],[-82.382467035407643,28.550297077396721],[-82.382502176088096,28.550267451193793],[-82.382551968624682,28.550225474003845],[-82.382580141890898,28.550163673795602],[-82.382597220523067,28.55005368660736],[-82.382574887839951,28.549918736302779],[-82.38248712985127,28.549812901983746],[-82.382482517327361,28.549779382289476],[-82.382451250084173,28.549746257107333],[-82.382451245852522,28.549745085884407],[-82.382482517327361,28.549779382289476],[-82.382583879133364,28.549772354437522]],[[-82.383219825753812,28.549217815719853],[-82.383199015156919,28.549261284138094],[-82.383128637411716,28.549239408850788],[-82.383176797168204,28.549219726496474],[-82.383196836589647,28.549199794138698],[-82.383219825753812,28.549217815719853]]],[[[-82.354885861308162,28.542998711477594],[-82.354945794582008,28.543035445221172],[-82.35500644156788,28.543053402975364],[-82.355129316185867,28.543007895182257],[-82.355220266562284,28.542982836617231],[-82.355259328010092,28.542984789060988],[-82.355376674798009,28.542968712709083],[-82.355466225159589,28.542973192150438],[-82.355507800751056,28.542963071844351],[-82.355407259261227,28.542820409701495],[-82.355417736928487,28.542657060447343],[-82.355373724815962,28.54258604322602],[-82.355351534859651,28.542543687679483],[-82.355319378070689,28.542503289217141],[-82.355304123353235,28.542337536683124],[-82.355287585867231,28.542310849014083],[-82.35528012003364,28.542276103168504],[-82.355227715807956,28.542303226562645],[-82.355210033224097,28.542354330857449],[-82.35517446788009,28.542382558863018],[-82.355082271394053,28.542361013860766],[-82.354990945216386,28.542394835944446],[-82.354922223312087,28.542362090070455],[-82.354883789852536,28.542380663233381],[-82.354674069711081,28.542458567904827],[-82.354515444219956,28.542567780028168],[-82.354487827180208,28.542595234551992],[-82.3544371586311,28.542635450584847],[-82.354402357711336,28.542780719893386],[-82.354386049936764,28.542835137496201],[-82.354387526899004,28.542856006583797],[-82.354386204162196,28.542876637541141],[-82.354387664975775,28.542897261234113],[-82.35438632092638,28.542918241452778],[-82.354417171454671,28.542942434800985],[-82.354591301861632,28.542959989128345],[-82.354760357634675,28.542986060146724],[-82.354885861308162,28.542998711477594]]],[[[-82.383382696351987,28.548914922860501],[-82.383452068037769,28.548882261736821],[-82.383521912568625,28.548852912627918],[-82.383569534517392,28.548817147476338],[-82.38356401730158,28.548656431368837],[-82.383516818135391,28.548169695479675],[-82.383460682425493,28.548188136303843],[-82.383311657367884,28.548237092065619],[-82.383218120855844,28.548267819034404],[-82.383161429813796,28.548286452598333],[-82.383088827889708,28.548310292406185],[-82.383053689010339,28.548321835900261],[-82.383009141233927,28.548336469365221],[-82.38284562883112,28.548390183810071],[-82.382753330168811,28.548420504526597],[-82.382753280264808,28.548420551588862],[-82.382753230364045,28.548420599553463],[-82.382734918681393,28.548438161948805],[-82.382703145472959,28.548437140730602],[-82.38270486478109,28.548472595071029],[-82.382656527519245,28.548493142198669],[-82.382641802159924,28.548522978907151],[-82.38270702587343,28.548547709541339],[-82.382725789145141,28.548538875097101],[-82.38274113682796,28.548531648319599],[-82.38276691489196,28.548519510486656],[-82.382799315667967,28.548520554283559],[-82.382822884244717,28.548542869431639],[-82.38283052953237,28.548551989464197],[-82.382838792429709,28.548564319176641],[-82.382868557457982,28.548619551287711],[-82.382821870305349,28.548679869792199],[-82.382861424702682,28.548712022267846],[-82.382947871837686,28.548739554251473],[-82.383019885900595,28.548695501093821],[-82.383112630219529,28.548698482437143],[-82.383168708414885,28.548751581997536],[-82.38322373640689,28.548782740535895],[-82.383300925099789,28.548804078607734],[-82.38332553726822,28.548810882234214],[-82.38327824863245,28.54884981988322],[-82.383312714504513,28.548848517062101],[-82.383333216644303,28.548847741821479],[-82.383340189810212,28.548857210219904],[-82.383382696351987,28.548914922860501]]],[[[-82.358513742561414,28.545663795666883],[-82.358530836079851,28.545667188449258],[-82.358558698628045,28.545677905059037],[-82.358572148828841,28.54568212678144],[-82.358583725684909,28.545677838969709],[-82.358601167589939,28.545671552324649],[-82.358694403359024,28.545636845699647],[-82.358755977852169,28.545595864778452],[-82.358693255900235,28.545560875314312],[-82.358764509916242,28.545421031911051],[-82.358754898450186,28.545285463575372],[-82.358756072919078,28.545267160114555],[-82.358786715080541,28.545217007403046],[-82.35880756392622,28.545156758112469],[-82.358866744207148,28.545134285948983],[-82.358887295435039,28.545154472924839],[-82.358942224487436,28.545134069299767],[-82.358940443093843,28.545108981737336],[-82.358723081424671,28.545079658904775],[-82.358637831649617,28.545063812512133],[-82.358575406113019,28.5450024874111],[-82.358599041227478,28.544983724900263],[-82.358659297827913,28.544899507365567],[-82.358708328069994,28.54486059347143],[-82.358691048250066,28.544818461035888],[-82.358676094275424,28.544743151530348],[-82.358724398817401,28.544664099850145],[-82.358801752828256,28.544632500356702],[-82.358799069978573,28.544594690372147],[-82.35865896968221,28.544543512507314],[-82.358616747375009,28.544485279612317],[-82.358520018903306,28.544538436530448],[-82.358501785843202,28.544608586571066],[-82.358525106708314,28.544665434687161],[-82.358497197977172,28.545080714746451],[-82.35840995238307,28.545149965951573],[-82.358357766770311,28.545147356962147],[-82.358315775887107,28.545149677605071],[-82.358278279036583,28.545186954761583],[-82.358257447580158,28.545287163153095],[-82.358239249317791,28.545316947781775],[-82.35814893142782,28.54535384088987],[-82.358110634072503,28.545407364036443],[-82.358082874319095,28.545540912283272],[-82.358106317844019,28.545598075959184],[-82.358083010170461,28.545644225344262],[-82.358110289051154,28.545651585076136],[-82.358141344993527,28.545659888613748],[-82.358161031324315,28.545655205879822],[-82.35820373557226,28.5456513385957],[-82.358225271261134,28.545648387978332],[-82.358250421370002,28.545641201260981],[-82.358267114061604,28.545640901856558],[-82.358281582504503,28.545645256272266],[-82.358302680576017,28.545649179018675],[-82.358312751572939,28.545651050966949],[-82.358343908601157,28.545654495090552],[-82.358354858759711,28.545658879537083],[-82.358374378049859,28.545654362341327],[-82.35847663326777,28.545651383599687],[-82.358499662207095,28.545659376185249],[-82.358513742561414,28.545663795666883]]],[[[-82.339330198129289,28.550130265802107],[-82.339318755296176,28.550095786196561],[-82.339300562392211,28.550046909473124],[-82.339291895510243,28.549998827364629],[-82.339266256678584,28.549967135366725],[-82.339204760048588,28.549902274489565],[-82.339194255811307,28.549885138217174],[-82.339175965614075,28.549855302905918],[-82.339103112260048,28.549792978857173],[-82.339052344211524,28.549755901245231],[-82.339007495319777,28.549732244684144],[-82.338985358750591,28.549707871793267],[-82.338963214356497,28.549689349693786],[-82.338921317870842,28.549671752167907],[-82.338898084549584,28.5496568782313],[-82.338841139187153,28.5496252760198],[-82.338834444372239,28.549620772001589],[-82.33881991076953,28.549610991708452],[-82.338748424252699,28.549577130189604],[-82.338710463548693,28.549563755657559],[-82.338636909690592,28.549513911567555],[-82.338632625516212,28.549509689373423],[-82.338615090005206,28.549478023057141],[-82.338611060998716,28.549444629361677],[-82.338603795966534,28.549407858154552],[-82.338595167600914,28.549400135785909],[-82.338540957954336,28.549295926108684],[-82.33851801025034,28.549214057119208],[-82.33853157477887,28.549166894954169],[-82.338517996143381,28.549054018031914],[-82.338503945641136,28.548960389207462],[-82.338498483526052,28.548923987968134],[-82.338469552261472,28.548551820224091],[-82.338441393636202,28.548063892847125],[-82.338438586746207,28.548014769196389],[-82.338209353043837,28.547705934961105],[-82.338136407217945,28.547609536399417],[-82.337978399311211,28.547414558576715],[-82.337964345267906,28.547524785614005],[-82.33797556899637,28.547537276753388],[-82.338072695810325,28.547645377210724],[-82.338144110836126,28.547743716041921],[-82.338357309592155,28.548057385384556],[-82.338364268327723,28.54808566905746],[-82.338394652554967,28.548223918555589],[-82.33839939992086,28.548555917558819],[-82.338441181465228,28.548826364916668],[-82.338421149617503,28.548927056504205],[-82.338466240718887,28.549172676712136],[-82.3384850315351,28.549307718369931],[-82.338487556500738,28.549325862655188],[-82.338500030982871,28.549342080001676],[-82.338504287892079,28.549355356353097],[-82.338508659401896,28.549368996964226],[-82.338517123186534,28.549377984830201],[-82.338541195870533,28.54940355037802],[-82.338563954899854,28.5494165044766],[-82.338587844267195,28.549462389376771],[-82.338615332704279,28.549499264449853],[-82.338626108978033,28.549512352190785],[-82.338639729109929,28.54952889421606],[-82.338662223161748,28.549551645669403],[-82.338670114538658,28.549559627941203],[-82.338689510981212,28.549580740344982],[-82.338720406560057,28.549596518296937],[-82.338732804790411,28.549599105055776],[-82.338745336825241,28.549605821492086],[-82.338767183167491,28.549610101829103],[-82.338807154584657,28.5496252417196],[-82.338824660183036,28.549638278362995],[-82.338833193515015,28.549645033644726],[-82.338846997579381,28.549654850948318],[-82.338872620051632,28.549666492161201],[-82.33888069283033,28.549670159877934],[-82.338884265813775,28.549673124171839],[-82.338924400711576,28.549700051795305],[-82.338926949787663,28.549701761683714],[-82.338931544621886,28.549703740776785],[-82.338958917145945,28.549715530100038],[-82.338971756011944,28.549721039319952],[-82.338973732870585,28.549729790696375],[-82.338985536422854,28.549746120659517],[-82.338985585411891,28.549746100685699],[-82.339001351628639,28.549761344261597],[-82.339010239173788,28.549766691898778],[-82.339087513782857,28.549813196853961],[-82.339100670491746,28.549823810709931],[-82.339162141058267,28.549884717644986],[-82.339197317805272,28.54997069048656],[-82.33923286673938,28.550040126097386],[-82.339263240050855,28.550088342561125],[-82.339279576790418,28.550139035827193],[-82.339330198129289,28.550130265802107]]],[[[-82.347347017209231,28.566451179877127],[-82.347362850176864,28.566451693391148],[-82.347422057776271,28.566423840073661],[-82.34751852398503,28.566410020140069],[-82.347582660595634,28.566370816257308],[-82.347686312530612,28.566348737653215],[-82.347704260503932,28.566230249007493],[-82.347760581691489,28.566115404937662],[-82.347781362786009,28.565992252053555],[-82.347734375736508,28.565914407747908],[-82.34770358870729,28.565845205121196],[-82.347609659264734,28.565731314415366],[-82.347528627022555,28.565665414846567],[-82.347463966196273,28.565577573575979],[-82.347383269263304,28.56552563583643],[-82.347316664117812,28.565462542477849],[-82.347258028516123,28.565440933534354],[-82.347250560099098,28.565448090135522],[-82.347115233388251,28.56562279415769],[-82.347130299904535,28.565935472558952],[-82.347281034911589,28.566058058460662],[-82.347408536323812,28.566120993260711],[-82.347454765370784,28.566148902437202],[-82.347513352771429,28.566173129998639],[-82.347454899155451,28.566189632722715],[-82.347285880446108,28.566322307432355],[-82.347258934673135,28.56639820704482],[-82.347301813328144,28.566452877355658],[-82.347347017209231,28.566451179877127]]],[[[-82.375430492195377,28.542552724731259],[-82.375468808876974,28.542623841347158],[-82.375487145836772,28.542572138027918],[-82.375517398986105,28.542495144370676],[-82.375471212676842,28.542303208223977],[-82.375531790799286,28.542313008858038],[-82.375533690622333,28.542352244543387],[-82.375531601293815,28.542402775015265],[-82.375570674018149,28.54247528994394],[-82.375627265245853,28.542477114052161],[-82.375712906497498,28.542473878656377],[-82.375806981984709,28.542476911878438],[-82.375929996358877,28.542442145331979],[-82.376060209675842,28.542367382394307],[-82.376123852574906,28.542285160016089],[-82.376125410897899,28.542247469492661],[-82.376121895448264,28.542174906773923],[-82.376139750923372,28.542157781445475],[-82.376160135697688,28.542140999216155],[-82.376135193809134,28.542078782516946],[-82.376170513326144,28.542049704245795],[-82.376133013908898,28.542013692882435],[-82.376092667779588,28.54198089269762],[-82.376084785553488,28.54194504292316],[-82.376077119361099,28.541910173392772],[-82.376046078112353,28.541924786118742],[-82.375968936049517,28.541941239121098],[-82.375905569747005,28.541993410052307],[-82.375862428560183,28.542034784428637],[-82.375854649473837,28.542005228173164],[-82.375919812011404,28.541921043603843],[-82.375922036470286,28.541867182214485],[-82.375882771785967,28.541835589009388],[-82.375882355723789,28.541835254490731],[-82.375881943716976,28.541834910937432],[-82.375866324345964,28.541821883782394],[-82.375850280601938,28.541837271569417],[-82.375691112469468,28.541876925882217],[-82.375611909869605,28.541952883748667],[-82.375548952315171,28.541955263191451],[-82.375457092392892,28.541912664194076],[-82.375406788543202,28.541947900665566],[-82.375415530605522,28.542128340793219],[-82.375392265277981,28.542187548050066],[-82.375415092807884,28.542282413766198],[-82.375407407399706,28.542468325066302],[-82.375430492195377,28.542552724731259]],[[-82.375503576927301,28.542178380225085],[-82.375494877195251,28.542127489774863],[-82.375586976569735,28.542095223680409],[-82.375656138801105,28.542119013850161],[-82.375704904208746,28.542130857497462],[-82.375711716848116,28.542138601475546],[-82.375599388283703,28.542155772425481],[-82.375564506961467,28.542174481456215],[-82.375548317422115,28.542172414755402],[-82.375503576927301,28.542178380225085]]],[[[-82.338299847233358,28.552709300917108],[-82.338299293494643,28.552688250702335],[-82.338300516306703,28.552627031097689],[-82.338265777756703,28.552567904292104],[-82.338268035794258,28.552454549406054],[-82.338267130839242,28.552420172501492],[-82.338271698710287,28.552190806104065],[-82.338228453600379,28.552036081293632],[-82.33815889660103,28.552035002111669],[-82.337974664018532,28.552063219553862],[-82.337864294938839,28.552058268807933],[-82.337870395843652,28.552613976965056],[-82.337902216737234,28.55261332478435],[-82.337956731064324,28.552614170839753],[-82.338064359437467,28.55261196375066],[-82.338144037476127,28.552668425965962],[-82.338220921053264,28.552666849360818],[-82.338266813603454,28.552708787682342],[-82.338299847233358,28.552709300917108]]],[[[-82.38053723323516,28.543699731251156],[-82.380537332082,28.543727234267166],[-82.380552378597756,28.543926933860067],[-82.380540490642318,28.543952684738681],[-82.380529594956855,28.544052085351602],[-82.380514992177964,28.544164083076566],[-82.380517549178123,28.54423609068019],[-82.380482387389492,28.544276793557898],[-82.380370087012523,28.544307905004924],[-82.380374024620281,28.544319080270778],[-82.380487209112474,28.544398348561998],[-82.380519435476188,28.544455853649254],[-82.38052362937745,28.5444789092886],[-82.38054425199465,28.544613382104746],[-82.380564318748981,28.544770026938675],[-82.380579889831537,28.544891580677735],[-82.380595164985735,28.544983960822815],[-82.380606556354593,28.545052855850187],[-82.380658378536424,28.545202104506043],[-82.380715446197556,28.545268076923801],[-82.380771120238293,28.545313354475102],[-82.380819998277659,28.545353105288758],[-82.38087476296819,28.545388453303914],[-82.38090243985323,28.545383607710576],[-82.380921193707053,28.545328244442111],[-82.380890518315255,28.545302332307344],[-82.38081349206243,28.545231556845216],[-82.380758668596272,28.545172449485666],[-82.380747451347062,28.54504317127579],[-82.380696528268956,28.544974318520566],[-82.380688272109808,28.544871632948919],[-82.380665421855596,28.54474463686968],[-82.380649657968959,28.544605005319259],[-82.380661650863047,28.54447370665622],[-82.380680618311672,28.544440525914737],[-82.380699434426646,28.544393396337608],[-82.380704034470199,28.544368255106836],[-82.38067386895554,28.544324616844317],[-82.380679787049218,28.544301414654754],[-82.380713456116126,28.544276145907329],[-82.380743386813293,28.544254201022227],[-82.380740199762585,28.54420253751961],[-82.38071837640517,28.544184049326695],[-82.380705848842751,28.544167476901841],[-82.380691908634034,28.544125495864492],[-82.380654315816201,28.544103077067053],[-82.380647221612449,28.544063197329834],[-82.380642065244103,28.544034215121606],[-82.380631809716746,28.544015754943729],[-82.380631611971779,28.543960748914564],[-82.380631463660166,28.543919493490066],[-82.380631364788101,28.543891990475132],[-82.380631315352133,28.543878238967647],[-82.380631167044385,28.543836984444962],[-82.380662214688925,28.543809394120505],[-82.380661769731802,28.543685630550897],[-82.380724062690973,28.543685455911927],[-82.380739686402194,28.543699163752578],[-82.380755358547347,28.543726623101875],[-82.380783202996383,28.543732687245459],[-82.380817700989823,28.543740199927246],[-82.380848847484955,28.543740112575414],[-82.380895517757423,28.543726230026902],[-82.380942138541499,28.543698595955046],[-82.380988759301118,28.543670961867303],[-82.381004283054253,28.543657166665426],[-82.381019806803323,28.543643371461759],[-82.381066477010165,28.543629488854897],[-82.38109757397585,28.543615649939024],[-82.38109747498396,28.543588146924357],[-82.380862959996008,28.543588804884354],[-82.380854208588957,28.543589923064523],[-82.380739340255346,28.543602903197947],[-82.380723815453322,28.543616698372791],[-82.380723856659543,28.543628157962697],[-82.380661571973974,28.543630624519245],[-82.380661473095273,28.543603121503246],[-82.380640708791617,28.543603179709685],[-82.380630326639761,28.543603208811714],[-82.380599180184106,28.543603296113041],[-82.380583606956222,28.543603339761024],[-82.380568083155509,28.54361713491539],[-82.380552608775986,28.543644681576122],[-82.380474544945045,28.54358989373857],[-82.380458922305934,28.543576185863873],[-82.380357904458521,28.54356271720917],[-82.380038394861558,28.543563611791043],[-82.380007347124007,28.543591201974721],[-82.379992168716456,28.5437012576269],[-82.379992859656127,28.543893778748718],[-82.380008729062254,28.543976245120803],[-82.380024351703383,28.543989953046509],[-82.380040073067448,28.544031163986695],[-82.380055745082331,28.544058623416653],[-82.380071367741763,28.544072331336611],[-82.380086941039536,28.544072287746719],[-82.380102464969639,28.54405849264705],[-82.380117198982688,28.543824672511704],[-82.380132673501819,28.54379712590001],[-82.380148148012978,28.543769579286501],[-82.380163671891111,28.543755784179723],[-82.38017914638823,28.543728237562664],[-82.380194670256287,28.543714442452359],[-82.380225768385031,28.54370060373212],[-82.380256865483702,28.543686765007678],[-82.38031910905147,28.543672839046025],[-82.380428072311688,28.543658782176031],[-82.380459169371136,28.543644943405539],[-82.380474643775131,28.543617396755227],[-82.380552658201267,28.543658433084229],[-82.380551106555458,28.543667409389482],[-82.380549638994864,28.543675898196014],[-82.38053723323516,28.543699731251156]]],[[[-82.345128403817583,28.554754179875243],[-82.345172485409719,28.554795944475163],[-82.345192621173098,28.554795187647851],[-82.345223644671705,28.554765453373928],[-82.345221106933252,28.554712773127495],[-82.345238829983742,28.55463689183858],[-82.345332140081524,28.554560114470537],[-82.345380095609201,28.55456167082804],[-82.345439900679423,28.554589418100935],[-82.345472362063219,28.554588199453121],[-82.345469400840557,28.554526671947311],[-82.345472298773586,28.554457042764298],[-82.345444865069567,28.554057956366396],[-82.34540911126561,28.554028871993076],[-82.34533946119258,28.553951137575122],[-82.345306580134022,28.553890073267979],[-82.345273221298271,28.553880841455644],[-82.345258285809749,28.553895155354088],[-82.345134067407358,28.553916422624877],[-82.345028653942265,28.554030351970237],[-82.344970096277521,28.554078532315138],[-82.344954414325485,28.554227565569658],[-82.344898763509249,28.554299412277672],[-82.344878049686429,28.554400302246467],[-82.344909368832077,28.554452199242572],[-82.344924441295674,28.554480188516713],[-82.344942655327813,28.554510367905891],[-82.344990261638756,28.554641819768111],[-82.345128403817583,28.554754179875243]]],[[[-82.373426925990344,28.551715640621712],[-82.373388639680698,28.551726413366737],[-82.373369940105903,28.551731670383283],[-82.373352344166094,28.551736616664957],[-82.373355126355634,28.551750644887125],[-82.373401849673812,28.551750516391333],[-82.373495546093494,28.5517367687061],[-82.373510773694321,28.551722713499551],[-82.373554037579154,28.551709235349509],[-82.373586046183391,28.551708937933689],[-82.373595639513226,28.551709007183561],[-82.373678881189107,28.551708549807028],[-82.373682044950556,28.551708490568263],[-82.373697619383208,28.55170844770068],[-82.373713145262585,28.551694653328664],[-82.373838480843858,28.551682805262487],[-82.373884366845857,28.551666678643091],[-82.374024488086178,28.551652541059891],[-82.374055636933733,28.551652455244522],[-82.37411793462843,28.55165228359234],[-82.374195759152187,28.551638317482126],[-82.374226859375113,28.551624480125525],[-82.374320257258503,28.551610471017053],[-82.374335734404582,28.551582924170329],[-82.374335637136909,28.551555421166466],[-82.374335491235655,28.551514166660496],[-82.374397788846963,28.551513994880661],[-82.374429010621228,28.551534536232808],[-82.374397934772517,28.55155524938634],[-82.374398032056362,28.551582752390004],[-82.37441365511323,28.551596460942225],[-82.374429278177345,28.551610170394895],[-82.374444901242299,28.551623878943388],[-82.374476098732117,28.551637544533229],[-82.374429424115746,28.551651424899848],[-82.374413849692786,28.551651467851304],[-82.374382749486941,28.55166530525053],[-82.374367223699991,28.551679099698326],[-82.374336123479836,28.551692937086948],[-82.374336204157046,28.551715748879147],[-82.374336269382425,28.55173419159183],[-82.374382992688084,28.551734062758463],[-82.374445241780094,28.551720139454215],[-82.374476341993642,28.551706302040706],[-82.37447629334126,28.551692550539265],[-82.374460670262039,28.551678841994654],[-82.374491770461461,28.551665004577664],[-82.374569642585101,28.551664789757734],[-82.374585168343302,28.55165099528703],[-82.374599815621835,28.551638181373132],[-82.374616171177166,28.551609654838959],[-82.374631692882005,28.551618684119052],[-82.37466224679811,28.551636457983413],[-82.374742831051222,28.551636211216753],[-82.374756390634346,28.551623019501534],[-82.374776473981726,28.551618667129375],[-82.37484266595574,28.55160252203051],[-82.374851197729669,28.551600068477693],[-82.374947314569397,28.551570092676556],[-82.374989141446989,28.551556356360944],[-82.375015553745811,28.551547683221553],[-82.375031883941091,28.551542319731645],[-82.375067537884931,28.551525897940206],[-82.375145659474839,28.551512192144081],[-82.375160887844302,28.551498136751498],[-82.375176413500441,28.551484342213794],[-82.375254534022943,28.551470636358161],[-82.375270335810612,28.55145632761608],[-82.375285288007646,28.551442786403442],[-82.37530081363937,28.551428991851633],[-82.375316339267059,28.551415197298056],[-82.375334274632252,28.551403414611681],[-82.375343344988295,28.551392903462894],[-82.375347959552286,28.551387556081483],[-82.375347341745382,28.551373856684886],[-82.375300569845109,28.55136023434784],[-82.375269372333278,28.551346568947135],[-82.37522255170623,28.55131919508192],[-82.375097955702188,28.551319539370567],[-82.375082430059635,28.551333333899503],[-82.375035755658928,28.551347214473214],[-82.375020236586792,28.551362866891477],[-82.374984050133747,28.551366273911206],[-82.374895634969945,28.551361353095704],[-82.374864413157923,28.551340811850686],[-82.374879914478242,28.551320141595639],[-82.374895391439551,28.551292595588013],[-82.374894612144814,28.551072570656444],[-82.374879037807872,28.55107261366047],[-82.374863905094998,28.551085105005658],[-82.374856099930938,28.551094185130587],[-82.374848716071327,28.551102762391739],[-82.374838278927484,28.551114887053203],[-82.374799286916783,28.551160033113113],[-82.374775229294173,28.551187763412859],[-82.374763854092265,28.551199918630466],[-82.374744478644317,28.551220325255127],[-82.374715465066018,28.551253112392413],[-82.374701974114359,28.551268358538966],[-82.37469207037897,28.55127354995388],[-82.374662836814835,28.551287792829459],[-82.374636483271587,28.551300063361147],[-82.37454830115297,28.551339898559991],[-82.374531104502552,28.551347904624048],[-82.374476875090167,28.551373150044828],[-82.374419429759314,28.551399893171133],[-82.374412950019561,28.551402910413369],[-82.374397448355239,28.551417734366389],[-82.374382068525037,28.551472783322264],[-82.37431981956945,28.551486706596794],[-82.37428867077162,28.551486792472321],[-82.374257473350127,28.55147312683847],[-82.37424215885386,28.551472683595527],[-82.37422547671315,28.551479678486153],[-82.374211620171437,28.55148548983982],[-82.374138319222453,28.551516020350714],[-82.374122703116186,28.551522479911448],[-82.374102281041473,28.551529017681489],[-82.374039881787525,28.551544386788162],[-82.374027975769906,28.551547492050798],[-82.373991176127163,28.551557284539474],[-82.373890081211144,28.55158498053293],[-82.373729804354085,28.551630171490675],[-82.373668558323729,28.551647440284274],[-82.373555503045196,28.551679405425592],[-82.373530531973174,28.551686461837942],[-82.373518056134813,28.551689987308713],[-82.373475076611115,28.551702089501411],[-82.373426925990344,28.551715640621712]]],[[[-82.365914940246,28.542561331506832],[-82.366036979239666,28.542640709001056],[-82.366167110227209,28.542759578030061],[-82.366231836524847,28.54278709178244],[-82.366344749437957,28.542920737770626],[-82.366472223146445,28.5429749240174],[-82.366522180761763,28.542997478522221],[-82.36657306530185,28.54304396055996],[-82.366628826068151,28.543090978035423],[-82.366675686103136,28.543133784840848],[-82.366673688611456,28.543235370241817],[-82.366813254102979,28.543409437255683],[-82.367019127304232,28.543543335925637],[-82.3672030191765,28.543557534283455],[-82.367224045988621,28.543361505461309],[-82.367282124929844,28.543311928137225],[-82.367298197140485,28.543279282225704],[-82.367181989153238,28.543181292892644],[-82.366923641327432,28.543049752406141],[-82.366877137233203,28.543022099522641],[-82.366830011734834,28.542994998728911],[-82.366748471205298,28.542946510669193],[-82.366564743256646,28.542844445896591],[-82.36651823934551,28.542816792887667],[-82.366216028513591,28.542648904958778],[-82.366096692154571,28.542598178657823],[-82.366065809116179,28.542584235038635],[-82.366034304655798,28.542570843514774],[-82.366003421633494,28.542556899881191],[-82.365956164457231,28.542536812120836],[-82.365881124147847,28.542502931141087],[-82.365855107498575,28.542495554224782],[-82.365863393236324,28.542517864816212],[-82.365914940246,28.542561331506832]]],[[[-82.358838233631687,28.5693575334132],[-82.358833700266771,28.569409282685747],[-82.358853190601778,28.569519971337382],[-82.358899483941912,28.56958478378268],[-82.358923772542056,28.569614836842785],[-82.359394797966061,28.569661196673209],[-82.359438147994439,28.569612027231372],[-82.359478085370853,28.569515121470094],[-82.359454069975982,28.569378728299284],[-82.359398123084077,28.56929365797895],[-82.359378909905772,28.569279132509461],[-82.359382443302039,28.569238796818706],[-82.359347280571839,28.569195291720604],[-82.359316369514033,28.569105637972168],[-82.35924138911318,28.569087734690111],[-82.35922499426762,28.569088941199158],[-82.359210451278813,28.569074129032899],[-82.359186485625557,28.569067827379353],[-82.359168597720128,28.56908626705275],[-82.35902186568542,28.569106403844867],[-82.358991402740173,28.569129715090931],[-82.358977031867909,28.569144526162809],[-82.358968685415761,28.56915091242147],[-82.358953150643359,28.569163403954338],[-82.358952318857732,28.569164072078923],[-82.358951402129406,28.569164708846397],[-82.358943386093884,28.569170272200726],[-82.358947225131956,28.569210914126064],[-82.358899473382849,28.56924099348662],[-82.358841418263964,28.569264048311673],[-82.358835637159174,28.569330037052168],[-82.358838233631687,28.5693575334132]],[[-82.358958126088623,28.569252777183511],[-82.358930807458933,28.569264735920626],[-82.358922283046311,28.569247298247809],[-82.358958126088623,28.569252777183511]]],[[[-82.378767225811387,28.557075026965926],[-82.378824639127927,28.557052214484372],[-82.378810073532591,28.557043086480455],[-82.378747906016969,28.557047671470876],[-82.378763726271572,28.556997022447856],[-82.378821966081063,28.556952437870439],[-82.378847635452573,28.556890115786377],[-82.378763437390276,28.556896325111662],[-82.378735086194709,28.556840702926326],[-82.378652249619108,28.556755839983534],[-82.378622107979439,28.556713645035686],[-82.378574029421117,28.556659796786786],[-82.378483157688351,28.556548802796335],[-82.378454170151187,28.556550940941079],[-82.378317150003554,28.556529359967513],[-82.378309968317581,28.556536768320349],[-82.378226944505229,28.556539183319554],[-82.377827963136795,28.556550787639601],[-82.377812193258634,28.55655124660489],[-82.377752126249433,28.556619405794397],[-82.377852275774231,28.556727748652293],[-82.377936995295045,28.556770560628802],[-82.378003273353116,28.556816093017787],[-82.378061842296745,28.556838971104337],[-82.378123135147916,28.556881080314039],[-82.378215867998705,28.55689574664374],[-82.378329811960725,28.556940257258518],[-82.378403481408327,28.556986068425562],[-82.378492210447305,28.557009383801496],[-82.378577717458484,28.557042786310568],[-82.378633947654706,28.557100045211342],[-82.378682489328526,28.557096464686815],[-82.378738902885445,28.557131544482278],[-82.378767225811387,28.557075026965926]]],[[[-82.360449767456373,28.551665794020156],[-82.360451394952662,28.551682759087935],[-82.360461120410122,28.551720426677264],[-82.360467076753409,28.551737345060321],[-82.360472079964993,28.551749265210638],[-82.360477218191434,28.551761219291151],[-82.360473258748556,28.551784211477401],[-82.360470660816347,28.551813883673947],[-82.360468446559565,28.551839184823617],[-82.360472602027613,28.551847343568326],[-82.360483096141664,28.5518679431758],[-82.360490120003078,28.551881732118183],[-82.360495650506266,28.551888537311882],[-82.360499460697227,28.551900937965968],[-82.36051437066422,28.55190472519477],[-82.360629467234858,28.551945423609094],[-82.360655205699629,28.552048133458069],[-82.360639511990811,28.552227341774373],[-82.360727081533355,28.55233433858437],[-82.360820417345806,28.552314881567991],[-82.360943230274273,28.55223750258622],[-82.361081710618166,28.55216040396062],[-82.361113839457005,28.552028447078886],[-82.361093053207199,28.551934198013836],[-82.360928470860244,28.551809762754846],[-82.360925414141988,28.551777381421317],[-82.360927532867208,28.551753167837163],[-82.360867011299476,28.551634368847566],[-82.360773633167469,28.551616646027774],[-82.360682740878119,28.551623338346555],[-82.360643958973242,28.551594015190322],[-82.360615024129046,28.551564543150064],[-82.36055991453081,28.551558325318965],[-82.360552729880126,28.551565732751548],[-82.360444278289975,28.551602400323763],[-82.360442739773418,28.551619966633886],[-82.360442152833897,28.55163877384091],[-82.360449767456373,28.551665794020156]]],[[[-82.364569693479623,28.541339330025988],[-82.364649073118699,28.541336337689948],[-82.364667473533828,28.541314344267928],[-82.364674930987121,28.541305430776674],[-82.364667377939313,28.541286585832495],[-82.364654445573564,28.541261131253133],[-82.364651669914807,28.5412473933578],[-82.364646161801545,28.541233650166781],[-82.364635961905194,28.541208201783274],[-82.364629603460642,28.541192336765803],[-82.364620216321597,28.541158094697671],[-82.364608218720917,28.541123958894943],[-82.364604490923085,28.541113845548452],[-82.364591371169467,28.541096280626146],[-82.36458882855527,28.541087899297498],[-82.364574208045752,28.5410653872616],[-82.364567027661934,28.541051783907363],[-82.364557427631595,28.541013869880619],[-82.364545038801396,28.540972640020097],[-82.364542230019069,28.540953429516964],[-82.364527014984006,28.540927996391154],[-82.364521829396821,28.540917695658983],[-82.364511935597449,28.540903970550229],[-82.364485324076398,28.540857219540349],[-82.364438867889376,28.540729007066265],[-82.364439937603834,28.540703128684854],[-82.364407932722671,28.54065010462428],[-82.364392762505517,28.540594615307633],[-82.364384659052874,28.540588023798993],[-82.364376550485844,28.540581430498875],[-82.364344779890317,28.540551336968377],[-82.364345830133132,28.540526029820583],[-82.36431383344555,28.540457833763178],[-82.364298710611124,28.54041609507156],[-82.364279508830663,28.540368190799722],[-82.364181358135895,28.540341037337281],[-82.364115111127859,28.540415996434653],[-82.364093438790007,28.54049742669287],[-82.364049425070931,28.540554281144217],[-82.364032301607963,28.54058657398399],[-82.364034740711773,28.540637092188543],[-82.364032041192502,28.540702248397313],[-82.36405876145524,28.540746517771204],[-82.364098679312676,28.540820618317696],[-82.364096888414892,28.540863828978068],[-82.364100244958067,28.540933302889066],[-82.364221969057979,28.541032290752881],[-82.364300886817219,28.54104866769206],[-82.364390842855173,28.541112913894757],[-82.364425234063759,28.541152327869497],[-82.364332316460903,28.54113109336803],[-82.364257321266138,28.541115531567588],[-82.364176561565287,28.541124259040071],[-82.364309465453971,28.541192775488501],[-82.364569693479623,28.541339330025988]]],[[[-82.339368032780826,28.553500371150683],[-82.339372981617473,28.553510069762297],[-82.339377368149997,28.553517150286499],[-82.339387035938927,28.553535608747573],[-82.339396599678309,28.553550939055466],[-82.339417673336641,28.553563857507427],[-82.339431611063119,28.553568968705665],[-82.339445745082202,28.553580156671057],[-82.339465131069005,28.553592949398269],[-82.33947800995891,28.553596443539071],[-82.339594896438399,28.553627392923872],[-82.339704836310887,28.553640097132249],[-82.339735157678234,28.553654545321304],[-82.339767223702239,28.553667444331285],[-82.339822969858716,28.553694008652002],[-82.339876379633694,28.553708426085052],[-82.339947969691153,28.553730903693687],[-82.339969787669602,28.553695212950412],[-82.339997007146906,28.553642459866424],[-82.340081484815812,28.553590040695447],[-82.340296710704592,28.553559874860959],[-82.340349457911941,28.553507453844212],[-82.340388732298521,28.553476293230865],[-82.340358327175878,28.553459646395293],[-82.340313329490257,28.55346212603553],[-82.340264866030438,28.553432418859536],[-82.340205258820788,28.553399156399625],[-82.340173299761943,28.553338129120132],[-82.340114420752656,28.553319643318122],[-82.340051415859492,28.553350078258372],[-82.339937353713793,28.553295722713212],[-82.339711017850135,28.553276047959503],[-82.33969260037729,28.553294352892191],[-82.339578304384162,28.553310372926802],[-82.339546454931394,28.55332575717506],[-82.339473253617626,28.553322089047281],[-82.339352190383053,28.553342353275848],[-82.339314704812907,28.553403672540803],[-82.339351724931987,28.553475761792285],[-82.339368032780826,28.553500371150683]]],[[[-82.348717579849989,28.537596666909867],[-82.348726402462859,28.537599527237251],[-82.34874113836409,28.537604254664213],[-82.348755082282423,28.537608649354635],[-82.348767250958915,28.537612629916055],[-82.348778448644865,28.537616220451426],[-82.348800649747034,28.537623363217619],[-82.348812891570503,28.537617286088064],[-82.34887126778824,28.537588331595941],[-82.34901432421367,28.537610858245611],[-82.3491680053057,28.537592699723454],[-82.349210930914779,28.53755984789229],[-82.349260156191846,28.537455785098665],[-82.349239562320733,28.537304833903534],[-82.349197195525349,28.537252390469632],[-82.349180577048699,28.5371886502802],[-82.34912991549659,28.537089171035159],[-82.349072027517508,28.537073940324145],[-82.349026137397075,28.537051486190247],[-82.348884069109445,28.537061933985335],[-82.348784447254474,28.537053540920219],[-82.348769861943808,28.537088934828731],[-82.348742439791593,28.53725100714982],[-82.348662004125387,28.537350540729179],[-82.3485805275769,28.537395896733234],[-82.348574327022078,28.537466631865598],[-82.348577569977635,28.537501002756628],[-82.348577266177202,28.537531330334634],[-82.34861323506388,28.537548974436692],[-82.348652290454879,28.537568041719204],[-82.34866447478035,28.537573984842648],[-82.348677155499431,28.537580173932135],[-82.348697684145975,28.537590194064663],[-82.348717579849989,28.537596666909867]]],[[[-82.378007232706238,28.556455340115885],[-82.378052120922931,28.556454464371047],[-82.378061926282399,28.556454260205992],[-82.378095181514823,28.556453794020577],[-82.378124698205553,28.556454167488496],[-82.378137764605071,28.55645420418211],[-82.378151872844001,28.556454072844559],[-82.378219957499411,28.556452655992139],[-82.378277686640786,28.556426194711062],[-82.378324675528575,28.556412588259843],[-82.378355463901812,28.556398474715181],[-82.37838687765462,28.556384911650969],[-82.378402114283574,28.556377380682171],[-82.378355317388113,28.556357495467925],[-82.378326073487671,28.556330791082537],[-82.378288288650708,28.556064756449324],[-82.378229242045705,28.555945298090222],[-82.378210578681191,28.555895054696226],[-82.3782442864849,28.555836830393854],[-82.378174466523944,28.555828423829567],[-82.378166860432259,28.555835457985189],[-82.378056912227635,28.555882931207943],[-82.377943115483163,28.555935092774263],[-82.377867797887006,28.556004745434205],[-82.37783051733993,28.556074249782839],[-82.377824283239505,28.556084576339739],[-82.377819982236261,28.556092467521335],[-82.37781651496951,28.556100585576125],[-82.377809615551428,28.556111486065962],[-82.37780275633979,28.556120480706685],[-82.377797798140264,28.556132079616727],[-82.377785328603593,28.556144060364925],[-82.377778299987781,28.556152552873847],[-82.377760821700619,28.556200624816782],[-82.377764790579704,28.556349342453998],[-82.377814403264438,28.556433718217093],[-82.377891466457953,28.556455561359474],[-82.377910399060625,28.556455004249234],[-82.377923708014038,28.556454849895008],[-82.377943073475109,28.556454733720528],[-82.377973692357898,28.55645495436471],[-82.378007232706238,28.556455340115885]]],[[[-82.359810884825464,28.567229760732292],[-82.35983447946785,28.567231371110683],[-82.359951711116807,28.567222742500622],[-82.360180139679571,28.567178120477504],[-82.360238128051407,28.567141590660018],[-82.360292229823557,28.567014584776626],[-82.36025904998354,28.566935559549957],[-82.360115823392803,28.566879593218335],[-82.359987908142926,28.566854294458938],[-82.359839740532195,28.566796697783314],[-82.359723918634572,28.566783631275975],[-82.359716733919214,28.566791036850187],[-82.359613937117402,28.566861680731538],[-82.359566709152404,28.566858456385798],[-82.359562411693901,28.566869722621803],[-82.35955399950474,28.566890985923308],[-82.359544147589872,28.566920190897786],[-82.359540995511026,28.566929537534744],[-82.359543313254704,28.566954082182587],[-82.359549337459327,28.56697661472521],[-82.359547704050783,28.566983504786794],[-82.359549294666579,28.566991388803832],[-82.359544044629629,28.567006873281525],[-82.359542465415075,28.567024896234482],[-82.359541048576517,28.567041074380182],[-82.35954020535489,28.567050700941376],[-82.3595440895363,28.567063085153848],[-82.359550611804067,28.567073675749949],[-82.359553700285204,28.567093729228247],[-82.35955957771138,28.567112468733683],[-82.359562940845805,28.567124016054727],[-82.359569290173425,28.567148075391131],[-82.359573226479682,28.567163162866333],[-82.359576971184197,28.567177510932588],[-82.359581628052538,28.567185074616621],[-82.359640248672136,28.567202766617086],[-82.35971004456961,28.567246178063886],[-82.359810884825464,28.567229760732292]]],[[[-82.34949398244828,28.546656895480798],[-82.349602130782301,28.546673579265814],[-82.34968087079244,28.54665718671977],[-82.349753640573113,28.546633921040666],[-82.349869834266599,28.54666107900875],[-82.349897277320778,28.546667493413516],[-82.349899674919783,28.546630142979311],[-82.349900969478739,28.546609985872571],[-82.349792750938761,28.546554727457529],[-82.349767849747479,28.546511610107256],[-82.349750684558373,28.546497927019015],[-82.349735964519311,28.546486017045773],[-82.349717648458409,28.546471650236548],[-82.349704508156137,28.546455367961499],[-82.349691762368394,28.546442814944076],[-82.349687470572263,28.546429882827077],[-82.349674565821871,28.54641313433471],[-82.349666684681083,28.546400384709685],[-82.349656019534578,28.546384438042669],[-82.349666503060433,28.546361174879735],[-82.349671633535593,28.546350192818412],[-82.349675521059737,28.546333546358021],[-82.349687098015579,28.546317090340228],[-82.349691032928206,28.546305510398405],[-82.349702562488972,28.546283988762525],[-82.349708349487727,28.546271601869645],[-82.34970248459237,28.546260406297709],[-82.349696189822239,28.546248387093513],[-82.34965286695558,28.54616568005536],[-82.349567517635506,28.546113363746198],[-82.349491382635023,28.546134337921401],[-82.349404761569446,28.54616203440327],[-82.349391635206914,28.546138492732293],[-82.349376892339663,28.546111896285296],[-82.349343758121321,28.546100724839917],[-82.349325604402566,28.54615317586553],[-82.349241711827403,28.546259887684315],[-82.34924361754301,28.546286797791815],[-82.349223061856065,28.546408517725702],[-82.349244957272305,28.546470499115735],[-82.349316854367814,28.546642676517987],[-82.34949398244828,28.546656895480798]]],[[[-82.338671026715744,28.552311460448031],[-82.338578255007945,28.552336374450068],[-82.338532778327703,28.55236501533771],[-82.338484983410225,28.552391613677798],[-82.338444569650278,28.552524175253499],[-82.338424926593291,28.552731323906738],[-82.338460504503061,28.552844836222715],[-82.338577896103729,28.55286344212427],[-82.338628026475945,28.552887973538461],[-82.338717635928845,28.552913597531969],[-82.338841198054439,28.552852323496804],[-82.338811213839023,28.552756645610341],[-82.338814853188552,28.552715183025104],[-82.338845239665815,28.552666773342747],[-82.338859445778368,28.552600305804351],[-82.338827892882975,28.552474293354052],[-82.338807075883139,28.552375130302817],[-82.338755058318256,28.552310738273661],[-82.338679959866155,28.552302254145847],[-82.338671026715744,28.552311460448031]]],[[[-82.38197039582947,28.548981544582123],[-82.381906848046512,28.549030196953002],[-82.38191251718321,28.549090102581172],[-82.381960156568056,28.549126110825934],[-82.381992578914989,28.549189721079863],[-82.382052942972209,28.549264390263748],[-82.382067560391121,28.549320376211423],[-82.382072775334947,28.549332842678208],[-82.382093752754344,28.549382738891417],[-82.382156361056161,28.549401615555844],[-82.382176382369892,28.549313200443262],[-82.38213812348593,28.549220958327393],[-82.382110403847264,28.549177417313341],[-82.382115282303644,28.549121581333477],[-82.382161320686919,28.549086333657971],[-82.382199483146167,28.549032151816345],[-82.382205419748985,28.549023722605877],[-82.382199324860082,28.548960856714874],[-82.382193050565533,28.54889301944435],[-82.382187225432659,28.548872597880422],[-82.382188496106181,28.548858844473674],[-82.38218712613606,28.548845094890559],[-82.382192571114885,28.548827306207464],[-82.382193752669863,28.548813777733656],[-82.382184746278156,28.548800996198693],[-82.382178686818932,28.548790112106559],[-82.382168436466955,28.548775271326672],[-82.382151783717447,28.54876268456032],[-82.382143395350553,28.548756344880431],[-82.38213613033615,28.548739601687672],[-82.382124494692988,28.548721765430784],[-82.382120425544088,28.548703407080581],[-82.382113269768681,28.548686915331366],[-82.382106896901035,28.548678098472376],[-82.382073182538804,28.548667042252227],[-82.382058112970682,28.548683389909453],[-82.382031163166118,28.548695674377051],[-82.382020135039923,28.548700056481362],[-82.382011413599969,28.548705344358851],[-82.382001228375174,28.548707692926655],[-82.381976057399754,28.548720735756838],[-82.381962049475945,28.548727139356089],[-82.381941420226113,28.548735733508213],[-82.381930722896101,28.548740032561977],[-82.38191863933379,28.548746742050312],[-82.381902536939847,28.548746198116223],[-82.381894001636979,28.548742181452777],[-82.381881584235785,28.548741334793846],[-82.381871390447017,28.548746693576497],[-82.381858403079036,28.548749320716126],[-82.381840271629301,28.548754861534082],[-82.381824224038283,28.548761861886842],[-82.381810626860585,28.548764567435555],[-82.381796269236446,28.548777436352498],[-82.381703585023246,28.548873040713175],[-82.38157544465048,28.54889912475063],[-82.381553485287469,28.548964278437204],[-82.38151743673545,28.549040534376942],[-82.381538304108943,28.549073313633059],[-82.381552822095856,28.549101796649726],[-82.38157496033358,28.549128217160231],[-82.381630688591059,28.549100557263554],[-82.381692966037548,28.549095198269239],[-82.381639677333723,28.549180168760707],[-82.3817710756569,28.54916137361236],[-82.381719427072483,28.54908024432153],[-82.381692839655514,28.549060148198215],[-82.38167835533001,28.549040726382533],[-82.381750830666363,28.54892516499941],[-82.381908229715023,28.548894522903538],[-82.38197039582947,28.548981544582123]]],[[[-82.349122054636169,28.552420592310874],[-82.349002584812212,28.552426998389954],[-82.34895204520673,28.552379116614436],[-82.348931372706829,28.552362302312456],[-82.348736389090121,28.552369628597909],[-82.348526786290563,28.552402409235846],[-82.348458109481811,28.552434722346074],[-82.348406566657488,28.552449275819107],[-82.348363950363506,28.552469325979452],[-82.34834504380818,28.55250496366774],[-82.348328920015334,28.552518233335821],[-82.348312919244208,28.552548390874453],[-82.348315482499117,28.552601544733566],[-82.348251409012846,28.552628445426674],[-82.348199071135099,28.552660443085095],[-82.348158000636445,28.552640941476447],[-82.348126745044098,28.55261551880124],[-82.348127326495899,28.552601522925311],[-82.348125199743549,28.552557388631946],[-82.348103453447663,28.552539700785395],[-82.348080990975532,28.552561232255947],[-82.348016577885943,28.552559144244391],[-82.347916956579041,28.552606015342285],[-82.347862851635796,28.552695227536297],[-82.347939275600268,28.552782694891572],[-82.347969439936179,28.552753779711249],[-82.348003171397707,28.552739619461175],[-82.348060510943242,28.552660717173261],[-82.348115314667922,28.552686142649279],[-82.348174682999797,28.55276825580712],[-82.348213926252399,28.552800175582242],[-82.348302718390897,28.553014334670706],[-82.348264229934571,28.552847831748373],[-82.348298223354135,28.552655828645342],[-82.348314347174608,28.552642559883299],[-82.348336749519447,28.552621088985603],[-82.348366646855737,28.552596486683282],[-82.348529034931687,28.552601752839518],[-82.348627766516117,28.552570913641617],[-82.348717711017912,28.552573830005382],[-82.348835129073322,28.552657702205458],[-82.348895829539316,28.552638739666069],[-82.348967524761932,28.552530345034906],[-82.349005622845397,28.552481156220654],[-82.349045721124313,28.552448157444029],[-82.349122054636169,28.552420592310874]]],[[[-82.381280577072943,28.547401075216982],[-82.381251032023073,28.547405464137647],[-82.381255433977998,28.54743854052948],[-82.381334887842485,28.547500714113461],[-82.381356722928643,28.547512591628507],[-82.381418568417331,28.547535086459309],[-82.381455495183317,28.547547826608874],[-82.381485446913132,28.547575178962855],[-82.381579479552627,28.547591113516468],[-82.38162226024707,28.54770033865427],[-82.381614667934812,28.547726846332662],[-82.381584902817693,28.547770281932696],[-82.381581587799815,28.54780177293377],[-82.381621048373233,28.547902209599236],[-82.381634161014219,28.547938327638658],[-82.381646640774363,28.547968686927227],[-82.381672520151426,28.548048142677953],[-82.381695499064605,28.548128083010976],[-82.381701812203431,28.548152096338594],[-82.381708979053244,28.548238289206012],[-82.381751110310461,28.548323171930175],[-82.381766694188372,28.548394180940345],[-82.381779368311925,28.548425986115891],[-82.381790657346613,28.548452015707923],[-82.381814872107469,28.548511884535923],[-82.3818245670154,28.54853849610398],[-82.381844535541745,28.548562051434143],[-82.381855600707397,28.54858805367714],[-82.381858419958121,28.548609235358285],[-82.381871488878602,28.548621004796662],[-82.381883895223226,28.548644852090518],[-82.381889371254886,28.548660304571303],[-82.381904049975688,28.548656849738908],[-82.381910835370348,28.548623091322575],[-82.381915310805837,28.548604232496682],[-82.381924812367856,28.548576961470328],[-82.381927407812839,28.548536390454156],[-82.38191625628852,28.548486171504614],[-82.38189895092367,28.548440813614715],[-82.381862373690652,28.548374924880221],[-82.381848100434041,28.548353655400131],[-82.381837294420507,28.548323847265927],[-82.381832628485725,28.548302358567561],[-82.381782296848527,28.548225005479718],[-82.381784264432042,28.54820017752176],[-82.381779064359591,28.548173390889847],[-82.381773305134203,28.548143724663444],[-82.381768229013502,28.548111918876398],[-82.381757685839574,28.548054950513077],[-82.381759666526833,28.548033755332263],[-82.381758260194715,28.548024072683969],[-82.381744535274208,28.548021083927463],[-82.381736969581155,28.548014445941245],[-82.381726177159109,28.547997457279369],[-82.381765981377072,28.54747052411285],[-82.381812363256671,28.547450495327926],[-82.38182278180156,28.547445718828122],[-82.381843148566162,28.547436381905296],[-82.381859341308186,28.547432847926395],[-82.381877294441267,28.547428930012398],[-82.381894100868863,28.547425262561958],[-82.381906565540149,28.547422542144147],[-82.381936518735301,28.547416005269763],[-82.38192602287269,28.547410961846509],[-82.381907286339015,28.547401960483935],[-82.381895293851414,28.547396198494702],[-82.381833400565881,28.547398706008892],[-82.381813429590792,28.547395093260558],[-82.381799274692,28.547394984177512],[-82.381785118826656,28.547394890435452],[-82.381770963032892,28.547394816543182],[-82.381753337915058,28.547394761427032],[-82.381742614015707,28.547394774433013],[-82.381728456799593,28.547394872886947],[-82.381714296716169,28.547395026390092],[-82.381683069345883,28.547395371341437],[-82.381661911230708,28.547399216125878],[-82.381641305558531,28.547397844740292],[-82.381620402529691,28.547398179607008],[-82.381601977482845,28.547399888986504],[-82.381578590973689,28.547393638341642],[-82.381549185851043,28.547389496226014],[-82.381500326935651,28.547382614222307],[-82.381489046917167,28.547376616489554],[-82.381476849029781,28.547372833868529],[-82.381461474010464,28.547361958768516],[-82.38145386771906,28.547368993112052],[-82.381431580960708,28.547374982280562],[-82.381422586042603,28.547375819653272],[-82.381402860254695,28.547380124175753],[-82.381383691565645,28.547386458294525],[-82.381365969397351,28.547388680902987],[-82.381307220418108,28.547397116733098],[-82.381280577072943,28.547401075216982]]],[[[-82.374605800169348,28.538743780806922],[-82.374600696293385,28.538758558972379],[-82.374699750639877,28.53872166604658],[-82.374831275406351,28.538730632390568],[-82.375097955994619,28.538625211107547],[-82.375114396909083,28.538540889848189],[-82.375069328111493,28.538506819248692],[-82.374937952886526,28.538489509684592],[-82.374887316893805,28.53843830542149],[-82.374865414305944,28.538427985360578],[-82.37485508673096,28.538423949727544],[-82.374842025057447,28.538418846050806],[-82.374826789893206,28.538413723106093],[-82.374808524408635,28.538402076483365],[-82.374794850768154,28.538397001561179],[-82.374781338655197,28.538385885025257],[-82.37477238667806,28.53837959966533],[-82.374712391456001,28.538375337431066],[-82.374686149489634,28.538373473411976],[-82.374654910113776,28.538372571533738],[-82.374594131885658,28.538370247829],[-82.374545936367426,28.538360108517306],[-82.37453875460092,28.538367513977175],[-82.374522621188234,28.538373924478996],[-82.374498054488853,28.538385491647048],[-82.374483082599724,28.538400490120903],[-82.374468269535342,28.538415325733958],[-82.3744610867506,28.538422734801877],[-82.37444959952272,28.538429132484119],[-82.374437087300123,28.538439547502293],[-82.374424786333023,28.53844295255935],[-82.374416915379356,28.538447337073691],[-82.37440611827752,28.538454714595581],[-82.37439792432383,28.538457914324468],[-82.374402265777377,28.538496852766404],[-82.374401085849556,28.538505314554911],[-82.374404550803717,28.53852321735474],[-82.374422009854882,28.538528741170886],[-82.374445346385031,28.538539157509433],[-82.374470311270542,28.538550026840358],[-82.374485213112933,28.538565204616759],[-82.374501554792644,28.538581849235218],[-82.374516940739213,28.538597244941673],[-82.3745296286355,28.53860934101084],[-82.374543816816939,28.53862237137475],[-82.374548825594488,28.538632420456832],[-82.374562541047482,28.538651623225867],[-82.374569080433972,28.538660779280708],[-82.374578191214837,28.538673535798278],[-82.374592409107393,28.538692361804852],[-82.374599772841336,28.538703751582901],[-82.374606784451757,28.538710922989917],[-82.374604983863989,28.538731108790881],[-82.374605800169348,28.538743780806922]]],[[[-82.346999403334138,28.537590129581186],[-82.34726589294624,28.53762691997288],[-82.347485675087739,28.537644950563209],[-82.347563729749595,28.537668883053509],[-82.347738253966185,28.537709759035089],[-82.348125245969214,28.537763183309522],[-82.348451098530134,28.537827745758392],[-82.348670598777801,28.537858046994856],[-82.348850640484216,28.537885255850906],[-82.348974079140106,28.537891908406824],[-82.348956841333987,28.53787557520123],[-82.348872449546789,28.537858051981747],[-82.34882627786655,28.537843895538373],[-82.348716589325463,28.537817197216501],[-82.348633541351575,28.537795959066617],[-82.348614883532093,28.53779118755509],[-82.348605944264861,28.5377889014093],[-82.34857695680337,28.537781941158492],[-82.348548957898373,28.537775739038313],[-82.3485107414715,28.537767882972592],[-82.34815557283433,28.537694870498406],[-82.348032086011287,28.537666636016191],[-82.347875088673945,28.537640582498948],[-82.347734254891421,28.53761494129262],[-82.347625793711074,28.537599965774806],[-82.347455237172497,28.537566170998822],[-82.347118555307091,28.537526414837352],[-82.346847404206656,28.537491419086351],[-82.346659771393632,28.537476024157574],[-82.346661301964915,28.537507831404575],[-82.346999403334138,28.537590129581186]]],[[[-82.366426470672508,28.545684240382286],[-82.366423217347347,28.545716832642345],[-82.366495221489956,28.545731963651406],[-82.366620941246921,28.545662865993833],[-82.366736505479068,28.545646643870846],[-82.366792642839997,28.545649446500338],[-82.367025732508381,28.545636545748923],[-82.36705673564957,28.545584916702051],[-82.366963038856809,28.545511446104591],[-82.366936149694183,28.545460130533346],[-82.36702665915864,28.545388284373729],[-82.367069647116494,28.545345533530483],[-82.367089337701799,28.545248193658235],[-82.367102070904707,28.545185246315185],[-82.367067350001363,28.545179621150929],[-82.367045123633062,28.545176019538697],[-82.367032387796669,28.545173956024733],[-82.367025063595179,28.545181237850763],[-82.366992253047272,28.545207282329784],[-82.366955635079464,28.545243694143867],[-82.366897974020475,28.545289469538716],[-82.366818418130862,28.545334447738043],[-82.366781261345693,28.545371398755044],[-82.366713525206592,28.545415085299471],[-82.366641489959051,28.545464690133169],[-82.366607205934429,28.545498782854985],[-82.36656123417454,28.545496485988732],[-82.366546852121502,28.54550418748056],[-82.366535188791275,28.545509077160741],[-82.36652635180063,28.545516854818469],[-82.366529280508402,28.545558166845911],[-82.366503016662151,28.545573484569235],[-82.366488728971092,28.545584537991665],[-82.366476500716331,28.545588008006771],[-82.366455545509567,28.545600641370463],[-82.366442600418651,28.54561017162484],[-82.36643813840152,28.545643118157511],[-82.366426470672508,28.545684240382286]]],[[[-82.364501352389553,28.549478560578269],[-82.364422651701503,28.549491751083103],[-82.364372268614915,28.549507864023266],[-82.364328012818603,28.549593692369971],[-82.36433106952795,28.549636775373163],[-82.364329748660595,28.549657406390097],[-82.36433100425586,28.549675115937976],[-82.364496402903896,28.549730749679508],[-82.364517188248271,28.549808557621358],[-82.364566561146376,28.549906795358915],[-82.364680865197755,28.549944863066383],[-82.364778703019937,28.54989757664578],[-82.364796906802027,28.549628917631495],[-82.364643565916055,28.549479525004717],[-82.364508677060087,28.549471278888696],[-82.364501352389553,28.549478560578269]]],[[[-82.339330198129289,28.550130265802107],[-82.339310428235777,28.550134591401886],[-82.339279576790418,28.550139035827193],[-82.339305284522666,28.550204004158019],[-82.339320279929254,28.550254834316558],[-82.339322994125979,28.550287963276396],[-82.339325934845093,28.550323851929022],[-82.33933051766364,28.550380409997317],[-82.3393333541987,28.550415676294818],[-82.339325447871857,28.550461723533786],[-82.339338240706766,28.550476429485624],[-82.339343167262427,28.550482092893152],[-82.339357142548636,28.55051434821204],[-82.339358038934861,28.550531605035157],[-82.339358244681804,28.550600242842879],[-82.339341137133857,28.55063557162045],[-82.339318227377973,28.550671667448576],[-82.339319293987529,28.550720667276096],[-82.339322449358718,28.550865591484939],[-82.339323329480393,28.550993495118366],[-82.339323498388367,28.551046184149456],[-82.339331462187971,28.551288693454136],[-82.339336480400462,28.55144151749478],[-82.33932198606071,28.551778479428609],[-82.339322870064763,28.552058369599898],[-82.339322971296738,28.552090265265935],[-82.33932311194809,28.552134775548232],[-82.339328319321694,28.55248748457198],[-82.339334441104597,28.552591149950057],[-82.339341500058893,28.552726695364665],[-82.339342776821866,28.552752934928904],[-82.339352557181144,28.552804614566757],[-82.339355533040262,28.5528281672266],[-82.339369480439984,28.552836326512804],[-82.339380513764354,28.552839883929263],[-82.339386923417337,28.552849087114435],[-82.339391525741519,28.552836783933476],[-82.339392600261661,28.552810147778963],[-82.339400622204764,28.552779397632705],[-82.339400510523433,28.552744570293456],[-82.339409639203765,28.552696915648262],[-82.339402473972257,28.552633424161275],[-82.339398782341078,28.55256736224619],[-82.339409831342266,28.552484034198493],[-82.339392797848745,28.552132368071117],[-82.339382450621457,28.55211041473633],[-82.339380777506847,28.551998491746257],[-82.339377058860364,28.551862796302068],[-82.339382677562,28.551778327729224],[-82.339377644439139,28.551646697901976],[-82.33936978019338,28.551441020087669],[-82.339367589727473,28.551286937434448],[-82.339364217945018,28.551049677298096],[-82.339364664177793,28.550998884351234],[-82.339366945287438,28.550739461229863],[-82.339358109339898,28.550684893531407],[-82.339368871182188,28.550632532697971],[-82.339371292192823,28.550600027055015],[-82.33937245923839,28.550571653655613],[-82.33936896157681,28.550529721619636],[-82.339367687459188,28.550514180187399],[-82.339360791295732,28.550472398312973],[-82.339354740568538,28.550420823029619],[-82.339344446002556,28.550356267358477],[-82.339354038544315,28.550332860134628],[-82.339358635430443,28.550324311602697],[-82.339358181459374,28.550314677546989],[-82.339353673244005,28.55021891531041],[-82.339330198129289,28.550130265802107]]],[[[-82.377124908503248,28.556864289928278],[-82.377129746362485,28.556747200006271],[-82.37707986928433,28.556731921221676],[-82.377056273400285,28.556732813303451],[-82.377025119178285,28.556731808003729],[-82.376993972735988,28.556732986331951],[-82.376962818514357,28.556731981017922],[-82.376908312233397,28.556734041709134],[-82.376861580911196,28.556732536412902],[-82.376846007679262,28.556733122852172],[-82.37682264201851,28.556732370195338],[-82.376791495573258,28.556733548477123],[-82.376736975692637,28.556731790445006],[-82.376669775791513,28.556734329314843],[-82.376515485786868,28.556716147526146],[-82.376486886648252,28.556661730169864],[-82.3764622918317,28.556662496786778],[-82.376433155326993,28.556659840794225],[-82.376420817135539,28.556658814760226],[-82.376421800269256,28.556658805717777],[-82.376420682856605,28.556658703242714],[-82.376417419570458,28.556658406398867],[-82.376417326094725,28.556658847901129],[-82.376420669952665,28.556658810656657],[-82.376409540950405,28.556695469200267],[-82.376299001302499,28.556721370461062],[-82.37625567569448,28.556719974624134],[-82.37625241768599,28.556798772157549],[-82.376274665293636,28.556840053794019],[-82.376478193145459,28.556870763619973],[-82.376542785068608,28.556872843925326],[-82.376622729782937,28.55686982400503],[-82.376986696487961,28.556884001887379],[-82.377002296306514,28.556883413553333],[-82.37701787343326,28.556883914401844],[-82.377041233302933,28.556883032005413],[-82.377077512484021,28.556884201728405],[-82.377124908503248,28.556864289928278]]],[[[-82.376887820769909,28.559252200847592],[-82.376813448277545,28.559305122758698],[-82.376825334052725,28.55938737298672],[-82.376763365336416,28.559527421692263],[-82.376791308477536,28.559578460627336],[-82.376856948853771,28.559585485375507],[-82.37694000804872,28.559557033261164],[-82.377046964237707,28.559529712122163],[-82.37712836021359,28.559477667494896],[-82.377130012137684,28.559476611682705],[-82.377130199347704,28.559475514822982],[-82.377140759042959,28.559413604107657],[-82.377133807426361,28.559365492758982],[-82.377137584890988,28.559337979028271],[-82.377134606796872,28.559317359875379],[-82.377138922123493,28.559285909557847],[-82.377115368904484,28.559236991622029],[-82.377088549894836,28.559234122702421],[-82.377049014346937,28.559238575472659],[-82.377018438536695,28.559228296153435],[-82.377011539538813,28.559235951794037],[-82.376887820769909,28.559252200847592]]],[[[-82.375578810488264,28.550768143679761],[-82.375563284989056,28.55078193826343],[-82.37553218519075,28.550795775923927],[-82.375501036600568,28.550795862075702],[-82.375469936789884,28.55080969972202],[-82.375454411270297,28.550823494293368],[-82.375438885746675,28.550837288862954],[-82.375423360218988,28.550851083430768],[-82.375423408992702,28.550864834932408],[-82.375437637472345,28.550892185166077],[-82.375454703936938,28.550906003302909],[-82.375469663353527,28.550975480786338],[-82.375483351453056,28.551017292480775],[-82.375495835958532,28.551055429571278],[-82.375513970736819,28.551110825397501],[-82.375517134886479,28.551155818062277],[-82.375517928125106,28.5511671104369],[-82.375502402559974,28.551180905013446],[-82.375486876990806,28.551194699588223],[-82.375471351417588,28.551208494161241],[-82.375454268295698,28.551222262360213],[-82.375447986958008,28.551228477892298],[-82.375440300259001,28.551236083301948],[-82.375393600680496,28.551248890285326],[-82.375393772261518,28.55129121850063],[-82.375409395402471,28.551304926938048],[-82.375425018547489,28.551318635373597],[-82.375438452160253,28.551332773961004],[-82.375502987977981,28.551345923021916],[-82.375516316597455,28.551372519574155],[-82.375533481608613,28.551387876816065],[-82.375582258821893,28.551387444118223],[-82.375596531828137,28.551373167539989],[-82.375612057408773,28.551359372952938],[-82.375627582985359,28.551345578364106],[-82.375627534184147,28.551331826863745],[-82.375611862212097,28.551304366951349],[-82.375596239045265,28.551290658537475],[-82.375596092654291,28.55124940403585],[-82.375611569418112,28.551221857948146],[-82.375627376205912,28.551196311429564],[-82.375627567981184,28.551165687341765],[-82.375611325420863,28.55115309954239],[-82.375595604683411,28.551111888126258],[-82.375595689255661,28.551109513840206],[-82.375596611387593,28.551083400325414],[-82.375595311904448,28.551029379120557],[-82.375595238703482,28.551008750064312],[-82.375594865447695,28.55090356100591],[-82.375594823942222,28.550891864108827],[-82.375610105463466,28.550809312014707],[-82.375625582160652,28.550781765924256],[-82.375625533360846,28.550768014422772],[-82.375578810488264,28.550768143679761]]],[[[-82.356655322895236,28.545786689630951],[-82.356579190634534,28.54584287346378],[-82.356593704148821,28.545964989633617],[-82.356592119737783,28.545979110904419],[-82.356613075677458,28.546027905851577],[-82.356735572211107,28.546046492617027],[-82.356899840490883,28.546031271596298],[-82.356961567558656,28.545965254758226],[-82.356946180597006,28.545835768808391],[-82.356787264130162,28.545798476775158],[-82.356662364980508,28.545779160957622],[-82.356655322895236,28.545786689630951]]],[[[-82.349349284790506,28.549917440729551],[-82.349318294836948,28.549965541189241],[-82.349343130917248,28.550142630970289],[-82.349389002309479,28.550191100327307],[-82.349544059619632,28.550174145992454],[-82.349571531644472,28.550131504673384],[-82.349590947745156,28.549950562607581],[-82.349592469106909,28.549922311842575],[-82.349574382676849,28.549913288992734],[-82.349563044458662,28.549908085515764],[-82.34953963943704,28.549895837856582],[-82.349527589870263,28.549892156650657],[-82.349508544216633,28.549881078024008],[-82.349496395412075,28.549878291289602],[-82.349485176732102,28.54987060064958],[-82.349457759363275,28.549873140022232],[-82.349444496616513,28.549874367953453],[-82.34943409964319,28.549878770158355],[-82.34941667351795,28.549877830553431],[-82.349402950654905,28.549878675267934],[-82.349356192533918,28.549868656897754],[-82.349349284790506,28.549917440729551]]],[[[-82.371006093134014,28.548002616198215],[-82.371021557096867,28.54814061466104],[-82.371039717927616,28.548201050619173],[-82.371080174583966,28.548268056930436],[-82.371112173677957,28.548768763956694],[-82.371133182971334,28.548786114452561],[-82.371145589890745,28.547980973147101],[-82.371056353387289,28.54794408489105],[-82.371091369489207,28.54782458177333],[-82.371028506855822,28.5478171694065],[-82.370980654099213,28.547875939562505],[-82.371006093134014,28.548002616198215]]],[[[-82.376758824917545,28.556572138785853],[-82.376720912656509,28.556581582291084],[-82.376705600307631,28.55658539745615],[-82.376732151054185,28.556595781868396],[-82.376773051267136,28.556611777789829],[-82.377047845450349,28.556636291112365],[-82.377221886876654,28.55665052743646],[-82.377291537255871,28.556745103675027],[-82.377358624420097,28.556675987645313],[-82.37742955467759,28.556584362014732],[-82.377433375598542,28.556573664106285],[-82.377411369169792,28.55656544363578],[-82.377394239764428,28.556559238058217],[-82.37738273058477,28.55655682562125],[-82.377375170140638,28.556552329537116],[-82.377367152597571,28.556556070357495],[-82.377351567148565,28.556554655503994],[-82.37733460712748,28.556556112098008],[-82.377311617650477,28.556551934108647],[-82.377258682145666,28.556550228729087],[-82.377180216174011,28.556547700952144],[-82.377130461648861,28.556549579792261],[-82.377083722643476,28.556551345566735],[-82.377024499518512,28.556557021537436],[-82.377008016833045,28.55655562808543],[-82.376993349122344,28.556557075563649],[-82.376954375467633,28.556552009787278],[-82.376888073712834,28.556549295568459],[-82.376840381046591,28.556546720053998],[-82.37683009226464,28.556554385097098],[-82.376758824917545,28.556572138785853]]],[[[-82.339250804187401,28.553133067979427],[-82.339316862334286,28.55314678719979],[-82.339397968032102,28.553184421385762],[-82.339583653692173,28.553135920086412],[-82.340063908334528,28.553114671593342],[-82.340148840859186,28.553117430230465],[-82.340263056735751,28.553097880866076],[-82.340226900614766,28.553075990478046],[-82.340193192539118,28.55307489558902],[-82.340123114312291,28.553077523731758],[-82.340061104946543,28.55307550984233],[-82.339492310102443,28.553070320123897],[-82.339484842016518,28.553077475405537],[-82.339033239454466,28.553098754070934],[-82.339048244970797,28.553106070668825],[-82.339189052371552,28.553118946352413],[-82.339250804187401,28.553133067979427]]],[[[-82.37547763001848,28.544112876289365],[-82.375445936594545,28.544126192215415],[-82.375419176413487,28.544201648524446],[-82.375445401782287,28.544743071574228],[-82.37546275272156,28.54475872249569],[-82.375482045381588,28.544593743204906],[-82.375511751651771,28.544492340098024],[-82.375508108570543,28.544417121251342],[-82.375540411019927,28.544250219176178],[-82.375554919280759,28.544117288845833],[-82.375485093998051,28.544105718146881],[-82.37547763001848,28.544112876289365]]],[[[-82.376716768361575,28.541994232771902],[-82.376609540857388,28.541956992870173],[-82.37642734351391,28.541930343939583],[-82.376372193879817,28.5419916176694],[-82.376355974247232,28.542042318155804],[-82.376358697086602,28.542061174918413],[-82.376354415990704,28.542092366221198],[-82.376363254046353,28.542129158981215],[-82.376528316079103,28.54210119810044],[-82.376635356127252,28.542087139684956],[-82.376716768361575,28.541994232771902]]],[[[-82.33934140453006,28.552954769264954],[-82.339305148269531,28.552988277142841],[-82.339329693976453,28.552995627615946],[-82.340008933643546,28.552975377005474],[-82.340061450949648,28.552951322632431],[-82.340138123861323,28.552952512042562],[-82.340153618658093,28.552925075472785],[-82.339933405566782,28.552918898284975],[-82.339881252904092,28.552917435325533],[-82.339836813209104,28.552917617856828],[-82.339745898420588,28.552913638690555],[-82.33972434828344,28.552913033909402],[-82.339681756997933,28.552911839305455],[-82.339588881542866,28.552924572667141],[-82.339579393907044,28.552925308344715],[-82.339565701224174,28.552927109374625],[-82.339468647032874,28.552939880175984],[-82.339394020216503,28.552938722268603],[-82.33934140453006,28.552954769264954]]],[[[-82.364473887031394,28.537781493636544],[-82.364673359131572,28.537798251523967],[-82.364686402398604,28.537766717591243],[-82.364686305946321,28.537738707390638],[-82.364662305278557,28.537720558992312],[-82.364635824685564,28.5376685839835],[-82.364561352612597,28.537630933427135],[-82.364543470897601,28.537649372935],[-82.364380560551069,28.537671744221722],[-82.364288617104819,28.537665466952948],[-82.364273970524479,28.537669380890311],[-82.364318045874299,28.53770270521451],[-82.364473887031394,28.537781493636544]]],[[[-82.349193968051623,28.552434824044852],[-82.349327111800605,28.552425032227895],[-82.349473525352977,28.552401204520304],[-82.349463623396701,28.552296227459635],[-82.34937975541925,28.552288892534222],[-82.349372569927397,28.552296298479391],[-82.34929726101366,28.552311609149974],[-82.349263012463481,28.552309268162087],[-82.349179945088224,28.552315375913562],[-82.349147594142494,28.552379897891271],[-82.349122054636169,28.552420592310874],[-82.349193968051623,28.552434824044852]]],[[[-82.368423690577671,28.543043195914958],[-82.368309611774322,28.543114234377494],[-82.368294953415386,28.543125804231959],[-82.36836366599195,28.543203605275689],[-82.368485754365352,28.543252684353902],[-82.368541877078457,28.543249576885867],[-82.368526457333303,28.543032405701972],[-82.368442111452353,28.54302487535988],[-82.368423690577671,28.543043195914958]]],[[[-82.368667455545022,28.544037715766908],[-82.368895850251405,28.544150429345478],[-82.368936214900103,28.544126767716353],[-82.36886676218549,28.544070294884694],[-82.368665144980312,28.543956101810135],[-82.368624091140362,28.543939130168763],[-82.368577867387756,28.543911228972334],[-82.368523041493276,28.54390476362568],[-82.368509243622469,28.543939865087836],[-82.368667455545022,28.544037715766908]]],[[[-82.368325583991847,28.542977446874943],[-82.368171599837311,28.543053992154302],[-82.368114158759539,28.543111112590942],[-82.368157989806278,28.543203367190557],[-82.368301085328312,28.543276414275898],[-82.368371460451442,28.543306590726345],[-82.368263181899209,28.543197643554549],[-82.368217056423276,28.543117074194775],[-82.368357340289137,28.542976753461133],[-82.368332907952393,28.542970164978655],[-82.368325583991847,28.542977446874943]]],[[[-82.371020060535997,28.545161869958449],[-82.371122839044105,28.545202028331243],[-82.371218189605017,28.545195002854687],[-82.371212603068145,28.545135878806551],[-82.3710032947195,28.545066903042205],[-82.370965556645189,28.54512066285449],[-82.371020060535997,28.545161869958449]]],[[[-82.381198249837595,28.549516456929723],[-82.381184955441455,28.549522679782804],[-82.381128409586424,28.54955183877124],[-82.381167111870639,28.549596294803884],[-82.381199296713476,28.549675488389969],[-82.381237210943809,28.549692360331179],[-82.381273720259486,28.549640352612734],[-82.381244974039987,28.549514019362356],[-82.38124494185017,28.54951387778565],[-82.381207454645391,28.549510286162832],[-82.381198249837595,28.549516456929723]]],[[[-82.367325358248507,28.534923555940665],[-82.367063129311717,28.534922337494013],[-82.366876367554113,28.534922776237401],[-82.366876331788575,28.534922775431664],[-82.366689465807639,28.534923215101902],[-82.366689013160794,28.534923217226332],[-82.366502533424949,28.534923660108255],[-82.366129187649307,28.534924529903261],[-82.366128373284909,28.534924531196229],[-82.365754887562815,28.5349254165817],[-82.365568328089424,28.534925853883987],[-82.365568272916249,28.534925854934841],[-82.365194598099464,28.534926728460434],[-82.365194100490925,28.534926729798425],[-82.365174409680805,28.534926776426065],[-82.36524321880448,28.534966351254578],[-82.365307828936054,28.535036594377676],[-82.365347691795392,28.535125054629944],[-82.365443640048966,28.535236018144492],[-82.365538934705569,28.535432590238148],[-82.365588331180746,28.535474245594369],[-82.365591005828264,28.535575069579963],[-82.365563621521588,28.535804185386429],[-82.365530845573915,28.535924499698318],[-82.365473993091882,28.536060890830726],[-82.365443978344189,28.536088646390603],[-82.365405032535321,28.536121891451479],[-82.365403958734561,28.536176420993996],[-82.365430353626905,28.536221328059099],[-82.365457885478733,28.536391697138107],[-82.365513350551282,28.536491879152674],[-82.365562381340609,28.536555335144254],[-82.365608845054751,28.53661750587575],[-82.365678484538975,28.536698039087593],[-82.365711195864264,28.536809340463467],[-82.365736436591163,28.536899575146602],[-82.365815454212012,28.53699095442888],[-82.365864687850376,28.537079881933622],[-82.365890940008342,28.537091040840306],[-82.365908005857719,28.537098294798408],[-82.365877173613498,28.53735620547446],[-82.365860515648549,28.537429174816261],[-82.365861944268531,28.537483043412223],[-82.365860052327278,28.537579310209715],[-82.365862792502057,28.537682441265268],[-82.365861841316686,28.537730691981121],[-82.365878711604537,28.537788084122621],[-82.365909421949752,28.537978114623069],[-82.365925408316031,28.538005309603175],[-82.365924669905468,28.538042678418631],[-82.365941041968114,28.538115546130111],[-82.365957020154795,28.538142731202043],[-82.365972709591603,28.538266729168182],[-82.365989128037498,28.53833644035884],[-82.36598755977397,28.538416343230004],[-82.366021958114715,28.538460863143545],[-82.366020117851463,28.538554598724215],[-82.366036450883627,28.53859632314299],[-82.366051997890068,28.538679066467516],[-82.366095148742673,28.538772187189736],[-82.366117570827214,28.538867381413571],[-82.366114855214903,28.539005533448361],[-82.366139027589981,28.539148555110017],[-82.366074000082634,28.539260866060651],[-82.366131775476177,28.539309586480428],[-82.366161398436489,28.539389368250021],[-82.366200148501136,28.53947299553867],[-82.36617938499792,28.539545459829561],[-82.366242049009927,28.539598299736252],[-82.366220067626571,28.539620574634338],[-82.366179953197417,28.539654816535133],[-82.366148922392185,28.539696894220285],[-82.366040588154107,28.539728258353605],[-82.366040129280861,28.539751593209544],[-82.366040828414853,28.539777960417066],[-82.366023746370061,28.539852770769681],[-82.366027879953563,28.540008342952135],[-82.365985181197217,28.540086673791457],[-82.365914926268445,28.540195151163928],[-82.365918143058138,28.540316107528373],[-82.365878608208718,28.540419123250615],[-82.36608977412746,28.540597192263419],[-82.366074632288601,28.540631746693169],[-82.366041776558362,28.54067483267163],[-82.366046029050494,28.540834926140644],[-82.366013196582998,28.5408794422579],[-82.365966874509724,28.540940183606295],[-82.36596619180591,28.540975041945416],[-82.365999173060146,28.541059296602061],[-82.365996482933994,28.541196299843701],[-82.366092749331685,28.541277476557664],[-82.366123463919251,28.541332950834793],[-82.366184128783303,28.541403103923425],[-82.366189059073051,28.541588623485527],[-82.366168304130426,28.541642699845543],[-82.366202970836397,28.541717508713109],[-82.366218613579647,28.541827755043862],[-82.366296331330545,28.54191762333269],[-82.366297769489393,28.541971796851975],[-82.366296832038373,28.542019534070956],[-82.366313131616877,28.542047262325116],[-82.366312853089724,28.542061272807722],[-82.366336758771496,28.542081429759733],[-82.36635972310539,28.542102408571775],[-82.366476854197032,28.542169769823467],[-82.36651374000968,28.542236383879171],[-82.366575105879875,28.542292440336279],[-82.366667341098406,28.542345482616515],[-82.366758816802687,28.542406386265444],[-82.366890804422852,28.542471994386403],[-82.366985547608309,28.542522381303332],[-82.367046462915397,28.542540608158838],[-82.367112595703006,28.542554653876095],[-82.367202384627689,28.542595193262908],[-82.367354801537573,28.542613562330352],[-82.367374239055508,28.542663211529852],[-82.367390876206002,28.542708013713913],[-82.367510545973261,28.542680589020069],[-82.367786815569104,28.542674862842645],[-82.36788787239297,28.542676408219616],[-82.367888686650787,28.542634889356648],[-82.367841180586865,28.542634161728884],[-82.367794631752616,28.542635124281453],[-82.367793905038269,28.542607716773801],[-82.367884661191923,28.542553031868088],[-82.367935022571544,28.542537659415171],[-82.367988037759716,28.542538469534168],[-82.368172136228495,28.542490883724131],[-82.368228242993411,28.542516213671963],[-82.368339105291085,28.542468349771369],[-82.368416514537856,28.542426608685627],[-82.368476629444061,28.542400654901186],[-82.36852533462978,28.542371306772523],[-82.368577192958014,28.542348917034317],[-82.368742830804521,28.542219448097786],[-82.368789767797097,28.54219209253062],[-82.3688360774741,28.542164188223826],[-82.368867489289428,28.5421506264566],[-82.368882701794092,28.542136558260225],[-82.368914112573322,28.542122996485062],[-82.368944898096686,28.542108885974084],[-82.369271764750522,28.541970756135797],[-82.369377178193645,28.541899672760387],[-82.369535666374489,28.541818493880939],[-82.369735846613807,28.541720186787828],[-82.369831290384397,28.541652944395626],[-82.370017620919853,28.54151928393313],[-82.370281830852193,28.541373412470524],[-82.370375142511435,28.541307669785443],[-82.370460706307639,28.541246292939451],[-82.370608339474856,28.541149026633349],[-82.370762925128759,28.541044778730711],[-82.37088784536563,28.540962478079233],[-82.370949679649172,28.540920778992682],[-82.370981089799187,28.540907216742774],[-82.371011778328779,28.540865602708926],[-82.371057770937611,28.540805286462646],[-82.37105847755393,28.540769273949856],[-82.371040821303581,28.540564335821227],[-82.37105534373741,28.539875503017623],[-82.371054061285335,28.539827372093661],[-82.37105756716997,28.539648590899503],[-82.371053722930384,28.539504208941342],[-82.371060465077335,28.539160398029757],[-82.371051313801217,28.538816630525822],[-82.371053078104907,28.538726692164655],[-82.37103286899756,28.538416256618138],[-82.370931428391401,28.538356789772173],[-82.370979811504441,28.538364279683158],[-82.371010485659923,28.53836981295666],[-82.371039885887157,28.538372219485396],[-82.371042158993632,28.538380547289613],[-82.371057101309518,28.538398090369164],[-82.371069518485214,28.538410906669569],[-82.371073446117592,28.538421037340012],[-82.37110973325737,28.53846799793671],[-82.371113152763215,28.53859643491931],[-82.371112747857879,28.538617063523152],[-82.371113663305891,28.538651440183738],[-82.371112853495163,28.538692697391053],[-82.371113586467388,28.538720198717559],[-82.371112911965554,28.53875457972239],[-82.371114008870464,28.538795831718698],[-82.371112660888215,28.538864593724664],[-82.371114309313768,28.538926471709615],[-82.371113499502457,28.538967728915303],[-82.371114598457609,28.539008981807026],[-82.371114193551946,28.539029610409653],[-82.3711147430284,28.539050236404172],[-82.371113933216904,28.539091493609114],[-82.371115032170906,28.539132745597726],[-82.371114491955922,28.539160250401654],[-82.371115590911188,28.53920150238984],[-82.371114511502853,28.539256511994243],[-82.371115610459569,28.539297763981832],[-82.371114665338354,28.53934589738676],[-82.371115947796866,28.539394024704038],[-82.371115273294123,28.539428405705507],[-82.371116188756261,28.539462783264248],[-82.371115109347187,28.539517792866544],[-82.371116574287981,28.539572795515387],[-82.371116302647522,28.539586547920671],[-82.371127467649544,28.540005944018343],[-82.371118380010486,28.540469433236741],[-82.371137725826031,28.540622273752302],[-82.371290636082321,28.540668023090213],[-82.371435558683373,28.540583552161618],[-82.371524789581485,28.540520682974197],[-82.371640893356798,28.540434075421899],[-82.371869590914102,28.540292460553264],[-82.372145891444504,28.540092404749597],[-82.372193006577547,28.540072061409862],[-82.372285755916835,28.54000951143458],[-82.372462921155076,28.539899808218983],[-82.372468825352584,28.539892255682151],[-82.372612009746405,28.539788590083589],[-82.372674467914436,28.539747438929041],[-82.372736300777774,28.539705738132337],[-82.372783234593953,28.539678381197511],[-82.372938309613971,28.539581418583225],[-82.372985244344235,28.539554061576272],[-82.37310235778591,28.539475081093268],[-82.373186939969798,28.53942946730491],[-82.373310232080925,28.539364378332856],[-82.373326705785615,28.539319068966449],[-82.373365047573316,28.539252840986716],[-82.37320904097173,28.539072457102108],[-82.373083407143966,28.538818214269543],[-82.37306029688429,28.538755982000577],[-82.373014375402846,28.538717264202521],[-82.373000039960303,28.538680651423739],[-82.372982005957155,28.538634591374326],[-82.373001646257322,28.538523402516795],[-82.373059455972808,28.538522198817386],[-82.3731210880688,28.538540639364111],[-82.373121721061537,28.538508293243513],[-82.373090381828376,28.538454980658479],[-82.373136636568404,28.538411979790769],[-82.373174365378205,28.538379770862399],[-82.373199203651495,28.53831503279401],[-82.373198121368475,28.538274388954019],[-82.373266996638165,28.538254441126515],[-82.373303850237903,28.538222978998157],[-82.37336928942122,28.538146325778477],[-82.373322703017422,28.538095180172551],[-82.373291199001613,28.538081790319517],[-82.373275888786551,28.538067805523227],[-82.37323606036145,28.538034223410051],[-82.373182474163485,28.537985276142901],[-82.37315061106564,28.537958411695033],[-82.373110434537153,28.537921712012672],[-82.372983738159348,28.537894804842335],[-82.3729099411498,28.537799309804974],[-82.372932284531217,28.537780232534118],[-82.37293047804242,28.537712355341501],[-82.373098326143477,28.537708868784229],[-82.373208341860106,28.537741784353702],[-82.373333031393258,28.537718873215738],[-82.373469059644151,28.537753234800164],[-82.37361603399151,28.537738723362882],[-82.373648147787918,28.537735552619132],[-82.373629494099788,28.537687076985616],[-82.373555082000976,28.537655450728845],[-82.373553971487269,28.537613791833532],[-82.373617381081743,28.537584724473238],[-82.373752543216,28.537586789792407],[-82.373817123025802,28.5375670727773],[-82.373850294982361,28.537651791520368],[-82.373833672587224,28.537684369347428],[-82.373757515974901,28.537749389540629],[-82.373786744603493,28.537777614607439],[-82.373852856501557,28.537759132271496],[-82.373912541773194,28.537656031697765],[-82.373913448354429,28.537639599391596],[-82.373903890084122,28.537614368302876],[-82.373896957549491,28.53759367146273],[-82.373895196576811,28.537584301898498],[-82.373896800913016,28.537502415522258],[-82.373895022187781,28.537435629196644],[-82.373914163627177,28.537402564380855],[-82.373911143544504,28.537289225227894],[-82.373911560738534,28.537267890951405],[-82.37383352943381,28.537269512511042],[-82.373745697668838,28.537268173348018],[-82.373619822630786,28.537284769034898],[-82.373534201046809,28.537248375856826],[-82.37349697123814,28.537148127182046],[-82.373427956695565,28.537118795997507],[-82.373396469458896,28.537104579575313],[-82.373319242377875,28.537106185994855],[-82.373318483934014,28.53707770390357],[-82.373319279849866,28.53703709820693],[-82.373302942162994,28.536995374684476],[-82.373256002926638,28.536843959249349],[-82.373225391499389,28.536818148012927],[-82.373197922244927,28.536747995251609],[-82.373239347052746,28.536640022867655],[-82.373239920360135,28.536610758394172],[-82.373208274278895,28.536556923304047],[-82.373223436277684,28.536527753189183],[-82.373252753530366,28.536528203196621],[-82.373347915436298,28.536500643128939],[-82.37332919964885,28.536400531185368],[-82.373286081044341,28.53636417530095],[-82.373265701616106,28.536312128373218],[-82.373315631851824,28.536265949218919],[-82.373407345367667,28.536226345125701],[-82.373464595787397,28.536127448208102],[-82.373484266254877,28.536055216808883],[-82.372609781773122,28.535754112046472],[-82.371582187542913,28.535466884411903],[-82.370535438584824,28.535239371198248],[-82.369474014144501,28.535072546955213],[-82.368402457828736,28.534967123610127],[-82.367325358248507,28.534923555940665]],[[-82.372628098223799,28.537677799157017],[-82.372665684187865,28.537700562229794],[-82.372628208317636,28.537738421682473],[-82.372618609656811,28.537712372189905],[-82.372628098223799,28.537677799157017]],[[-82.371073156260408,28.538338312480153],[-82.371056853243772,28.538331955822727],[-82.371025174410036,28.538280856218719],[-82.371034883432841,28.538129091250369],[-82.371032344510937,28.538093305054563],[-82.371058334128676,28.537824280691186],[-82.37107071234486,28.537640808299223],[-82.371124509729867,28.537682990084711],[-82.371126385402576,28.537709414507592],[-82.371118465803121,28.537833201148661],[-82.371129205825042,28.537984440129179],[-82.371118346941401,28.538154153992178],[-82.371142545762382,28.53826669992851],[-82.371162607410412,28.538348382691339],[-82.371073156260408,28.538338312480153]],[[-82.373857249493668,28.537371883587657],[-82.373857346579825,28.537399386650502],[-82.373810629596733,28.537399515244093],[-82.373810532522711,28.537372012181102],[-82.373857249493668,28.537371883587657]],[[-82.366505666009957,28.536979370840537],[-82.366494697603244,28.536997895716791],[-82.36645437756512,28.53698539791435],[-82.366505666009957,28.536979370840537]],[[-82.371088901274334,28.536733133185297],[-82.371076156170574,28.536820314246064],[-82.371067725117427,28.536788206742589],[-82.371061851046647,28.536765840236413],[-82.371039864434593,28.536723748372864],[-82.371051863821961,28.536705743674901],[-82.371057630239207,28.536697092522132],[-82.371067387873111,28.536691949592242],[-82.371029708159412,28.53664193383803],[-82.371051617251169,28.536635363595941],[-82.371089083375082,28.536624125446647],[-82.371076580742951,28.536686308308113],[-82.371067387873111,28.536691949592242],[-82.371088901274334,28.536733133185297]],[[-82.371035767612483,28.536444505937308],[-82.371028878132037,28.536436500244669],[-82.371026518876874,28.536403276195827],[-82.371027837282,28.536382645089894],[-82.371026374356333,28.536362021582161],[-82.37102857237852,28.536327636403527],[-82.371024667496997,28.536272639490186],[-82.371028657845869,28.536210275955675],[-82.371018504437856,28.536073257112776],[-82.371034084543666,28.536075780806776],[-82.371084377651059,28.536083927789811],[-82.371072313831974,28.536272509319019],[-82.371076808805171,28.536335810663051],[-82.371054527199689,28.536464695988073],[-82.371035767612483,28.536444505937308]]],[[[-82.375559055386589,28.53697455837116],[-82.375531622767966,28.537031032293484],[-82.37551512787411,28.537160493334309],[-82.375547322272752,28.537456468430562],[-82.375566244837913,28.537669567786281],[-82.375612437929789,28.537748146650799],[-82.375677290960311,28.537772398127093],[-82.375894173497414,28.537722673716907],[-82.376318567192655,28.537614692034985],[-82.37645951564096,28.537581599699539],[-82.376542353246876,28.537543623363295],[-82.376542699407295,28.537536946891823],[-82.376442250275119,28.537471865255974],[-82.375559055386589,28.53697455837116]]],[[[-82.379505973342262,28.539875354086064],[-82.379495586270295,28.5398932981626],[-82.379495978523252,28.539908088216745],[-82.379480477114754,28.539934866050739],[-82.379464767513355,28.539962004498133],[-82.37946046579701,28.540022239562859],[-82.379457430383866,28.540065433113242],[-82.379444232802499,28.540076701409522],[-82.379441860750532,28.54008857921637],[-82.379438852907754,28.540120077466085],[-82.379426642557121,28.540164752123879],[-82.379418350849605,28.540206257643696],[-82.379411344044172,28.540241329501473],[-82.379402496186529,28.540285615779492],[-82.37940076557463,28.54029428126924],[-82.379402755402708,28.540368803540559],[-82.379408100096086,28.540423116665867],[-82.379406395772705,28.540439119906939],[-82.379406489207355,28.540457497594623],[-82.379406362026529,28.540495297854058],[-82.379404322784538,28.540512511165591],[-82.379406527171128,28.540529697281336],[-82.379406662229627,28.540540013351468],[-82.379408544549577,28.540546880310128],[-82.379403823054005,28.540589217735022],[-82.379403195261332,28.540621340067641],[-82.379412730304878,28.540629378538402],[-82.379420703337246,28.540636100347662],[-82.379422622983782,28.540646539563742],[-82.37942459121335,28.540656848707144],[-82.379421012898618,28.540671732868759],[-82.379421509680796,28.540690316064602],[-82.379414996879305,28.540701565680369],[-82.379410621547947,28.540711894351766],[-82.379404793527129,28.540719191611622],[-82.379412840907818,28.54072584283103],[-82.379428699326837,28.540739347150417],[-82.379436664171266,28.540746062665072],[-82.379444335162447,28.540756322487393],[-82.37945605131786,28.540766774032608],[-82.379461268655277,28.540778974423404],[-82.379474518654874,28.540795711889356],[-82.379481779417517,28.540806409588054],[-82.379491404366988,28.540819284341158],[-82.379502340787525,28.540833136271544],[-82.379537641753231,28.540807524870576],[-82.379576556254946,28.540774299345706],[-82.379779317305278,28.540759131701158],[-82.37987233610572,28.540729209831014],[-82.379833159318025,28.540629172367506],[-82.37974707098634,28.540539194521021],[-82.37973165612911,28.54049636476978],[-82.379779525054829,28.540455492988215],[-82.379907175191548,28.540418520812935],[-82.379886732670798,28.540401287370521],[-82.379871317778054,28.540358457634635],[-82.3799185325677,28.54031814437727],[-82.379924807031443,28.540318239616148],[-82.379638754357472,28.540003360614595],[-82.379505973342262,28.539875354086064]]],[[[-82.339010878603361,28.55836592083126],[-82.338993251871955,28.558382209665286],[-82.338840989166798,28.55840136298627],[-82.339052360266976,28.558916096205081],[-82.339484187561268,28.559785048749607],[-82.33966644491673,28.560094826912195],[-82.339807947718882,28.560078497745859],[-82.340921911135183,28.560046178210385],[-82.340963243662856,28.560045330868309],[-82.340997967057319,28.560045869867224],[-82.341412342313021,28.560025164510073],[-82.341897697773192,28.560015197428715],[-82.342239756799316,28.560020497515694],[-82.342329297518944,28.559999995273476],[-82.342403868008773,28.560001151677966],[-82.342536254811094,28.55999843188901],[-82.34265318571812,28.56000024373256],[-82.342905600767352,28.559974284893425],[-82.343065745189364,28.559970994569724],[-82.343159204855183,28.559972442098182],[-82.343229291408576,28.559971000722964],[-82.343251538163983,28.559971346010173],[-82.343587036606195,28.559955233255611],[-82.343588850742464,28.559863966109791],[-82.343558430943119,28.559786233519681],[-82.343525024454522,28.559672505157621],[-82.343483141416129,28.559470026129887],[-82.343383016474093,28.559200246391459],[-82.343319646296521,28.559063440643847],[-82.343272783276831,28.558925767480414],[-82.343248753493484,28.558864358203166],[-82.343225655183204,28.558802120925581],[-82.343209636047149,28.558761182602748],[-82.343180721744218,28.558683280977355],[-82.34316286249944,28.558651011559771],[-82.34314688698106,28.558623823863158],[-82.343116493833364,28.558568911243679],[-82.343099658231552,28.558568649708505],[-82.343100568382198,28.558603176315195],[-82.34309963096328,28.558650387260066],[-82.343143382017416,28.558724852288229],[-82.343177820282762,28.558908300990787],[-82.343194684945388,28.558953743459824],[-82.343226368877396,28.559022146371678],[-82.343241857677612,28.559091140653663],[-82.34330453726912,28.559333908045122],[-82.343326757734829,28.559574714084704],[-82.343237302097251,28.559534315205642],[-82.343181070921133,28.559558575996274],[-82.343102249027226,28.559615081197816],[-82.343041156635081,28.559641439522967],[-82.34294215556919,28.559694788713127],[-82.342824765767631,28.559641771442433],[-82.34269530894403,28.559658807841821],[-82.342480629344848,28.559655482224503],[-82.342402641146819,28.559657083908473],[-82.342278218404559,28.559643360914034],[-82.342231916235249,28.559644311418882],[-82.342184476463572,28.559541894625596],[-82.342233664998446,28.559484441415471],[-82.342354964401721,28.559399035050578],[-82.342370201147716,28.559271839007678],[-82.342385918452152,28.559217047237635],[-82.342385550249219,28.559203065520716],[-82.342420315637909,28.559064755729583],[-82.342397351445257,28.558843900298783],[-82.342361389423999,28.558811042091037],[-82.342277902393946,28.558740625643029],[-82.342197045579226,28.55861219473946],[-82.342165451370093,28.558571294648928],[-82.342135355863007,28.558516924264122],[-82.342075379846335,28.558489835600255],[-82.34197836587299,28.558468145073913],[-82.341885136538096,28.558489491035591],[-82.341791919154986,28.558509802822613],[-82.341791500639204,28.55853084462073],[-82.341792206543573,28.558557642316099],[-82.341704430471836,28.558638763415107],[-82.341667299974958,28.55865478406421],[-82.34162097382081,28.558682679167688],[-82.341528219438445,28.558722699403027],[-82.341511898917005,28.55876518830113],[-82.341486279479298,28.558859135724958],[-82.341360710930203,28.558916648121652],[-82.341247647155143,28.558930873536998],[-82.341190975694303,28.558956828303526],[-82.340903630142776,28.55897307317246],[-82.340767514427952,28.559014589575654],[-82.340702724111694,28.55900127577133],[-82.34064312176757,28.558974356982571],[-82.340577869147765,28.558955842293201],[-82.340515861651312,28.558918959537007],[-82.340423178427656,28.558892662326208],[-82.340349631733631,28.558848913657027],[-82.340253077585999,28.55887836352618],[-82.340125631622897,28.558755193285091],[-82.340094657779488,28.558713739825233],[-82.340000584521462,28.558617989146285],[-82.339969611792384,28.558576536556082],[-82.339906954785178,28.558563217026087],[-82.339845186119135,28.558535317952483],[-82.339766420667061,28.558501823577874],[-82.339720094731234,28.558480899676621],[-82.339688588781243,28.558467502082866],[-82.339614557610545,28.558434063447642],[-82.339467302301017,28.558412266712143],[-82.339415997151463,28.558413319900836],[-82.339353690616079,28.558412352262764],[-82.33921550098664,28.55841518901132],[-82.33914344705137,28.558372328363895],[-82.339010878603361,28.55836592083126]],[[-82.339959123725066,28.558824959666023],[-82.339706598975297,28.558843511404145],[-82.339702473588233,28.558799743838371],[-82.339839338679496,28.558777346290704],[-82.339892732703646,28.558756150206403],[-82.339899918276075,28.558748744763147],[-82.339953266022846,28.558762778801036],[-82.339959123725066,28.558824959666023]]]]},"properties":{"OBJECTID_1":6,"OBJECTID":42,"WATERSHED":"BYSTRE LAKE","COUNTY":"HERNANDO","FEMA_ZONE":"AE","FTYPE":"FLOODPLAIN","Shape_STAr":178299986.44999999,"Shape_STLe":939714.82820500003,"Shape_Length":236808.37940403665,"Shape_Area":30661142.651950147}},{"type":"Feature","id":7,"geometry":{"type":"MultiPolygon","coordinates":[[[[-82.359384815775243,28.549495564041884],[-82.359423534856319,28.549477821716167],[-82.359439693133396,28.549471042074611],[-82.359455857530733,28.549464259707889],[-82.359483040014268,28.549448633213832],[-82.359509266859519,28.549439289527083],[-82.359521043993666,28.549427665085616],[-82.359528898380034,28.549420688152892],[-82.359528038464973,28.549394974658661],[-82.359517169256108,28.549396499518476],[-82.35950431435576,28.549398303044025],[-82.359423568835098,28.549409575890778],[-82.35936902889452,28.549417285472558],[-82.359329621484335,28.54942281463558],[-82.359279264181879,28.549438919306009],[-82.359242555223119,28.549437085432199],[-82.359204224178015,28.549435169215283],[-82.359174136417792,28.549438783275718],[-82.359161639175852,28.54944028353902],[-82.359106728541789,28.549446877802307],[-82.359064829987517,28.549451909069624],[-82.359043005254875,28.549451512908263],[-82.35901862494606,28.549450295153353],[-82.3589886506456,28.549448797119776],[-82.358960448974585,28.549447776242353],[-82.358908373858213,28.549450656118456],[-82.358870747277706,28.549452460997777],[-82.35885724027132,28.549452729501649],[-82.358788414626773,28.549445656584314],[-82.358743137633439,28.549440461443528],[-82.358722880147738,28.549438137301951],[-82.358699092969118,28.549439149408038],[-82.358682288835027,28.549439609779999],[-82.35867266040573,28.549439676723249],[-82.358654188765598,28.54943931766082],[-82.358634391654036,28.549438649887524],[-82.358574748676688,28.549435668176578],[-82.358504487567259,28.549439553307355],[-82.358450426707094,28.549432439427338],[-82.358391413402046,28.549424673574169],[-82.358349739603369,28.549426975353089],[-82.35832553268439,28.549427465144646],[-82.358301414870354,28.549427107399968],[-82.358260786157373,28.549425078773488],[-82.358132420812439,28.549395083477229],[-82.358053738516006,28.549399434538042],[-82.357998353726444,28.549401215622531],[-82.357971210914513,28.549401135594703],[-82.357923138208534,28.549398731268365],[-82.35786633966859,28.549371672743202],[-82.357849938825353,28.549370207258953],[-82.357758752846621,28.549362060314191],[-82.357725849962236,28.549359119658551],[-82.357703413810938,28.549357115118887],[-82.357724727688279,28.549377811871704],[-82.357737938645016,28.549390639914066],[-82.357780455107644,28.549434168633589],[-82.357799707821385,28.54943522687439],[-82.357809590731719,28.549435770206262],[-82.357828345671265,28.549436800879938],[-82.357903451852152,28.549444116700382],[-82.357923304507338,28.549443078109849],[-82.358041647087632,28.549446894290725],[-82.358060870629259,28.549447181973459],[-82.35819889440701,28.549452742670844],[-82.358216611731876,28.549456989259184],[-82.358323588005462,28.549459182095777],[-82.358377925395644,28.549460135024692],[-82.358479972601401,28.549464657053711],[-82.358496803313571,28.549465706250526],[-82.35851256600813,28.549469744106656],[-82.358574891577589,28.549473328741666],[-82.358602723946973,28.549476045268058],[-82.358637205622841,28.549483162981584],[-82.358666231070814,28.549482702815602],[-82.358704551216434,28.549482304712452],[-82.358776458077045,28.549481557977568],[-82.358796833840259,28.549481388634593],[-82.358812841403903,28.549479577746691],[-82.358824096507306,28.549483055395573],[-82.35883660952905,28.549481383677108],[-82.358893444654527,28.549481767640859],[-82.358917535642576,28.549481744563941],[-82.358960424165318,28.549481445299772],[-82.359014871043087,28.549480928675582],[-82.359162689765512,28.549477342547629],[-82.359279526094966,28.549477848243061],[-82.359314671912514,28.549477994357083],[-82.359345371004537,28.549477753396925],[-82.359384815775243,28.549495564041884]]],[[[-82.377866249190419,28.556502091105639],[-82.377812193258634,28.55655124660489],[-82.377827963136795,28.556550787639601],[-82.378226944505229,28.556539183319554],[-82.378204900976684,28.556527174166444],[-82.378188845626426,28.556511523638008],[-82.37818291699206,28.556489500562073],[-82.378192860058164,28.556470347819712],[-82.378219957499411,28.556452655992139],[-82.378151872844001,28.556454072844559],[-82.378137764605071,28.55645420418211],[-82.378124698205553,28.556454167488496],[-82.378095181514823,28.556453794020577],[-82.378061926282399,28.556454260205992],[-82.378052120922931,28.556454464371047],[-82.378007232706238,28.556455340115885],[-82.377973692357898,28.55645495436471],[-82.377943073475109,28.556454733720528],[-82.377923708014038,28.556454849895008],[-82.377910399060625,28.556455004249234],[-82.377891466457953,28.556455561359474],[-82.377866249190419,28.556502091105639]]]]},"properties":{"OBJECTID_1":7,"OBJECTID":43,"WATERSHED":"BYSTRE LAKE","COUNTY":"HERNANDO","FEMA_ZONE":"AH","FTYPE":"TRANSITION ZONE","Shape_STAr":18888.529635999999,"Shape_STLe":2051.1207652500002,"Shape_Length":1537.3886639190587,"Shape_Area":12563.552552242865}},{"type":"Feature","id":8,"geometry":{"type":"MultiPolygon","coordinates":[[[[-82.355029149255245,28.566944712112132],[-82.35518354840957,28.566960333645909],[-82.355206751130041,28.566979803111167],[-82.355281283215376,28.567018246110276],[-82.35540111538927,28.567087532351444],[-82.35567101064504,28.567234809544157],[-82.356006688238907,28.567360773697295],[-82.356360450560899,28.567523685353724],[-82.356680157053461,28.567635609690605],[-82.356708091269866,28.567665606660114],[-82.35675502283982,28.567716027717676],[-82.356767576405431,28.56771239439307],[-82.356786723495546,28.567707820643001],[-82.356804675492455,28.567701659211764],[-82.356814132018116,28.56769892192472],[-82.356841445642729,28.56769037445957],[-82.356857045170244,28.567683735553995],[-82.356868477877327,28.567678101076424],[-82.356884280032105,28.567671234245964],[-82.356907472521215,28.56766117897099],[-82.356915835457329,28.567657554848314],[-82.356938581064355,28.567647738960282],[-82.35695164523402,28.567642462022192],[-82.356958127936707,28.567634125423481],[-82.356965409825307,28.567615158093151],[-82.356968661062325,28.567570912462816],[-82.356969442157421,28.56756097838328],[-82.35697245301003,28.567541512465574],[-82.356981487991334,28.567505337465114],[-82.356984349613924,28.567480117735428],[-82.35700027090995,28.567464650402563],[-82.357007609323986,28.567456682411034],[-82.356963966689733,28.5674065045406],[-82.356931534248076,28.567378042597888],[-82.356861294926048,28.567325889941856],[-82.356844518860385,28.567300673121981],[-82.356763303632675,28.567259242870524],[-82.35668824019001,28.5671349663569],[-82.356537482332669,28.566963784858949],[-82.356430659182564,28.566722296798769],[-82.356420155347948,28.566706002906368],[-82.356379615442776,28.566490200796583],[-82.356328075119151,28.566379148309657],[-82.356283780726145,28.566362526235775],[-82.356272905157823,28.566358445540352],[-82.356233395503253,28.566313379141906],[-82.356205505824235,28.566212687425001],[-82.356207163832991,28.566148086545077],[-82.35620898454296,28.566077167973422],[-82.356193008390917,28.566007717289676],[-82.356181071554417,28.565969527408228],[-82.356164908257469,28.565844483299941],[-82.356164440307651,28.56570549929711],[-82.356156381060998,28.565649926533048],[-82.356175873022437,28.565594280567218],[-82.356215078172923,28.565549007566517],[-82.356183474981762,28.565514344197616],[-82.356128351269234,28.565507539946662],[-82.356069280860623,28.565497271125711],[-82.356027871306082,28.565497379755591],[-82.356017015878152,28.565489839423783],[-82.35598518494335,28.56548770406701],[-82.355887558543031,28.565468084302125],[-82.355790201758396,28.565413746324527],[-82.355787221729642,28.565393194376234],[-82.355730341604499,28.565359174653715],[-82.355710569038891,28.565331429065626],[-82.35565925297027,28.565286393431091],[-82.355622993615597,28.565219866153864],[-82.355602841813521,28.565253510272719],[-82.355583258874233,28.565286419297752],[-82.355521385679722,28.565297016014267],[-82.355477265102252,28.565304572252245],[-82.355426327711044,28.565280948006873],[-82.355416663130654,28.565276465236888],[-82.355405553464436,28.565216048540929],[-82.355393982610167,28.56515312635732],[-82.355349132827499,28.565101806936671],[-82.355304514974577,28.56505075398535],[-82.355276123774942,28.565018267453059],[-82.355212721246886,28.565011388850213],[-82.355132725284093,28.565002710160179],[-82.355120875016439,28.565001424655659],[-82.35510474740704,28.565031828707003],[-82.355084350973414,28.565070278338307],[-82.355029012782438,28.565115814291481],[-82.355012294197579,28.565162919439079],[-82.354991399995569,28.565221789355004],[-82.354974096546925,28.565246905158194],[-82.354949170699498,28.565283085505197],[-82.354929804484001,28.565311195239154],[-82.35489203532164,28.565342274860111],[-82.354853282534279,28.565374162829691],[-82.354819624060596,28.565401859647622],[-82.354804532681484,28.5654142782683],[-82.354782946713286,28.565454967857679],[-82.354771534673844,28.565476479638146],[-82.35476361894257,28.565489992079851],[-82.354758613437184,28.565497510807067],[-82.354741233462491,28.565519952251694],[-82.354727363286386,28.565538416942825],[-82.354721683672835,28.5655463822829],[-82.354701327701918,28.565577156466354],[-82.354679735134553,28.565609802619228],[-82.35460272559898,28.565607309460784],[-82.354574738921187,28.565620476397601],[-82.354564668819918,28.565625214711559],[-82.35452977083834,28.565664632450904],[-82.354600981701523,28.565921604492345],[-82.354685483690233,28.566127504642054],[-82.35481176956506,28.566296299669197],[-82.354884157666831,28.566459950523523],[-82.354923797141268,28.566522233575274],[-82.354935048259506,28.566590728556719],[-82.354943008462115,28.566639188522604],[-82.354952717071384,28.56669605369942],[-82.35498262867624,28.566866869142235],[-82.355029149255245,28.566944712112132]],[[-82.355400581666117,28.565610211614544],[-82.35540822245234,28.565649957620135],[-82.355440417601471,28.565752567437158],[-82.355515359679856,28.565801016168351],[-82.355561261787869,28.565805570032961],[-82.355617723585226,28.565811171800732],[-82.355657279518596,28.565870136967074],[-82.355667602298269,28.565901039337167],[-82.355685110166078,28.565953455355206],[-82.355771884011247,28.566008821834753],[-82.355834819575804,28.56602618655651],[-82.355864350016574,28.566048397768128],[-82.355949022101754,28.56615980750297],[-82.356033877314076,28.566324965329748],[-82.356071662030061,28.56641995993127],[-82.356137936876308,28.566630646035218],[-82.356175970642141,28.566710907487369],[-82.356148282358902,28.566751405761202],[-82.356128709308962,28.566782728523439],[-82.3561180961959,28.56682838215491],[-82.356058879853975,28.566796233843952],[-82.355918423779684,28.566809005780495],[-82.355829414653741,28.5668009701517],[-82.355613417373903,28.566632021376559],[-82.355299609607798,28.566393546976634],[-82.355150876417696,28.56626062131517],[-82.355068003751754,28.566194820431857],[-82.355032360751878,28.566128895958972],[-82.354977131846113,28.566090819208551],[-82.354941605525383,28.566059640713917],[-82.354917688162132,28.565969362134677],[-82.354909582917003,28.565899890710718],[-82.354944549557771,28.565764288932701],[-82.354979843604752,28.565725975415585],[-82.355006001806402,28.565704605516242],[-82.355038447572625,28.565597260688111],[-82.355132706899909,28.565537945266698],[-82.355171760822159,28.565447502845558],[-82.355203048657955,28.565388353049201],[-82.35532115521471,28.565398467708054],[-82.355380564010332,28.565509500000541],[-82.355400581666117,28.565610211614544]]],[[[-82.37816304953742,28.54177716696983],[-82.378201211919659,28.541788057501638],[-82.378250008445761,28.541797707463232],[-82.378303278693181,28.541819088891586],[-82.378383181624443,28.541850181060752],[-82.378489737253005,28.541896856292134],[-82.378591875211612,28.541947459005613],[-82.378794786502453,28.54206988290548],[-82.378788791333307,28.542057339065025],[-82.378783322080523,28.542047555817991],[-82.378778070683538,28.54203725672728],[-82.378764893102442,28.542016210324412],[-82.378760582537879,28.542006968857503],[-82.378747935213738,28.541987324111535],[-82.378818989552528,28.541971702230395],[-82.378864725368388,28.541959541040558],[-82.378905959643475,28.541951882436354],[-82.378952259976643,28.541944992010702],[-82.379004992709341,28.541916348066977],[-82.379094998275392,28.541872444364511],[-82.379176955933303,28.541835765547038],[-82.379227591664801,28.541814531066702],[-82.379295079953593,28.541786760775608],[-82.379327501036954,28.541774374038411],[-82.379309238844414,28.541741125118644],[-82.379292022340707,28.541733354436275],[-82.379268848998464,28.541722895175312],[-82.379244249610068,28.541723406925321],[-82.379221777370248,28.54170955199999],[-82.379158252098819,28.5416700354745],[-82.37908533886916,28.541626464747321],[-82.379066021287571,28.541614363258134],[-82.379074221436056,28.541591457943856],[-82.379085172496275,28.541560867846375],[-82.379159848599826,28.541544569751341],[-82.37917445993773,28.541541380692369],[-82.379158721498996,28.541502335294361],[-82.379146201624565,28.541474624216509],[-82.379088263466954,28.541429243092605],[-82.379026098965355,28.541381862424998],[-82.379006009827464,28.541367446774725],[-82.378971431050104,28.541379938714122],[-82.378941590722889,28.541407312338929],[-82.378928376479749,28.541413129598475],[-82.378808823976968,28.541455516670119],[-82.378786694149042,28.54146193718519],[-82.378761408923367,28.541483524897256],[-82.378738592805291,28.541504629283125],[-82.378723978542737,28.5415181455779],[-82.378707323107179,28.541513515201679],[-82.378675989451892,28.541504803868275],[-82.378660094686097,28.541490285334476],[-82.378529368805914,28.541472870091976],[-82.378389475357793,28.541454729521771],[-82.378370547891166,28.54145282689052],[-82.378349219567184,28.541491961221983],[-82.378342518263509,28.541501977813279],[-82.378302189146453,28.541492094050586],[-82.378270699961604,28.541477878786093],[-82.378239657328365,28.541479395460851],[-82.37815811634529,28.541463945307459],[-82.378124621210247,28.541458007340502],[-82.378052971293926,28.54147876031567],[-82.37801555801714,28.541490185217192],[-82.378001190126795,28.541493165033629],[-82.377928761989565,28.541492579781661],[-82.377928274683626,28.541506642293523],[-82.377928251610228,28.5415239411073],[-82.377929105092932,28.541561799090509],[-82.377897516248836,28.541575485254757],[-82.377914016174117,28.541631607260918],[-82.377915323962441,28.541644152455955],[-82.377839526962148,28.541713813731459],[-82.37786698667469,28.541727085632616],[-82.377892145296016,28.541739533779314],[-82.377945193841398,28.541740341724896],[-82.377954042170103,28.541740931591487],[-82.377990613959412,28.541741077040278],[-82.378094635445038,28.5417389123966],[-82.378146848498815,28.541737825872179],[-82.378162907840419,28.541737490598489],[-82.378155526784496,28.541758901108327],[-82.37816304953742,28.54177716696983]]],[[[-82.351483829273519,28.535126340987137],[-82.351465042898894,28.535216981104671],[-82.351516949213462,28.535300747409259],[-82.351559358054601,28.53530726173241],[-82.351614968627132,28.535332582760226],[-82.35165944318446,28.5353528325636],[-82.351702517284096,28.535424595252326],[-82.351742913738676,28.535523564146281],[-82.35174831465099,28.535534851988238],[-82.351765776808833,28.535571344381431],[-82.351794207512086,28.535630761226564],[-82.351855668735709,28.535746081894665],[-82.351871149487835,28.535718538414763],[-82.351886675919133,28.535704746501427],[-82.351917728769607,28.535677162669487],[-82.351905795914817,28.535640178631564],[-82.351849059247883,28.535571843308492],[-82.351818538049457,28.535533996051019],[-82.351749561743091,28.535401776820432],[-82.351761758491733,28.535205038348707],[-82.351782912344063,28.535125544101039],[-82.351898392447779,28.535072285607846],[-82.352082346866879,28.534999935542743],[-82.352180207790056,28.5349171455264],[-82.352018561072313,28.534938669454302],[-82.351928076136517,28.534981420484105],[-82.351786869016294,28.535027180408093],[-82.351580575792795,28.535082889166279],[-82.351534225602137,28.535079956518981],[-82.351483829273519,28.535126340987137]]],[[[-82.373495546093494,28.5517367687061],[-82.373401849673812,28.551750516391333],[-82.373355126355634,28.551750644887125],[-82.373260513460409,28.552062080021773],[-82.37303602446201,28.552226017550772],[-82.373053081068974,28.552222567966375],[-82.373083538604362,28.552211863750632],[-82.373099713955398,28.552208612389482],[-82.373130712704665,28.552197790274256],[-82.373157940289374,28.552189540255686],[-82.373175902042391,28.552183976696416],[-82.37319306150404,28.552180717205154],[-82.373219052489802,28.552170722744229],[-82.373239786136438,28.552167286489034],[-82.373263310631089,28.552156571515713],[-82.373286458979621,28.552152793847085],[-82.373305773587717,28.552142825847113],[-82.373317563353865,28.552140056637029],[-82.373326671632597,28.552136165974233],[-82.373350095613716,28.55212882961693],[-82.373375978278858,28.552120872903824],[-82.373395488040686,28.552114953146415],[-82.373410910843702,28.552111599146798],[-82.373441218720473,28.552101075730363],[-82.373457585083713,28.552097516103956],[-82.373486950410026,28.552087198296181],[-82.373504259311133,28.552083433045155],[-82.37353297285857,28.552073182891284],[-82.373550933790284,28.552069424863753],[-82.373577514318342,28.552059990869118],[-82.373597574998087,28.552055838149897],[-82.373627329736863,28.552045251245833],[-82.373644181666734,28.552042024125875],[-82.373675171758762,28.552031095434653],[-82.373702385061236,28.552022876928405],[-82.373721660362833,28.552017134627928],[-82.373737474811946,28.552014144057914],[-82.373766848665682,28.552003361462123],[-82.373784176432636,28.552000025636598],[-82.373812036959805,28.551989589183673],[-82.37383090719382,28.551986927663638],[-82.373857225235625,28.551975815085612],[-82.373877601843247,28.551972867881481],[-82.373902413505903,28.551962042777248],[-82.373924296483295,28.551958808985663],[-82.373947601761074,28.551948269551588],[-82.373970991110767,28.551944750073865],[-82.373992790004309,28.551934496310988],[-82.37401599213068,28.551931209242213],[-82.374038333656173,28.551920660717236],[-82.374064343187342,28.551912773906199],[-82.374084113218828,28.55190678295066],[-82.374111017014343,28.55189862386754],[-82.374129893791292,28.551892905165925],[-82.374157690825527,28.551884472910626],[-82.374175674351562,28.551879027365832],[-82.374186415952153,28.551876664314509],[-82.374196469012176,28.551872061751755],[-82.374220091623897,28.551865153308057],[-82.374249243545762,28.551856661354552],[-82.374267860812125,28.551851254655869],[-82.374297704992685,28.551842587534694],[-82.374315794450681,28.551837335682087],[-82.374337360022025,28.551831053698148],[-82.374345740536995,28.551828588863653],[-82.374362388609157,28.551823506107056],[-82.3743899118397,28.551815107043517],[-82.374408023991876,28.551809628629183],[-82.374437742322414,28.551800636982598],[-82.374453897475675,28.551795750479318],[-82.3744688627458,28.551792505000037],[-82.374477121945006,28.55178868157061],[-82.37449976992535,28.551781872316859],[-82.374515536809028,28.551778452274672],[-82.374523368969733,28.551774668820965],[-82.374545643384764,28.551767994136181],[-82.374565814253913,28.551762661614202],[-82.374591965465726,28.551754114702259],[-82.37460888553332,28.5517505263396],[-82.374641341018489,28.551739913715348],[-82.374655562449448,28.551737290174529],[-82.374676562836925,28.551729275402348],[-82.374686665742942,28.551726350112745],[-82.374701617961918,28.551722020935628],[-82.374714664400642,28.55171802727261],[-82.37473226596461,28.551712090934192],[-82.374748909307229,28.55170885793688],[-82.374771303981305,28.551698922735028],[-82.374795568894896,28.551690738316875],[-82.374813331721924,28.551684746480156],[-82.374826687215716,28.5516820296642],[-82.374834300673555,28.551677672909282],[-82.374857759787119,28.551670792778896],[-82.374885034768965,28.551662729068227],[-82.374904438480215,28.551656923082145],[-82.374920036872453,28.551654126071792],[-82.374927669400194,28.551649961457059],[-82.374938917553806,28.551646649492312],[-82.374951124381624,28.551643072298596],[-82.374978405541412,28.551635025696612],[-82.375000435252375,28.551628815415182],[-82.375013383153416,28.55162586058707],[-82.375044004352759,28.55161530436677],[-82.375063923300047,28.551610128571454],[-82.375091803565937,28.551601289843365],[-82.375122251682328,28.551592362804243],[-82.375138836172908,28.551587527369101],[-82.375171888822493,28.551577041100455],[-82.375254534022943,28.551470636358161],[-82.375176413500441,28.551484342213794],[-82.375145659474839,28.551512192144081],[-82.375067537884931,28.551525897940206],[-82.375037711487934,28.551540406016624],[-82.375031883941091,28.551542319731645],[-82.375015553745811,28.551547683221553],[-82.374989141446989,28.551556356360944],[-82.374947314569397,28.551570092676556],[-82.374851197729669,28.551600068477693],[-82.374845726105676,28.551601775468924],[-82.37484266595574,28.55160252203051],[-82.374776473981726,28.551618667129375],[-82.374756390634346,28.551623019501534],[-82.37475098601233,28.551632394374789],[-82.374742831051222,28.551636211216753],[-82.37466224679811,28.551636457983413],[-82.374631692882005,28.551618684119052],[-82.374616171177166,28.551609654838959],[-82.374599815621835,28.551638181373132],[-82.374569642585101,28.551664789757734],[-82.374491770461461,28.551665004577664],[-82.374460670262039,28.551678841994654],[-82.37447629334126,28.551692550539265],[-82.374476341993642,28.551706302040706],[-82.374445241780094,28.551720139454215],[-82.374382992688084,28.551734062758463],[-82.374336269382425,28.55173419159183],[-82.374336204157046,28.551715748879147],[-82.374336123479836,28.551692937086948],[-82.374367223699991,28.551679099698326],[-82.374382749486941,28.55166530525053],[-82.374413849692786,28.551651467851304],[-82.374429424115746,28.551651424899848],[-82.374476098732117,28.551637544533229],[-82.374444901242299,28.551623878943388],[-82.374429278177345,28.551610170394895],[-82.37441365511323,28.551596460942225],[-82.374398032056362,28.551582752390004],[-82.374397934772517,28.55155524938634],[-82.374429010621228,28.551534536232808],[-82.374397788846963,28.551513994880661],[-82.374335491235655,28.551514166660496],[-82.374335637136909,28.551555421166466],[-82.374335734404582,28.551582924170329],[-82.374320257258503,28.551610471017053],[-82.374226859375113,28.551624480125525],[-82.374195759152187,28.551638317482126],[-82.37411793462843,28.55165228359234],[-82.374055636933733,28.551652455244522],[-82.374024488086178,28.551652541059891],[-82.373884366845857,28.551666678643091],[-82.373838480843858,28.551682805262487],[-82.373713145262585,28.551694653328664],[-82.373697619383208,28.55170844770068],[-82.373678881189107,28.551708549807028],[-82.373595639513226,28.551709007183561],[-82.373554037579154,28.551709235349509],[-82.373510773694321,28.551722713499551],[-82.373495546093494,28.5517367687061]]],[[[-82.374309446190253,28.549485844764355],[-82.374304906318145,28.549780214562119],[-82.374286386351343,28.549984133672584],[-82.374284972309297,28.550160523998063],[-82.374290143435957,28.550470085836455],[-82.374286512446972,28.550596086658576],[-82.37425006912315,28.550666380929552],[-82.374250406397906,28.550761772512672],[-82.37426484775699,28.550810689075718],[-82.37432984442799,28.55101814607832],[-82.374330979846661,28.551065547295227],[-82.374374409627222,28.551241813945726],[-82.374346088381742,28.55130308682002],[-82.374289267591635,28.551375238347095],[-82.374220087833208,28.55141142602999],[-82.374089775133456,28.551453181727673],[-82.37392692970117,28.551518425440957],[-82.373764007798428,28.551562070799328],[-82.373590932033792,28.551616543089004],[-82.37348989275894,28.551660053916589],[-82.373352344166094,28.551736616664957],[-82.373369940105903,28.551731670383283],[-82.373388639680698,28.551726413366737],[-82.373426925990344,28.551715640621712],[-82.373475076611115,28.551702089501411],[-82.373518056134813,28.551689987308713],[-82.373530531973174,28.551686461837942],[-82.373555503045196,28.551679405425592],[-82.373668558323729,28.551647440284274],[-82.373729804354085,28.551630171490675],[-82.373890081211144,28.55158498053293],[-82.373991176127163,28.551557284539474],[-82.374027975769906,28.551547492050798],[-82.374039881787525,28.551544386788162],[-82.374102281041473,28.551529017681489],[-82.374122703116186,28.551522479911448],[-82.374138319222453,28.551516020350714],[-82.374211620171437,28.55148548983982],[-82.37422547671315,28.551479678486153],[-82.37424215885386,28.551472683595527],[-82.374276439264449,28.551448710518226],[-82.374339989351185,28.551405948552116],[-82.374419429759314,28.551399893171133],[-82.374476875090167,28.551373150044828],[-82.374531104502552,28.551347904624048],[-82.37454830115297,28.551339898559991],[-82.374636483271587,28.551300063361147],[-82.374662836814835,28.551287792829459],[-82.37469207037897,28.55127354995388],[-82.374701974114359,28.551268358538966],[-82.374715465066018,28.551253112392413],[-82.374744478644317,28.551220325255127],[-82.374763854092265,28.551199918630466],[-82.374775229294173,28.551187763412859],[-82.374799286916783,28.551160033113113],[-82.374838278927484,28.551114887053203],[-82.374848716071327,28.551102762391739],[-82.374856099930938,28.551094185130587],[-82.374863905094998,28.551085105005658],[-82.374865856129517,28.551082834749486],[-82.374879037807872,28.55107261366047],[-82.374860690578629,28.551056976264029],[-82.374778187735544,28.550913827877157],[-82.374917307858411,28.550855685098959],[-82.374964262170437,28.55084038982902],[-82.375234936934106,28.550752216258395],[-82.375330691260885,28.550737552969711],[-82.375359173901487,28.550721995515154],[-82.375401936017184,28.550709277934651],[-82.375369194344572,28.550673371475863],[-82.375275452292982,28.550680829471442],[-82.375130909918624,28.550733425583211],[-82.375000553783877,28.550762582920438],[-82.374904920509124,28.550811443365131],[-82.374788736892569,28.550813564301542],[-82.374701001622029,28.550790407926844],[-82.374584798914171,28.550787129148276],[-82.374480885062439,28.550800014252481],[-82.374352464554136,28.55080036840166],[-82.374319836752136,28.550796858933019],[-82.37432313139125,28.550575467429958],[-82.374322297595754,28.550339687784362],[-82.374338716222198,28.549795004521439],[-82.374344208327486,28.549575158047187],[-82.374343817219312,28.549483057425537],[-82.374336591473579,28.549623309787549],[-82.374312201369037,28.549603481367136],[-82.374314506964936,28.54954773665402],[-82.374309446190253,28.549485844764355]]],[[[-82.374313948149833,28.538422230867198],[-82.37433434572138,28.538485795936225],[-82.374334588588994,28.538554505754508],[-82.37446768987455,28.538706828280993],[-82.374600696293385,28.538758558972379],[-82.374605800169348,28.538743780806922],[-82.374604983863989,28.538731108790881],[-82.374606784451757,28.538710922989917],[-82.374599772841336,28.538703751582901],[-82.374592409107393,28.538692361804852],[-82.374578191214837,28.538673535798278],[-82.374569080433972,28.538660779280708],[-82.374562541047482,28.538651623225867],[-82.374548825594488,28.538632420456832],[-82.374543816816939,28.53862237137475],[-82.3745296286355,28.53860934101084],[-82.374516940739213,28.538597244941673],[-82.374501554792644,28.538581849235218],[-82.374485213112933,28.538565204616759],[-82.374470311270542,28.538550026840358],[-82.374445346385031,28.538539157509433],[-82.374422009854882,28.538528741170886],[-82.374404550803717,28.53852321735474],[-82.374401085849556,28.538505314554911],[-82.374402265777377,28.538496852766404],[-82.37439792432383,28.538457914324468],[-82.37440611827752,28.538454714595581],[-82.374416915379356,28.538447337073691],[-82.374424786333023,28.53844295255935],[-82.374437087300123,28.538439547502293],[-82.37444959952272,28.538429132484119],[-82.3744610867506,28.538422734801877],[-82.374468269535342,28.538415325733958],[-82.374483082599724,28.538400490120903],[-82.374498054488853,28.538385491647048],[-82.374522621188234,28.538373924478996],[-82.37453875460092,28.538367513977175],[-82.374545936367426,28.538360108517306],[-82.374594131885658,28.538370247829],[-82.374654910113776,28.538372571533738],[-82.374686149489634,28.538373473411976],[-82.374712391456001,28.538375337431066],[-82.37477238667806,28.53837959966533],[-82.374781338655197,28.538385885025257],[-82.374794850768154,28.538397001561179],[-82.374808524408635,28.538402076483365],[-82.374826789893206,28.538413723106093],[-82.374842025057447,28.538418846050806],[-82.37485508673096,28.538423949727544],[-82.374865414305944,28.538427985360578],[-82.374887316893805,28.53843830542149],[-82.374820844655389,28.538336853826838],[-82.374725601264885,28.538296399466297],[-82.37467363982384,28.538271094133162],[-82.374650441602014,28.538230440938317],[-82.374621425337025,28.538174535291628],[-82.374581036061258,28.53816192189781],[-82.374534926724749,28.538162049066777],[-82.374514682087423,28.538141746299228],[-82.374474184860446,28.538098596177587],[-82.374436533188515,28.538045258899238],[-82.374384552923559,28.538014863404612],[-82.374323982132424,28.537999761869564],[-82.37425763832205,28.537982130715029],[-82.374179758485397,28.537961986713182],[-82.374136495804123,28.537951926604133],[-82.37405865196483,28.537941961732411],[-82.374021243215736,28.537957334161963],[-82.373998180112309,28.537954852174757],[-82.373963518068962,28.537932044426888],[-82.373934556158204,28.537891406976165],[-82.373943048949826,28.537848121795513],[-82.37394581364218,28.537815030783374],[-82.373942806340168,28.537779411064655],[-82.373933999075035,28.537733628918055],[-82.373928038397892,28.537677658731059],[-82.373913448354429,28.537639599391596],[-82.373912541773194,28.537656031697765],[-82.373852856501557,28.537759132271496],[-82.373786744603493,28.537777614607439],[-82.373757515974901,28.537749389540629],[-82.373833672587224,28.537684369347428],[-82.373850294982361,28.537651791520368],[-82.373817123025802,28.5375670727773],[-82.373752543216,28.537586789792407],[-82.373617381081743,28.537584724473238],[-82.373553971487269,28.537613791833532],[-82.373555082000976,28.537655450728845],[-82.373629494099788,28.537687076985616],[-82.373648147787918,28.537735552619132],[-82.37361603399151,28.537738723362882],[-82.373631476535195,28.537752275536509],[-82.373718253089891,28.537843650470439],[-82.373758857684876,28.537917338424464],[-82.373770564367149,28.537968203605061],[-82.373871704881978,28.538046815004805],[-82.373929449060739,28.538077193924138],[-82.37402469992054,28.538120193426238],[-82.374088216199013,28.538153100979468],[-82.374166284971253,28.538226686506736],[-82.374221217709177,28.538277431642882],[-82.374279150979149,28.538361250981005],[-82.374313948149833,28.538422230867198]]],[[[-82.339169163033617,28.554734895499408],[-82.33921593603479,28.554775959619853],[-82.339222554819557,28.55485643359409],[-82.339222788815164,28.554929435905748],[-82.339252643153387,28.554983646063935],[-82.339348316091716,28.55506764126434],[-82.339386524870136,28.555082520077445],[-82.339420608548366,28.555132974913622],[-82.339454661220742,28.555174071653024],[-82.339454805318127,28.555218996079994],[-82.339425322008367,28.55528084126809],[-82.339253951261099,28.555391709693193],[-82.339211760171381,28.555457331300182],[-82.339152512179837,28.555493044146065],[-82.338998118647481,28.555609485996158],[-82.338934708214779,28.55566954433997],[-82.338843736761859,28.555729671448937],[-82.338829028332739,28.555770888235823],[-82.338833592193737,28.555871957836118],[-82.338723671785445,28.555973314037409],[-82.338651690652156,28.556005314627669],[-82.338607217625935,28.556020400791258],[-82.338558676991454,28.556089780935253],[-82.338556707094511,28.556136582986248],[-82.338537824127528,28.55619840154127],[-82.338546388448592,28.556224585930991],[-82.338493463738715,28.556249052200837],[-82.338408732704053,28.556271726288806],[-82.338328420388223,28.556350544613306],[-82.338269404953223,28.556459260280434],[-82.338250515780686,28.556519207357052],[-82.338246734804827,28.556550038893885],[-82.338296982671366,28.556751784193306],[-82.338307284343301,28.556702508827279],[-82.338290161726079,28.556652011457736],[-82.338291977190053,28.556556541210178],[-82.338323425535066,28.556446022787725],[-82.338437455369146,28.55630347659444],[-82.338553945844097,28.556267620414193],[-82.338598318189995,28.556220713512424],[-82.338602199079475,28.55610839142377],[-82.33861689566065,28.556063429982729],[-82.338716401920465,28.556020128412715],[-82.338807391674749,28.555965617505997],[-82.3388813125121,28.55587745488339],[-82.338878922153228,28.555793226541009],[-82.338902111013752,28.5557519876761],[-82.33899313042123,28.555706835637718],[-82.339122040799879,28.555577354579778],[-82.339232116424157,28.555524667162445],[-82.339287022171064,28.555457143223116],[-82.339507968466407,28.555269403183836],[-82.339484222543618,28.555136560560353],[-82.339422421962098,28.555037505543364],[-82.339273706105857,28.554940540090129],[-82.339273130032424,28.554760842369692],[-82.33909669809519,28.554615277378041],[-82.338905911051597,28.554621369051102],[-82.338880266182443,28.554557789235833],[-82.338941262666935,28.554406015898408],[-82.338981339936879,28.55434227200012],[-82.339203344261591,28.554154530697112],[-82.339230568807551,28.554049637849808],[-82.339172902308974,28.553916879898789],[-82.339140921735634,28.553860803571087],[-82.339142813366067,28.553789667390493],[-82.339246383424253,28.553692071412609],[-82.339356421022586,28.553628152561977],[-82.339383822555035,28.553599894063325],[-82.339417673336641,28.553563857507427],[-82.339396599678309,28.553550939055466],[-82.339387035938927,28.553535608747573],[-82.339377368149997,28.553517150286499],[-82.339372981617473,28.553510069762297],[-82.339342749171564,28.553556157451119],[-82.339249262282436,28.553598321025891],[-82.339181640939898,28.553666775462123],[-82.339116704944473,28.553726837711903],[-82.339059983816028,28.553809640938802],[-82.339087438721606,28.55390900661661],[-82.339143337331024,28.553992726848382],[-82.339178864276164,28.554070507318588],[-82.339161405494394,28.554126856943995],[-82.33905177899473,28.55421338634369],[-82.338909282065117,28.554349939520385],[-82.338890351662968,28.554396783926205],[-82.338884152726123,28.554447339454914],[-82.338823223081192,28.554619703994355],[-82.338884824034949,28.554656987414671],[-82.339003547072494,28.554656691002258],[-82.339079929290406,28.554675219285279],[-82.339169163033617,28.554734895499408]]],[[[-82.365858665143662,28.545692549831525],[-82.365873823314885,28.545744111081536],[-82.365936232699084,28.545697420081829],[-82.365962001977849,28.545690651663339],[-82.365981694026502,28.545681220573826],[-82.366005918008241,28.545666418271189],[-82.366037757282996,28.545659633476728],[-82.366099954361388,28.545656786751454],[-82.366142482572997,28.545670069117325],[-82.366189526234194,28.545672622205597],[-82.366235080197342,28.545683216433918],[-82.366304859136648,28.545679009190813],[-82.366338279777807,28.545690976992134],[-82.366359571719968,28.54570565655597],[-82.366423217347347,28.545716832642345],[-82.366426470672508,28.545684240382286],[-82.36643813840152,28.545643118157511],[-82.366442600418651,28.54561017162484],[-82.366455545509567,28.545600641370463],[-82.366476500716331,28.545588008006771],[-82.366488728971092,28.545584537991665],[-82.366503016662151,28.545573484569235],[-82.366529280508402,28.545558166845911],[-82.36652635180063,28.545516854818469],[-82.366535188791275,28.545509077160741],[-82.366546852121502,28.54550418748056],[-82.36656123417454,28.545496485988732],[-82.366457766243741,28.545481411958317],[-82.366179718941481,28.545469008659627],[-82.366112941682218,28.545463829729115],[-82.366072000540981,28.545470639079397],[-82.366034055294364,28.545466722351829],[-82.365997633200621,28.545464140580084],[-82.36592860868403,28.545462474107744],[-82.365930216270243,28.545450098699554],[-82.36595794604834,28.545424277511987],[-82.365966491848667,28.545408522188957],[-82.365987953026476,28.545401537987107],[-82.366010867869306,28.545385249449232],[-82.366024522783562,28.545348703981453],[-82.36610935053011,28.545301825239072],[-82.366157524384292,28.545283441013481],[-82.366203414035681,28.545269118947701],[-82.366253899082167,28.545254784471499],[-82.366325035751871,28.54523430978837],[-82.366389336972077,28.54523008028524],[-82.366451327974701,28.545221800067495],[-82.366471951514356,28.54520754609511],[-82.366520138280677,28.545193217722947],[-82.366582143297563,28.545188994326654],[-82.366692292891457,28.545158272728777],[-82.366754311930265,28.545158105232616],[-82.366786462506582,28.545155989932308],[-82.366813963506232,28.545137661314278],[-82.366836855038414,28.545115288224661],[-82.366875798772739,28.545084758826349],[-82.366912501530322,28.545070462245192],[-82.366940023573221,28.545058218020717],[-82.366983623883158,28.545045930337981],[-82.367001950128355,28.545031682494109],[-82.367047798388199,28.545005191303947],[-82.36707761656335,28.544992940844963],[-82.367135104427504,28.545011039754602],[-82.367162753039167,28.545035304705028],[-82.367174315331823,28.545057584689239],[-82.367181297318126,28.545083933074412],[-82.367181374694823,28.545106244113562],[-82.36716538081734,28.545130626166909],[-82.367137816581504,28.545130700697136],[-82.367103411027699,28.545144992030821],[-82.367064405072597,28.54515726733246],[-82.367032387796669,28.545173956024733],[-82.367045123633062,28.545176019538697],[-82.367067350001363,28.545179621150929],[-82.367102070904707,28.545185246315185],[-82.367089337701799,28.545248193658235],[-82.367103846322337,28.54523988178542],[-82.367116134948972,28.545235273700616],[-82.367125824208443,28.545227813128548],[-82.367140705285635,28.545223769213251],[-82.36715363883954,28.545218016117108],[-82.36716203829647,28.545212274377437],[-82.367175606798497,28.54520308796495],[-82.367215512944739,28.545190194801407],[-82.367216157647263,28.545150388152635],[-82.367217219999119,28.545139072648482],[-82.367218130501684,28.545118448117599],[-82.367218999898967,28.545095105850987],[-82.367221165002547,28.545067329592904],[-82.36722821478341,28.544998024382497],[-82.367234081890061,28.544953368873315],[-82.367245137630121,28.54491210024873],[-82.367245279898441,28.544897435040802],[-82.367240021883916,28.544883768890553],[-82.367233748107466,28.544857137964705],[-82.367229822663333,28.544829631734501],[-82.367221003506174,28.544803040175829],[-82.367109225561677,28.544834649993618],[-82.367068006918842,28.544871270084659],[-82.367038167683745,28.544877436122423],[-82.366962535443946,28.544926319052326],[-82.366944230299012,28.544946651309967],[-82.366919026557895,28.544964973746925],[-82.366873178282617,28.544991464893918],[-82.366848024736043,28.545023985495806],[-82.366799907339015,28.545058596586156],[-82.366749436512023,28.545076987242822],[-82.366712713677131,28.54508519935829],[-82.366662172579566,28.545083307382711],[-82.366625441692548,28.545089491939258],[-82.366588732890264,28.545101760902277],[-82.366540559195073,28.545120145279895],[-82.36651072585488,28.545128338743389],[-82.366432677681985,28.5451427467965],[-82.366389035151514,28.545142864562361],[-82.366338501049441,28.54514300090705],[-82.366299459917244,28.545145134689463],[-82.366253520194604,28.54514525860866],[-82.366170856550653,28.545153595386829],[-82.366111169766583,28.545163896820984],[-82.366085917759364,28.545168021822423],[-82.366037708883198,28.545176264721974],[-82.366007876508945,28.545184458072661],[-82.365973442738166,28.545190636261438],[-82.365945948588532,28.545210993151169],[-82.365925324973347,28.545225246141996],[-82.365841716390506,28.545245232666709],[-82.365889035491605,28.545309506051066],[-82.365883466711693,28.54544390829961],[-82.36584188012398,28.545513823537391],[-82.365811675078163,28.545614712488451],[-82.365845059399291,28.5456700135632],[-82.365858665143662,28.545692549831525]]],[[[-82.349508544216633,28.549881078024008],[-82.349527589870263,28.549892156650657],[-82.34953963943704,28.549895837856582],[-82.349563044458662,28.549908085515764],[-82.349574382676849,28.549913288992734],[-82.349592469106909,28.549922311842575],[-82.349585541405929,28.549878996611564],[-82.349607556740438,28.549838996947347],[-82.349730752889172,28.549791523385792],[-82.34983359118047,28.54970671190997],[-82.349943772832717,28.54961537736353],[-82.35000959009804,28.549472129083618],[-82.350127265432505,28.549419796759732],[-82.350178351298496,28.549276585481454],[-82.350273736632616,28.549165778432155],[-82.350413637685222,28.549152410211821],[-82.350509282094905,28.54911964571086],[-82.3506121180842,28.549034832748443],[-82.350663375464677,28.548943650666491],[-82.35063365499974,28.548865684037558],[-82.350633396498523,28.548787641320523],[-82.350677352387436,28.548715987579151],[-82.350706512643896,28.548624862547495],[-82.350691501621938,28.548540354768054],[-82.350669124654019,28.548455865107496],[-82.3506540059728,28.54833883906921],[-82.350712498641471,28.548208616580414],[-82.350763668321605,28.548091419312637],[-82.350711593712944,28.54793546704272],[-82.350512189533532,28.547773391991999],[-82.350364364766349,28.547617687623603],[-82.350312161860344,28.54742271381464],[-82.350311580803648,28.54724711810783],[-82.350237410691108,28.547091222633902],[-82.350104039413964,28.546850933198051],[-82.349978754541098,28.546715578488367],[-82.349900969478739,28.546609985872571],[-82.349899674919783,28.546630142979311],[-82.349897277320778,28.546667493413516],[-82.349869834266599,28.54666107900875],[-82.349889479893747,28.546685343750756],[-82.349948805269563,28.546754772130704],[-82.350045095147408,28.54684458200229],[-82.350119242269102,28.54699397358052],[-82.350252593267925,28.547227758979144],[-82.350260583159226,28.547416343711717],[-82.350312915090171,28.547650338005937],[-82.350468169322767,28.547825534553763],[-82.350623445612413,28.54800723492674],[-82.350682605999793,28.548078621469038],[-82.350653445870876,28.548169747404081],[-82.350565557001261,28.548319557068844],[-82.350566138505116,28.548495152743122],[-82.350617954697171,28.548573062335816],[-82.350610911822599,28.548670634305175],[-82.350559569402549,28.548735803030393],[-82.350574903423237,28.548917864670155],[-82.350545699902241,28.548995982552032],[-82.350442905935196,28.549093802586661],[-82.350258790429493,28.549100780837346],[-82.350134029144328,28.549237678095068],[-82.350075513703359,28.549361398120027],[-82.34992852680314,28.549459330800868],[-82.349892042605532,28.549563482666244],[-82.349737753663518,28.549680944351344],[-82.349649646419735,28.549765718722288],[-82.349517088015318,28.549772563191922],[-82.349356192533918,28.549868656897754],[-82.349402950654905,28.549878675267934],[-82.34941667351795,28.549877830553431],[-82.34943409964319,28.549878770158355],[-82.349444496616513,28.549874367953453],[-82.349457759363275,28.549873140022232],[-82.349485176732102,28.54987060064958],[-82.349496395412075,28.549878291289602],[-82.349508544216633,28.549881078024008]]],[[[-82.379299821013419,28.540714307223315],[-82.379307672598799,28.54076072509644],[-82.379312963885909,28.540794430743034],[-82.379312698632702,28.540829067784248],[-82.37931278600837,28.540853460482786],[-82.379425029935888,28.540838895370864],[-82.379502340787525,28.540833136271544],[-82.379491404366988,28.540819284341158],[-82.379481779417517,28.540806409588054],[-82.379474518654874,28.540795711889356],[-82.379461268655277,28.540778974423404],[-82.37945605131786,28.540766774032608],[-82.379444335162447,28.540756322487393],[-82.379436664171266,28.540746062665072],[-82.379428699326837,28.540739347150417],[-82.379412840907818,28.54072584283103],[-82.379404793527129,28.540719191611622],[-82.379410621547947,28.540711894351766],[-82.379414996879305,28.540701565680369],[-82.379421509680796,28.540690316064602],[-82.379421012898618,28.540671732868759],[-82.37942459121335,28.540656848707144],[-82.379422622983782,28.540646539563742],[-82.379420703337246,28.540636100347662],[-82.379412730304878,28.540629378538402],[-82.379403195261332,28.540621340067641],[-82.379403823054005,28.540589217735022],[-82.379408544549577,28.540546880310128],[-82.379406662229627,28.540540013351468],[-82.379406527171128,28.540529697281336],[-82.379404322784538,28.540512511165591],[-82.379406362026529,28.540495297854058],[-82.379406489207355,28.540457497594623],[-82.379406395772705,28.540439119906939],[-82.379408100096086,28.540423116665867],[-82.379402755402708,28.540368803540559],[-82.37940076557463,28.54029428126924],[-82.379402496186529,28.540285615779492],[-82.379411344044172,28.540241329501473],[-82.379418350849605,28.540206257643696],[-82.379426642557121,28.540164752123879],[-82.379438852907754,28.540120077466085],[-82.379441860750532,28.54008857921637],[-82.379444232802499,28.540076701409522],[-82.379457430383866,28.540065433113242],[-82.37946046579701,28.540022239562859],[-82.379464767513355,28.539962004498133],[-82.379480477114754,28.539934866050739],[-82.379495978523252,28.539908088216745],[-82.379495586270295,28.5398932981626],[-82.379452561237159,28.539875773136806],[-82.379417965940036,28.539843290825726],[-82.379418539325215,28.539864717984202],[-82.379418382839404,28.539878082070611],[-82.379412165529374,28.539907336145646],[-82.37940366962772,28.539948601311856],[-82.37939876258865,28.539990482674686],[-82.379387630171408,28.540100157957752],[-82.379384591837422,28.540129424805794],[-82.379341883414313,28.540168927623526],[-82.379190092779595,28.540191184549393],[-82.379092748742423,28.540219380120725],[-82.379081748767192,28.540222566308234],[-82.379053275180809,28.540234861660103],[-82.379016366021929,28.540250798931154],[-82.378996550699171,28.540267718057166],[-82.378949074784984,28.540308254602991],[-82.378922865880753,28.540330632666628],[-82.378889473495676,28.540391878289569],[-82.37888262718522,28.540404172817897],[-82.378869044958321,28.540427916073355],[-82.378855077846893,28.540452044797778],[-82.378843907602914,28.540471340908883],[-82.378854000756391,28.54049858235474],[-82.37886601619374,28.540531016814821],[-82.37887930797622,28.540566892845],[-82.37890724716928,28.54060426649459],[-82.378922006865679,28.5406240100079],[-82.378961478464007,28.540637629863443],[-82.378977806284652,28.540643263623412],[-82.378989648793066,28.540647350656307],[-82.379000122649202,28.540651326008426],[-82.379011672525777,28.540656161895537],[-82.379046814429444,28.540672023490785],[-82.379088979056121,28.540662356335524],[-82.379123356436295,28.54065447407892],[-82.379144764953878,28.540649565137301],[-82.379199625806535,28.540636986744389],[-82.379293290038561,28.540675697213793],[-82.379299821013419,28.540714307223315]]],[[[-82.375326411483314,28.549281239233213],[-82.375363686809138,28.549287115984221],[-82.375500281590803,28.549291561283507],[-82.375523649714893,28.549292321391622],[-82.37554857947417,28.549292252438843],[-82.375584535375026,28.549289164435724],[-82.37581471438682,28.549269396128754],[-82.376064025364741,28.549254945161227],[-82.376255852153591,28.549237180848902],[-82.376337610900762,28.549205627769702],[-82.376399391056722,28.549228157547038],[-82.376592412833162,28.549253610558978],[-82.376887472913992,28.549252791842047],[-82.376906865606443,28.549241750234071],[-82.376931536492648,28.549251352107582],[-82.376965670356256,28.549240550193897],[-82.376999844790902,28.549241428930632],[-82.377041729831632,28.549240339000434],[-82.377209829759508,28.549242793860138],[-82.377200045594108,28.549231264793455],[-82.377186892304024,28.549217204100483],[-82.377171839736476,28.549200411889661],[-82.377165676314902,28.54918918045961],[-82.37715240644674,28.549177963355543],[-82.377126215218283,28.549149511382371],[-82.377111358631282,28.549132936083783],[-82.377091484800673,28.549128815258861],[-82.37705365058153,28.549120968924829],[-82.377027296001842,28.549115503556557],[-82.377009523933765,28.549109849224209],[-82.376987941057834,28.549107341096789],[-82.376972072065726,28.549104050114046],[-82.376951204549812,28.549097239449324],[-82.376936391519834,28.549095182636812],[-82.376928856381241,28.549087305386617],[-82.376921156464945,28.549078497380084],[-82.376910337178728,28.549066120260274],[-82.376902542061359,28.549055830877091],[-82.376887822992444,28.549039691903566],[-82.376865546549496,28.549014879873695],[-82.376775497428483,28.549096167006756],[-82.376697106869287,28.549140843638675],[-82.37657708955507,28.549168165509524],[-82.376424497048106,28.549148043299642],[-82.376336574798273,28.54911598150418],[-82.376231699082282,28.549156455996776],[-82.376056089207552,28.54917271718006],[-82.375807127854401,28.549187149117422],[-82.375683478308062,28.549197768943408],[-82.375673073065769,28.549185400504427],[-82.375670709680278,28.5491846319348],[-82.375658673790269,28.549180712993074],[-82.375656652123254,28.549180055367714],[-82.375655303660764,28.549179616050353],[-82.375645098122021,28.549176293903095],[-82.375635151430572,28.549173055858752],[-82.375627642995667,28.54916778261104],[-82.37562764378653,28.549168005486479],[-82.375624580904898,28.54916594489772],[-82.375625014198832,28.549165943698998],[-82.375600699659756,28.549149880759447],[-82.375616580742388,28.549175596787329],[-82.37561092703632,28.549203999096914],[-82.37554390067308,28.549209755542261],[-82.375525225084004,28.54920980719643],[-82.375373667622767,28.549204874518921],[-82.375342373961516,28.54919994132279],[-82.37513740590397,28.549169499828551],[-82.375126904586708,28.54916114611709],[-82.375074102865227,28.549119139242837],[-82.375074562566013,28.54913639700338],[-82.375075936814497,28.549187953736904],[-82.375043665948581,28.549184101465912],[-82.374965605528786,28.549174782956086],[-82.37509507175993,28.549246880432786],[-82.375326411483314,28.549281239233213]]],[[[-82.362254789124449,28.544085017962924],[-82.362226430680963,28.544114228366471],[-82.362214791590162,28.544126218125463],[-82.362203003219989,28.544138183918463],[-82.362185741999269,28.544155032432144],[-82.362177742354163,28.544162099239454],[-82.362169766377761,28.544169214709516],[-82.362162048307596,28.544176146316236],[-82.362156399138712,28.544198792069388],[-82.362154561574414,28.544217549399498],[-82.36214652221804,28.544262004767376],[-82.362147855011102,28.544312271474421],[-82.362148446315487,28.544334571229438],[-82.362140059812987,28.544337288885256],[-82.362117028438263,28.54434829839678],[-82.362108296028339,28.544350568510136],[-82.362085298776094,28.544361995708687],[-82.362058057748868,28.544373755451701],[-82.362037243058623,28.54438274140719],[-82.362064865410545,28.544388658393611],[-82.362106720476234,28.544410682087445],[-82.362148588179522,28.544436395402496],[-82.362203016494334,28.544469453634587],[-82.362207307511255,28.544502645591166],[-82.362240883522048,28.544546826626938],[-82.362261911574535,28.544587352364783],[-82.362291321803895,28.544635234168645],[-82.362295638103703,28.544675804487312],[-82.36230833657585,28.544723730874008],[-82.362317008097691,28.544815939505828],[-82.362321451686896,28.54489340164859],[-82.362325995265834,28.545000378157908],[-82.362330476748625,28.545088908297608],[-82.362339249329281,28.545210630384236],[-82.362339489220531,28.545280725306274],[-82.362343868702467,28.545339742885794],[-82.362343994962387,28.545376634711946],[-82.362323193976309,28.545402515182641],[-82.362310848911591,28.545457886818088],[-82.362310949910807,28.545487400278621],[-82.362306949192288,28.545539060883037],[-82.362311265538949,28.545579631195427],[-82.362323938880436,28.545620179208289],[-82.362329896834993,28.545686853437974],[-82.362369607026636,28.545688135268151],[-82.362393199102598,28.545688897044705],[-82.362422197822298,28.545687805418087],[-82.362455755085676,28.545655630449808],[-82.362467524466766,28.545644345953832],[-82.362493882573048,28.545619073241106],[-82.36246591559626,28.545597664091364],[-82.362457471219798,28.545571862570526],[-82.362444849373603,28.545546071297405],[-82.362423933696135,28.545538748692302],[-82.362419692058566,28.545520313481347],[-82.362415464074516,28.545505567901145],[-82.362406868175924,28.545435495283922],[-82.362407013976011,28.545413008587065],[-82.362411006388314,28.545392670922816],[-82.362423108450926,28.545367528310155],[-82.362435246324765,28.545353146905288],[-82.362448639950486,28.545310065034549],[-82.362452616997757,28.545284944106506],[-82.362452551502912,28.545265812872618],[-82.362452408231263,28.545223962734301],[-82.362449556970773,28.545182119824073],[-82.3624440212634,28.545147458582861],[-82.36243578575808,28.545115195747972],[-82.362418050819812,28.545076980265367],[-82.362403074014239,28.545053105524907],[-82.362400287241428,28.545030393849832],[-82.362402816162955,28.544977775273015],[-82.362420312659694,28.544946639358198],[-82.362422898872907,28.5449107608367],[-82.362425496340634,28.544878469085898],[-82.362419936099499,28.544836633403172],[-82.362414356422178,28.544788819770094],[-82.362384442805535,28.544753027083129],[-82.362395140681812,28.544713540111861],[-82.362395038362124,28.544683646766618],[-82.362393582057848,28.544653757937102],[-82.362396118138591,28.544603530539185],[-82.362394608626644,28.544558096339365],[-82.362371411814408,28.544506742014423],[-82.362351022231877,28.544484078212975],[-82.362325167609796,28.544447079078839],[-82.362321030980752,28.544425567504458],[-82.362312783297583,28.54438971788931],[-82.362309956666195,28.544355048507366],[-82.362307109580613,28.544314401177584],[-82.362305542832416,28.544252227818767],[-82.362305403719176,28.544211574165399],[-82.362289055692685,28.544182919762797],[-82.362296980120178,28.54412430788118],[-82.362287587732283,28.544051657576045],[-82.362254789124449,28.544085017962924]]],[[[-82.360170314587151,28.549535690432545],[-82.360136943359834,28.549540806788038],[-82.360092675815906,28.549547593389786],[-82.360141545455818,28.549552917510493],[-82.360186516124855,28.549556653011617],[-82.360511329924307,28.549555790943138],[-82.360591443744283,28.549555578198472],[-82.360622545173456,28.549541743943319],[-82.360762712402362,28.549541371579316],[-82.360793813804548,28.549527537285126],[-82.360884973585939,28.549527295014354],[-82.360906729466578,28.549513485534323],[-82.36096508238721,28.549513330411269],[-82.36099618375421,28.549499496070972],[-82.361058485382912,28.549499330408928],[-82.361083287952823,28.549498501071071],[-82.361138505595022,28.549494159236058],[-82.361177069429587,28.549482520248262],[-82.361231796788587,28.54947136611537],[-82.361247323984543,28.549457573152527],[-82.361260808272988,28.549457537274883],[-82.361291909584239,28.549443702867229],[-82.361338631947447,28.549443578532024],[-82.36136973324426,28.549429744106639],[-82.361416455600903,28.549429619744711],[-82.361447556883263,28.549415785301605],[-82.361494279233327,28.549415660912945],[-82.361525380501234,28.549401826452119],[-82.36153802987063,28.549401792770116],[-82.361554243709278,28.549401749595138],[-82.361585181052149,28.549382112613021],[-82.361603157122801,28.549374116032126],[-82.361632020323043,28.549374039158678],[-82.361662957643233,28.549354402158972],[-82.361692766046019,28.549341142284526],[-82.361708176145342,28.549332581344487],[-82.361727609029998,28.549332529573171],[-82.361770542578256,28.549313431769185],[-82.361785952667177,28.549304870820393],[-82.361807755385001,28.549304812722941],[-82.361845189195336,28.549284016008482],[-82.361865138980122,28.549271353550381],[-82.361988250814434,28.549216589954458],[-82.362032932696692,28.549210910606199],[-82.362070684055155,28.549214257778441],[-82.362140558573032,28.549230086144114],[-82.362151726099611,28.549216305608759],[-82.362154422404942,28.549206281548226],[-82.362156691549288,28.549197454226587],[-82.36216046396396,28.549189824811112],[-82.362170886356068,28.549170626811783],[-82.362178792178796,28.549152754744636],[-82.362176101909924,28.549143036507743],[-82.362170958876348,28.549122526518754],[-82.362164637249407,28.549101627155657],[-82.362155610876627,28.549089179098047],[-82.362142527420886,28.549076126465565],[-82.36213124799032,28.549064062495816],[-82.362122205306719,28.549053416451013],[-82.3621152073448,28.549046905787474],[-82.362107932207238,28.549038534336738],[-82.362096357767456,28.549026862766016],[-82.362058409806423,28.549049973616373],[-82.36198267591206,28.549114903054711],[-82.361960734274646,28.549134394330167],[-82.361942244867151,28.549144666221817],[-82.361816547447134,28.549200579027968],[-82.361792985831727,28.549215535826512],[-82.361780674498419,28.549222374976964],[-82.361758871797505,28.549222433069911],[-82.361724536735181,28.54924150796284],[-82.361705267872736,28.549250079184578],[-82.36168109532872,28.549250143578341],[-82.361646760243218,28.549269218451752],[-82.361614366205814,28.549283627564186],[-82.361601792033412,28.549291609760086],[-82.361580816053092,28.549291665622764],[-82.361536589653468,28.549311337990357],[-82.361524015471858,28.549319320179084],[-82.361514103843277,28.549319346570215],[-82.361503039485839,28.549319376029796],[-82.361471938239077,28.549333210485489],[-82.36142521592528,28.54933333486613],[-82.361394114664037,28.549347169304092],[-82.361347392343689,28.549347293658009],[-82.361316291067979,28.549361128078242],[-82.361269568741065,28.549361252405433],[-82.361238467450903,28.549375086807942],[-82.361208336042296,28.549375166971622],[-82.361192808853176,28.549388959930113],[-82.361109980935936,28.549389180247356],[-82.361088219997939,28.549402989773331],[-82.361067246038189,28.549403045551433],[-82.361036144708848,28.549416879907863],[-82.360973843128534,28.549417045559217],[-82.360942741782637,28.549430879894373],[-82.360876501698797,28.549431055971194],[-82.360854745830991,28.549444865446436],[-82.360771473329947,28.549445086739045],[-82.360740371948864,28.549458921028098],[-82.360600204828799,28.549459293368056],[-82.36056910342073,28.549473127618064],[-82.360475371499277,28.549473376505421],[-82.360366364873343,28.54947366587048],[-82.360160659854074,28.549475766419974],[-82.360130031218986,28.549485301473187],[-82.36009322631115,28.549490118325345],[-82.360071283975969,28.54949961589028],[-82.360062453809363,28.549503628549928],[-82.360140114690608,28.549517456661157],[-82.360178318031544,28.54951666773886],[-82.360265097549842,28.54951695273995],[-82.360271404639263,28.549523173876494],[-82.360280305933685,28.549531954382154],[-82.360268576582712,28.549531774358428],[-82.360217447571614,28.549530990533039],[-82.36020246421225,28.549530760484632],[-82.360170314587151,28.549535690432545]]],[[[-82.360091844409368,28.550351621438811],[-82.360046750659137,28.550369184149087],[-82.360012962117821,28.550391700487634],[-82.359973486030114,28.550401772396842],[-82.359928349872405,28.550406875679709],[-82.359846962512776,28.550429465817192],[-82.359771985531196,28.550456195996713],[-82.359804378937042,28.550483511491972],[-82.359829112397819,28.550504368484521],[-82.35983443295649,28.550533322180815],[-82.359838821637936,28.550557204492922],[-82.35988031051815,28.550516925090214],[-82.359942603753836,28.550449199111284],[-82.359993385090931,28.550444080855659],[-82.360044182352254,28.550443946158577],[-82.360089319541657,28.550438842834428],[-82.360114700705267,28.550433791896932],[-82.360134421793504,28.55042377234852],[-82.360162533289298,28.55039130380019],[-82.360218906820535,28.550371218864299],[-82.360309397455964,28.550349812578784],[-82.360443644443549,28.550343984463186],[-82.36059412762323,28.550335337498826],[-82.360627975448409,28.550330263978804],[-82.360738003619943,28.550320004444721],[-82.360777538028543,28.550327374376234],[-82.360814259384924,28.55033724493525],[-82.360882015498547,28.550344539833752],[-82.360949429191564,28.550344019546344],[-82.361017484242666,28.550346671949477],[-82.361042874857432,28.550344112172272],[-82.361141673221852,28.550351325292343],[-82.361229664588777,28.550358546339886],[-82.361248922323014,28.550353531333933],[-82.361294041379168,28.550343444038617],[-82.361389975663741,28.550338205099646],[-82.361440816432392,28.550350529264161],[-82.361477494283236,28.550347939357195],[-82.361567605685082,28.550290387340937],[-82.361638065209249,28.550262789327043],[-82.36168313310327,28.550237751180877],[-82.361770293980797,28.550142829293531],[-82.361815362811129,28.55011779019873],[-82.361840634103643,28.550080346156903],[-82.361863125395629,28.550055367214817],[-82.361885676313648,28.550047832131728],[-82.361916710951647,28.550045257147953],[-82.361944984906117,28.550039569227618],[-82.361974286218171,28.550033673731463],[-82.361955340126173,28.55001473812181],[-82.361948456828529,28.550008303844088],[-82.361939771547839,28.549998492402334],[-82.361925041198745,28.549985304278866],[-82.36191114009587,28.549971650140964],[-82.361906373644402,28.549961747942827],[-82.361896160122555,28.549959576166234],[-82.361876587554107,28.549946901742288],[-82.361864675700971,28.549940283250496],[-82.361849257102506,28.549930834441998],[-82.361839672706566,28.549924960491261],[-82.36182809558089,28.549918502622862],[-82.361815334121985,28.549907586744375],[-82.361803561128127,28.549904816353926],[-82.361793276153762,28.549899078715278],[-82.361781160469434,28.549892320896603],[-82.361792173121913,28.549938440789585],[-82.361786614171692,28.549963372797865],[-82.36175567322924,28.549993357860895],[-82.361747301240669,28.550020790525831],[-82.361736131200431,28.550055705623095],[-82.361705198729936,28.550088182010466],[-82.361674224691356,28.550108199001645],[-82.361643300701289,28.5501431676132],[-82.361620816824725,28.550170636955464],[-82.361587020175293,28.550190662346925],[-82.361508086493942,28.550215790637189],[-82.361463001549168,28.550235845151459],[-82.361448950279907,28.55025332567849],[-82.361406661340482,28.550265897752602],[-82.36136152531526,28.5502710015109],[-82.361316388263575,28.550276105256927],[-82.361243040081149,28.550283776312284],[-82.361214809900261,28.550281359159573],[-82.361169622845935,28.550271512131371],[-82.361130129914571,28.55027660080134],[-82.361090646502973,28.550284181695474],[-82.361042679376283,28.550286800616377],[-82.361000373377578,28.550294388990071],[-82.360966508588149,28.550294479028302],[-82.360907192697908,28.550279685855713],[-82.360853479498132,28.550252417363772],[-82.360777274748415,28.550250128520485],[-82.360740578903147,28.550247733764003],[-82.360686976145701,28.550252859793758],[-82.360653102880008,28.550250458417587],[-82.360624906680158,28.550258009193513],[-82.360548761340567,28.550273162281968],[-82.360500499432291,28.550267846622738],[-82.360380432524707,28.550254623965671],[-82.360345511208081,28.550256258751091],[-82.360320146040706,28.550266293308848],[-82.360269348866169,28.550266428108412],[-82.360229872850326,28.550276500091694],[-82.360193219406696,28.550286565477805],[-82.360162245020575,28.550306582126534],[-82.360091844409368,28.550351621438811]]],[[[-82.354445658197577,28.546630432833581],[-82.354469301149805,28.546623755156904],[-82.354481855154958,28.546622194721579],[-82.354500413302873,28.54661496815622],[-82.354511376265435,28.546610986381964],[-82.354533035158767,28.546597742131635],[-82.35454705998724,28.546592610899655],[-82.354559616650135,28.546581776199062],[-82.354572539880095,28.546573904727193],[-82.354588492457083,28.546569209701275],[-82.354609929861638,28.546564592388151],[-82.354639576193051,28.54655477690677],[-82.354664009323315,28.546547876059183],[-82.354672882228869,28.546541685388586],[-82.354685891900388,28.546537047666966],[-82.354694064847948,28.546526906573924],[-82.35470260406089,28.546523907447554],[-82.354716505983987,28.546511989117214],[-82.354725451858329,28.546505008705022],[-82.354733634541361,28.546499299878562],[-82.354751584239622,28.546486776327676],[-82.354764708541936,28.5464776202823],[-82.354776223027159,28.546470200032449],[-82.354785983910148,28.54646277624251],[-82.354794737109955,28.546457157058015],[-82.354804775722329,28.546449665767863],[-82.354831634291713,28.546450534919209],[-82.354842499618087,28.546454323423774],[-82.35485977871987,28.546453018600474],[-82.354874767938597,28.546454823809498],[-82.354889186118754,28.546443886760635],[-82.354897246125915,28.546437253346401],[-82.354907431421566,28.546427490475359],[-82.354920261079783,28.546415192334702],[-82.354937903872894,28.54640379929122],[-82.354951331044234,28.546399033222951],[-82.354965660852514,28.546387345650043],[-82.354974730357313,28.546381281675782],[-82.354933603660157,28.546348007114748],[-82.354917311959866,28.546337795507039],[-82.3548893376839,28.546307106046449],[-82.354860231073204,28.546284623615222],[-82.354831075337046,28.546247785075078],[-82.354786719207397,28.546196424281305],[-82.354739623145846,28.546126993148686],[-82.354718217552318,28.54607458701496],[-82.35468735679558,28.546115046449113],[-82.354658214345847,28.546147117746042],[-82.354634054701009,28.546173706037173],[-82.354611350995953,28.546198691574986],[-82.354595313104369,28.546216340820951],[-82.354580229213198,28.546232939956916],[-82.354572348731224,28.546241612172409],[-82.354559488474919,28.546255764669464],[-82.354488009793215,28.54624518998785],[-82.354449826901856,28.546239541759114],[-82.354398042112948,28.546231949287208],[-82.354376755816915,28.546228877332194],[-82.354336142584003,28.546223148789576],[-82.354296780751,28.5462175956329],[-82.354284220672696,28.546210914994351],[-82.354273242250642,28.546205075720646],[-82.354258744264797,28.546197364249412],[-82.354333440415587,28.546315586148811],[-82.354391601556856,28.546414042991255],[-82.354425962745907,28.546551300294237],[-82.354445658197577,28.546630432833581]]],[[[-82.38305092405156,28.548218005320564],[-82.383051013347156,28.548242683117902],[-82.383019428536855,28.54826744936711],[-82.382892899761629,28.548313871508505],[-82.38279987717948,28.548351972453776],[-82.382753324024279,28.548420500934551],[-82.38284562883112,28.548390183810071],[-82.383009141233927,28.548336469365221],[-82.383053689010339,28.548321835900261],[-82.383088827889708,28.548310292406185],[-82.383161429813796,28.548286452598333],[-82.383218120855844,28.548267819034404],[-82.383311657367884,28.548237092065619],[-82.383460682425493,28.548188136303843],[-82.383516818135391,28.548169695479675],[-82.383510748040095,28.548107102983089],[-82.383502339714909,28.548104852840098],[-82.383348830060157,28.548161557957187],[-82.383199955110612,28.54821133339831],[-82.38315707258468,28.548203228701592],[-82.383080277980369,28.548091573490471],[-82.383061318110094,28.548001143205209],[-82.383053652057143,28.547941938955926],[-82.383072212025368,28.547922144334109],[-82.383068389880677,28.547895832104352],[-82.383055270925652,28.547874482795507],[-82.383034716045245,28.547858088448308],[-82.383030853268693,28.547820260690123],[-82.383025090823196,28.547772566709156],[-82.383024900347706,28.547719922121132],[-82.383013311032428,28.547606438845012],[-82.383011239777176,28.547548863770192],[-82.383011102875912,28.547511024597153],[-82.383007227194213,28.547469906044572],[-82.383018280790409,28.547435327034972],[-82.38296861739876,28.547393948726487],[-82.38293818066461,28.547394767268809],[-82.38205640816102,28.547418467935415],[-82.38192602287269,28.547410961846509],[-82.381936518735301,28.547416005269763],[-82.381906565540149,28.547422542144147],[-82.381894100868863,28.547425262561958],[-82.381877294441267,28.547428930012398],[-82.381859341308186,28.547432847926395],[-82.381843148566162,28.547436381905296],[-82.38182278180156,28.547445718828122],[-82.381812363256671,28.547450495327926],[-82.381978675349387,28.547451597626534],[-82.382165933902627,28.547459863986226],[-82.382499039083427,28.54746112140997],[-82.382530359279315,28.547457897549851],[-82.382834916543288,28.54744876744882],[-82.382921687520508,28.547443786394116],[-82.382932653270899,28.547456955776585],[-82.382945837612212,28.547496402213074],[-82.382950259589435,28.547688545401712],[-82.382990171913178,28.547905594983618],[-82.38305092405156,28.548218005320564]]],[[[-82.360095416360295,28.551651815052544],[-82.360131486576151,28.551666929206608],[-82.360173853244447,28.551691706038824],[-82.360239752739645,28.55172886547907],[-82.360271115701394,28.551741226416283],[-82.360293095996326,28.551757761200893],[-82.360319817570812,28.551786727556877],[-82.360330808235375,28.551794994493047],[-82.360387301629089,28.551829413154991],[-82.360470523704009,28.551883151192857],[-82.360499460697227,28.551900937965968],[-82.360495650506266,28.551888537311882],[-82.360490120003078,28.551881732118183],[-82.360483096141664,28.5518679431758],[-82.360472602027613,28.551847343568326],[-82.360468446559565,28.551839184823617],[-82.360470660816347,28.551813883673947],[-82.360473258748556,28.551784211477401],[-82.360477218191434,28.551761219291151],[-82.360472079964993,28.551749265210638],[-82.360467076753409,28.551737345060321],[-82.360461120410122,28.551720426677264],[-82.360451394952662,28.551682759087935],[-82.360449767456373,28.551665794020156],[-82.360442152833897,28.55163877384091],[-82.360442739773418,28.551619966633886],[-82.360444278289975,28.551602400323763],[-82.360414674476758,28.551599444348259],[-82.360398713281256,28.551597850777867],[-82.36036929420581,28.5515999275495],[-82.360350482833269,28.551594447043168],[-82.360284733997034,28.551601535258108],[-82.360228386640387,28.551609980880361],[-82.360184490993177,28.551596269896091],[-82.360142124360877,28.55157149306654],[-82.360077823547826,28.551544009631247],[-82.3600197590645,28.55150821262005],[-82.3599382559443,28.551487687552772],[-82.359905327475147,28.551475329785141],[-82.359833182545529,28.551443718071095],[-82.359806542119486,28.551438258238417],[-82.359761123278901,28.551436996214285],[-82.359700048876761,28.551437158036819],[-82.359664068069549,28.551448315134198],[-82.359632752242135,28.551449780473156],[-82.359593612003806,28.551452649814671],[-82.359535707422523,28.551463864943425],[-82.3594997218933,28.551473639626302],[-82.359465312386646,28.551486174894091],[-82.359430784466298,28.551464142755961],[-82.359396494020672,28.551421150446174],[-82.359365722264172,28.551447412368205],[-82.359337407304182,28.551471577963383],[-82.359328783504537,28.551478938609812],[-82.35931262149569,28.55148200151304],[-82.359293280189988,28.551485666567167],[-82.359313577583009,28.551536354991274],[-82.359327766122547,28.551563972330442],[-82.359354458194801,28.551584641948896],[-82.359407772970769,28.551605241990508],[-82.359467295939339,28.551609232459558],[-82.35949545137828,28.551599479420812],[-82.359550223777063,28.551588272603894],[-82.359606600386911,28.551588123291292],[-82.359637883364684,28.551576977750962],[-82.359675396949214,28.551556138110282],[-82.359700368403921,28.551531182733392],[-82.359752027282724,28.551525514520687],[-82.359794319626175,28.551528168118981],[-82.359880468915691,28.551533471128689],[-82.359910232224735,28.551536156998697],[-82.359963537676322,28.55155399117702],[-82.360016885475147,28.551584270282959],[-82.360043606930304,28.551613236695118],[-82.360095416360295,28.551651815052544]]],[[[-82.358493173673935,28.546042497984722],[-82.358508840433402,28.546069959941899],[-82.358540034263541,28.546083629238272],[-82.358574119264787,28.546098565898838],[-82.358571566945955,28.546080879557806],[-82.358578340352068,28.546043841370963],[-82.358582054703248,28.546035015701055],[-82.358594423082607,28.546001922205384],[-82.358593082039135,28.545974375504251],[-82.35859174743797,28.545949032300111],[-82.358586632330827,28.545912679704301],[-82.358583997749747,28.545871911724504],[-82.358582630583768,28.545836650987496],[-82.358570034545266,28.545802521660054],[-82.358566175664109,28.545768369259441],[-82.358568510628317,28.545720976710413],[-82.358576501121263,28.545707480967014],[-82.358601167589939,28.545671552324649],[-82.358583725684909,28.545677838969709],[-82.358572148828841,28.54568212678144],[-82.358558698628045,28.545677905059037],[-82.358530836079851,28.545667188449258],[-82.358513742561414,28.545663795666883],[-82.358499662207095,28.545659376185249],[-82.35847663326777,28.545651383599687],[-82.358374378049859,28.545654362341327],[-82.358354858759711,28.545658879537083],[-82.358343908601157,28.545654495090552],[-82.358312751572939,28.545651050966949],[-82.358302680576017,28.545649179018675],[-82.358281582504503,28.545645256272266],[-82.358267114061604,28.545640901856558],[-82.358250421370002,28.545641201260981],[-82.358225271261134,28.545648387978332],[-82.35820373557226,28.5456513385957],[-82.358161031324315,28.545655205879822],[-82.358141344993527,28.545659888613748],[-82.358110289051154,28.545651585076136],[-82.358083010170461,28.545644225344262],[-82.358105424231979,28.545701259992484],[-82.358116189611465,28.545726545846758],[-82.358144856295354,28.545773491175744],[-82.358180967770906,28.545808726143434],[-82.358211953877671,28.545833221437025],[-82.358223245122502,28.545850823372348],[-82.358238270413125,28.545865110183957],[-82.358252058145894,28.545882706432643],[-82.358262086758771,28.545895903765114],[-82.358274637959838,28.54591680944749],[-82.358288440619603,28.545938812681193],[-82.358303465931584,28.545953099485235],[-82.358305998684898,28.545964113079648],[-82.358318090452258,28.545987553740606],[-82.358321770705572,28.546015447086845],[-82.358376523748376,28.546008392468867],[-82.358446313120723,28.5460013667144],[-82.358461933301072,28.546015077139703],[-82.358493173673935,28.546042497984722]]],[[[-82.373530944031444,28.541660639584912],[-82.373523667881543,28.54167091920095],[-82.373512711953452,28.541690739449542],[-82.373493873958651,28.541723172623868],[-82.373563675334196,28.541752802952161],[-82.373667051824967,28.541805272921273],[-82.37373586730088,28.541811478428631],[-82.373820970520626,28.541816040119514],[-82.37390796913509,28.541844575311622],[-82.374002327195967,28.541906661724578],[-82.37424027418416,28.542129812566191],[-82.37431678283653,28.542263886064063],[-82.374384416336085,28.542447540470715],[-82.374381205047428,28.542561533754519],[-82.374395525128563,28.54255478808663],[-82.374405032235316,28.542552092754335],[-82.374412838377935,28.542546632831296],[-82.374422905383284,28.542541891252668],[-82.374436866476742,28.542537948334445],[-82.374455541523574,28.542526517435636],[-82.374468027865873,28.542523674923366],[-82.374483620573017,28.542513290210945],[-82.374498107235468,28.542507997741868],[-82.374511433354726,28.542500189139997],[-82.374529755528641,28.542491558261379],[-82.37454235049006,28.542485624929888],[-82.374559987108498,28.542477317170913],[-82.374571715947909,28.542471792278484],[-82.37459059308172,28.542462899987122],[-82.374600727175746,28.542457485065025],[-82.374614135696618,28.542449864814767],[-82.374622674609171,28.542444147496145],[-82.374595267641979,28.542411929272809],[-82.374529004183984,28.542334030802049],[-82.374454245882646,28.542228337496041],[-82.374254428157656,28.542037053654859],[-82.374125469992066,28.541917512431255],[-82.374003809403092,28.54181393773414],[-82.373916772293796,28.541774211893074],[-82.373837076630238,28.541763240494554],[-82.373719348237444,28.541747578688927],[-82.373672268581544,28.54174451125618],[-82.373565534496464,28.541652987339759],[-82.37354631843715,28.541637046228942],[-82.373530944031444,28.541660639584912]]],[[[-82.376719206432981,28.54873173782779],[-82.376836179517085,28.548818843517562],[-82.376884477357891,28.548888470156413],[-82.376900862273573,28.548928754694913],[-82.376905767903139,28.548918528409789],[-82.376919573243441,28.548895316228119],[-82.376925585985489,28.548884045570187],[-82.376934605231227,28.548867034008776],[-82.376945850374099,28.548846045075273],[-82.376954512007472,28.548841966821211],[-82.376965850688535,28.548836628688225],[-82.376975338697207,28.5488321619376],[-82.376984288033057,28.548827949336758],[-82.377000431979425,28.548820363668682],[-82.37701249901211,28.54881580854396],[-82.377020118716572,28.54881128020493],[-82.377034833213031,28.548804906733338],[-82.37704923512689,28.548798856263055],[-82.377060070746367,28.548794304553763],[-82.377068774748665,28.548790647566868],[-82.377089110278789,28.548782104596828],[-82.377104419171786,28.548775918055657],[-82.377112167140439,28.548769530537861],[-82.377121502341026,28.548762046781412],[-82.377135330634076,28.548750459341349],[-82.377152078893033,28.548736669301658],[-82.377158771270174,28.548731159981731],[-82.377169543461036,28.548722289847682],[-82.377184560837421,28.548704559588042],[-82.377195527422103,28.548694034023008],[-82.377199488025752,28.54868647134888],[-82.377205484334993,28.548679204400244],[-82.377214437591448,28.548668355073413],[-82.377222347875602,28.548658769210583],[-82.376946605947452,28.548672808414228],[-82.376906866638066,28.548641315228164],[-82.376878688315117,28.548625590791215],[-82.376832579107187,28.548599759391681],[-82.376759580053829,28.548561585512935],[-82.376667407918717,28.548523465687399],[-82.376548440416968,28.548498964215007],[-82.376489712399845,28.54848455881524],[-82.376467353981454,28.548479165270834],[-82.376465654839436,28.54851804724094],[-82.376463651339336,28.548563875354876],[-82.376462601369965,28.548587885886821],[-82.376461610983441,28.54861054725729],[-82.376459392901211,28.548661267543018],[-82.376457941318293,28.54869447492062],[-82.376488175258601,28.548685648331062],[-82.376526728383581,28.548683919920876],[-82.376595626222141,28.548695888754633],[-82.376719206432981,28.54873173782779]]],[[[-82.382120425544088,28.548703407080581],[-82.382124494692988,28.548721765430784],[-82.38213613033615,28.548739601687672],[-82.382143395350553,28.548756344880431],[-82.382151783717447,28.54876268456032],[-82.382168436466955,28.548775271326672],[-82.382178686818932,28.548790112106559],[-82.382184746278156,28.548800996198693],[-82.382193752669863,28.548813777733656],[-82.382192571114885,28.548827306207464],[-82.38218712613606,28.548845094890559],[-82.382188496106181,28.548858844473674],[-82.382187225432659,28.548872597880422],[-82.382193050565533,28.54889301944435],[-82.382199324860082,28.548960856714874],[-82.382205419748985,28.549023722605877],[-82.382247026141499,28.548893435069196],[-82.382321697458764,28.548795295864394],[-82.382432428003227,28.548746018636827],[-82.382611654199337,28.548695109089163],[-82.382821870305349,28.548679869792199],[-82.382868557457982,28.548619551287711],[-82.382838792429709,28.548564319176641],[-82.38283052953237,28.548551989464197],[-82.382822884244717,28.548542869431639],[-82.382799315667967,28.548520554283559],[-82.38276691489196,28.548519510486656],[-82.38274113682796,28.548531648319599],[-82.382725789145141,28.548538875097101],[-82.38270702587343,28.548547709541339],[-82.382641802159924,28.548522978907151],[-82.382656527519245,28.548493142198669],[-82.382113269768681,28.548686915331366],[-82.382120425544088,28.548703407080581]]],[[[-82.378097967277569,28.542142868731382],[-82.378107989789271,28.542197552367245],[-82.37814911388206,28.542235111425839],[-82.378216207506043,28.542297239226613],[-82.378234605330732,28.542308451885873],[-82.378336465230845,28.542368097000981],[-82.378593491700158,28.542399568008008],[-82.378748255223755,28.542406181909094],[-82.378828671734851,28.542461274601866],[-82.378826772297572,28.542432485352137],[-82.378825907088384,28.542409436606601],[-82.378825368849277,28.542396662788558],[-82.378822133659924,28.542359540552109],[-82.378823401311294,28.542349980340422],[-82.378818886862661,28.542340023889665],[-82.37873729978331,28.542326750661953],[-82.378690642524944,28.542308179800145],[-82.378490933544896,28.542231534230122],[-82.378379874842821,28.542165298909037],[-82.378288168282296,28.542123660596356],[-82.378135669779397,28.542054419313533],[-82.378069506692626,28.541988980902559],[-82.378087177551762,28.542083660193779],[-82.378097967277569,28.542142868731382]]],[[[-82.349690104617579,28.54612253711068],[-82.349708337557516,28.546178273738203],[-82.349715023928383,28.546198710769101],[-82.349696189822239,28.546248387093513],[-82.34970248459237,28.546260406297709],[-82.349708349487727,28.546271601869645],[-82.349702562488972,28.546283988762525],[-82.349691032928206,28.546305510398405],[-82.349687098015579,28.546317090340228],[-82.349675521059737,28.546333546358021],[-82.349671633535593,28.546350192818412],[-82.349666503060433,28.546361174879735],[-82.349656019534578,28.546384438042669],[-82.349666684681083,28.546400384709685],[-82.349674565821871,28.54641313433471],[-82.349687470572263,28.546429882827077],[-82.349691762368394,28.546442814944076],[-82.349704508156137,28.546455367961499],[-82.349717648458409,28.546471650236548],[-82.349735964519311,28.546486017045773],[-82.349750684558373,28.546497927019015],[-82.349767849747479,28.546511610107256],[-82.349804317377064,28.546470756549297],[-82.349830927031135,28.546436199645143],[-82.349858154852527,28.546376883630991],[-82.349865934725258,28.546251372405745],[-82.349830932127418,28.546178274665515],[-82.349820686102362,28.546123403576711],[-82.349819515220602,28.546093161046045],[-82.349821385340562,28.54603688628163],[-82.349833563632842,28.545989659796703],[-82.349843703866526,28.54594788508804],[-82.349856625996182,28.545915785323292],[-82.349866016804484,28.545892456381488],[-82.349833670206692,28.545900064339055],[-82.349802613839913,28.545927647684028],[-82.349787131084369,28.545955190904571],[-82.349771648320839,28.545982734123317],[-82.349740501057809,28.545982814352801],[-82.349740364774178,28.545941559700573],[-82.34974013763545,28.545872801946317],[-82.349699782814341,28.545814635444362],[-82.34969434910326,28.545850440771044],[-82.349678119048733,28.545865215982516],[-82.349657552824482,28.545883939269345],[-82.349638989626172,28.545900839179446],[-82.34959196660499,28.545953666859006],[-82.34955045198312,28.545992997571631],[-82.349493668212119,28.546032366671017],[-82.349416033997016,28.546063209950418],[-82.349343758121321,28.546100724839917],[-82.349376892339663,28.546111896285296],[-82.349391635206914,28.546138492732293],[-82.349432816263104,28.546101165220122],[-82.349474391662554,28.546080220475197],[-82.349515999420476,28.546069082269764],[-82.349592322780225,28.546061530811691],[-82.349682784582214,28.546045143277613],[-82.349683757630089,28.546068098116045],[-82.349690104617579,28.54612253711068]]],[[[-82.377394239764428,28.556559238058217],[-82.377411369169792,28.55656544363578],[-82.377433375598542,28.556573664106285],[-82.377428771979524,28.556531107330088],[-82.377471083505441,28.556465404187595],[-82.377557505378363,28.556398522623571],[-82.377657640634212,28.55625755703948],[-82.377676593650534,28.556194288350227],[-82.377685373225262,28.55617756616866],[-82.377615303343944,28.556144138194039],[-82.377594095506055,28.55616436803777],[-82.377520578933101,28.556234491027695],[-82.377395068537112,28.556315056006955],[-82.377289122598398,28.556394332099909],[-82.37714772816517,28.556450020238199],[-82.37707137847427,28.556480089777548],[-82.376907957987001,28.556512629822279],[-82.376895529432119,28.556519227931936],[-82.376840381046591,28.556546720053998],[-82.376888073712834,28.556549295568459],[-82.376954375467633,28.556552009787278],[-82.376993349122344,28.556557075563649],[-82.377008016833045,28.55655562808543],[-82.377024499518512,28.556557021537436],[-82.377083722643476,28.556551345566735],[-82.377130461648861,28.556549579792261],[-82.377180216174011,28.556547700952144],[-82.377258682145666,28.556550228729087],[-82.377311617650477,28.556551934108647],[-82.37733460712748,28.556556112098008],[-82.377351567148565,28.556554655503994],[-82.377367152597571,28.556556070357495],[-82.377375170140638,28.556552329537116],[-82.37738273058477,28.55655682562125],[-82.377394239764428,28.556559238058217]]],[[[-82.381280577072943,28.547401075216982],[-82.381307220418108,28.547397116733098],[-82.381365969397351,28.547388680902987],[-82.381383691565645,28.547386458294525],[-82.381402860254695,28.547380124175753],[-82.381422586042603,28.547375819653272],[-82.381431580960708,28.547374982280562],[-82.38145386771906,28.547368993112052],[-82.381461474010464,28.547361958768516],[-82.381476849029781,28.547372833868529],[-82.381489046917167,28.547376616489554],[-82.381500326935651,28.547382614222307],[-82.381549185851043,28.547389496226014],[-82.381578590973689,28.547393638341642],[-82.381601977482845,28.547399888986504],[-82.381620402529691,28.547398179607008],[-82.381641305558531,28.547397844740292],[-82.381661911230708,28.547399216125878],[-82.381683069345883,28.547395371341437],[-82.381714296716169,28.547395026390092],[-82.381728456799593,28.547394872886947],[-82.381742614015707,28.547394774433013],[-82.381753337915058,28.547394761427032],[-82.381770963032892,28.547394816543182],[-82.381785118826656,28.547394890435452],[-82.381799274692,28.547394984177512],[-82.381813429590792,28.547395093260558],[-82.381833400565881,28.547398706008892],[-82.381895293851414,28.547396198494702],[-82.38194354381946,28.547311898061981],[-82.382101314829214,28.547206335348211],[-82.381925012123659,28.547243250650958],[-82.381846696849337,28.547259648038317],[-82.381821630398164,28.547266731503274],[-82.381735638379368,28.547291032340439],[-82.381715285485654,28.547314414106424],[-82.381705671652682,28.547319884941132],[-82.381693109524448,28.547327034291648],[-82.381681599141615,28.547339624492473],[-82.381655855636907,28.54734911546451],[-82.381648666581114,28.54735452714387],[-82.381634579010367,28.547364872347814],[-82.381620326084672,28.547356278833018],[-82.381591395979342,28.547344715462184],[-82.381579378355909,28.547339911798939],[-82.38156137628711,28.547322312647911],[-82.381548157271553,28.547309389506992],[-82.381548191446981,28.547286831851377],[-82.381548165192413,28.547262251322607],[-82.381532413298061,28.547256535958539],[-82.381483113166183,28.547238645755968],[-82.381391076065469,28.547205247082115],[-82.381284839417106,28.547166695261566],[-82.38122916147212,28.547146491232581],[-82.381199349188321,28.547126878687429],[-82.381218339439272,28.547238435622226],[-82.381248340901323,28.547310569145949],[-82.381251032023073,28.547405464137647],[-82.381280577072943,28.547401075216982]]],[[[-82.344979854731648,28.557106310001878],[-82.344998919153184,28.557113169861399],[-82.345039021910395,28.557129208980914],[-82.345045727044152,28.557084619992526],[-82.345052806894586,28.557042116259247],[-82.345057542273366,28.557018737247315],[-82.345059854546932,28.556990053225903],[-82.345059736790844,28.55695394010619],[-82.345060846170966,28.556925259142073],[-82.345060700710334,28.556880649666525],[-82.345059393918902,28.55684878868389],[-82.345064144162393,28.556829657846336],[-82.345056849604859,28.556806309411829],[-82.34503148989883,28.556776633671131],[-82.345008484042609,28.556731019339626],[-82.344998780263609,28.556706614971187],[-82.344996314596756,28.556688564527082],[-82.344992595125831,28.556654585567706],[-82.344990133945672,28.556637597165203],[-82.344984014605245,28.556605748410696],[-82.344962264653205,28.55657606348236],[-82.344945370250855,28.556560174710103],[-82.34491694020349,28.556537921269694],[-82.344907237909439,28.556553783779275],[-82.344896135025067,28.556563865851924],[-82.344892625415866,28.556574198431829],[-82.344878682087085,28.556592970930044],[-82.344865938247636,28.556605054045804],[-82.344861207984039,28.556618093134205],[-82.344856281873035,28.556624976059272],[-82.344860489953334,28.556669346022591],[-82.344863947494417,28.556677217367692],[-82.344888156166007,28.556722828668665],[-82.344905054047572,28.556739779491998],[-82.344921930142647,28.556750358048902],[-82.344925626384722,28.556776902696033],[-82.344931713537306,28.556799192152511],[-82.344939025378906,28.556827851718655],[-82.344949938970316,28.556854377123269],[-82.344972888405991,28.556882996950652],[-82.344983851511742,28.556924392776448],[-82.344987567527966,28.556957309690215],[-82.344985257678658,28.556987056660073],[-82.344979357480511,28.557022122117584],[-82.344972192059942,28.557038072027293],[-82.344948208329285,28.557061500850764],[-82.344928445698486,28.557112588273252],[-82.344949453081824,28.557106945805256],[-82.344956638183746,28.557099539194212],[-82.344966690078564,28.55710218367259],[-82.344979854731648,28.557106310001878]]],[[[-82.38259776437657,28.549304758888081],[-82.382602098543842,28.549297734604998],[-82.382604224986935,28.549294287997455],[-82.382605351256032,28.549292054243782],[-82.382613536482978,28.549275817966038],[-82.382681239167681,28.549280286836574],[-82.382683178951936,28.549280048566033],[-82.382706220439246,28.549277228782756],[-82.382714300756334,28.549272682585446],[-82.382717687694608,28.549270776323688],[-82.382720146351218,28.54926989863694],[-82.382729852375221,28.549266432466631],[-82.382742707627116,28.549256083406117],[-82.382743851924857,28.549255162502483],[-82.38274538213301,28.549254136742078],[-82.382752993432646,28.549249039633676],[-82.382740253885899,28.549230621828773],[-82.382808350764691,28.549175396246806],[-82.382899131720265,28.54913412358211],[-82.383051629471467,28.549059964288901],[-82.383133607163572,28.549007911706585],[-82.383144159319826,28.548998520171452],[-82.383258203174776,28.5489428615134],[-82.383313459557726,28.5489173976496],[-82.383332187726865,28.548903381093012],[-82.383382696351987,28.548914922860501],[-82.383340189810212,28.548857210219904],[-82.383333216644303,28.548847741821479],[-82.383312714504513,28.548848517062101],[-82.38327824863245,28.54884981988322],[-82.38332553726822,28.548810882234214],[-82.383300925099789,28.548804078607734],[-82.383231693566046,28.548876581098682],[-82.383211498110043,28.548896583382522],[-82.38310424303458,28.549002812435699],[-82.382694011213559,28.549167206816009],[-82.382567460302809,28.549250255526943],[-82.382470594271538,28.549346889120734],[-82.38259776437657,28.549304758888081]]],[[[-82.375135566366893,28.539130299391992],[-82.375124764540359,28.539134040553559],[-82.375025410973237,28.53916845227787],[-82.375073812798206,28.539175272039419],[-82.375104093593123,28.539179539488174],[-82.375204460151977,28.539193685232586],[-82.375219107510787,28.539218599876396],[-82.375226096057645,28.539230487844801],[-82.375239655776113,28.539253553889846],[-82.375257608274879,28.539284091802429],[-82.375249270100909,28.53935589507833],[-82.375242745748153,28.539396574345837],[-82.375238586133918,28.539415109072316],[-82.37522105324291,28.539492331938433],[-82.375215765715467,28.539515826333258],[-82.375213094829334,28.539532031615622],[-82.375210524932029,28.539567222751909],[-82.375207496100259,28.539647945420299],[-82.375304532246076,28.539682076287605],[-82.375304748522694,28.539671020222151],[-82.375309577710325,28.539623153087224],[-82.375309551386621,28.539611112337028],[-82.375309222425926,28.539609402409788],[-82.375304546057095,28.53958505847374],[-82.375301839289619,28.539518764728324],[-82.375298044989194,28.539425858570702],[-82.375297119572807,28.539403183522321],[-82.375296187537671,28.539358457110104],[-82.37529567958542,28.539338245198067],[-82.375295089223727,28.539305447676895],[-82.37529479768132,28.539238174531654],[-82.375293155402602,28.539222838389385],[-82.375292542341498,28.53919689871368],[-82.375286583548956,28.539145148842159],[-82.375283479618801,28.539069137086173],[-82.375282923495632,28.539055515094773],[-82.375135566366893,28.539130299391992]]],[[[-82.345389569474079,28.547152901285582],[-82.345413468279645,28.547162410714655],[-82.34541866193959,28.547142145372856],[-82.345417274881953,28.547131397514693],[-82.345420118338225,28.547105554468608],[-82.345419974660729,28.547074674035894],[-82.345406688921628,28.547052789080659],[-82.345399293268898,28.547038669120731],[-82.345392587592883,28.547030243880751],[-82.345387109518313,28.547018460615845],[-82.345374358131423,28.54700656230488],[-82.345359759047895,28.546988999286967],[-82.345350550683449,28.54697743033968],[-82.345344121040071,28.546969351796207],[-82.345337020318865,28.546960430368483],[-82.345128800580383,28.547007008019559],[-82.345081139043302,28.547027815313005],[-82.345093905701859,28.547066352509127],[-82.345103289253501,28.54709467749155],[-82.345112446860028,28.547125477265109],[-82.345118720702118,28.547146579695699],[-82.345165802634483,28.547152971307156],[-82.345213304703037,28.547151566514636],[-82.345275902775398,28.547145873295339],[-82.345314233411429,28.547137960648737],[-82.345357362684311,28.547140307127822],[-82.345389569474079,28.547152901285582]]],[[[-82.362700210371443,28.544035943583644],[-82.36270163357554,28.544051076535091],[-82.362713815592784,28.544111979013248],[-82.362725033462183,28.544150356246025],[-82.362772135558103,28.544207463133464],[-82.36280042347299,28.544249559316615],[-82.362816795061633,28.544298465710717],[-82.36284084454465,28.544348104138138],[-82.362870835452028,28.544389442300965],[-82.362892364923127,28.544450383845756],[-82.362905310071952,28.544494779563756],[-82.362943055637359,28.544539847108815],[-82.362957134829955,28.54453586986066],[-82.362976417532423,28.544530422325149],[-82.363035159931158,28.54451382646079],[-82.363000963807011,28.544470384492698],[-82.362973344579487,28.544438871013114],[-82.362944111366957,28.544369666592132],[-82.362890636321069,28.544282950271707],[-82.362846308504146,28.54420048748009],[-82.362799429864964,28.544143293396896],[-82.362787193849428,28.54412897798057],[-82.362778347328856,28.544123285291725],[-82.362759984161613,28.544091982548025],[-82.362759898129866,28.544066872461602],[-82.362754437147046,28.544053734543095],[-82.362747592484524,28.544032229312855],[-82.362737990710073,28.543996383339476],[-82.362744675600936,28.543971255165317],[-82.362749252841979,28.543950148033993],[-82.362745443540376,28.543951717453506],[-82.362737738198362,28.543954891715174],[-82.362721357070768,28.543961638956716],[-82.362704889205673,28.543968422521544],[-82.362704556049749,28.54396811751818],[-82.362689283304817,28.54400847125217],[-82.362700210371443,28.544035943583644]]],[[[-82.380036716695685,28.543096059563059],[-82.380007347124007,28.543591201974721],[-82.380038394861558,28.543563611791043],[-82.380357904458521,28.54356271720917],[-82.380194103350661,28.543509892802071],[-82.380091309937413,28.543446992469054],[-82.380067863004172,28.543095972392155],[-82.380036716695685,28.543096059563059]]],[[[-82.35951379016646,28.56688170723227],[-82.359478392301739,28.566915564643722],[-82.359430701695899,28.566949453699131],[-82.359396618084659,28.566968234067325],[-82.359381447079656,28.56697998567353],[-82.359378218315697,28.567003468522831],[-82.359368509086835,28.567074087672317],[-82.359403871759653,28.567093018907496],[-82.359442862769257,28.567111606659363],[-82.359501017144893,28.567142200668556],[-82.359581628052538,28.567185074616621],[-82.359576971184197,28.567177510932588],[-82.359573226479682,28.567163162866333],[-82.359569290173425,28.567148075391131],[-82.359562940845805,28.567124016054727],[-82.35955957771138,28.567112468733683],[-82.359553700285204,28.567093729228247],[-82.359550611804067,28.567073675749949],[-82.3595440895363,28.567063085153848],[-82.35954020535489,28.567050700941376],[-82.359541048576517,28.567041074380182],[-82.359542465415075,28.567024896234482],[-82.359544044629629,28.567006873281525],[-82.359549294666579,28.566991388803832],[-82.359547704050783,28.566983504786794],[-82.359549337459327,28.56697661472521],[-82.359543313254704,28.566954082182587],[-82.359540995511026,28.566929537534744],[-82.359544147589872,28.566920190897786],[-82.35955399950474,28.566890985923308],[-82.359562411693901,28.566869722621803],[-82.359566709152404,28.566858456385798],[-82.35951379016646,28.56688170723227]]],[[[-82.348576654412568,28.537617109397335],[-82.348548234624133,28.537691341279448],[-82.3485107414715,28.537767882972592],[-82.348548957898373,28.537775739038313],[-82.34857695680337,28.537781941158492],[-82.348605944264861,28.5377889014093],[-82.348614883532093,28.53779118755509],[-82.348633541351575,28.537795959066617],[-82.348651560462415,28.537749184149792],[-82.348681259796976,28.537698005593342],[-82.348707775146821,28.537671975343603],[-82.348724524463165,28.537659141645296],[-82.348800649747034,28.537623363217619],[-82.348778448644865,28.537616220451426],[-82.348767250958915,28.537612629916055],[-82.348755082282423,28.537608649354635],[-82.34874113836409,28.537604254664213],[-82.348726402462859,28.537599527237251],[-82.348717579849989,28.537596666909867],[-82.348697684145975,28.537590194064663],[-82.348677155499431,28.537580173932135],[-82.34866447478035,28.537573984842648],[-82.348652290454879,28.537568041719204],[-82.34861323506388,28.537548974436692],[-82.348577266177202,28.537531330334634],[-82.348576654412568,28.537617109397335]]],[[[-82.382212698914856,28.550536478272978],[-82.382221013051264,28.550540333116057],[-82.382242181239448,28.550550146904246],[-82.382251703294614,28.550554562305951],[-82.382265318155945,28.550562352658172],[-82.38228285171121,28.550554452950223],[-82.382292802498711,28.550550811068184],[-82.382314294329504,28.550546388649444],[-82.382332890389236,28.550536139864356],[-82.38234586363248,28.550532657301968],[-82.382375042634493,28.550521763313412],[-82.382392821946638,28.550536068535063],[-82.38240742972873,28.550549684277598],[-82.382415815862331,28.550557624692349],[-82.382423339902573,28.550550408256495],[-82.382437657777999,28.550536675849969],[-82.382451338616576,28.550523691469945],[-82.382470847831215,28.55050511783044],[-82.382489190384618,28.550495988637294],[-82.382508733964585,28.550487776442765],[-82.382516199952107,28.55048061791495],[-82.382547370241866,28.550486284302593],[-82.382563854778468,28.550489281440864],[-82.382590683055355,28.550494158776885],[-82.382622532731958,28.550499766385457],[-82.382678932172766,28.550507537177719],[-82.382725880074901,28.550514004543718],[-82.38266820611652,28.550491493160497],[-82.382612411932087,28.550471636547606],[-82.382544355355847,28.550455984166227],[-82.3824838177771,28.550430303640319],[-82.382450706171994,28.550414552762714],[-82.382427076382371,28.550409615858698],[-82.382425616504733,28.550421910716835],[-82.382421896727607,28.550445130230269],[-82.38241874268364,28.550455504270843],[-82.382402571045688,28.55046471937856],[-82.382388172070023,28.550469013554338],[-82.38237630086293,28.550471467961067],[-82.382359485065194,28.550468992381898],[-82.38234794974089,28.550466544340157],[-82.382346546640335,28.550449010449839],[-82.38234494724216,28.550419853193915],[-82.382336361222769,28.550405515760851],[-82.382323300380492,28.550440762671897],[-82.382288443803958,28.550465043480479],[-82.38224322234764,28.550496025348664],[-82.382176215452475,28.550509556852834],[-82.382090308129619,28.550519805571906],[-82.382065412049087,28.550525034299483],[-82.382045917780147,28.550529648669976],[-82.382095962281142,28.550533323827633],[-82.382141734891633,28.550533270799509],[-82.382194093966675,28.550527852862523],[-82.382203653547123,28.5505333220928],[-82.382212698914856,28.550536478272978]]],[[[-82.37358148644482,28.545233803531584],[-82.373646999761689,28.545279795067607],[-82.37365891046575,28.545287189446039],[-82.373677192569929,28.545239544352871],[-82.373724839009782,28.545202696140141],[-82.373701765512578,28.545182081637947],[-82.373644766405704,28.545139212253723],[-82.373635467858847,28.545136503752349],[-82.373486067092784,28.545130330395924],[-82.373434548030943,28.545136870578091],[-82.373433057847748,28.54514490730006],[-82.373426628955698,28.545161661568144],[-82.373420138431555,28.545173980105748],[-82.373417626085299,28.54518512729479],[-82.373413200081828,28.545196662338153],[-82.373410154226377,28.545204599568891],[-82.373492071249458,28.545210146538682],[-82.373520490673812,28.545208873668845],[-82.373554344086998,28.545213561134325],[-82.37358148644482,28.545233803531584]]],[[[-82.345152294032331,28.543065441723684],[-82.345167822413813,28.543051650576448],[-82.345183261130259,28.543010356300751],[-82.345198815782879,28.542982686175705],[-82.345214228196198,28.542955270870586],[-82.345229756553508,28.542941479716248],[-82.345245329745168,28.542941440123592],[-82.345245509098959,28.542996446377085],[-82.345362665950248,28.542907548500935],[-82.345368962712087,28.542899400588951],[-82.345361971691332,28.542893011747836],[-82.345346660356213,28.542879029210454],[-82.345329787788089,28.542864788962664],[-82.345315891960283,28.542853690313351],[-82.345305047324018,28.542852269632714],[-82.345268256792039,28.54284627689022],[-82.345221638805668,28.542838363674488],[-82.345207637564286,28.542835987310589],[-82.345182560271695,28.542831730649123],[-82.345180060434416,28.542848239016788],[-82.345177145462984,28.542867490654046],[-82.345173974823695,28.542879784989243],[-82.345134666359684,28.542953722566846],[-82.345152294032331,28.543065441723684]]],[[[-82.339579393907044,28.552925308344715],[-82.339588881542866,28.552924572667141],[-82.339681756997933,28.552911839305455],[-82.33972434828344,28.552913033909402],[-82.339745898420588,28.552913638690555],[-82.339836813209104,28.552917617856828],[-82.339881252904092,28.552917435325533],[-82.339933405566782,28.552918898284975],[-82.339614716390571,28.552858168005844],[-82.339492408524862,28.552843250526525],[-82.339449289164605,28.552837992128151],[-82.339392600261661,28.552810147778963],[-82.339391525741519,28.552836783933476],[-82.339386923417337,28.552849087114435],[-82.339439335720172,28.55288340291278],[-82.339508676052716,28.552899913795926],[-82.339565701224174,28.552927109374625],[-82.339579393907044,28.552925308344715]]],[[[-82.381847017042205,28.549451128242673],[-82.381873918986983,28.549447613770884],[-82.381900782845307,28.549437225388697],[-82.381920593069964,28.549434130590697],[-82.381929197377218,28.549430349051075],[-82.381952194455337,28.549429650917446],[-82.381982893814765,28.549433478895114],[-82.381998455722666,28.54943176037311],[-82.38201404838901,28.549433467940812],[-82.382029597746239,28.549429970942043],[-82.382045189599992,28.549433435360854],[-82.382060653265512,28.549431679209967],[-82.382092471609013,28.549432666160534],[-82.382121001450457,28.549433107420857],[-82.382133225709012,28.549433648708195],[-82.382154192194363,28.549428700828653],[-82.382155150973929,28.549428475252515],[-82.382175263707111,28.549425387686991],[-82.382200316787959,28.549421542684968],[-82.382230633981962,28.549416888801371],[-82.382240253203634,28.549415412565942],[-82.382212363434974,28.549371761968278],[-82.382176382369892,28.549313200443262],[-82.382156361056161,28.549401615555844],[-82.382093752754344,28.549382738891417],[-82.382072775334947,28.549332842678208],[-82.381825826609841,28.549456608181874],[-82.381847017042205,28.549451128242673]]],[[[-82.377689992060525,28.556057703945321],[-82.377706552209588,28.556084543018017],[-82.377725622593019,28.556115447353253],[-82.377701171246628,28.556153796152568],[-82.377769472951329,28.556152825580465],[-82.377778299987781,28.556152552873847],[-82.377785328603593,28.556144060364925],[-82.377797798140264,28.556132079616727],[-82.37780275633979,28.556120480706685],[-82.377809615551428,28.556111486065962],[-82.37781651496951,28.556100585576125],[-82.377819982236261,28.556092467521335],[-82.377824283239505,28.556084576339739],[-82.37783051733993,28.556074249782839],[-82.377806284215723,28.556060635082503],[-82.377788841256418,28.556007804841364],[-82.377759249091781,28.555965352802932],[-82.377681811539645,28.556015192317673],[-82.377689992060525,28.556057703945321]]],[[[-82.381840271629301,28.548754861534082],[-82.381858403079036,28.548749320716126],[-82.381871390447017,28.548746693576497],[-82.381881584235785,28.548741334793846],[-82.381894001636979,28.548742181452777],[-82.381902536939847,28.548746198116223],[-82.38191863933379,28.548746742050312],[-82.381930722896101,28.548740032561977],[-82.381941420226113,28.548735733508213],[-82.381962049475945,28.548727139356089],[-82.381976057399754,28.548720735756838],[-82.382001228375174,28.548707692926655],[-82.382011413599969,28.548705344358851],[-82.382020135039923,28.548700056481362],[-82.382031163166118,28.548695674377051],[-82.382058112970682,28.548683389909453],[-82.382073182538804,28.548667042252227],[-82.382062865335612,28.548661136605556],[-82.382048395786043,28.548651475379796],[-82.382022404784422,28.548636355841506],[-82.381983753187839,28.54864049803879],[-82.381928913014377,28.548635784196229],[-82.381910835370348,28.548623091322575],[-82.381904049975688,28.548656849738908],[-82.381889371254886,28.548660304571303],[-82.381883895223226,28.548644852090518],[-82.381880100686757,28.548662378953612],[-82.381874029349234,28.548693800108534],[-82.381860536790143,28.548726921386425],[-82.381824224038283,28.548761861886842],[-82.381840271629301,28.548754861534082]]],[[[-82.376424762054398,28.556620599752705],[-82.376420682856605,28.556658703242714],[-82.376421800269256,28.556658805717777],[-82.376420817135539,28.556658814760226],[-82.376433155326993,28.556659840794225],[-82.3764622918317,28.556662496786778],[-82.376486886648252,28.556661730169864],[-82.376485509727033,28.556628614591922],[-82.376495018453056,28.556618566860102],[-82.376515981497278,28.556611602228092],[-82.376528310370432,28.556611734062816],[-82.376597195882752,28.556612467877251],[-82.376672665003881,28.55661431492053],[-82.376773051267136,28.556611777789829],[-82.376732151054185,28.556595781868396],[-82.376705600307631,28.55658539745615],[-82.376720912656509,28.556581582291084],[-82.376758824917545,28.556572138785853],[-82.37663849487825,28.556567935736449],[-82.376541614826195,28.556570672384435],[-82.376499889119401,28.556577147789323],[-82.376482670674207,28.556582096137621],[-82.376452928140694,28.556590643448029],[-82.376424762054398,28.556620599752705]]],[[[-82.371227128939935,28.545691568220583],[-82.371229608531863,28.545724926338458],[-82.371256508758293,28.545716714594214],[-82.371287216577102,28.545707340146123],[-82.371338033197986,28.545691827128881],[-82.371371086890292,28.545636313248959],[-82.371326694567031,28.545643264459827],[-82.371322687868954,28.545643600258845],[-82.37128565299048,28.545646706320056],[-82.371285500773766,28.545646719369035],[-82.371254309480207,28.545654598157721],[-82.37122485447675,28.545640936963199],[-82.371226942459515,28.545674523541503],[-82.371227128939935,28.545691568220583]]],[[[-82.342068945637948,28.545089847903235],[-82.342066656303132,28.545117589825466],[-82.342057760283183,28.545162999080961],[-82.342049759965292,28.545191175879765],[-82.342028450550941,28.545224429385655],[-82.342012849389178,28.545256407038046],[-82.341997678937432,28.5452749369197],[-82.341983924855953,28.545289679717115],[-82.34197020164757,28.54529753035559],[-82.34196339668533,28.545308868262133],[-82.341977692476775,28.54531124060696],[-82.3419867717665,28.545312747208381],[-82.341998461354407,28.545314687577182],[-82.342012987860954,28.545299272393528],[-82.342037631693017,28.545267271061434],[-82.342050415381436,28.545246647440386],[-82.342059874502525,28.545228131940313],[-82.342072183339113,28.545207929101863],[-82.342084460940342,28.545178060465183],[-82.342089141104125,28.545153674641952],[-82.342100478183681,28.545127170495338],[-82.342108533103371,28.545118427272094],[-82.342117211236811,28.54510900842952],[-82.342099962631266,28.545095384128512],[-82.342068949290606,28.545084336395711],[-82.342068945637948,28.545089847903235]]],[[[-82.374314352608522,28.549417096497201],[-82.374309971616853,28.549326647324346],[-82.374309446190253,28.549485844764355],[-82.374314352608522,28.549417096497201]]],[[[-82.338872620051632,28.549666492161201],[-82.33887478806632,28.549677178582407],[-82.338868114341508,28.549716294554038],[-82.338850254049134,28.549772194906375],[-82.338843055191802,28.54979252455621],[-82.33882563328541,28.549841720323549],[-82.338759829216713,28.549980812468348],[-82.338665064306966,28.550127288485797],[-82.338512226722813,28.550241005394007],[-82.338301747720408,28.550457233579586],[-82.338145130437283,28.550684296151459],[-82.338079219865961,28.550790484381462],[-82.337955224901847,28.550860257048903],[-82.337851775550462,28.550917703942957],[-82.337853177852921,28.551045512452752],[-82.337963832529837,28.550962603429213],[-82.338129141159769,28.550863479410452],[-82.338215917714805,28.550808423534594],[-82.338277406853223,28.55061450267749],[-82.338372301286896,28.550508242119093],[-82.338446609030996,28.55043859293912],[-82.338570440482982,28.5503176358743],[-82.338669497607484,28.550218677293156],[-82.338756121250995,28.550116093378524],[-82.338842710640066,28.550002541545609],[-82.338908350738294,28.549812265411223],[-82.33894551224445,28.549777079723349],[-82.338979937553489,28.549748456360085],[-82.338985536422854,28.549746120659517],[-82.338973732870585,28.549729790696375],[-82.338971756011944,28.549721039319952],[-82.338958917145945,28.549715530100038],[-82.338927167929441,28.54970190822068],[-82.338926949787663,28.549701761683714],[-82.338924400711576,28.549700051795305],[-82.338884265813775,28.549673124171839],[-82.33888069283033,28.549670159877934],[-82.338872620051632,28.549666492161201]]]]},"properties":{"OBJECTID_1":8,"OBJECTID":44,"WATERSHED":"BYSTRE LAKE","COUNTY":"HERNANDO","FEMA_ZONE":"AO","FTYPE":"TRANSITION ZONE","Shape_STAr":4367860.0907699997,"Shape_STLe":227619.095696,"Shape_Length":45734.797399175215,"Shape_Area":953224.55002689862}},{"type":"Feature","id":9,"geometry":{"type":"MultiPolygon","coordinates":[[[[-82.37184420788148,28.54586778948557],[-82.371894282819952,28.545881431066942],[-82.371918150650302,28.545850703305685],[-82.371992615280618,28.545865231817238],[-82.372014931671259,28.54581206350381],[-82.372111865597446,28.54577973236994],[-82.37217891737977,28.545792812988022],[-82.372212956560773,28.545836059938658],[-82.372252214895923,28.545785515166337],[-82.372319985564943,28.545769962520957],[-82.372339214929752,28.545702934567885],[-82.372318858755236,28.545660510059808],[-82.372064371036302,28.545655321658181],[-82.372058038384736,28.545663474500568],[-82.37199293158406,28.54567488610143],[-82.371956129269392,28.545696191890674],[-82.371967944143421,28.545742064229351],[-82.371942962097378,28.545776172507384],[-82.37191598596003,28.54577090906124],[-82.371835291861174,28.545833176708356],[-82.37184420788148,28.54586778948557]]],[[[-82.370918930782977,28.54572122486157],[-82.370952220151821,28.545760615777716],[-82.37097245466687,28.5458440043218],[-82.37103014477772,28.545909580307292],[-82.371121287830491,28.545921219549189],[-82.371083218807001,28.54572698046875],[-82.37099807406031,28.54570531245448],[-82.37094778344067,28.545712013467075],[-82.370912070080294,28.545699729126806],[-82.370918930782977,28.54572122486157]]],[[[-82.37101207260406,28.546282861557764],[-82.371108151884101,28.546284331490298],[-82.371133761020104,28.546240099210671],[-82.37110583796445,28.546091535896668],[-82.371016492639114,28.546132484575633],[-82.370936745086055,28.546119226017947],[-82.370868546887053,28.546073826126996],[-82.370773160247978,28.546057652318868],[-82.370765553335033,28.546064686973121],[-82.370669482137075,28.546081520726474],[-82.370635870100557,28.546110213925125],[-82.370664195383256,28.546161362404654],[-82.370734886707453,28.546202011993486],[-82.370803957787444,28.546243078338556],[-82.370828425772331,28.546229535081864],[-82.37090048660464,28.5461809422012],[-82.37101207260406,28.546282861557764]]]]},"properties":{"OBJECTID_1":9,"OBJECTID":45,"WATERSHED":"BYSTRE LAKE","COUNTY":"HERNANDO","FEMA_ZONE":"X (shaded)","FTYPE":"FLOODPLAIN","Shape_STAr":340930.96541599999,"Shape_STLe":11863.4657962,"Shape_Length":1126.0045072647124,"Shape_Area":17677.471911922614}}]}