{"type":"FeatureCollection","features":[{"type":"Feature","id":1,"geometry":{"type":"LineString","coordinates":[[-82.356558084271839,28.534860180071313],[-82.356244338626738,28.535029677167095],[-82.355539529857026,28.535212779164457],[-82.355211958969505,28.535333320148389],[-82.35494156126417,28.535439898799773],[-82.354692982749967,28.535541664594422],[-82.354589045390682,28.535601511287371],[-82.354483760962935,28.535665567230691],[-82.354310653922354,28.535771037951498],[-82.354150267170112,28.53588115572899],[-82.35401558874743,28.536026758563494],[-82.353839759654022,28.536353382531125],[-82.35377602993799,28.536588746557801],[-82.353769655057278,28.5367558298727],[-82.353809222435729,28.53693133597141],[-82.353888621810583,28.53722380983908],[-82.354058675391585,28.537614721066308],[-82.354194945133926,28.537870724501818],[-82.354444995441227,28.538220078555835],[-82.35448137016482,28.538269469811674],[-82.354551115262709,28.538354433562308],[-82.354670245568073,28.538475148102503],[-82.354845783785166,28.538631428918634],[-82.355160229407531,28.538785951283685],[-82.355221399035528,28.538803552981253],[-82.355371271903635,28.538838239393435],[-82.355666880440538,28.53888476535376],[-82.355810121761209,28.538892349690038],[-82.355858926233694,28.538923595309182],[-82.355941608196332,28.538999422514571],[-82.356113202839168,28.539078826231886],[-82.35611627319507,28.539087866856008],[-82.356149372681998,28.539141722000156],[-82.356078116386058,28.539156090041288],[-82.355737360292139,28.539132389762198],[-82.355714681909049,28.539150702621271],[-82.355692093684596,28.539543290931892],[-82.355713855007068,28.539669614902067],[-82.355758414758597,28.539727832714],[-82.355855349158077,28.539835059276641],[-82.355901521534619,28.539870781064781],[-82.355962996567712,28.539910618006623],[-82.356070921722946,28.539968446728015],[-82.356587548517055,28.540211453182735],[-82.35662062564559,28.540224508016749],[-82.357133659026388,28.540621120048648],[-82.35730248439674,28.540713997842051],[-82.357599360650568,28.540846363095607],[-82.357889296130693,28.540929121761764],[-82.358136469780902,28.540962686888882],[-82.358402679076661,28.54096467986324],[-82.358534236589961,28.54094061096173],[-82.358660107210056,28.540912250081067],[-82.358888867937949,28.540851333266538],[-82.358986711984571,28.540814205918046],[-82.359201727051428,28.540730890922088],[-82.359467122877049,28.540574995116049],[-82.359531111222438,28.540533531910473],[-82.35974919496806,28.540459256597796],[-82.359863695956008,28.540462567101368],[-82.360448782311721,28.540623618076459],[-82.361182831891284,28.540751803293471],[-82.361380623794247,28.540749613175514],[-82.361805756995324,28.540695765552034],[-82.362323314059395,28.540708568657362],[-82.362404503909573,28.540671805422676],[-82.362505834350074,28.540530871827293],[-82.36256243252204,28.540512397808364],[-82.362639515620018,28.54049332224691],[-82.363064304273635,28.540461971470346],[-82.363263689040835,28.540397048161033],[-82.363388179274793,28.540332367398545],[-82.363493008674382,28.540213987631969],[-82.363518576211234,28.540173200180455],[-82.363570854887328,28.540059842673038],[-82.363589293643187,28.539982943678726],[-82.363611531039183,28.539951122658479],[-82.36377953955359,28.539886394491326],[-82.36389500267353,28.53982638901109],[-82.364040535505978,28.539640101492928],[-82.364464797555286,28.539261204114446],[-82.364510860341255,28.539220089864543],[-82.364723844153303,28.538974369262903],[-82.364746006566961,28.538947045522274],[-82.364801076180484,28.538860734913612],[-82.364910525692906,28.538647569710545],[-82.364958457236327,28.538439597589438],[-82.364955764881671,28.538150835980893],[-82.365026780819534,28.537983094003252],[-82.365047570108629,28.537919745244743],[-82.365068355992065,28.537730025486898],[-82.365134574993533,28.537327530749732],[-82.365196575072133,28.536780901974439],[-82.365247866374347,28.536392302715477],[-82.365243565982965,28.536126040713118],[-82.365181685589221,28.535815484220336],[-82.365004663519272,28.535587156196907],[-82.36492861746531,28.535452316198782],[-82.364868801534669,28.535344680544501],[-82.364680653361134,28.535175046762816],[-82.364572864016537,28.535108505155794],[-82.364470764528335,28.535046525769143],[-82.364413685947895,28.534970158601709],[-82.364374684373132,28.534928656294131]]},"properties":{"OBJECTID_1":1,"OBJECTID":14310,"QUADNUMBER":0,"ELEVATION":110,"ORGCONT":0,"DEPRESSION":0,"HILLTOP":0,"INTERVAL":0,"UNIT":" ","DATESTAMP":1078790400000,"ShapeSTLen":11165.301632603032,"Shape_Length":7777.349784534661}},{"type":"Feature","id":2,"geometry":{"type":"LineString","coordinates":[[-82.337859945911461,28.551662048497882],[-82.33795344995913,28.551659864017285],[-82.33829609391951,28.551687839541895],[-82.338581627411671,28.551725836359701],[-82.338862392005865,28.551781506885366],[-82.339042473180896,28.551892553159533],[-82.339067041807752,28.551960100542825],[-82.338924156076359,28.552011311401074],[-82.338669240041895,28.552022642965959],[-82.338464097046426,28.552002203103076],[-82.338289405264646,28.551999293519778],[-82.338065264093672,28.551965393259238],[-82.337863167953856,28.551955573565426]]},"properties":{"OBJECTID_1":2,"OBJECTID":15811,"QUADNUMBER":0,"ELEVATION":110,"ORGCONT":0,"DEPRESSION":0,"HILLTOP":0,"INTERVAL":0,"UNIT":" ","DATESTAMP":1078790400000,"ShapeSTLen":1768.9466490190616,"Shape_Length":813.69040348587566}},{"type":"Feature","id":3,"geometry":{"type":"LineString","coordinates":[[-82.352886564940121,28.558492655933303],[-82.352963048833089,28.558514385716364],[-82.352998347476628,28.558550251219064],[-82.352982116307601,28.558649690529847],[-82.352773637152225,28.558931467943605],[-82.352739797827212,28.558967931853683],[-82.352664991817107,28.55900477199193],[-82.352538027909276,28.559019601461987],[-82.352414674875121,28.55900745414981],[-82.351940647129069,28.558903668003097],[-82.351876670010824,28.558859295328585],[-82.351848398556186,28.55878270050982],[-82.352419492306339,28.558605651035872],[-82.352755046039576,28.558511936950371],[-82.352886564940121,28.558492655933303]]},"properties":{"OBJECTID_1":3,"OBJECTID":15977,"QUADNUMBER":0,"ELEVATION":120,"ORGCONT":0,"DEPRESSION":0,"HILLTOP":0,"INTERVAL":0,"UNIT":" ","DATESTAMP":1078790400000,"ShapeSTLen":889.83064013291312,"Shape_Length":889.83064013241756}},{"type":"Feature","id":4,"geometry":{"type":"LineString","coordinates":[[-82.352788634768004,28.555668914068875],[-82.352787732037953,28.555686909053577],[-82.353017786872343,28.555837917489402],[-82.353071211570452,28.555859938191933],[-82.353137583085655,28.555872816084065],[-82.353241370780424,28.555867284523924],[-82.353351634935393,28.555771484089789]]},"properties":{"OBJECTID_1":4,"OBJECTID":15980,"QUADNUMBER":0,"ELEVATION":140,"ORGCONT":0,"DEPRESSION":0,"HILLTOP":0,"INTERVAL":0,"UNIT":" ","DATESTAMP":1078790400000,"ShapeSTLen":222.35925061595273,"Shape_Length":222.35925061889574}},{"type":"Feature","id":5,"geometry":{"type":"MultiLineString","coordinates":[[[-82.364784899250722,28.534927693205365],[-82.364925070534937,28.535050977082616],[-82.365251587393232,28.535381506670628],[-82.365345920545153,28.535534007541774],[-82.365386232118624,28.535619186558556],[-82.365425049173908,28.535803965461088],[-82.365440091451831,28.535952730024455],[-82.36541467822822,28.536449408006487],[-82.365417580786954,28.536638834918993],[-82.365437577741162,28.536755852612139],[-82.365531311133708,28.53716106086511],[-82.365590641443887,28.537810413202216],[-82.365599567399173,28.53806744165113],[-82.365600119419469,28.538157788821287],[-82.36557387355036,28.538455784355385],[-82.365531218574063,28.538695335229658],[-82.365517098345165,28.538740756450387],[-82.365397584530982,28.539111953540878],[-82.365285645016684,28.539320587043886],[-82.364929122339589,28.539748401297199],[-82.36492344791958,28.540294561665938],[-82.36492290272075,28.540330576436123],[-82.364901265309328,28.54040742644683],[-82.364790168017251,28.540602559145185],[-82.364773741492982,28.540715782910485],[-82.364769677300984,28.540815072012276],[-82.364825643107082,28.541008488096093],[-82.364878692431191,28.541098314304936],[-82.364908155440034,28.541138623886493],[-82.365072733864295,28.541344567504854],[-82.365251549234529,28.541667468240121],[-82.365264400218805,28.54174866504027],[-82.365149623695984,28.541975554927259],[-82.365144032195062,28.542007001175101],[-82.365153522762625,28.54205664406377],[-82.365325282828053,28.542167840364829],[-82.366041560132132,28.542584801203716],[-82.366148218157761,28.542642328386467],[-82.366181867656636,28.542659886519214],[-82.36704227263769,28.54311172754306],[-82.367561156209419,28.543462787887378],[-82.367717318253909,28.543632891071098],[-82.367722943552877,28.5436416799668],[-82.3677576379269,28.543718062009731],[-82.367753242830716,28.543839864509415],[-82.367700252524259,28.544043554189383],[-82.367654422722666,28.54411168581931],[-82.367554790367777,28.544225621463646],[-82.367410317088499,28.544299081205306],[-82.367271441657905,28.544341363352761],[-82.367152685824323,28.544365032539947],[-82.366732398155662,28.544351131689545],[-82.366269312356437,28.544247517064306],[-82.366158071940717,28.544239747445708],[-82.365790916923629,28.544225337653529],[-82.36558633032962,28.544168640569154],[-82.365460971269968,28.544120181282398],[-82.365402688880806,28.544080389740959],[-82.365339701424631,28.544013244670793],[-82.365252913025529,28.543869553135369],[-82.365201561473299,28.543667180921169],[-82.3652294932199,28.54342774389999],[-82.36536102113395,28.543150953731445],[-82.365380671330371,28.543078581020733],[-82.365359361050409,28.543006568466989],[-82.365222155601614,28.542895213429642],[-82.365120301141516,28.542774425789506],[-82.364997188700428,28.542789319620301],[-82.364793051405314,28.542872488216496],[-82.364538090269605,28.542888643516125],[-82.364149881251308,28.542955593825564],[-82.363824861908,28.542990638442394],[-82.363753815262299,28.542991216781399],[-82.363672013696259,28.542982948469909],[-82.363602248474933,28.542983822874646],[-82.363451387753187,28.542971646311145],[-82.363392495756145,28.542972373298994],[-82.363176052033879,28.542938328651584],[-82.362876534779772,28.542810440330122],[-82.362697232487662,28.542604888930519],[-82.362669730071886,28.54251929781891],[-82.362666807865722,28.542289069014121],[-82.362733633622696,28.542144077558003],[-82.362874284484391,28.541984742825075],[-82.362877664804927,28.54193047517186],[-82.362823868728412,28.541890447630308],[-82.362564528771401,28.541857021901539],[-82.362223228895544,28.541869363554255],[-82.361965926893546,28.541912503841619],[-82.361926173731874,28.54191766741479],[-82.361818065241593,28.541914157552004],[-82.36157473677946,28.541880351598792],[-82.36142380734448,28.541872967086196],[-82.361309400108269,28.541905676378121],[-82.361281393005129,28.541937437475202],[-82.361280506361553,28.541996236329027],[-82.361366747563821,28.542175947953652],[-82.361382747290477,28.542387753214701],[-82.361333673969668,28.542501159084136],[-82.361273373952713,28.542637221886523],[-82.361154766458114,28.542778228465163],[-82.360963461536684,28.542901779328655],[-82.360812079157498,28.542966707090258],[-82.360505815934687,28.543073441710039],[-82.360058946340132,28.543168116993904],[-82.360019833430471,28.543173011221263],[-82.359886479069587,28.543188054808422],[-82.35950305414076,28.543191724222947],[-82.359105551202205,28.543195804256229],[-82.358982286578282,28.543178877427799],[-82.358750540567243,28.543140709993573],[-82.358640145165509,28.543119152332544],[-82.358495460692595,28.543080031723044],[-82.357962860446719,28.542918456931648],[-82.357873222040737,28.542878568825763],[-82.357765014364574,28.542839308886631],[-82.357689253386454,28.542812819944203],[-82.357388469610669,28.54268518719233],[-82.357280470240681,28.542632142162745],[-82.357053402805931,28.542453881978123],[-82.35693598765522,28.542346969141043],[-82.356793354520477,28.542172232163331],[-82.356735185536976,28.54208262556207],[-82.356725925759875,28.542060280864835],[-82.356584957104516,28.541691385365521],[-82.356578188628461,28.541673575594999],[-82.356547585931068,28.541285706322341],[-82.356527514808647,28.541258739329798],[-82.356354542255772,28.541143303021357],[-82.356292835462696,28.540949807278103],[-82.3562443074903,28.54090083281725],[-82.355910725014994,28.540867936488318],[-82.355484744132156,28.540808915745867],[-82.355348953152998,28.540774397470763],[-82.355106439301153,28.540686563638879],[-82.354847043768103,28.540530995052503],[-82.354650509077132,28.540366026355034],[-82.35455046890128,28.540294786985761],[-82.354379841809745,28.540152076865336],[-82.354319850730462,28.540098739020227],[-82.354294594071249,28.540076211199658],[-82.354037245035542,28.539785585028334],[-82.353788112193783,28.539417947400977],[-82.353707045410459,28.539319630139865],[-82.353681492112514,28.539274580539974],[-82.353615792582914,28.539176165449014],[-82.353588383927445,28.539126590908886],[-82.353554632197586,28.538693944848106],[-82.35339029166721,28.538474194117772],[-82.353304561968031,28.538303778130434],[-82.353221449732246,28.538087800576854],[-82.352975873718592,28.537106718758434],[-82.352969047555831,28.536966777029662],[-82.352974574589837,28.536813185957676],[-82.352937612559487,28.536719041474903],[-82.352896183271795,28.536538732269818],[-82.352899059183741,28.536349374750273],[-82.352910835232819,28.53629041222672],[-82.352937928525265,28.536150305636749],[-82.352966520691012,28.535784518615596],[-82.352984193334592,28.535716627426662],[-82.35302576886852,28.53554938855768],[-82.353104911284561,28.535268620447265],[-82.353253168463596,28.534987543502282],[-82.353247543446813,28.534852112134459],[-82.353230338112979,28.534826872365727]],[[-82.350537266426002,28.535182243834853],[-82.35044417785484,28.53529531468045],[-82.350268601209578,28.535436772038246],[-82.350053947482067,28.535538373296305],[-82.349994945175141,28.535588617054561],[-82.349969502103932,28.535620394517085],[-82.34990540381493,28.535711103348397],[-82.349774665332504,28.535933565967031],[-82.349581548605386,28.536134191742935],[-82.349292253590136,28.53630385443693],[-82.349057257155678,28.536396495655794],[-82.348873439283352,28.536448077500612],[-82.348414424603547,28.536542853023832],[-82.347840023657412,28.536607280850468],[-82.347293704176124,28.536635175326985],[-82.34690881968244,28.536652595140371],[-82.346563893172785,28.536651341711838],[-82.346456567178492,28.536638813114678],[-82.346303838724467,28.536618980252779]]]},"properties":{"OBJECTID_1":5,"OBJECTID":16213,"QUADNUMBER":0,"ELEVATION":100,"ORGCONT":0,"DEPRESSION":0,"HILLTOP":0,"INTERVAL":0,"UNIT":" ","DATESTAMP":1078790400000,"ShapeSTLen":28083.447286697639,"Shape_Length":13603.688854107659}},{"type":"Feature","id":6,"geometry":{"type":"LineString","coordinates":[[-82.351087274903279,28.538077635586902],[-82.351153134076043,28.538081503292354],[-82.351193960070589,28.538090140510377],[-82.351260965005125,28.53810302861422],[-82.351325265348706,28.538124898368604],[-82.351323053123551,28.538228710342796],[-82.351286858637437,28.538377996183737],[-82.351158548005557,28.538356790031589],[-82.35107426001251,28.538343982651373],[-82.35089175052785,28.53830975298807],[-82.350939003794295,28.538232640418414],[-82.351044618596035,28.538104993855974],[-82.351087274903279,28.538077635586902]]},"properties":{"OBJECTID_1":6,"OBJECTID":16833,"QUADNUMBER":0,"ELEVATION":90,"ORGCONT":0,"DEPRESSION":1,"HILLTOP":0,"INTERVAL":0,"UNIT":" ","DATESTAMP":1078790400000,"ShapeSTLen":407.64159313649907,"Shape_Length":407.64159314001211}},{"type":"Feature","id":7,"geometry":{"type":"MultiLineString","coordinates":[[[-82.380504934950565,28.55621519282521],[-82.380909115234488,28.556369009607682],[-82.380918935852918,28.556386961122545],[-82.380910935213393,28.556459243645662],[-82.380878056261395,28.556558856482486],[-82.38082152715667,28.556609067723048],[-82.380685885904128,28.556691675456054],[-82.380526283145628,28.556896373292115],[-82.380469356922063,28.557136116926468],[-82.380465887853447,28.55733470580661],[-82.380529384106097,28.557622863362763],[-82.380651814930459,28.557874312779902],[-82.380723472511434,28.558004447203398],[-82.380840495700184,28.558183759822089],[-82.381058154236754,28.558339486117237],[-82.381062355909961,28.558416155826361],[-82.380835235078237,28.558783983912154],[-82.380815531450736,28.558815772576928],[-82.380722106207841,28.559073938788508],[-82.380712873895874,28.559101107880238],[-82.380664950999801,28.559173798290338],[-82.380630351517155,28.559214762153267],[-82.380223662731566,28.559236958846625],[-82.380090967206144,28.559251843654394],[-82.38002022977409,28.559266101919654],[-82.379897276636683,28.559316991384296],[-82.379695726971008,28.559490517957844],[-82.379628242880628,28.559631091387281],[-82.379629656498906,28.559739379597815],[-82.379670950080211,28.559770549030095],[-82.379848087176569,28.55983192219368],[-82.379847981891956,28.560044014069788],[-82.37984935439296,28.56007558931303],[-82.379870243064929,28.560134038381179],[-82.37993462072302,28.56019655979],[-82.380122129343789,28.560244292707402],[-82.380157317647246,28.560248445974516],[-82.380294786468937,28.560256072757273],[-82.380573306734547,28.560253232128073],[-82.380619889417716,28.56024820363319]],[[-82.382341668110783,28.557461075754262],[-82.382275692093387,28.557347855834966],[-82.382235790857337,28.557032381195853],[-82.382187853173377,28.556883954473815],[-82.382077867828926,28.556754212023133],[-82.381845844169618,28.556476796112676],[-82.3818084009648,28.556251547208724],[-82.381783849675813,28.55527708380658],[-82.381764952172716,28.554564301188659],[-82.381722274424106,28.554158603914235],[-82.38164900535763,28.553929210112276],[-82.381561669473385,28.553821796800698],[-82.381490359326762,28.553790934230108],[-82.381452171868119,28.553777785290308],[-82.380879481378471,28.553634698836987],[-82.380653869358724,28.553578339055743],[-82.380571286178721,28.553565640984253],[-82.380527789712261,28.553561571549572],[-82.380366961140098,28.553549670142427],[-82.380228061025463,28.553578157126552],[-82.380198338368501,28.553601020785948],[-82.380150813616325,28.553655655068575],[-82.380122466922671,28.55375973247093],[-82.38012387608407,28.554210974962931],[-82.380092180627585,28.554400825310076],[-82.380105181579324,28.55466242259989],[-82.380141184835793,28.554851583486524],[-82.380154998289981,28.554955232413914],[-82.380154324082469,28.5552711201099],[-82.380142662178969,28.555478816715425],[-82.380151128116964,28.555735945648976],[-82.380207760657555,28.555938434891051],[-82.380315519654729,28.55611784165928],[-82.380405013088904,28.556171082374341],[-82.380504934950565,28.55621519282521]]]},"properties":{"OBJECTID_1":7,"OBJECTID":19282,"QUADNUMBER":0,"ELEVATION":190,"ORGCONT":0,"DEPRESSION":0,"HILLTOP":0,"INTERVAL":0,"UNIT":" ","DATESTAMP":1078790400000,"ShapeSTLen":13136.048338437315,"Shape_Length":5029.6808004906943}},{"type":"Feature","id":8,"geometry":{"type":"LineString","coordinates":[[-82.376032878784315,28.558259708026984],[-82.376428945311091,28.558255692146631],[-82.376607058550775,28.558294497615396],[-82.376798773554427,28.558396332154675],[-82.376894175087969,28.558485618870041],[-82.376955863385106,28.558561705906904],[-82.377030658832197,28.558736936004085],[-82.377045431555473,28.558890214696863],[-82.377047321884831,28.558912757048166],[-82.377041356752571,28.558994045322954],[-82.376994768950226,28.559170506740031],[-82.376941887641848,28.55927934371427],[-82.376825756206628,28.559388823675288],[-82.376799359645645,28.559398116128484],[-82.376670966785809,28.559449067409155],[-82.376265504529286,28.559516353978307],[-82.376026147308721,28.559509757034611],[-82.376011459233013,28.559509906904449],[-82.375990314522269,28.559505608990168],[-82.375840047391691,28.559471030685614],[-82.375415852839282,28.559276788047054],[-82.375120711145897,28.55905866085973],[-82.375014069961949,28.558915338606074],[-82.375010390221831,28.558730361499574],[-82.375063390936205,28.558580910723709],[-82.375171798520697,28.55846699785657],[-82.375237764175793,28.558430228453798],[-82.375362008322767,28.558379330601895],[-82.37560721334431,28.558295620167236],[-82.375800412636522,28.55826658603106],[-82.376032878784315,28.558259708026984]]},"properties":{"OBJECTID_1":8,"OBJECTID":19500,"QUADNUMBER":0,"ELEVATION":200,"ORGCONT":0,"DEPRESSION":0,"HILLTOP":0,"INTERVAL":0,"UNIT":" ","DATESTAMP":1078790400000,"ShapeSTLen":1795.6038388406537,"Shape_Length":1795.6038388435504}},{"type":"Feature","id":9,"geometry":{"type":"LineString","coordinates":[[-82.350866102817065,28.536166474855484],[-82.350924005026712,28.5361885418111],[-82.350978297720928,28.536237586353955],[-82.351026300165429,28.536363381360719],[-82.351050165164153,28.53643541677091],[-82.351060506207006,28.53647127977565],[-82.351146770372836,28.536732325256644],[-82.351204875591918,28.536866961377434],[-82.351289594674739,28.53701963862747],[-82.351315362237344,28.537050895858005],[-82.35134040995294,28.537086929234469],[-82.351525798286076,28.537310588429463],[-82.351501680797355,28.537423715137496],[-82.351454546335091,28.537577658363144],[-82.351416132647273,28.537704402286099],[-82.351358094347461,28.537944050099675],[-82.351276439353796,28.537926765831088],[-82.351209301933437,28.537922886150575],[-82.351132704804073,28.537910165390869],[-82.351066151014209,28.537698877347069],[-82.351012046414468,28.537595527656016],[-82.350952063714203,28.537541918461788],[-82.350935064571829,28.537523984137518],[-82.350748039608305,28.537449184932687],[-82.350685365632529,28.537404826154873],[-82.350627386766462,28.537387261084895],[-82.350608104519907,28.5373512902949],[-82.350574245112242,28.537220879267949],[-82.350540397122501,28.537090187571856],[-82.350391209959398,28.536884126729955],[-82.350370621752305,28.536807615259956],[-82.350344671472911,28.536704030225586],[-82.350349681910686,28.53662726592847],[-82.350413417296181,28.536518546193903],[-82.350456754991555,28.536445887909586],[-82.350519619110727,28.536309856490426],[-82.350595699544996,28.536273044896127],[-82.350646615598222,28.536249722367792],[-82.350800618196004,28.536180618578769],[-82.350866102817065,28.536166474855484]]},"properties":{"OBJECTID_1":9,"OBJECTID":22710,"QUADNUMBER":0,"ELEVATION":90,"ORGCONT":0,"DEPRESSION":1,"HILLTOP":0,"INTERVAL":0,"UNIT":" ","DATESTAMP":1078790400000,"ShapeSTLen":1603.2393780780783,"Shape_Length":1603.2393780802954}},{"type":"Feature","id":10,"geometry":{"type":"LineString","coordinates":[[-82.374819550964503,28.563956196717701],[-82.374727177142177,28.5638413758805],[-82.374648800291951,28.563774616302485],[-82.374486337458237,28.563595723417038],[-82.374244420674998,28.56316488690274],[-82.374007126529818,28.56281092981482],[-82.373952514270869,28.562739093655665],[-82.373923262942711,28.562726095770888],[-82.373921311638838,28.562685267696011],[-82.373892533584637,28.562640469246688],[-82.373695206723184,28.562268123734604],[-82.373609807701754,28.56202961309484],[-82.3734879053806,28.561877644015222],[-82.373377426002435,28.561689225978927],[-82.373333463705919,28.561590222469764],[-82.373319352783398,28.561549817630869],[-82.373291185577045,28.561464497014505],[-82.373084163035927,28.5609701830085],[-82.373032550776784,28.560911896721894],[-82.372842449471008,28.560783054545968],[-82.372771695262855,28.560720605014481],[-82.372691814315218,28.560626529221597],[-82.372576393705941,28.560384019003635],[-82.372552806437199,28.560334773719035],[-82.372494861428649,28.5602721923294],[-82.372139356101584,28.560203341860163],[-82.371696512259916,28.560067902537185],[-82.371470290621531,28.559957490995604],[-82.371215506599555,28.559788498034955],[-82.371180630003167,28.559766431098499],[-82.371040568260412,28.559673054842563],[-82.370965642977851,28.559633072220752],[-82.370768023021313,28.559535936820435],[-82.370303463477725,28.559355504826065],[-82.370082767362277,28.55930369081171],[-82.369992776299981,28.559286600418339],[-82.369912947139724,28.559273853196597],[-82.369266729095159,28.55921259429746],[-82.369226461110529,28.559208460139278],[-82.369046971853166,28.559183303799411],[-82.368947377712431,28.559166104370068],[-82.368740693517154,28.559118667023526],[-82.368346961789527,28.558996177999095],[-82.368205252594919,28.558884774547259],[-82.368128137659511,28.558777503546331],[-82.368095597503,28.558728155411437],[-82.368055772205494,28.55865171808853],[-82.36794205186645,28.558382200317563],[-82.367902989782252,28.558256241480059],[-82.367735235369651,28.55791939853686],[-82.367696489794767,28.557856757623782],[-82.367603569115758,28.557735791017606],[-82.367497115928998,28.557664482345636],[-82.367442830773669,28.557656254696511],[-82.367355629510627,28.55766593547408],[-82.367288368817484,28.557711863298945],[-82.367259081797698,28.557743601963676],[-82.367236794155275,28.557906280691522],[-82.367261883672867,28.558280572035986],[-82.367258693882263,28.55840717234549],[-82.36721028560774,28.558561104977827],[-82.367140493702692,28.558733087139469],[-82.367026727985134,28.559018516372848],[-82.366934097378632,28.559601660713454],[-82.366903387805209,28.559728223490556],[-82.366827559110305,28.559832866793798],[-82.366811348786428,28.55984647002709],[-82.366672004362854,28.559960786479778],[-82.366574138273634,28.560083756992398],[-82.366441963615742,28.560486606070654],[-82.366403748998266,28.560559047827589],[-82.366230028386141,28.560745857470064],[-82.366000977798379,28.560865600063359],[-82.365665402147982,28.560918532361125],[-82.365447156302693,28.560916270532754],[-82.36522497580107,28.560877946190274],[-82.364955097927847,28.560776863116917],[-82.364836973620143,28.560714704606557],[-82.364469392675517,28.560470370831087],[-82.364278779375425,28.560291703498514],[-82.364163588890605,28.560162031729401],[-82.364023766410298,28.559883765767324],[-82.36397428403869,28.559811987547935],[-82.363768148710832,28.559516068897338],[-82.363686300393496,28.559340918846356],[-82.363641726380095,28.559070809716214],[-82.363649759656781,28.558835920459167],[-82.363672351142242,28.558695758433394],[-82.363726044900218,28.558361495960902],[-82.363834009949741,28.558121017785748],[-82.363937984526601,28.557975617848427],[-82.363999111781581,28.557911887847315],[-82.364443576947281,28.557641286954304],[-82.364594418280618,28.557486298765053],[-82.364795915552364,28.557240438781726],[-82.36503521113832,28.55703497560123],[-82.365334130811164,28.556865112113776],[-82.365906517345223,28.556642713324258],[-82.366233729999493,28.556549150008593],[-82.366458132295406,28.556524473657831],[-82.366975704025279,28.556541753003568],[-82.367094825775666,28.556495298898984],[-82.3671395338515,28.556458956339497],[-82.367234997237247,28.556367761398732],[-82.367438811622193,28.556094918546499],[-82.36761084932273,28.555339629785937],[-82.367723139632659,28.55510821249327],[-82.36788577058941,28.554935058928713],[-82.368521768307261,28.554269882549391],[-82.368765970005455,28.554077983275995],[-82.368816172321559,28.554059425665308],[-82.368935459835683,28.553958947409765],[-82.369264084352267,28.553770561594224],[-82.369324097710972,28.553738331950395],[-82.369912780878266,28.553452504385795],[-82.370210368520659,28.55324208453753],[-82.370387378513456,28.553091338038641],[-82.370468138319794,28.553040775327972],[-82.370601470858873,28.55298547616626],[-82.370670446435,28.552953076187599],[-82.371570325776403,28.55270040419504],[-82.371852375408537,28.55262966916403],[-82.372510603849349,28.552528404471779],[-82.372658551055295,28.552522242437988],[-82.373133744549193,28.552504113156839],[-82.373485438254463,28.552441783500779],[-82.373873343750205,28.552311480239197],[-82.37417061770762,28.552249923082702],[-82.374461755019837,28.552255831083116],[-82.374998955032495,28.552446731352251]]},"properties":{"OBJECTID_1":10,"OBJECTID":24974,"QUADNUMBER":0,"ELEVATION":120,"ORGCONT":0,"DEPRESSION":0,"HILLTOP":0,"INTERVAL":0,"UNIT":" ","DATESTAMP":1078790400000,"ShapeSTLen":10877.977951858731,"Shape_Length":10877.97795187213}},{"type":"Feature","id":11,"geometry":{"type":"LineString","coordinates":[[-82.374816326586455,28.540909617750774],[-82.374599628024299,28.541009291676946],[-82.374107311776655,28.541190157581489],[-82.37405755763838,28.541222231147209],[-82.373747597326201,28.541491600119603],[-82.373672460081082,28.541722620871383],[-82.373644118224632,28.541776886157649],[-82.373223130591441,28.541853328751088],[-82.372999636940094,28.541905324742473],[-82.372962105615002,28.541932755183311],[-82.372598040645315,28.542139591804883],[-82.372196652605012,28.542360062143697],[-82.372149922757544,28.542360644092401],[-82.372060912294259,28.542406604134506],[-82.371969883674083,28.542416523884043],[-82.371726608781373,28.542378520275701],[-82.371683857320335,28.542369866554985],[-82.371615303061986,28.542374980048738],[-82.371500316610806,28.542403191403519],[-82.371454596230052,28.542421801805602],[-82.371276641500856,28.542509220774832],[-82.371214512888059,28.542555216849649],[-82.37103413015123,28.542719437562859],[-82.3707959526553,28.542938420946292],[-82.370417703652421,28.543109068753527],[-82.370329241295863,28.543119013793444],[-82.369666451457647,28.54314394937883],[-82.36946775567786,28.543163880515738],[-82.369395722634223,28.543187239545315],[-82.36934886033076,28.543196539299064],[-82.369209642587165,28.543261336825747],[-82.36888433937888,28.543571328202674],[-82.368770024427278,28.543640358179253],[-82.36870445320514,28.543659008031025],[-82.36867508591088,28.543654728563499],[-82.368415313541121,28.54352197845747],[-82.368360905454225,28.543522461730596],[-82.368255175263712,28.543658852010786],[-82.368254827353411,28.543681633422551],[-82.368249106600985,28.543722098118469],[-82.36884678411127,28.544068154662504],[-82.368855705988963,28.544113279892915],[-82.368808365395054,28.544154380111415],[-82.368744888231106,28.54420457820968],[-82.368736433504381,28.544213768036766],[-82.368308040720194,28.544398455707924],[-82.367929684738883,28.544618908751232],[-82.367613732673476,28.54490199013739],[-82.367373841848917,28.545233796190974],[-82.366988810642113,28.545386626207389],[-82.366825811067386,28.545500954531125],[-82.366650935379312,28.545638209789214],[-82.366474442898991,28.54579769380836],[-82.366448429798524,28.545825245665863],[-82.366239254278497,28.546030212474253],[-82.366087217186575,28.54618068332929],[-82.365399891064015,28.546941218115833],[-82.364812229687317,28.547542789038051],[-82.364557631899942,28.547915505569396],[-82.364486920279191,28.54810576236121],[-82.364499492459416,28.548290518679689],[-82.364560895299604,28.548420684105558],[-82.364764452888508,28.548716576599915],[-82.364757008966009,28.548870142249154],[-82.36472233851822,28.548920113087817],[-82.364471198217757,28.549148220263746],[-82.364392348501241,28.549198796867465],[-82.364016430998134,28.549382960239353],[-82.363574728248864,28.549599560984493],[-82.363413973364416,28.549691399220389],[-82.362735105586708,28.550185521829238],[-82.362610010332205,28.550331236353902],[-82.362527612739612,28.550489839467037],[-82.362516900323229,28.550647869452902],[-82.362628703977677,28.55074625880647],[-82.36282094014895,28.550816323481005],[-82.363305261523735,28.550829583083051],[-82.363349155516218,28.55084725523438],[-82.363554904105953,28.551124878419419],[-82.363725839748099,28.55124957771034],[-82.363755210686364,28.551339407172168],[-82.363760580327764,28.551407296497366],[-82.363682202913296,28.551723811449932],[-82.363667736983061,28.552003654656229],[-82.363706828668555,28.552170426679307],[-82.3637290174741,28.552269462084915],[-82.363725000685079,28.552323445340043],[-82.363647727971411,28.552396557703673],[-82.363284562634632,28.552540060691072],[-82.363078612533585,28.552700032333114],[-82.363019239632308,28.552732262930903],[-82.362886013555894,28.552738023205535],[-82.362831233408969,28.552720504530466],[-82.362705212447537,28.552631507014425],[-82.362482384080522,28.552340454486185],[-82.362295949554294,28.552225152266168],[-82.362291663031286,28.552211593430101],[-82.362164663450656,28.55214510685466],[-82.36208376929865,28.55211883446205],[-82.361961545051884,28.552074907869343],[-82.361808538756151,28.552076497772269],[-82.361644625141892,28.552123266891602],[-82.361564010318546,28.552205348110146],[-82.361422099625443,28.552617363056559],[-82.361343769627368,28.552717480325434],[-82.361272170924309,28.552754351848673],[-82.360867864952098,28.552866699941085],[-82.360740305765034,28.552922048227199],[-82.360519118947224,28.553073117922825],[-82.360476955737823,28.553109765582267],[-82.360413405904879,28.553164464447892],[-82.360388673141273,28.553191750961389],[-82.3602471605559,28.553364855856152],[-82.359845940768693,28.554077216466823],[-82.359715921138104,28.554209365661748],[-82.359636472972653,28.55421462834348],[-82.359612355289656,28.554201397171106],[-82.359466904452049,28.553999893994288],[-82.35929048126367,28.553857123746933],[-82.359160778139326,28.553799885994572],[-82.35886554486251,28.553726072174204],[-82.358513603520876,28.553634714411352],[-82.358051684163911,28.553409528479204],[-82.357871747535114,28.553330309238174],[-82.357654684448548,28.553251217344719],[-82.357393750069974,28.55319497593338],[-82.356780808091045,28.553178512456004],[-82.356697360369196,28.553152488098899],[-82.356419697791949,28.552974759021062],[-82.356325212879014,28.552916804361001],[-82.356153846198339,28.552778871289863],[-82.356076064492427,28.552716326648966],[-82.355905498458341,28.552609637358046],[-82.355821679144853,28.552565600935246],[-82.355699734783869,28.552503391982608],[-82.355566694891095,28.552455108905033],[-82.355200202479026,28.552395653928791],[-82.355108219317898,28.552383034412443],[-82.355020425490864,28.552347955482226],[-82.354965421379731,28.552303133933275],[-82.35477586073651,28.552183277204751],[-82.354642950930966,28.552125993844459],[-82.35459003119287,28.552112994008485],[-82.354280078638354,28.552039282582466],[-82.354255587059683,28.55200803711951],[-82.35425490400155,28.551926700226442],[-82.354346558157857,28.551749919245353],[-82.354329630976466,28.55151530825551],[-82.354326480676988,28.551470241013391],[-82.354264621541219,28.551286031029179],[-82.354224317983522,28.551200575457827],[-82.354035560450001,28.550859539516011],[-82.353569682469058,28.550390289028293],[-82.353230085590624,28.550077874323009],[-82.353060234198168,28.549966690372319],[-82.352778851116938,28.549825207629212],[-82.352498557279688,28.549737776130776],[-82.351980288681645,28.549684122172934],[-82.351769617804464,28.549690650667294],[-82.351382560904852,28.54972156278269],[-82.351100393076933,28.549715427740608],[-82.350785187883915,28.549650938333052],[-82.350164341053016,28.549566807817502],[-82.350056004843879,28.54953626053782],[-82.3500091112072,28.549505319282819],[-82.349990591243881,28.549460361015409],[-82.350008662353289,28.549071933781317],[-82.350000018596234,28.549008799483342],[-82.34997026305291,28.548819620294132],[-82.349931125255466,28.548657627513084],[-82.349790824096488,28.548329530030074],[-82.349768536811951,28.548280303433717],[-82.349563646071786,28.548074706824693],[-82.349531208212227,28.548061382460524],[-82.349390266490474,28.547985998266462],[-82.349310227212086,28.547946214291386],[-82.349272093390141,28.547928597648546],[-82.348998922855515,28.547836457382367],[-82.348452458942845,28.547701977466655],[-82.348221210416199,28.547672803422483],[-82.34761372729082,28.547678873523992],[-82.347365245890245,28.54773081380392],[-82.346888216051809,28.547911774128426],[-82.346819036442596,28.547957389098858],[-82.346747434772666,28.547994253006987],[-82.346729305331607,28.548008116841071],[-82.346670429677104,28.548049069198566],[-82.346492918562063,28.548231585699419],[-82.346465139865302,28.548290354722202],[-82.346379873921038,28.548467201765508],[-82.346308909970631,28.548630431152059],[-82.346221262792525,28.548879574246964],[-82.346164259727672,28.548965862399037],[-82.34605380573629,28.549115674361826],[-82.345955257521112,28.549324448190522],[-82.345911397847189,28.54951416777083],[-82.345841418222207,28.549821773317458],[-82.345805493016684,28.550372647780854],[-82.345786763089606,28.550467824680638],[-82.345771077074602,28.550530959852281],[-82.345753103140666,28.550576333773474],[-82.345669518739641,28.55068538595145],[-82.345614346584242,28.550735670343261],[-82.34545279105204,28.55083647674924],[-82.345222738922857,28.550938167289058],[-82.345154471861861,28.55096578642798],[-82.345086133485523,28.550998186311158],[-82.344841107997695,28.55115851763529],[-82.344664896291292,28.55125492984126],[-82.344608992886776,28.551269184344214],[-82.344070241612158,28.551215830132531],[-82.34373200556486,28.551318490685848],[-82.343608613532169,28.551351083339053],[-82.3435094617667,28.551347659911791],[-82.343145599726512,28.551283708103583],[-82.342409200256711,28.551263746013092],[-82.342325896067834,28.551228424635262],[-82.342193981302373,28.550981470870976],[-82.342150274747112,28.550909756551707],[-82.342040573600784,28.550716815766194],[-82.341791795359228,28.550493807181372],[-82.341561894489573,28.550292975278939],[-82.341509609815176,28.550279974141674],[-82.341344052974719,28.550182332249463],[-82.341308684606616,28.550150957460943],[-82.341233479741504,28.550088441963265],[-82.341224288726309,28.550061594270705],[-82.341235811656887,28.549768213569788],[-82.341252280774782,28.549695805384019],[-82.341245021450831,28.549375472043671],[-82.341244932898817,28.54933944361893],[-82.341275973017005,28.549235129945377],[-82.341409575518725,28.548994686692822],[-82.341489653632792,28.548822570508502],[-82.341520073849196,28.548759048633304],[-82.341653637551644,28.548437278182266],[-82.341776633203622,28.548011823681595],[-82.341858567605541,28.547550709971595],[-82.34190483009742,28.547455577021008],[-82.341909720774126,28.547428617205732],[-82.341938142660268,28.54736957316225],[-82.342269826937169,28.547108964435054],[-82.34234461479187,28.547031621257098],[-82.342362811838782,28.547013255153733],[-82.342465882561527,28.546885874381378],[-82.342588836315429,28.546672600087192],[-82.342609662483099,28.54664976885163],[-82.342639226732445,28.546600025810687],[-82.342723682416604,28.54651801006861],[-82.342758454660455,28.54650407407464],[-82.34285040634532,28.54647617074971],[-82.342991645901108,28.54644744445779],[-82.343467021347621,28.546375115814591],[-82.343894420515156,28.546258024601549],[-82.344002533038108,28.546261557721781],[-82.34475035022696,28.546285857855061],[-82.344801498255364,28.546289845362722],[-82.345124413225193,28.546309130038814],[-82.345241486320262,28.546312482389105],[-82.345331590141583,28.546280055043642],[-82.345351205296524,28.546252712962559],[-82.34541804933977,28.545909218574515],[-82.345460218116656,28.545838149424036],[-82.345481364479383,28.545443944195068]]},"properties":{"OBJECTID_1":11,"OBJECTID":24975,"QUADNUMBER":0,"ELEVATION":100,"ORGCONT":0,"DEPRESSION":0,"HILLTOP":0,"INTERVAL":0,"UNIT":" ","DATESTAMP":1078790400000,"ShapeSTLen":19630.245182788294,"Shape_Length":19630.245182824674}},{"type":"Feature","id":12,"geometry":{"type":"LineString","coordinates":[[-82.369544809653419,28.550978811577099],[-82.369645617842764,28.551000528951992],[-82.369669534828773,28.551027255170514],[-82.369655942435941,28.551122220009422],[-82.369581848892821,28.551240113751209],[-82.369549232368755,28.551281102837322],[-82.369476585178944,28.551344984007834],[-82.369476237557336,28.551367774418075],[-82.369353217071591,28.551504239560558],[-82.369295355476439,28.551563504649945],[-82.369126228966934,28.551786391945043],[-82.369091283149359,28.551854368078846],[-82.369090305930939,28.551876868743182],[-82.36908351196513,28.552030438166305],[-82.369093138395343,28.55215663020963],[-82.369110204808166,28.55225588706924],[-82.369163129374229,28.552354431031933],[-82.369186847345318,28.552394950114095],[-82.369210496234018,28.552439683300406],[-82.369232925504022,28.552480189636274],[-82.369318621302426,28.552655386484766],[-82.369323090615126,28.552740981882817],[-82.369264794911558,28.552786741029713],[-82.36923023358176,28.552787178819802],[-82.369137238334929,28.552756556387724],[-82.36906359513344,28.552716576371619],[-82.368819855139293,28.552538423224167],[-82.368755673639541,28.552507566144037],[-82.368731476890488,28.552498838574806],[-82.368602771395985,28.552459641282329],[-82.368532425303059,28.552455720297718],[-82.368460226013624,28.552447285394752],[-82.368369260615168,28.55245269812869],[-82.36825432948234,28.552476409364459],[-82.36815291093103,28.552495490958638],[-82.367972439462008,28.552578655187535],[-82.367843467552063,28.55264300485435],[-82.367787286862821,28.552675275800649],[-82.367644320749761,28.552776047283178],[-82.367517665495484,28.552813406836428],[-82.367471571843978,28.552813716585266],[-82.367468862785287,28.552696613909479],[-82.367462632071366,28.552642510311728],[-82.367455768743525,28.552588399402062],[-82.367452283019546,28.552394466497649],[-82.367510008729283,28.552344201582045],[-82.36753467431916,28.552321408511247],[-82.36757921894521,28.552253261510746],[-82.367597055623534,28.552216892283834],[-82.367597564497018,28.552140073917244],[-82.367566004208015,28.552068224930306],[-82.367458805198268,28.551961166591362],[-82.367457844420784,28.551897837650753],[-82.367462775223316,28.551740017904294],[-82.367461823009108,28.551591139109032],[-82.367506906252473,28.55157252725909],[-82.367607206075803,28.55158494531122],[-82.367680719780822,28.551633925507087],[-82.367779018781491,28.551736661220797],[-82.367816616816071,28.551790567944497],[-82.367834833499614,28.551813011186656],[-82.367940991217807,28.551947074535025],[-82.36798084130065,28.551978496047543],[-82.368047237552901,28.552031895133265],[-82.368070013188543,28.552049609459679],[-82.368171191347088,28.552089338499069],[-82.368234288079577,28.552106670039876],[-82.368445678536588,28.55209562398505],[-82.368530930221965,28.552045116098771],[-82.36861118460304,28.551985554126638],[-82.368666145016391,28.551949042455369],[-82.368733099193577,28.551880589690882],[-82.368735290983167,28.551862607348617],[-82.368797670792631,28.551758079747938],[-82.368952692410659,28.551408967845354],[-82.368968598852277,28.55137284009589],[-82.368994957246855,28.551322776192599],[-82.36902420699117,28.551250514112887],[-82.369146115291585,28.551145276813916],[-82.369355793720899,28.551034869377034],[-82.369506195860694,28.55099271252875],[-82.369544809653419,28.550978811577099]]},"properties":{"OBJECTID_1":12,"OBJECTID":33243,"QUADNUMBER":0,"ELEVATION":90,"ORGCONT":0,"DEPRESSION":1,"HILLTOP":0,"INTERVAL":0,"UNIT":" ","DATESTAMP":1078790400000,"ShapeSTLen":2855.6709578558753,"Shape_Length":2855.6709578608652}},{"type":"Feature","id":13,"geometry":{"type":"LineString","coordinates":[[-82.358584773107665,28.55975773602712],[-82.358497870311723,28.559790210618409],[-82.358492928321795,28.559862472077221],[-82.358482081191696,28.560029509066013],[-82.358501702470434,28.560128518626509],[-82.358517535645191,28.560182446550662],[-82.35863467424241,28.560393475510992],[-82.358696661914749,28.560442609154485],[-82.358712031053074,28.560442221140285],[-82.358797203917277,28.56048205532878],[-82.358884780214595,28.560490112690495],[-82.358945224505945,28.560471682328476],[-82.358979910621372,28.56042171386936],[-82.358991181038746,28.560353750644499],[-82.358989128112484,28.560150822960733],[-82.358981858399233,28.560123721514493],[-82.358965595876938,28.56005627685466],[-82.35894216134011,28.559997748210421],[-82.358927745680418,28.559934822983916],[-82.358860608513226,28.559845108669528],[-82.358814493833776,28.559805174884662],[-82.358784746538504,28.559782873724519],[-82.358712680036291,28.559765426183461],[-82.358584773107665,28.55975773602712]]},"properties":{"OBJECTID_1":13,"OBJECTID":38990,"QUADNUMBER":0,"ELEVATION":80,"ORGCONT":0,"DEPRESSION":1,"HILLTOP":0,"INTERVAL":0,"UNIT":" ","DATESTAMP":1078790400000,"ShapeSTLen":709.79194505899102,"Shape_Length":709.79194506058036}},{"type":"Feature","id":14,"geometry":{"type":"LineString","coordinates":[[-82.346572336109332,28.563884854496983],[-82.346674278322411,28.563915601207466],[-82.346759663980009,28.563941660083447],[-82.346867603834824,28.56399921513168],[-82.346997434160386,28.564133286545839],[-82.346997195823093,28.564232629169542],[-82.346978081614481,28.564268982706572],[-82.34687154424104,28.564328793993621],[-82.346723855038434,28.56431664058135],[-82.346642527742233,28.564276853074638],[-82.346512320962589,28.564210311466336],[-82.346380662863524,28.564112512831606],[-82.346327269994362,28.564045189374493],[-82.34631413304767,28.563941466634514],[-82.346336879151593,28.563918940374904],[-82.346408433857832,28.563886579490312],[-82.346572336109332,28.563884854496983]]},"properties":{"OBJECTID_1":14,"OBJECTID":41635,"QUADNUMBER":0,"ELEVATION":140,"ORGCONT":0,"DEPRESSION":0,"HILLTOP":0,"INTERVAL":0,"UNIT":" ","DATESTAMP":1078790400000,"ShapeSTLen":597.62312916930068,"Shape_Length":597.62312916892006}},{"type":"Feature","id":15,"geometry":{"type":"LineString","coordinates":[[-82.347426663093202,28.560961165010152],[-82.347190486577958,28.56095922290325],[-82.347125119132912,28.56096436828469],[-82.346752162961522,28.561117001936974],[-82.346725848578501,28.561121758609477],[-82.346628836701342,28.561145092710401],[-82.346429818882783,28.561183268909708],[-82.346394403538753,28.561197202067522],[-82.346027555580932,28.561327111699566],[-82.34597192351174,28.561323078386629],[-82.345878358578247,28.561287926213485],[-82.345594636307851,28.561214221283809],[-82.34543616178739,28.561111897031129],[-82.345256524784901,28.561054894041707],[-82.34489948989237,28.561045059361188],[-82.344700980409286,28.561091961863731],[-82.344582284017349,28.561151909625057],[-82.344495762513631,28.561242912628746],[-82.344316227890261,28.561429903213224],[-82.344247375257211,28.561579366166399],[-82.343927875503823,28.562254926835926],[-82.343863710214833,28.562390939178226],[-82.343797422300042,28.562707596010384],[-82.343787132138132,28.563046015243003],[-82.343820503360121,28.563208218990514],[-82.343880411517603,28.563392697394654],[-82.344023718943859,28.563607701662306],[-82.344044369046912,28.563639185144392],[-82.344198949106442,28.563786499704218],[-82.344229906045342,28.563813321707222],[-82.344396419843264,28.563933476968192],[-82.344889329469837,28.564226621359872],[-82.344959563067718,28.564280076959374],[-82.345063521397407,28.564599304494756],[-82.34525415720961,28.564859048613233],[-82.345271411855336,28.564944803541707],[-82.345321196680246,28.565205977758755],[-82.345387864023962,28.565367733593106],[-82.345513930741419,28.565538071017862],[-82.345604108653419,28.565627221613298],[-82.345757407853327,28.565774799263796],[-82.346034805171726,28.565970564672142],[-82.346133652523577,28.566037300383581],[-82.34626394276259,28.566099056111806],[-82.346492411541504,28.566187014945825],[-82.346832214066325,28.566278544620076],[-82.347019458819545,28.566299328686718],[-82.347256848719326,28.566305781406136],[-82.347457794372602,28.566267620686517],[-82.347544567832585,28.566244449356176],[-82.347683487066817,28.566202465102702],[-82.347731842221776,28.566179394771162],[-82.348046420835985,28.566036201331588],[-82.348135757545535,28.566012767689678],[-82.348216055928773,28.565994018655577],[-82.348389679314323,28.565942592809979],[-82.348477301195473,28.565905629180602],[-82.348643082818199,28.565822883148229],[-82.348733035945031,28.565758649228247],[-82.348820277500991,28.565663153504484],[-82.348903662379612,28.565567604474907],[-82.349043722156125,28.565281927831212],[-82.349279886573015,28.564990629429008],[-82.349351184299977,28.564890724058422],[-82.349390774202647,28.564813520083145],[-82.349462867408306,28.564618786813206],[-82.349539914756562,28.564351786931979],[-82.349545835309456,28.564004302977072],[-82.349499267444017,28.563783686647866],[-82.349444348529758,28.563648808498336],[-82.349406969497423,28.563581392693976],[-82.349355549194982,28.563469061242397],[-82.349300290722951,28.563230614431777],[-82.349241544367999,28.563136498333705],[-82.349211416921207,28.56305537263292],[-82.349229405372057,28.562504577913412],[-82.349168904178214,28.562315875970839],[-82.34913827410449,28.56222574710155],[-82.348958375996048,28.561974856162468],[-82.348743042912346,28.5618237319214],[-82.348447624999096,28.56171838283262],[-82.348114262189171,28.561667462917949],[-82.348051797624407,28.561650123150525],[-82.348001630059017,28.561623355777847],[-82.347945711141577,28.561596809764868],[-82.34784931963064,28.561453561545715],[-82.347785419522268,28.561278041790466],[-82.347761403614129,28.561215286125648],[-82.347725877009026,28.561152399327383],[-82.347609371353386,28.561027203200712],[-82.34748407542493,28.560974222872247],[-82.347426663093202,28.560961165010152]]},"properties":{"OBJECTID_1":15,"OBJECTID":42424,"QUADNUMBER":0,"ELEVATION":110,"ORGCONT":0,"DEPRESSION":0,"HILLTOP":0,"INTERVAL":0,"UNIT":" ","DATESTAMP":1078790400000,"ShapeSTLen":6137.8420987213913,"Shape_Length":6137.8420987251793}},{"type":"Feature","id":16,"geometry":{"type":"MultiLineString","coordinates":[[[-82.362744729782278,28.569300752626912],[-82.363072204121409,28.569320053181606],[-82.363343252330822,28.569430155464634],[-82.363791318777473,28.569475345145509],[-82.363897294659992,28.569537363753618],[-82.363943631751923,28.569563794359816],[-82.364075808796272,28.569670875626596],[-82.364119099008562,28.5697290693711],[-82.364139527668911,28.569767480260754]],[[-82.361016980982185,28.569823655546777],[-82.361503695449656,28.569750876823662],[-82.361597860695042,28.569704698828758],[-82.361668194950596,28.569668091298116],[-82.361848646058263,28.569503602480427],[-82.361977783024088,28.569430256362974],[-82.362156658911445,28.56936987120875],[-82.362434647522036,28.569317395434158],[-82.362624365145919,28.569301880079209],[-82.362744729782278,28.569300752626912]]]},"properties":{"OBJECTID_1":16,"OBJECTID":50469,"QUADNUMBER":0,"ELEVATION":120,"ORGCONT":0,"DEPRESSION":0,"HILLTOP":0,"INTERVAL":0,"UNIT":" ","DATESTAMP":1078790400000,"ShapeSTLen":3947.1462334902344,"Shape_Length":1107.0133941445595}},{"type":"Feature","id":17,"geometry":{"type":"MultiLineString","coordinates":[[[-82.374800877598801,28.548740396278035],[-82.374712500245593,28.548679422846035],[-82.374567681618899,28.548477659765737],[-82.374435915076077,28.547874462341152],[-82.374314948627813,28.547532830210898],[-82.374281332271622,28.547469967599454],[-82.374227600101406,28.547425169301416],[-82.374104322137867,28.547408539630354],[-82.374015008047735,28.547431987520781],[-82.373983293470573,28.547454979847213],[-82.373774408245566,28.547641947559871],[-82.373487466036892,28.547996860040289],[-82.373302453362484,28.548170317409667],[-82.373117756493613,28.54828045925062],[-82.373061888030577,28.548334967852238],[-82.372946216018462,28.548494312011794],[-82.372871022328795,28.548770349963615],[-82.372822105632338,28.548874471615388],[-82.372811653476461,28.548888141872638],[-82.372724321708461,28.548992941045469],[-82.372686712683802,28.549024863454267],[-82.372496510907681,28.549202759934627],[-82.3719060380526,28.549524599679579],[-82.371759073660982,28.54959380999901],[-82.371680297206254,28.549639604606394],[-82.371395597308393,28.549759844300038],[-82.371028242447494,28.549885314569437],[-82.371027470707688,28.549894302167452],[-82.370382888937186,28.550068046054996],[-82.370161701138215,28.550092769686689],[-82.369987377556427,28.550107912357852],[-82.369375171234765,28.550087004566965],[-82.368835187851289,28.55002951102065],[-82.368547945144726,28.549978048319957],[-82.368481640577116,28.549960666965536],[-82.368063777762799,28.54987025900919],[-82.367797681549789,28.549773735940793],[-82.367795964697009,28.549760206410063],[-82.36762732336183,28.549653556408035],[-82.367441366328734,28.549506460593268],[-82.367420547854678,28.549231277369795],[-82.367401036821477,28.549209099240873],[-82.367189153726699,28.549211135114181],[-82.367174221496526,28.549224751186788],[-82.367160719621808,28.549441563820022],[-82.367121262787236,28.549468965366117],[-82.367039302450507,28.549343625578913],[-82.367012829567713,28.549316584559843],[-82.3669038041851,28.549119163203027],[-82.366800743089343,28.549034670518648],[-82.366668417803851,28.548981624800319],[-82.366532065074139,28.54898313441814],[-82.366371054433969,28.549007144392021],[-82.366054442384893,28.549078030700038],[-82.365891706688615,28.549088799321627],[-82.365262793712574,28.549072463945684],[-82.365218484350976,28.549082080259254],[-82.365067932950268,28.549219061390598],[-82.364924162213981,28.549288016633874],[-82.36472873997495,28.54934427741858],[-82.364375143163642,28.549406286306656],[-82.36430212039069,28.549452146032749],[-82.364312148618737,28.549551321389181],[-82.364409964258996,28.549685853018563],[-82.364428902224631,28.54970380295164],[-82.364477942206236,28.549761782855821],[-82.364559872640925,28.549846878151271],[-82.364684883390595,28.549917850679119],[-82.364815435392757,28.549961582826821],[-82.365284185772197,28.549988438485652],[-82.36551823504692,28.550044630686809],[-82.365701698577226,28.550187197988727],[-82.365886025865734,28.550442622752833],[-82.365906842927956,28.550505618487325],[-82.365912111200231,28.550623026555478],[-82.365915265773623,28.550753642438451],[-82.365805163800616,28.551178986760608],[-82.365809344245122,28.551368429656538],[-82.365818910377897,28.551413567744103],[-82.365828616101965,28.551449416778805],[-82.365878600057158,28.551530204733304],[-82.366079127084944,28.551772026967228],[-82.366116591945513,28.55183465472771],[-82.366154536136207,28.55199240302586],[-82.366152947334442,28.552055425744406],[-82.366113303620423,28.552222969722834],[-82.365949558455981,28.552427621261909],[-82.365672350695192,28.552601960999638],[-82.365456267527463,28.552712291578676],[-82.364914866661209,28.552875668935037],[-82.36476283589343,28.552940308662759],[-82.36473581734144,28.552949561645917],[-82.364675598121778,28.552995290615431],[-82.364380674436745,28.553282557875974],[-82.36387729736046,28.553513353758365],[-82.363765325661532,28.553595624975578],[-82.363607512127359,28.553746315092379],[-82.363317838012293,28.553897995923695],[-82.363217854965598,28.553948603125516],[-82.363203707236963,28.55395322034461],[-82.363149115307763,28.554008029156467],[-82.363069745172851,28.554135141833981],[-82.363021389091188,28.5545823104326],[-82.362987537414611,28.554704617290259],[-82.362921819538442,28.554818098736735],[-82.362909378810571,28.554836248244566],[-82.362842998572546,28.554909204692724],[-82.362646477954939,28.555037485591534],[-82.362033119693052,28.555260238915707],[-82.36199223784115,28.555296621940936],[-82.361826358367111,28.555515035751441],[-82.361786465365753,28.555528918975622],[-82.36155401626884,28.555535773408984],[-82.36090738486665,28.555460957669609],[-82.36074427178032,28.555453704186416],[-82.360501666826607,28.555496739608156],[-82.360451328449017,28.555524293537669],[-82.360312666528955,28.555593307041487],[-82.359991295553925,28.555935127195273],[-82.359846391074029,28.556035585228841],[-82.359578097746947,28.556169219624824],[-82.359088670688323,28.556323053641002],[-82.359078288628922,28.556332218182799],[-82.35909140277667,28.556480957460199],[-82.359100484792734,28.556557606943759],[-82.359035483296125,28.55658076594742],[-82.357587216120137,28.557028712389048],[-82.356711951690059,28.557299312871471],[-82.356440637003899,28.557378863756874],[-82.355867696841713,28.557551410612135],[-82.355457334632888,28.557681960512813],[-82.355455762002379,28.557785784093866],[-82.355628937134995,28.55784719666088],[-82.355687074884486,28.557896280442133],[-82.355704257857411,28.558198442112342],[-82.355705928417066,28.558256989575352],[-82.355861275819436,28.558481130243166],[-82.355856964039148,28.558765314076922],[-82.355832846559878,28.558878441199553],[-82.355774276820853,28.559068554988713],[-82.355674668939145,28.559389889649239],[-82.35568811862862,28.559642477547804],[-82.355766980582516,28.559844893645376],[-82.355818450744721,28.559911913456251],[-82.355922579283572,28.560010223623859],[-82.356112383138097,28.560157377218761],[-82.356165840745291,28.560219911569451],[-82.356201876611976,28.560291815476337],[-82.356251001333931,28.560471648878043],[-82.356314574402944,28.560543312642253],[-82.356496209591825,28.560595532278942],[-82.357044731884372,28.560599145476907],[-82.357181316669468,28.560624944019921],[-82.357350093426092,28.560681803682463],[-82.357531045377428,28.560779323803356],[-82.357628810881053,28.560832524372334],[-82.357648457122053,28.560845982414225],[-82.357727024895595,28.560899249734504],[-82.357878755378849,28.561024001350525],[-82.35795129159699,28.561095486401626],[-82.35807767428642,28.56128832557026],[-82.358080805290683,28.561419224886745],[-82.35798088615276,28.561803593829318],[-82.357838616099102,28.562026214781554],[-82.357825772371257,28.562071370946857],[-82.357837614986423,28.562134544882806],[-82.358065191051836,28.562281301914204],[-82.35819812320743,28.562464932436828],[-82.358468600361405,28.562611058516019],[-82.358738631603529,28.562829218844989],[-82.358802542307828,28.562878371693813],[-82.359192808271658,28.563357120525062],[-82.359345776565547,28.563612741284793],[-82.359394480744712,28.563693515916658],[-82.359471703317695,28.563877902607981],[-82.359666046606961,28.564106151972855],[-82.359810467258342,28.564334666041844],[-82.359898658629518,28.564767108418668],[-82.359887595810036,28.565159832258058],[-82.359836265429166,28.565422074782845],[-82.359679732767987,28.565825201011407],[-82.35946867192618,28.566066436074696],[-82.359321472875465,28.566149137961002],[-82.359306677379521,28.566153753785045],[-82.358802564241103,28.56634399893089],[-82.358684984678789,28.566372448202774],[-82.358592516290528,28.566391353781224],[-82.358251866810235,28.566439987926643],[-82.357916016358047,28.56642536284269],[-82.35772866600179,28.566368575506278],[-82.357650744300429,28.566315039461006],[-82.357626120386968,28.56629279586188],[-82.357451207546674,28.566091506649695],[-82.357313459232245,28.565930331127948],[-82.357160202146162,28.565778545389943],[-82.356820046403953,28.565456842728466],[-82.356664597637433,28.56532303763813],[-82.356536040509141,28.565188980356428],[-82.356458128426624,28.565049897474779],[-82.356352257711023,28.564897535161823],[-82.356151074326092,28.564655975976702],[-82.356095550424115,28.564602416331784],[-82.355989724461338,28.564404747230345],[-82.355934364173393,28.564129997058178],[-82.355938468819048,28.563859328300751],[-82.356008327052464,28.563389339337906],[-82.356031671226404,28.5632852087851],[-82.35605389787537,28.563212857885905],[-82.356208438959683,28.562687862076771],[-82.356490730919731,28.562139035526169],[-82.356525479606404,28.561958211389282],[-82.356496562054204,28.561881605761666],[-82.356452634322167,28.561823400317838],[-82.356343036036193,28.561621464222206],[-82.356235303306875,28.561211868083852],[-82.356205891257176,28.561167064780911],[-82.356167889863215,28.561140450781224],[-82.35610519546826,28.561095806968996],[-82.35581903389965,28.560886745748906],[-82.355767700649665,28.560810434216418],[-82.355620356244543,28.560649425414297],[-82.355393731048025,28.560313290706763],[-82.355203634534249,28.560143899648203],[-82.354700369275349,28.56002684149373],[-82.354651277322048,28.56001388405484],[-82.354413132840293,28.559930603920961],[-82.354181079900201,28.559784075210871],[-82.353961440231956,28.559578596447174],[-82.353921892499557,28.559569974855521],[-82.353862920428696,28.559574914602663],[-82.353680061223415,28.559856708689548],[-82.353581012940154,28.559929842278549],[-82.353536556306196,28.559948454203326],[-82.353407165591449,28.559954255697175],[-82.35317193975979,28.559848210609928],[-82.353028874536776,28.559827118835383],[-82.352685589836113,28.559965763975228],[-82.352289327562772,28.560010353353594],[-82.352090912552541,28.560093575588965],[-82.352035059526301,28.560188879254092],[-82.35199675041811,28.560518806738234],[-82.351974530730502,28.560591156997376],[-82.351961545960208,28.560645312017837],[-82.351939662201261,28.560695149862465],[-82.351036073343849,28.561142111445037],[-82.350907684101855,28.561165924964584],[-82.350764550664906,28.561149328246383],[-82.350720654401826,28.561131642146382],[-82.350642573277881,28.561046580114041],[-82.350547782038262,28.560840036061489],[-82.350488353097361,28.560790933577955],[-82.350448871003422,28.560777806334205],[-82.350377878095458,28.560773874940036],[-82.350202024620799,28.560762238315299],[-82.349990296759501,28.560710220477365],[-82.349810460510469,28.560707543006075],[-82.349757577028413,28.560775584759575],[-82.349769962701728,28.560929098361513],[-82.349788691515613,28.560960274618751],[-82.349818025767703,28.561009586711695],[-82.349869443088622,28.561248268874611],[-82.349930418035839,28.561405738476793],[-82.34997761104816,28.561585835426673],[-82.349972808135604,28.56190152274343],[-82.349929058584365,28.56216835409522],[-82.349943094847276,28.562213266985886],[-82.350060615855796,28.562609195997119],[-82.35005360878705,28.56306950668468],[-82.350145424500255,28.563556035238143],[-82.350116085551633,28.563759428434526],[-82.350095450240772,28.563895112089025],[-82.350083169938955,28.564071134864353],[-82.350182154248003,28.564381573429884],[-82.35018396099305,28.564557482254461],[-82.350157772666904,28.564679581997719],[-82.350108695826748,28.564833507582218],[-82.349955428918349,28.565146329214588],[-82.349943079275732,28.565200773833073],[-82.349788375741198,28.565901645725159],[-82.349609669196468,28.566287059693618],[-82.349393195710846,28.566546510458952],[-82.349333603077838,28.566591956697447],[-82.349304520064251,28.566610469919254],[-82.349074872698708,28.56672539507047],[-82.348786445322204,28.566791511865826],[-82.348461246543394,28.566749689180064],[-82.348416499473771,28.566745502615699],[-82.348174272295367,28.566761512699109],[-82.34807913416482,28.566830181901679],[-82.347986089124305,28.566970915384402],[-82.347933401140068,28.567025733032988],[-82.347654997951892,28.56710519618137],[-82.347608992909571,28.56710485111871]],[[-82.344777383358476,28.565522724721571],[-82.344680765318003,28.565392884552214],[-82.344577359256462,28.56516371140933],[-82.344565460471117,28.564978677478287],[-82.344591224263525,28.564716712025753],[-82.344582947520635,28.564671864272324],[-82.344529360322895,28.564618046799826],[-82.344334171889173,28.564489106215838],[-82.344203066790726,28.564355007503451],[-82.344184974747094,28.564323834283922],[-82.344073934431563,28.564175908560419],[-82.343893320659433,28.563888981468978],[-82.343809841239832,28.563822148310102],[-82.343775543764735,28.563804292184383],[-82.343672404936129,28.563809825736222],[-82.343604838227407,28.563832950482862],[-82.343584643681496,28.563855793768845],[-82.343535977828907,28.563982690977841],[-82.343470201975336,28.564055653587644],[-82.343351285204761,28.564088300582178],[-82.343291735204872,28.564088998930391],[-82.343225639675509,28.564057831483961],[-82.343184851334357,28.564004154353039],[-82.343170043545655,28.563968245339701],[-82.343156010933242,28.563796979096871],[-82.343267470399738,28.563457212286018],[-82.343253870067315,28.563006222730852],[-82.343291693729299,28.562793638990804],[-82.34341137417384,28.562417965224341],[-82.343484671216714,28.562187221430452],[-82.343460851357207,28.561902990906418],[-82.343720783425496,28.56118760943993],[-82.343778137912011,28.561078532060133],[-82.344017898348966,28.560846095757899],[-82.344240917565415,28.560744610085255],[-82.344292549500253,28.560717076912468],[-82.344451442005479,28.560665765655969],[-82.344788496482295,28.560558862576112],[-82.345229625010163,28.560468668805814],[-82.345525947725193,28.560429676436559],[-82.345610688395951,28.560455721467275],[-82.345656091439693,28.560500433142494],[-82.345714487577737,28.56061735294524],[-82.345747067118879,28.560621390043398],[-82.34731163920739,28.56027653835903],[-82.347380485633252,28.560253146820671],[-82.347403506921339,28.560212330170291],[-82.347381853892458,28.560163105262649],[-82.347365190837493,28.559996315412718],[-82.347395059461661,28.559968806977487],[-82.347572692553982,28.559863400344899],[-82.347746074341202,28.559784953618411],[-82.347789019401361,28.559739311585165],[-82.34779234094448,28.559689541803568],[-82.347763553948425,28.559604211906422],[-82.347652167582851,28.559478796027005],[-82.347553691120808,28.559430350782129],[-82.345914136901669,28.559026895434656],[-82.345637714290945,28.558894186038184]]]},"properties":{"OBJECTID_1":17,"OBJECTID":52129,"QUADNUMBER":0,"ELEVATION":100,"ORGCONT":0,"DEPRESSION":0,"HILLTOP":0,"INTERVAL":0,"UNIT":" ","DATESTAMP":1078790400000,"ShapeSTLen":27779.589030308151,"Shape_Length":26663.507852133229}},{"type":"Feature","id":18,"geometry":{"type":"LineString","coordinates":[[-82.374813445447003,28.550356979622126],[-82.375133475196009,28.549672599627719],[-82.37515623240256,28.549044209529331],[-82.375015447954738,28.54891396869526],[-82.374800877598801,28.548740396278035]]},"properties":{"OBJECTID_1":18,"OBJECTID":55932,"QUADNUMBER":0,"ELEVATION":100,"ORGCONT":0,"DEPRESSION":0,"HILLTOP":0,"INTERVAL":0,"UNIT":" ","DATESTAMP":1078790400000,"ShapeSTLen":656.69658598442697,"Shape_Length":656.69658598298315}},{"type":"Feature","id":19,"geometry":{"type":"LineString","coordinates":[[-82.362351989481567,28.535631619845844],[-82.362664724308729,28.535687334838066],[-82.362956642941498,28.535765597393965],[-82.363086606445407,28.535804824888288],[-82.363328199387638,28.535910638802012],[-82.363373366548473,28.535928334688148],[-82.363673970001372,28.536110260455818],[-82.363747534286318,28.536154736547303],[-82.363756935735751,28.536168073232197],[-82.363918057578701,28.536346966518124],[-82.364010000316611,28.536743142837306],[-82.364005779882518,28.537023099980495],[-82.363966800560064,28.537231171446063],[-82.363955168309261,28.537280854823809],[-82.363869726788053,28.537557044843201],[-82.363757548968451,28.537738655383382],[-82.363729415199927,28.537779417278802],[-82.363668294142386,28.537843143647262],[-82.363487263706006,28.538007631421337],[-82.363394143622997,28.53807155339203],[-82.363026239709228,28.538404676306509],[-82.362814459288359,28.538528840365768],[-82.362659816475073,28.538597945901323],[-82.362489237217673,28.538662932203799],[-82.362038275277811,28.53877557872838],[-82.361340272160817,28.538845935282996],[-82.361061405057399,28.53883507558335],[-82.360821646234669,28.538819329004316],[-82.360628818128887,28.538789783314996],[-82.360589268427987,28.538781152770738],[-82.360505699446648,28.538763858395292],[-82.360205744263126,28.538708283275266],[-82.359371084518557,28.538716531169673],[-82.359176474919636,28.538677947574946],[-82.35843052406031,28.538491362519281],[-82.358215403071512,28.538412305737644],[-82.358051490416457,28.538332708462526],[-82.357669947764322,28.538002646732121],[-82.357632652446412,28.53797153928862],[-82.357586843602846,28.537953829652384],[-82.357248294813175,28.537912159008592],[-82.357050758369581,28.537855535030818],[-82.356569521406612,28.537684413420809],[-82.356314204187498,28.537556199421644],[-82.356173673440537,28.537453804921807],[-82.355972804050751,28.537279780879281],[-82.355884703487661,28.537181384068077],[-82.355855943149407,28.537136582389987],[-82.355827748731528,28.537096286417196],[-82.35581101842061,28.537060353903719],[-82.35582520773707,28.536884074138609],[-82.355903243445923,28.536802248383889],[-82.355965379480125,28.536756547984041],[-82.356239252507351,28.53663170923409],[-82.356531717989242,28.536547625902433],[-82.356977949538063,28.536493473676892],[-82.357674832795354,28.536454639672119],[-82.35844990406936,28.536492141361329],[-82.358802759471615,28.536434359418831],[-82.359124112654698,28.536386064064068],[-82.359444926616575,28.536373771887376],[-82.359499604083496,28.53635527354815],[-82.35958490991645,28.536300277413687],[-82.360052025162574,28.536092426301785],[-82.360463676566582,28.535998185693558],[-82.360940845894646,28.53584447780344],[-82.361476595810743,28.535753378288486],[-82.361845245916811,28.535708995816474],[-82.362027972587867,28.535644156606924],[-82.362351989481567,28.535631619845844]]},"properties":{"OBJECTID_1":19,"OBJECTID":61758,"QUADNUMBER":0,"ELEVATION":150,"ORGCONT":0,"DEPRESSION":0,"HILLTOP":0,"INTERVAL":0,"UNIT":" ","DATESTAMP":1078790400000,"ShapeSTLen":6236.4215807184219,"Shape_Length":6236.4215807295768}},{"type":"Feature","id":20,"geometry":{"type":"LineString","coordinates":[[-82.345000008126078,28.547583042982197],[-82.345067019383137,28.547595934076135],[-82.345147069347135,28.547676232916693],[-82.345169568881289,28.547711958030888],[-82.345200168453161,28.547761564906715],[-82.345242061269175,28.548036156973762],[-82.345266608337482,28.548189538435359],[-82.345294170533776,28.548270350523669],[-82.345367299619781,28.548427681567976],[-82.345405106105943,28.548508607434734],[-82.34540341606079,28.548535609755554],[-82.345333648657018,28.548703348199986],[-82.345146071682024,28.548957786113263],[-82.345030427983531,28.549112324270112],[-82.344886702775057,28.549303403545366],[-82.34487888541706,28.549312317769807],[-82.344793411549233,28.549502946683685],[-82.344769555460019,28.549724137454628],[-82.344785113803923,28.549836888661282],[-82.344800744493384,28.549944858180002],[-82.344827252125455,28.550052950761593],[-82.344842822846132,28.55016570192409],[-82.344849105872157,28.550215304745592],[-82.344777995311034,28.550261182551203],[-82.344706250037632,28.550307052907705],[-82.344593413308857,28.550402809626874],[-82.344534672102512,28.550561396986478],[-82.344449619478468,28.550598384953393],[-82.344323584966645,28.550594920229432],[-82.344141069632883,28.550601213899199],[-82.343971954681976,28.550652680613172],[-82.343730395630914,28.550795036475431],[-82.343517392432446,28.550995706477607],[-82.343390647519612,28.550996745364813],[-82.343259167273786,28.550930464391584],[-82.343190550136484,28.550813707211709],[-82.343093735708067,28.550656940206071],[-82.342948251527119,28.550585988608209],[-82.342835987997333,28.550560188185386],[-82.342681374036488,28.550584242384804],[-82.342504571030062,28.55063562200792],[-82.342427887247325,28.550627399307423],[-82.342387179055834,28.550568950020221],[-82.342316673844877,28.550533499802327],[-82.342226742143509,28.550471376612904],[-82.342094950285912,28.550341769047758],[-82.342054442868587,28.550270092647569],[-82.342111949219586,28.550192820226147],[-82.34228120691894,28.550132345597447],[-82.342485443392533,28.550044705103137],[-82.342648715370117,28.549957151448368],[-82.342777101771517,28.549806983856087],[-82.34281568164694,28.54958568224535],[-82.342823785200892,28.549264963723719],[-82.342833949239122,28.549102428369821],[-82.342845802386265,28.5490392508576],[-82.342867350738288,28.548885573899671],[-82.342949692817228,28.54869068058936],[-82.342973633011965,28.548631861516142],[-82.343009227239605,28.548563901164155],[-82.343097581238396,28.548436621180521],[-82.343146280460473,28.548391040007296],[-82.343173513654861,28.548368008419825],[-82.343219147256434,28.548313667828992],[-82.343315700295022,28.548235734923626],[-82.343469365183765,28.54814861964757],[-82.343715960236011,28.548010828151398],[-82.343768230972188,28.54798329715565],[-82.343818567138058,28.547955751187086],[-82.343877720769527,28.547896230091119],[-82.344133150214759,28.547641184293486],[-82.344195156300529,28.547604489554811],[-82.344229150638284,28.547599548784884],[-82.344322610245612,28.547598679273332],[-82.34439174201195,28.547598094282783],[-82.344635563581875,28.547600126711892],[-82.344789337809033,28.547589559720677],[-82.345000008126078,28.547583042982197]]},"properties":{"OBJECTID_1":20,"OBJECTID":66898,"QUADNUMBER":0,"ELEVATION":80,"ORGCONT":0,"DEPRESSION":1,"HILLTOP":0,"INTERVAL":0,"UNIT":" ","DATESTAMP":1078790400000,"ShapeSTLen":3748.395432803085,"Shape_Length":3748.3954328063032}},{"type":"Feature","id":21,"geometry":{"type":"LineString","coordinates":[[-82.374814033934797,28.557107843265239],[-82.374644759607008,28.556956168297287],[-82.374463359503096,28.556845162432808],[-82.374201597119864,28.556757416349864],[-82.374089771266341,28.556659318315912],[-82.374073738251568,28.556618885433942],[-82.3740790757778,28.556519609070147],[-82.374103373808396,28.556392973911979],[-82.374112881260871,28.556356778407014],[-82.374123536718784,28.556243773653982],[-82.374124209486638,28.556198759585204],[-82.374073333527534,28.55609094680625],[-82.37397135321244,28.556019694952766],[-82.373528835656245,28.55582122501194],[-82.373309697782702,28.555751152183497],[-82.373171314597442,28.555716614883352],[-82.373051803118287,28.555704259188165],[-82.372852135366571,28.555701658565312],[-82.372790045594698,28.555702348827857],[-82.372676185632244,28.555739573380549],[-82.372257595688708,28.555951411431558],[-82.371848476131845,28.556086519928549],[-82.371795071346739,28.556105038702487],[-82.37170591225798,28.556160008746577],[-82.371607679478743,28.556264952482696],[-82.371582513057234,28.556364286654599],[-82.371577948978072,28.556454564512634],[-82.371610489939073,28.556589739486931],[-82.371713372867688,28.55672854506437],[-82.371757003879765,28.55676423215542],[-82.371843085354428,28.556871608293001],[-82.371872567684989,28.556911905343178],[-82.371896074608557,28.556965936997301],[-82.372118596644725,28.557279478786786],[-82.37245245404182,28.55759656684458],[-82.372577544089253,28.557663026340467],[-82.372651476155113,28.557684714116167],[-82.372903567403512,28.557691299205562],[-82.373245507777696,28.557597607278858],[-82.373374113569767,28.557600789874144],[-82.373762337265831,28.557750225106755],[-82.374319323755458,28.557870939976496],[-82.374655220770819,28.557881020053511],[-82.374813992341103,28.557879484520377],[-82.374852696162577,28.557987429852446],[-82.374852225243146,28.558018941678579],[-82.374852280351718,28.558100277320264],[-82.374812694763037,28.558136676832483],[-82.374637391841347,28.558386797809433],[-82.374608854776909,28.558454567208436],[-82.374579259680218,28.558635452925067],[-82.374587475930127,28.558770628362144],[-82.374717528388061,28.558977005733247],[-82.374998120302294,28.559318509971117]]},"properties":{"OBJECTID_1":21,"OBJECTID":68981,"QUADNUMBER":0,"ELEVATION":190,"ORGCONT":0,"DEPRESSION":0,"HILLTOP":0,"INTERVAL":0,"UNIT":" ","DATESTAMP":1078790400000,"ShapeSTLen":3336.9193226955554,"Shape_Length":3336.9193227009082}},{"type":"Feature","id":22,"geometry":{"type":"LineString","coordinates":[[-82.374797288979977,28.560203201696584],[-82.374646713336446,28.559943405886525],[-82.374544122574306,28.55974128934632],[-82.374417741848589,28.559589267528395],[-82.374193348373581,28.559356751204675],[-82.374062655603097,28.55915065031656],[-82.374041667359506,28.559056132369687],[-82.374005580191024,28.558645692659542],[-82.373986707872106,28.558623519182394],[-82.373923942770247,28.558583397309231],[-82.373612470784735,28.558523499645439],[-82.37338625872701,28.558412814219487],[-82.373352327239033,28.558413264873238],[-82.373069149966597,28.558515505853318],[-82.372881674990026,28.558553295616942],[-82.372825265706936,28.55855854966515],[-82.372658238347967,28.558555771616447],[-82.372414096696872,28.558530984882825],[-82.372366928917955,28.558518058355954],[-82.372146368529002,28.558456959553098],[-82.372071298498682,28.5584262566653],[-82.371945357980735,28.558373298014285],[-82.371850131561018,28.558320127884265],[-82.371748861433332,28.558244383313788],[-82.371546737826179,28.558192221221876],[-82.371409535878243,28.558121395926634],[-82.371220486066377,28.558051105704834],[-82.37092761713987,28.557945826560612],[-82.370776348023526,28.557789575043234],[-82.370670530204336,28.557632723719035],[-82.370593145687167,28.557543181270116],[-82.370568013330256,28.557511928833268],[-82.370303362255498,28.557361110608618],[-82.370142850088229,28.557222758885484],[-82.370027539524628,28.557016272757188],[-82.369999489246496,28.55688114290955],[-82.370001592104515,28.556741301878382],[-82.370040284498629,28.556637069329089],[-82.370183633511303,28.556468765153337],[-82.370200213736283,28.556387345302365],[-82.370191671208062,28.556274679223886],[-82.370090544728555,28.556104096360091],[-82.370084957337639,28.556049993872996],[-82.370105437177997,28.555751939116323],[-82.370212264739834,28.555543524472384],[-82.370448651656204,28.555274705666477],[-82.370629636394312,28.555114992325212],[-82.370719127183605,28.555037518666925],[-82.370963018174592,28.554908651858867],[-82.371105777317297,28.554907207757189],[-82.37126557874403,28.554964222694068],[-82.371362977906585,28.55499941096026],[-82.371460994253013,28.554993790132308],[-82.371734290819916,28.554909729188839],[-82.37222271890289,28.554778630166588],[-82.372423839218428,28.554726931357429],[-82.372934734336653,28.55459074573233],[-82.373187301899904,28.554565818492822],[-82.373616724672985,28.554570237279236],[-82.373789803085785,28.55459559748731],[-82.373936734608748,28.55465724031782],[-82.374132116362759,28.554735325420875],[-82.37436524415385,28.554821727676181],[-82.374998530121204,28.55516555087501]]},"properties":{"OBJECTID_1":22,"OBJECTID":69122,"QUADNUMBER":0,"ELEVATION":160,"ORGCONT":0,"DEPRESSION":0,"HILLTOP":0,"INTERVAL":0,"UNIT":" ","DATESTAMP":1078790400000,"ShapeSTLen":4443.5089649801894,"Shape_Length":4443.5089649829861}},{"type":"Feature","id":23,"geometry":{"type":"LineString","coordinates":[[-82.378380706907691,28.547590715271657],[-82.378283562963702,28.547636828361917],[-82.378020787568374,28.547865133612639],[-82.378000005428504,28.547887906942481],[-82.377961625301879,28.547933421268144],[-82.377911994299183,28.547997103001304],[-82.377910754735836,28.548073827789747],[-82.377918969703131,28.548091794849089],[-82.378008785647381,28.548194674006659],[-82.378028016225727,28.548198990492512],[-82.378248380746356,28.548368221257363],[-82.378260310802474,28.548377126587486],[-82.378323495787782,28.548421609986512],[-82.378442784465989,28.54850613617274],[-82.378495950450684,28.54854169892393],[-82.378623757557889,28.548544912235165],[-82.378664200156805,28.54853547829536],[-82.378768595861445,28.548335865049005],[-82.37878229748145,28.548308648390268],[-82.378860733948883,28.548199551582453],[-82.378902935612558,28.54815399566246],[-82.378960738514593,28.54810376989705],[-82.37898880466139,28.548076411160217],[-82.379069247392096,28.547998880553617],[-82.379123592918432,28.547953202231611],[-82.379124570823137,28.547880989859941],[-82.379085017814631,28.547836266702152],[-82.379009387299661,28.547841547174169],[-82.378961559014712,28.547823982203926],[-82.378704899531769,28.547785976247905],[-82.378648302219716,28.547732400733015],[-82.378538308285087,28.547625216343747],[-82.378496386934287,28.547643691288354],[-82.378471585882579,28.547603331139651],[-82.378380706907691,28.547590715271657]]},"properties":{"OBJECTID_1":23,"OBJECTID":69545,"QUADNUMBER":0,"ELEVATION":110,"ORGCONT":0,"DEPRESSION":1,"HILLTOP":0,"INTERVAL":0,"UNIT":" ","DATESTAMP":1078790400000,"ShapeSTLen":1124.2648011541362,"Shape_Length":1124.2648011652464}},{"type":"Feature","id":24,"geometry":{"type":"LineString","coordinates":[[-82.375991448401777,28.551270167069855],[-82.375677919804971,28.551404208380319],[-82.375664252153101,28.551508134207548],[-82.375743424222847,28.551602097574747],[-82.375801150144838,28.551840677546465],[-82.375792362538334,28.551926507014109],[-82.375787428173851,28.551989731266765],[-82.375791545164617,28.552134093076777],[-82.375827479914122,28.552219468491035],[-82.375960251416217,28.552457288375258],[-82.376008377099637,28.552497414716235],[-82.376156337338287,28.552527492147977],[-82.376174688991853,28.552513769073929],[-82.376179996847597,28.552455050957388],[-82.37616749177738,28.552378464468216],[-82.376088293902384,28.552158151539331],[-82.376076490677519,28.552086070272654],[-82.37608209986621,28.551928073368973],[-82.37611193939405,28.551643478964394],[-82.376074754645174,28.551314447783408],[-82.375991448401777,28.551270167069855]]},"properties":{"OBJECTID_1":24,"OBJECTID":69949,"QUADNUMBER":0,"ELEVATION":110,"ORGCONT":0,"DEPRESSION":1,"HILLTOP":0,"INTERVAL":0,"UNIT":" ","DATESTAMP":1078790400000,"ShapeSTLen":1068.1912636239217,"Shape_Length":1068.1912636273303}},{"type":"Feature","id":25,"geometry":{"type":"LineString","coordinates":[[-82.374998503591073,28.555777004796589],[-82.374736990599047,28.555459766561917],[-82.374465745947177,28.555319918165772],[-82.373984341118103,28.555153367955025],[-82.373813802784454,28.555001675509516],[-82.373641733170444,28.554908508183647],[-82.373592074563632,28.554891040235947],[-82.373345507632635,28.554857507301421],[-82.373049743718866,28.554860264895428],[-82.372862784180043,28.554907347275311],[-82.372689113953243,28.554963306210922],[-82.372646667564055,28.554977166240338],[-82.372444631122534,28.555047142042028],[-82.371668544282741,28.555366263937483],[-82.371609587731612,28.555371210432405],[-82.371500750239676,28.555372471108193],[-82.371259515420206,28.555325206968075],[-82.37119946592415,28.55531691626836],[-82.371125506674446,28.555340251715247],[-82.371089532040529,28.555349406823325],[-82.371020489078774,28.55538631257069],[-82.37079875956735,28.55557369331876],[-82.370700535692805,28.555678366586392],[-82.370603897964017,28.555805569538673],[-82.370567829537649,28.555905325813235],[-82.370560264756691,28.556067902643868],[-82.370699224896313,28.556404958837025],[-82.370692137593792,28.556535742288144],[-82.370589983452348,28.55673097580328],[-82.370621709866697,28.55692017530367],[-82.370713786283474,28.557054640217192],[-82.370922766978012,28.557246452288368],[-82.371096966800522,28.55753805569951],[-82.371218195199049,28.557649500424194],[-82.371504014408472,28.557754969686869],[-82.371573752125073,28.55779940031675],[-82.371686625703674,28.557870505920032],[-82.371896296613201,28.557931470190479],[-82.372126387309933,28.558082727417695],[-82.372398829302597,28.558183824429818],[-82.372461297720875,28.55820115388115],[-82.372587650110518,28.55822681431119],[-82.372640715059489,28.558230810381836],[-82.372693788178765,28.558234803702263],[-82.372900705507902,28.558223693443924],[-82.37297452637435,28.558209353714346],[-82.372999636347814,28.558200085389739],[-82.373171204425844,28.558112863126432],[-82.373233921305641,28.558071380788686],[-82.373324460312276,28.55805245163307],[-82.373356461988351,28.558052253535227],[-82.373705596120814,28.558247101877267],[-82.373816441259166,28.558282161090332],[-82.374183946273476,28.558319064786765],[-82.374223504342211,28.558327687659219],[-82.374276327747211,28.558390211165623],[-82.374295915434445,28.558791729782065],[-82.374356076714307,28.559048518880733],[-82.374510624226772,28.559285858462271],[-82.374712577184738,28.559477871637025],[-82.375017171565247,28.560103331896702]]},"properties":{"OBJECTID_1":25,"OBJECTID":71644,"QUADNUMBER":0,"ELEVATION":170,"ORGCONT":0,"DEPRESSION":0,"HILLTOP":0,"INTERVAL":0,"UNIT":" ","DATESTAMP":1078790400000,"ShapeSTLen":4166.5436505125617,"Shape_Length":4166.5436505170364}},{"type":"Feature","id":26,"geometry":{"type":"LineString","coordinates":[[-82.374810730639382,28.565659103377058],[-82.374647715964485,28.565683442810297],[-82.374499516902105,28.565662308528875],[-82.37437214387829,28.565618618686944],[-82.374272368967269,28.565569899698328],[-82.374090888504796,28.56546339013563],[-82.373053384958467,28.564770057900738],[-82.372996448183116,28.564725491871027],[-82.372645556218743,28.564390480571021],[-82.372274028267711,28.563852884452498],[-82.372210418438613,28.563740702629698],[-82.37217201817262,28.563655272712701],[-82.372043757428358,28.562988799182143],[-82.371960471256841,28.562908197905184],[-82.371706611880569,28.56284755247286],[-82.371394192974435,28.562765132798972],[-82.371242396738424,28.562685412411366],[-82.37110601252553,28.56256057346787],[-82.370984313154707,28.562394811159571],[-82.370866845048624,28.562161282485857],[-82.370633442965229,28.561762055612679],[-82.370484293338578,28.56150620082812],[-82.370393737753346,28.561313228684771],[-82.370196321127054,28.560904570814856],[-82.370099155784857,28.56081057942303],[-82.370015829843865,28.560775554976267],[-82.36942465951671,28.560799355456734],[-82.369249438892865,28.560787747214754],[-82.369035845497891,28.560731238998194],[-82.36892708492843,28.560727723169226],[-82.368897221745343,28.560755236290806],[-82.368876248624431,28.560958449138269],[-82.368835429744536,28.561076168908265],[-82.368757244018752,28.561167282802256],[-82.368729944105937,28.561194544389302],[-82.368662111118354,28.561235966358957],[-82.368530830086826,28.561282281601216],[-82.368435032489614,28.561310429298082],[-82.368187872539195,28.561357930349818],[-82.367575689711742,28.561373035241974],[-82.367337422712637,28.561425139656688],[-82.367198263415432,28.56148514895537],[-82.366962773956089,28.561650128512166],[-82.366664836108882,28.561923857331973],[-82.366635615972584,28.561951098421162],[-82.366537650772699,28.562038031601656],[-82.366293975631038,28.562193912179907],[-82.366229349479497,28.562235096894998],[-82.366213202838281,28.562244194512669],[-82.365915083252531,28.562360036600953],[-82.365368857609738,28.562500855985061],[-82.365262613803253,28.56254267200779],[-82.364867336449819,28.562690872068256],[-82.364087275246604,28.562929135486819],[-82.36348370120038,28.563052391851695],[-82.363436188672026,28.563061966551707],[-82.363135883796161,28.563109965266861],[-82.362459136377879,28.563076174217294],[-82.362290018327357,28.56304183700486],[-82.362191904405364,28.563011140553179],[-82.361996583996188,28.562932028521004],[-82.361944568420455,28.56290074784344],[-82.361791953119166,28.56274897639905],[-82.361657414970068,28.562502289352039],[-82.361610261000266,28.562403240864139],[-82.361572452328346,28.562236761942259],[-82.361582018199599,28.562069720082224],[-82.361600396705853,28.561997326202736],[-82.361618151221961,28.561965449845399],[-82.361701599225157,28.561865400986854],[-82.361761598465165,28.561792651636019],[-82.36204578120082,28.561582093216295],[-82.362384783925762,28.561429865656173],[-82.362957511644581,28.561229992569356],[-82.363019948645686,28.561206802455672],[-82.363076255632677,28.561165814759878],[-82.363079495526662,28.561120546640485],[-82.362981287181952,28.561053827868054],[-82.362590422281727,28.56086831510132],[-82.362443799036825,28.560743343999309],[-82.362405571858218,28.560689712753948],[-82.362384185390766,28.560622201895743],[-82.36239285422343,28.560387325488627],[-82.362538947681358,28.560038380321007],[-82.36254265930755,28.559961603112324],[-82.362501028096531,28.559921433030706],[-82.362136923456831,28.559871028475573],[-82.361676994405514,28.559681613260221],[-82.361521700727408,28.559665164048333],[-82.361337641561548,28.559729987212464],[-82.36109339358508,28.559881352868917],[-82.360969090583623,28.559932236959309],[-82.360934448240585,28.559937189068968],[-82.360706693076764,28.559971106985433],[-82.360582838322017,28.559949675265191],[-82.360485071128764,28.559896468704686],[-82.360437731359113,28.559852016211035],[-82.360315760482308,28.55966373604236],[-82.360256528112956,28.559474774933037],[-82.36024408542275,28.559366560774098],[-82.360235091354895,28.559114030138712],[-82.360302124033936,28.558914730574987],[-82.360359686995324,28.558832945050579],[-82.36038320683933,28.558801138355587],[-82.360518790311815,28.558682283291169],[-82.360683201960555,28.558604000927851],[-82.360941446336952,28.558542856958884],[-82.361306972819833,28.558498443289537],[-82.361695702289481,28.558485534211702],[-82.362073488478316,28.558477285814121],[-82.362237349447341,28.558435018966485],[-82.362305365091018,28.55833956318202],[-82.362333629045892,28.558163171780656],[-82.362349022082839,28.557991683742653],[-82.362387496059739,28.557860431604702],[-82.362691063245379,28.557171410254679],[-82.362703954555357,28.556995399102032],[-82.362738055290635,28.556814561512315],[-82.36276900478353,28.556715026694295],[-82.362861694686202,28.556510956990515],[-82.362990541680006,28.556328972726895],[-82.363056145120751,28.556265299746226],[-82.363110812765782,28.556205997134754],[-82.363418108160332,28.556117279868044],[-82.363539530596199,28.556003316077057],[-82.36359890206603,28.555971077139223],[-82.363655581767404,28.555947820043258],[-82.36382220642443,28.555892075590631],[-82.364089630401807,28.555857762769907],[-82.364183506893184,28.555829881364122],[-82.364222028862741,28.555779674779622],[-82.364274794375703,28.555548965003517],[-82.364361516242965,28.555358609580988],[-82.364510273413799,28.55517208219948],[-82.364692836797204,28.555034913790806],[-82.364761383641252,28.554988991902988],[-82.36520288917292,28.554786177405397],[-82.365223076315502,28.554763339955983],[-82.365196939255469,28.55450188101171],[-82.365207589585808,28.55447470911874],[-82.366733987800771,28.553976376382881],[-82.367434462492014,28.55374842944402],[-82.367489217715701,28.553725142574965],[-82.367532143536081,28.55367977500363],[-82.367649490520805,28.553452909868881],[-82.367694552282288,28.553393773995264],[-82.367848946831643,28.553256831941361],[-82.367940163276742,28.553192608962537],[-82.368213352171225,28.553072528623638],[-82.368520300618044,28.553006312333636],[-82.369267212804232,28.55296715612031],[-82.369440869394168,28.552911209713756],[-82.369518906154269,28.552829375412927],[-82.369608586682759,28.552314018753961],[-82.369625401130932,28.552259626032214],[-82.369686307354442,28.55208303768271],[-82.369752559834652,28.551933535577952],[-82.369979673485545,28.551642374675602],[-82.370264362185921,28.551395788013878],[-82.370294214210446,28.551368563352078],[-82.370573409598848,28.551189728679628],[-82.37066889379831,28.551139062491586],[-82.370976484655955,28.5509870138903],[-82.371032524341487,28.550963739231822],[-82.371271944698421,28.55087562646484],[-82.371754864812999,28.550726455949224],[-82.371831313780675,28.55070764037983],[-82.372103182514692,28.55063256540619],[-82.372414231772225,28.550548374378753],[-82.37261989030084,28.550491945426248],[-82.372923924508925,28.550448475174544],[-82.37298750171577,28.55043430345572],[-82.373197344169128,28.55044095184293],[-82.373552863824685,28.550464493395268],[-82.374044150893923,28.550482294743968],[-82.374360290500292,28.550442901690182],[-82.374813445447003,28.550356979622126]]},"properties":{"OBJECTID_1":26,"OBJECTID":71795,"QUADNUMBER":0,"ELEVATION":100,"ORGCONT":0,"DEPRESSION":0,"HILLTOP":0,"INTERVAL":0,"UNIT":" ","DATESTAMP":1078790400000,"ShapeSTLen":14282.60439674,"Shape_Length":14282.60439676352}},{"type":"Feature","id":27,"geometry":{"type":"MultiLineString","coordinates":[[[-82.338155776886552,28.552700121200171],[-82.338077877695994,28.552687377452994],[-82.337878215944315,28.552684733453859],[-82.337871189941353,28.552686338155617]],[[-82.33786423846027,28.552053061543138],[-82.337984291978529,28.552069964039692],[-82.338183330894935,28.552113127222913],[-82.338370276467998,28.552151933978326],[-82.338470066444458,28.552155642898711],[-82.338644680160598,28.552122253102699],[-82.338769008400121,28.552111909810776],[-82.33893644236521,28.552128527199539],[-82.339054617704761,28.552185925950251],[-82.339092339231911,28.5522305607414],[-82.339042668109286,28.552339443846876],[-82.338874821381737,28.55239063938426],[-82.338712533490721,28.552455416404932],[-82.338706017170779,28.552505147992736],[-82.338786782292644,28.552581234819801],[-82.338961640395766,28.552656198806478],[-82.339054441449505,28.552740879084251],[-82.33899864778364,28.552831680125298],[-82.338762407971714,28.55279342406374],[-82.338519645769964,28.552804899182291],[-82.338426198605944,28.552846279765028],[-82.338326379491107,28.552802327423816],[-82.338201718574382,28.552708827137483],[-82.338155776886552,28.552700121200171]]]},"properties":{"OBJECTID_1":27,"OBJECTID":78347,"QUADNUMBER":0,"ELEVATION":100,"ORGCONT":0,"DEPRESSION":1,"HILLTOP":0,"INTERVAL":0,"UNIT":" ","DATESTAMP":1078790400000,"ShapeSTLen":2018.8035225302276,"Shape_Length":1153.4046614765268}},{"type":"Feature","id":28,"geometry":{"type":"LineString","coordinates":[[-82.339477749013398,28.553102161312545],[-82.339359885837453,28.553108088386196],[-82.339344316811037,28.553121689472487],[-82.339343214088075,28.553193720616036],[-82.339310561549269,28.553194179406162],[-82.33932902581121,28.553284167838136],[-82.339383839469079,28.553383031955637],[-82.339411244337867,28.553432318733496],[-82.33956694992348,28.553588660405449],[-82.33966305998311,28.553623846748401],[-82.339785405153393,28.553618262810733],[-82.339728894213195,28.553546683551811],[-82.339578360593123,28.553345092120633],[-82.33957082400272,28.553335996435614],[-82.339519588167207,28.553128830918734],[-82.339477749013398,28.553102161312545]]},"properties":{"OBJECTID_1":28,"OBJECTID":79838,"QUADNUMBER":0,"ELEVATION":100,"ORGCONT":0,"DEPRESSION":0,"HILLTOP":0,"INTERVAL":0,"UNIT":" ","DATESTAMP":1078790400000,"ShapeSTLen":540.55306736210491,"Shape_Length":540.55306736536795}},{"type":"Feature","id":29,"geometry":{"type":"LineString","coordinates":[[-82.341539815215199,28.562664885917691],[-82.341550804237869,28.562400474851319],[-82.341553070205563,28.562377699535876],[-82.341583262875943,28.562287167716811],[-82.341620645464445,28.562228224913639],[-82.341641721345425,28.562106060179428],[-82.341523313404096,28.562021644794687],[-82.341487738258948,28.562003774150565],[-82.341311419213241,28.561897285070877],[-82.341299384524618,28.56188841556488],[-82.341136696239133,28.561727489976256],[-82.340963656261167,28.561490185553794],[-82.340965805815543,28.56135006408137],[-82.341002388760941,28.561259596632645],[-82.341088665584437,28.561227126661077],[-82.34123112454354,28.561162399367323],[-82.341304724766019,28.561121058650841],[-82.341425633747988,28.561083932839836],[-82.341588785893606,28.561005660447826],[-82.341679861986691,28.560909933997319],[-82.341690087990344,28.560869245258615],[-82.341185843731182,28.560941802010586],[-82.341092809202507,28.56095645610203],[-82.340907947611527,28.560989728645474],[-82.340835396844284,28.561004064022136],[-82.34047142855934,28.561070672226816],[-82.340383514610366,28.561085114474572],[-82.340299042162371,28.561092656875566]]},"properties":{"OBJECTID_1":29,"OBJECTID":84980,"QUADNUMBER":0,"ELEVATION":70,"ORGCONT":0,"DEPRESSION":1,"HILLTOP":0,"INTERVAL":0,"UNIT":" ","DATESTAMP":1078790400000,"ShapeSTLen":22976.673235694012,"Shape_Length":1335.7419635304436}},{"type":"Feature","id":30,"geometry":{"type":"LineString","coordinates":[[-82.375408590815539,28.565429980148512],[-82.375363940876696,28.565427941642405],[-82.375275133627596,28.565379201179717],[-82.375211190470225,28.565375337302296],[-82.375022106549366,28.565476529958918],[-82.374810730639382,28.565659103377058]]},"properties":{"OBJECTID_1":30,"OBJECTID":85337,"QUADNUMBER":0,"ELEVATION":100,"ORGCONT":0,"DEPRESSION":0,"HILLTOP":0,"INTERVAL":0,"UNIT":" ","DATESTAMP":1078790400000,"ShapeSTLen":38872.932884551046,"Shape_Length":234.39048717335828}},{"type":"Feature","id":31,"geometry":{"type":"LineString","coordinates":[[-82.337951012001668,28.547629361298551],[-82.338047685499944,28.547683169055727],[-82.338071735732271,28.547700901531744],[-82.338144916375612,28.547686852129786],[-82.338155424399247,28.547627875134886],[-82.338118041275521,28.547519931870614],[-82.337986180519408,28.5473535310425]]},"properties":{"OBJECTID_1":31,"OBJECTID":117038,"QUADNUMBER":0,"ELEVATION":80,"ORGCONT":0,"DEPRESSION":0,"HILLTOP":0,"INTERVAL":0,"UNIT":" ","DATESTAMP":1078790400000,"ShapeSTLen":20942.79140296406,"Shape_Length":207.38192866238714}},{"type":"Feature","id":32,"geometry":{"type":"LineString","coordinates":[[-82.374814033934797,28.557107843265239],[-82.375143307313593,28.557565438486055],[-82.375800626787296,28.55769348840348],[-82.375999040443943,28.557745619242247],[-82.376190658302406,28.557766238246622],[-82.376408458237805,28.557786592186012],[-82.37665022960006,28.557856340888311],[-82.376908825591556,28.558016162482406],[-82.37694489083249,28.55803835909628],[-82.377141939167927,28.558230401246487],[-82.377238678635422,28.558423458202363],[-82.377446135087155,28.558507091243758],[-82.377548652584522,28.558627889880746],[-82.377601333647931,28.558871034208362],[-82.377577998128956,28.559286426859067],[-82.377542355306289,28.559395092490746],[-82.377527180802701,28.559431345482498],[-82.377490516876264,28.559485868299298],[-82.377191930475348,28.559543049266477],[-82.377190856348221,28.560098106851441],[-82.377094555515441,28.560577416104962],[-82.377004914865466,28.560709188837194],[-82.37691958498803,28.560804818162961],[-82.376884748552172,28.560827734091173],[-82.376818256123173,28.560873535435736],[-82.376655070662281,28.560951913265299],[-82.376545031947174,28.560989131361737],[-82.376411139119497,28.560985976387272],[-82.376285142402338,28.560951151727437],[-82.376188791423502,28.560911517449121],[-82.376164223938076,28.560889203064693],[-82.376114443096355,28.560844582388057],[-82.376033058758281,28.560728080651067],[-82.3759150190089,28.560444986243208],[-82.375857712883999,28.560337263317727],[-82.375595843902914,28.560073687309277],[-82.375440556372325,28.559899270129105],[-82.375318771122792,28.559647800699409],[-82.375274379978038,28.559526411092747],[-82.375265788807752,28.559503936869714],[-82.375221762810312,28.559459255725745],[-82.374998120302294,28.559318509971117]]},"properties":{"OBJECTID_1":32,"OBJECTID":118024,"QUADNUMBER":0,"ELEVATION":190,"ORGCONT":0,"DEPRESSION":0,"HILLTOP":0,"INTERVAL":0,"UNIT":" ","DATESTAMP":1078790400000,"ShapeSTLen":2971.6888302999946,"Shape_Length":2971.6888303029864}},{"type":"Feature","id":33,"geometry":{"type":"LineString","coordinates":[[-82.359660872277999,28.556917624561425],[-82.359599136154642,28.556936319435898],[-82.359371693419575,28.556992756628652],[-82.359317987678565,28.556988745328567],[-82.359229208346122,28.55697588916242],[-82.359193427375857,28.556971816843571],[-82.35908314939438,28.556941261248721],[-82.358888194708911,28.556965992851371],[-82.358709561222838,28.557053392668898],[-82.358636270847072,28.557117258923121],[-82.358574057632424,28.557167465154166],[-82.358438850721171,28.55730434061778],[-82.358436248831282,28.557349340789244],[-82.358417583656234,28.557651923387741],[-82.358411593536772,28.55775146802965],[-82.358461693373911,28.557782456492234],[-82.358463568050624,28.557827498980327],[-82.358509417663512,28.557885720391489],[-82.358682860687054,28.557929119473211],[-82.358799540823028,28.557959477091483],[-82.358989525518112,28.558052312680278],[-82.359165141505628,28.558037205901076],[-82.359298438991999,28.558026665754564],[-82.359539741275611,28.557943092947795],[-82.359600696072235,28.557933396481836],[-82.359983644124156,28.557879902410367],[-82.360197166852714,28.557855380736996],[-82.36026388292477,28.557845470172211],[-82.360379155911815,28.557799249619244],[-82.360498455700466,28.557698779623976],[-82.360601826193104,28.557508339083171],[-82.360637080882555,28.557462878566415],[-82.360675038911253,28.557408167304331],[-82.360693365278081,28.557381088165346],[-82.360750730937809,28.557312807383351],[-82.36078689511038,28.557249068450027],[-82.360784150573409,28.557176995154311],[-82.360719385958191,28.557141625059156],[-82.360517934129732,28.557129978643925],[-82.360270524698421,28.557109922295442],[-82.360208061935595,28.557092590808459],[-82.360098500009627,28.557057542301184],[-82.360027133207751,28.557035594525356],[-82.359774113510895,28.5569209185057],[-82.359660872277999,28.556917624561425]]},"properties":{"OBJECTID_1":33,"OBJECTID":121234,"QUADNUMBER":0,"ELEVATION":80,"ORGCONT":0,"DEPRESSION":1,"HILLTOP":0,"INTERVAL":0,"UNIT":" ","DATESTAMP":1078790400000,"ShapeSTLen":1943.4502280957402,"Shape_Length":1943.4502280977131}},{"type":"Feature","id":34,"geometry":{"type":"LineString","coordinates":[[-82.369055874607653,28.54582605222021],[-82.369215836583805,28.545828752988069],[-82.369482488453613,28.54584424090147],[-82.369815754189773,28.545899613454658],[-82.369843853971801,28.545903599252437],[-82.36995546583988,28.545929657949269],[-82.37032435606244,28.546083938654107],[-82.370489739901643,28.546195054532479],[-82.370519485752283,28.546217345063877],[-82.370709511148945,28.5463915003244],[-82.370823000610372,28.546548157749957],[-82.370922621202155,28.546691427959757],[-82.371044988819662,28.546938530358503],[-82.371111877224848,28.547258148264216],[-82.371120434636097,28.547497453165441],[-82.37099228878273,28.547719684016055],[-82.370916547816279,28.547819833110477],[-82.370870344737668,28.547869957020801],[-82.370759595919637,28.547956749574318],[-82.370724629031997,28.547984205774252],[-82.370664414218083,28.548029940093365],[-82.370612893914569,28.548093500723933],[-82.370596585335392,28.548156912895685],[-82.3705906782521,28.548251675513434],[-82.370606432355643,28.548310395533832],[-82.370624595341553,28.548337063310761],[-82.370743204791665,28.548493778054318],[-82.370816535266215,28.548682618708025],[-82.370833415365368,28.549007282860764],[-82.37081754651652,28.549084200959843],[-82.370739264709272,28.549224846630349],[-82.370556232681409,28.549393823772721],[-82.370511581439018,28.549425951585974],[-82.370441479013067,28.549449049642543],[-82.370258789669222,28.549509684334492],[-82.369761288050398,28.54956440805169],[-82.369658806507445,28.549569684260241],[-82.36934257259675,28.549573044352474],[-82.369041132485648,28.549571509817731],[-82.368798999735517,28.549542236249966],[-82.368421090135783,28.549433438560055],[-82.368322987162486,28.549402749988275],[-82.368063783849138,28.549274497831252],[-82.367944513113144,28.549203606705809],[-82.367734982249317,28.549006994340697],[-82.367564536383469,28.548765239193365],[-82.367515957094682,28.54867546794598],[-82.36742476464488,28.548568027800112],[-82.367396234166847,28.548550247712374],[-82.367175390743327,28.548552464808168],[-82.367141259859693,28.548566418836156],[-82.367090284695237,28.54859396070291],[-82.366959317390609,28.548662798657308],[-82.366801199100976,28.548664606486103],[-82.366314412289029,28.548561005698037],[-82.366190767322422,28.54852635824275],[-82.366105096066235,28.54847751735949],[-82.365965958356199,28.54836614947493],[-82.365922034204161,28.54830794426061],[-82.365849550344663,28.548191156718524],[-82.365826890924467,28.548123922213087],[-82.365784031295448,28.547952595929676],[-82.365801672813816,28.547758630275666],[-82.365896704478146,28.54756808980736],[-82.366328315969028,28.547085429636137],[-82.366383818398162,28.547012624419974],[-82.366402150786811,28.546985267455529],[-82.366454289080238,28.546880899335573],[-82.366467159304548,28.546876266278726],[-82.366581596060911,28.546672163119393],[-82.366704757218258,28.546526423073363],[-82.366987904720901,28.5464244760661],[-82.367122600508068,28.546404933628867],[-82.367402246162783,28.546365980323369],[-82.367467774668924,28.546306799929962],[-82.367579344580108,28.546165705928026],[-82.367700471418701,28.546069748944348],[-82.368057714621017,28.54593516716119],[-82.368439605790741,28.545863628986812],[-82.368483840235072,28.545858797839617],[-82.368833686260501,28.545832751235853],[-82.369055874607653,28.54582605222021]]},"properties":{"OBJECTID_1":34,"OBJECTID":129118,"QUADNUMBER":0,"ELEVATION":110,"ORGCONT":0,"DEPRESSION":0,"HILLTOP":0,"INTERVAL":0,"UNIT":" ","DATESTAMP":1078790400000,"ShapeSTLen":5089.4527459867704,"Shape_Length":5089.4527459884939}},{"type":"Feature","id":35,"geometry":{"type":"LineString","coordinates":[[-82.381193350667246,28.555165775934945],[-82.381095708786134,28.555198358263215],[-82.381020521427331,28.555262300500846],[-82.381002559051609,28.55533017059652],[-82.381001441071206,28.555415921056319],[-82.381018261454543,28.555456361728972],[-82.381072718442752,28.555491908051803],[-82.381176318724656,28.555499879002177],[-82.381268546004179,28.555444789480816],[-82.381297161891183,28.555336197621532],[-82.381295222235735,28.555236940537682],[-82.381277826331939,28.555201018616167],[-82.381193350667246,28.555165775934945]]},"properties":{"OBJECTID_1":35,"OBJECTID":130528,"QUADNUMBER":0,"ELEVATION":200,"ORGCONT":0,"DEPRESSION":0,"HILLTOP":0,"INTERVAL":0,"UNIT":" ","DATESTAMP":1078790400000,"ShapeSTLen":350.91225026666433,"Shape_Length":350.91225027242672}},{"type":"Feature","id":36,"geometry":{"type":"LineString","coordinates":[[-82.361076669199278,28.554128182881293],[-82.360872449425514,28.554130023448504],[-82.360722520519573,28.55414065081386],[-82.360527427400413,28.554174115240802],[-82.360289549025481,28.554244214200008],[-82.360154861290042,28.554304273016935],[-82.360114260243634,28.554322648568949],[-82.360059932274524,28.554359446570221],[-82.35991940296708,28.554509761739279],[-82.359890484438594,28.554559798192386],[-82.359870259193812,28.554627661659627],[-82.359909889848993,28.554758139448186],[-82.35997935192583,28.554820582997401],[-82.360096326338365,28.55487345390846],[-82.360371993785776,28.55492930176236],[-82.360714926394266,28.554939499695365],[-82.360846082761071,28.554942723500766],[-82.361089557253521,28.554926710197567],[-82.361297726265818,28.554875110149876],[-82.36136670698302,28.554842712160344],[-82.361392448790241,28.55483344609965],[-82.361542570203525,28.554682955895142],[-82.361578919380406,28.554565180595944],[-82.361565467060231,28.554438953983006],[-82.361474384386426,28.554281982066879],[-82.361396162896213,28.554206214302987],[-82.361259350130325,28.554153400907271],[-82.361076669199278,28.554128182881293]]},"properties":{"OBJECTID_1":36,"OBJECTID":131782,"QUADNUMBER":0,"ELEVATION":110,"ORGCONT":0,"DEPRESSION":0,"HILLTOP":0,"INTERVAL":0,"UNIT":" ","DATESTAMP":1078790400000,"ShapeSTLen":1380.1231463300553,"Shape_Length":1380.1231463314557}},{"type":"Feature","id":37,"geometry":{"type":"LineString","coordinates":[[-82.36235265875365,28.56559078528953],[-82.362040934182104,28.565589394704649],[-82.362006859397255,28.565598841927454],[-82.361689358884576,28.565683218650118],[-82.361489791836732,28.565757431568013],[-82.361369347310429,28.565848890165007],[-82.361301326039793,28.565944337305289],[-82.361297944314074,28.565998612862778],[-82.361320670046709,28.566147182628089],[-82.361393867780805,28.566259198774425],[-82.361545342705725,28.566402244388655],[-82.361644476932028,28.566450680306037],[-82.36170623100044,28.5664727881279],[-82.361869297836193,28.566484542217527],[-82.362012881436726,28.566429086975607],[-82.362182224838932,28.566364093718573],[-82.362344992911829,28.566267776933273],[-82.362590743682901,28.566102920544246],[-82.362647965808634,28.566043646537384],[-82.362702134543923,28.565975332030082],[-82.362723747954789,28.565857958720873],[-82.362722446873761,28.565817134152386],[-82.362578143326317,28.565665173643005],[-82.36235265875365,28.56559078528953]]},"properties":{"OBJECTID_1":37,"OBJECTID":140221,"QUADNUMBER":0,"ELEVATION":110,"ORGCONT":0,"DEPRESSION":0,"HILLTOP":0,"INTERVAL":0,"UNIT":" ","DATESTAMP":1078790400000,"ShapeSTLen":1219.879602361827,"Shape_Length":1219.8796023629068}},{"type":"Feature","id":38,"geometry":{"type":"LineString","coordinates":[[-82.345807281583475,28.545598457031161],[-82.345799695933621,28.545508317177283],[-82.345789060179769,28.545282772626177]]},"properties":{"OBJECTID_1":38,"OBJECTID":141189,"QUADNUMBER":0,"ELEVATION":110,"ORGCONT":0,"DEPRESSION":0,"HILLTOP":0,"INTERVAL":0,"UNIT":" ","DATESTAMP":1078790400000,"ShapeSTLen":114.94204223673215,"Shape_Length":114.94204224137633}},{"type":"Feature","id":39,"geometry":{"type":"MultiLineString","coordinates":[[[-82.375017171565247,28.560103331896702],[-82.375023621263068,28.560165224331861],[-82.375204026132636,28.560379999968564],[-82.375411143166517,28.560535841130264],[-82.375478954099336,28.560616378449737],[-82.375577344799552,28.560886136021011],[-82.375599649819307,28.560931036854303],[-82.37562826543396,28.560993920941275],[-82.375852207778124,28.561289472399491],[-82.376235573636123,28.561560852917491],[-82.376299667430587,28.561600812996616],[-82.376473404885544,28.56167125401323],[-82.376730060749878,28.561754380743913],[-82.376854015095546,28.561730559658116],[-82.376974218669687,28.561688726502759],[-82.37704206040884,28.56169706335081],[-82.377314437441939,28.561761987578876],[-82.377428005961818,28.561774373130948],[-82.377461225512349,28.561774035321104],[-82.377749678965614,28.561748535011333],[-82.37795360773994,28.561683290538618],[-82.378258573376698,28.561576404729866],[-82.37863786247533,28.561437166088957],[-82.379053764454639,28.561238899758102],[-82.379089302486264,28.561220489391907],[-82.379293553111822,28.561083037025544],[-82.379343721242506,28.561059962137662],[-82.379927626824127,28.56105752598112]],[[-82.38277213593021,28.55642174814356],[-82.38274696857296,28.556305156828607],[-82.382715868604237,28.555831654609175],[-82.382766705449015,28.555127176543746],[-82.382743395649172,28.555005575603325],[-82.382657766049576,28.55456422388805],[-82.382573769009795,28.554028085951607],[-82.382531060409207,28.553888630020975],[-82.382511684865037,28.553848215677093],[-82.382471979324208,28.553767394180635],[-82.382388825761396,28.55363737508749],[-82.38233524545295,28.553570234166564],[-82.382326758432811,28.553556780753269],[-82.382164807806333,28.553287676904727],[-82.381947985763119,28.55307328346931],[-82.381927133758012,28.553041905588767],[-82.381674427993218,28.552697020911971],[-82.381508067332788,28.552554311859595],[-82.381211689322896,28.552485125673599],[-82.381046752309899,28.552378501951662],[-82.38090638701749,28.552343840012238],[-82.380644948921159,28.552332961975175],[-82.380282556336127,28.552417873298957],[-82.380142792127884,28.552477957971767],[-82.379969664524523,28.55255191728715],[-82.379784968179479,28.552693694170628],[-82.379704531649594,28.552771225150927],[-82.379664873115658,28.552816755238265],[-82.379548379905472,28.552971366298191],[-82.379440172328231,28.553148457502825],[-82.37931378034618,28.553474644877028],[-82.379256668919851,28.553822694442339],[-82.379281973695427,28.55426918075786],[-82.379302817263806,28.554422395405506],[-82.379314858325259,28.554512526048441],[-82.3793398194464,28.554638622054831],[-82.379448093126243,28.555102316800532],[-82.37948142771981,28.555625435918412],[-82.37950098505388,28.555729027340465],[-82.379528755020047,28.555800945409143],[-82.379665184386795,28.556047749341879],[-82.379797277632392,28.556281050948552],[-82.379817832917439,28.556411705129559],[-82.379848042809073,28.556989008213293],[-82.379912732646432,28.557466680635201],[-82.379989556518041,28.557772755853083],[-82.380043034008267,28.55788051304015],[-82.380141511412475,28.55808257648394],[-82.380172193231772,28.558181541008594],[-82.38017370979729,28.558249213849255],[-82.380115519684551,28.558367131795929],[-82.379993298764376,28.558499239560259],[-82.379680974740396,28.558678406271973],[-82.379491054783955,28.558860846695168],[-82.379386612067705,28.558911546794285],[-82.379153654775848,28.558954528111126],[-82.378924697776085,28.559083206349396],[-82.378578645656688,28.559149907153536],[-82.378235687285112,28.559306815021159],[-82.378069338718106,28.559313019100202],[-82.378022876783689,28.559277387975335],[-82.378026281597897,28.559146490887695],[-82.378114982042916,28.558942524093425],[-82.378130613203012,28.558843089018932],[-82.378105667253536,28.558423672782297],[-82.377994324870855,28.558018672833537],[-82.377917911428383,28.55786602153248],[-82.377799287586228,28.557637084959602],[-82.377754735572253,28.557601445706208],[-82.377608088588673,28.557526219791807],[-82.377273322219779,28.557452905363292],[-82.37714401471608,28.55740909164706],[-82.377100859476514,28.557382453622385],[-82.376898375551704,28.557262670310639],[-82.376621639000575,28.55715718452004],[-82.376028529922863,28.557041359725307],[-82.375698036744282,28.557026666151884],[-82.375539720471977,28.556987659425804],[-82.375486318522746,28.556934048582004],[-82.375447685107588,28.556812602446293],[-82.375393581548153,28.556754486327996],[-82.375171524595245,28.556652947462926],[-82.375152328080148,28.556626065736616],[-82.375139502989825,28.556450206701719],[-82.375152676301653,28.556382383085499],[-82.375169181243407,28.556300990832309],[-82.375165685663063,28.556228823406187],[-82.375113621787406,28.555958598938226],[-82.374998503591073,28.555777004796589]]]},"properties":{"OBJECTID_1":39,"OBJECTID":152297,"QUADNUMBER":0,"ELEVATION":170,"ORGCONT":0,"DEPRESSION":0,"HILLTOP":0,"INTERVAL":0,"UNIT":" ","DATESTAMP":1078790400000,"ShapeSTLen":23675.466726324044,"Shape_Length":8914.079407924406}},{"type":"Feature","id":40,"geometry":{"type":"LineString","coordinates":[[-82.345807281583475,28.545598457031161],[-82.345937401436842,28.545502339423834],[-82.345969108315245,28.54547935362638],[-82.34606336893286,28.545383662929719],[-82.34628115532702,28.545120007725348],[-82.346353429954377,28.544997325229403],[-82.346385859133179,28.544843485455061],[-82.34638224545715,28.544744386078722],[-82.346371553064458,28.54469023410811],[-82.346326871016018,28.544514667743872],[-82.346177649452102,28.544227265598096],[-82.346022132275692,28.544016906739078],[-82.345992467323853,28.543990097984498],[-82.345754441145502,28.543775951642164],[-82.345566833616701,28.543655826825933],[-82.345158673120963,28.543393508577868],[-82.345001226657899,28.543309482051733],[-82.344935072372266,28.543283089702317],[-82.34405285432679,28.54296677252951],[-82.343976513661531,28.54293604089327],[-82.3432046374826,28.542519438453574],[-82.342968672132741,28.542422647638393],[-82.342781100456392,28.542383854962651],[-82.342536374251523,28.542399814095305],[-82.342499178859441,28.542404721001493],[-82.342275823433241,28.542488193076085],[-82.342146148246698,28.542597540733496],[-82.342036198219191,28.542756641504834],[-82.341954165340709,28.542847697621738],[-82.341766785827147,28.542921748957397],[-82.341491813848336,28.543032751943304],[-82.341340800935654,28.543156192919202],[-82.341217961185436,28.543279130715657],[-82.341132536694943,28.54342444812232],[-82.341065372898058,28.543546915643827],[-82.341017306756143,28.543718852947514],[-82.341009705193301,28.544215460133632],[-82.341065670853837,28.544490221391257],[-82.341092802130959,28.544557525633913],[-82.341150589601369,28.544629121087333],[-82.341238389587033,28.544705021059819],[-82.341503741182393,28.544846893166348],[-82.341687912412979,28.544899162662283],[-82.341736490513455,28.544903113582141],[-82.341991337242206,28.544936804241541],[-82.342071307354914,28.544981083704332],[-82.342117913480848,28.545030327043833],[-82.342254706815567,28.545209513874614],[-82.342356891212475,28.545307528418807],[-82.342417580970434,28.545356647712481],[-82.342491003461717,28.545410146407939],[-82.342540381773546,28.545445621906858],[-82.342582925544832,28.545467792470696],[-82.342890665440223,28.545600316712655],[-82.343506116198682,28.545742953414475],[-82.343899498922426,28.545883517793179],[-82.344008683015517,28.545900567967955],[-82.344579440180127,28.54599426627507],[-82.344755407871361,28.545996911029132],[-82.344944815202311,28.545999430277575],[-82.345129510066627,28.545975154503928],[-82.345167989109029,28.545970259852012],[-82.345338518787841,28.545909797141771],[-82.345414398546268,28.545886493389187]]},"properties":{"OBJECTID_1":40,"OBJECTID":153354,"QUADNUMBER":0,"ELEVATION":110,"ORGCONT":0,"DEPRESSION":0,"HILLTOP":0,"INTERVAL":0,"UNIT":" ","DATESTAMP":1078790400000,"ShapeSTLen":4536.319771768387,"Shape_Length":4536.3197717729354}},{"type":"Feature","id":41,"geometry":{"type":"LineString","coordinates":[[-82.361945833082402,28.564850412209037],[-82.361784869738202,28.564869914962202],[-82.361350814387933,28.564914938383332],[-82.361186095842427,28.564970705434476],[-82.361116475819102,28.565003099613342],[-82.360950908725982,28.565072359482208],[-82.360776277433771,28.565191329543193],[-82.360607492379529,28.56534666608546],[-82.360342485410214,28.565642433298315],[-82.360273981887701,28.565769677770902],[-82.360264535285665,28.565801361347326],[-82.360247035292105,28.565900777682927],[-82.360258555856419,28.566112824315049],[-82.360272530584894,28.566162233492509],[-82.360393091332796,28.566359504495548],[-82.360690208910967,28.566650024820259],[-82.36081700800257,28.566815574330565],[-82.360811402192653,28.566932857857832],[-82.360724998785358,28.567100700244463],[-82.360628591392171,28.567295715964779],[-82.360552881561176,28.567603546351215],[-82.360565193909622,28.568059015127332],[-82.360635533939956,28.568360668039563],[-82.360636972264189,28.568392205402198],[-82.360629050758703,28.568450932486865],[-82.360596422434526,28.568491915796582],[-82.360551901157763,28.568515035550327],[-82.360410838560298,28.568529986582533],[-82.360057159971589,28.568465635873697],[-82.359621812067786,28.568384276865295],[-82.359438759223025,28.568381572035062],[-82.359270400551395,28.568424070330948],[-82.359195010658084,28.568456396687179],[-82.359186549062684,28.568465576899296],[-82.359012780808442,28.568611576409623],[-82.358947633807148,28.568643734768102],[-82.358638383903113,28.568647148359304],[-82.358385399556383,28.568740148279709],[-82.358350984795067,28.568771829068318],[-82.358038887270965,28.568752416080891],[-82.357740661365668,28.568746395291537],[-82.357688095347413,28.568751404658432],[-82.357533838208695,28.56883430999132],[-82.357472520454195,28.56895234288973],[-82.357465717087891,28.569105638980336],[-82.35753178292147,28.569308189373558],[-82.357609844617869,28.569426977572697]]},"properties":{"OBJECTID_1":41,"OBJECTID":154223,"QUADNUMBER":0,"ELEVATION":100,"ORGCONT":0,"DEPRESSION":0,"HILLTOP":0,"INTERVAL":0,"UNIT":" ","DATESTAMP":1078790400000,"ShapeSTLen":13285.822965089721,"Shape_Length":3013.6168332247553}},{"type":"Feature","id":42,"geometry":{"type":"LineString","coordinates":[[-82.353827182553331,28.5533706913373],[-82.354000503421275,28.553337265331745],[-82.35408095891114,28.553350029353009],[-82.354303792908524,28.553555266148319],[-82.35459276555919,28.553746361626043],[-82.354666274805169,28.553795339870845],[-82.354745309650554,28.553817094503593],[-82.354783011826783,28.553821196370439],[-82.35519523202484,28.553862332620593],[-82.35537408890211,28.553928315508497],[-82.35545733385942,28.553968126238686],[-82.355499891991215,28.553990012024325],[-82.35584281375931,28.554126575043441],[-82.355926266057452,28.554152880534044],[-82.356689241655516,28.554321113334076],[-82.356883837788445,28.554404998580122],[-82.356945044070002,28.554463122443476],[-82.356959427368736,28.554485522184212],[-82.356974655339656,28.554620784249263],[-82.356980673952108,28.554688394209677],[-82.357057981433627,28.554782450123859],[-82.357091480149478,28.554894847573852],[-82.357080373826321,28.555120687977816],[-82.356998765571518,28.555310816047779],[-82.356840259668971,28.555506514229446],[-82.356683829144956,28.555607389917686],[-82.356496102654077,28.555703968563634],[-82.356085040946894,28.555839013124391],[-82.355110997099885,28.556123928015033],[-82.354732996575933,28.556231491513792],[-82.354399558340802,28.556397272934962],[-82.354122540433565,28.55647225471365],[-82.353984051092965,28.556487239206554],[-82.35392074566856,28.556483394271268],[-82.353775558164841,28.556475780697085],[-82.353422172885658,28.556352880431305],[-82.353358226752363,28.556349031486956],[-82.353253806983673,28.556354559369698],[-82.353221590097974,28.556368534706433],[-82.352821405335732,28.556503415686745],[-82.352572518688689,28.556623187285638],[-82.352171462377768,28.556731037254728],[-82.352107608341598,28.556763216971628],[-82.352073627741476,28.556808688237133],[-82.35207410995757,28.556903249389581],[-82.352238755223212,28.557104704345271],[-82.352294169231484,28.557248599083973],[-82.352308784578071,28.55742437283817],[-82.352353145989113,28.557748802772362],[-82.352468014298765,28.557982321275095],[-82.352562761470125,28.558107820635492],[-82.35260476301238,28.558166002619089],[-82.352609332058137,28.558328436066404],[-82.352609128709702,28.558341940994303],[-82.352591359788406,28.558373813533837],[-82.352516620859063,28.558406137212273],[-82.351672912802854,28.558662726431645],[-82.351602553939287,28.558658804853746],[-82.351475341417427,28.558606093926258],[-82.351280853234101,28.558472669547037],[-82.351202020140349,28.558437408006757],[-82.351137427890009,28.558433548868301],[-82.35105790924905,28.558443309400875],[-82.350619810963167,28.558461235095852],[-82.350538511603503,28.558461962099486],[-82.350404381751176,28.558526520623651],[-82.350216047776428,28.558704410942628],[-82.350139524220666,28.558727709119875],[-82.34994163153668,28.558734107174992],[-82.349714619172161,28.558677683346456],[-82.349332971576146,28.558518981844642],[-82.349292209828107,28.558505838597917],[-82.349204107471309,28.55844823076588],[-82.34903942527778,28.558291800752599],[-82.348785868110312,28.55833946613043],[-82.348717365115959,28.558340066222613],[-82.348609059015615,28.558264498314092]]},"properties":{"OBJECTID_1":42,"OBJECTID":155307,"QUADNUMBER":0,"ELEVATION":120,"ORGCONT":0,"DEPRESSION":0,"HILLTOP":0,"INTERVAL":0,"UNIT":" ","DATESTAMP":1078790400000,"ShapeSTLen":5204.0995972102228,"Shape_Length":5204.0995972170249}},{"type":"Feature","id":43,"geometry":{"type":"MultiLineString","coordinates":[[[-82.374998530121204,28.55516555087501],[-82.375045577202428,28.555196662551058],[-82.3752566331423,28.555411127161804],[-82.375407917148365,28.555621687191259],[-82.37552487011753,28.555846128830233],[-82.375582597987759,28.556084711435851],[-82.375682945290592,28.55665227844047],[-82.375710128020458,28.556728714218536],[-82.37575110553378,28.556759888454337],[-82.3768063453971,28.556965782462346],[-82.377117190110752,28.557066409693466],[-82.377427985610026,28.557162530071192],[-82.377665855581228,28.557227805010875],[-82.377837277076452,28.557316306582457],[-82.377950353026989,28.557414437714471],[-82.378130276882686,28.557665313395098],[-82.378239783040286,28.557880804987342],[-82.378310691706005,28.558051562404216],[-82.37833202175544,28.558340149806448],[-82.378299490749939,28.558809787855989],[-82.378331188752355,28.558913255333636],[-82.378372274745331,28.558953449119191],[-82.378426378308987,28.558961926448838],[-82.37846388410928,28.558898368637763],[-82.37857907308944,28.558766334189464],[-82.378671537982626,28.558679655847513],[-82.379068502262498,28.558499625286078],[-82.379112666939406,28.558481124049614],[-82.379187339222071,28.558426214002388],[-82.379452128357784,28.558130206824199],[-82.379452678360948,28.558098615364987],[-82.379400522304024,28.557896078167801],[-82.379416460649253,28.556889613560152],[-82.379425235709604,28.556289355119105],[-82.37933667335443,28.556087189385245],[-82.379199950259434,28.555817823893037],[-82.379165512167546,28.555773048645229],[-82.37901044139339,28.555174454068883],[-82.378964993714206,28.554971848244769],[-82.378948579736516,28.554863712806426],[-82.37893767375391,28.554787111323051],[-82.378880555709074,28.554399619264565],[-82.378850939691375,28.553867439057928],[-82.378851125196789,28.553808773952795],[-82.378867243110534,28.553623592721689],[-82.378888044654772,28.553528618658849],[-82.378928344707731,28.55336124433332],[-82.378957126375965,28.553266178503229],[-82.379041234245193,28.553003595291653],[-82.379260399353768,28.552541087286432],[-82.379275632406546,28.55250934379616],[-82.379312702521759,28.552436766253962],[-82.379403962191631,28.552282410884015],[-82.379456092032086,28.552214194624522],[-82.379508725090133,28.552159508398024],[-82.379628797309849,28.552059010484928],[-82.37996017041489,28.551897701045664],[-82.380332673615584,28.551803655868415],[-82.380684017608289,28.551777519402147],[-82.381033915537841,28.551787486821365],[-82.381537982382909,28.551886146792242],[-82.381646843447655,28.551930165461954],[-82.381785124173589,28.552000958499811],[-82.381832222828422,28.55203658028088],[-82.381971149926258,28.552156994474192],[-82.382156821459276,28.55240780823129],[-82.382196793023255,28.55248411650112],[-82.38220504551785,28.552529157820818],[-82.382243564124408,28.552763418969882],[-82.382299659882989,28.55292529921514],[-82.382326880372261,28.552979173331568],[-82.382379567166225,28.553050838394345],[-82.382585236435972,28.553292420220671],[-82.38260922808675,28.553319250390881],[-82.382653200057604,28.553409054329052],[-82.382748519840305,28.553687864206996],[-82.382889182357019,28.554160240995319],[-82.382922202295575,28.554340407821435],[-82.382934857414853,28.554453091218615],[-82.382968582822073,28.554809240704866],[-82.382981274721175,28.554949001325689],[-82.383065079323188,28.555250487543589],[-82.383066299894907,28.55541743996552],[-82.383032646547406,28.555530598689302],[-82.383011913527241,28.555679724208904],[-82.383014216989409,28.555708779286821]],[[-82.379548083168515,28.56145344041396],[-82.379513290585464,28.5614463108816],[-82.379491827507124,28.56144201711469],[-82.379376254311055,28.561447714500371],[-82.379137493786203,28.561535877593162],[-82.37893817086163,28.561610104571347],[-82.378449779138919,28.561736914508696],[-82.378391242448984,28.561755560267063],[-82.378337757761201,28.561769639630025],[-82.377926669250584,28.561945293153311],[-82.377794064380865,28.561991763584622],[-82.377459910833878,28.562089928132],[-82.377098020717213,28.562143239767703],[-82.376900244166649,28.56214073377183],[-82.376698795830862,28.562052525608156],[-82.376407197678802,28.561983292459242],[-82.376264464868882,28.561939613552216],[-82.376022858610497,28.561833763114141],[-82.375862001461499,28.561722578732528],[-82.375785915386558,28.561669198707079],[-82.375643381327322,28.561517225526668],[-82.375556475760106,28.561418830650705],[-82.375297159233043,28.56105594035952],[-82.37513251585635,28.560678552664836],[-82.374797288979977,28.560203201696584]]]},"properties":{"OBJECTID_1":43,"OBJECTID":162799,"QUADNUMBER":0,"ELEVATION":160,"ORGCONT":0,"DEPRESSION":0,"HILLTOP":0,"INTERVAL":0,"UNIT":" ","DATESTAMP":1078790400000,"ShapeSTLen":24550.35816483547,"Shape_Length":8864.1624469427297}},{"type":"Feature","id":44,"geometry":{"type":"LineString","coordinates":[[-82.361868159916753,28.535293616917123],[-82.361436856916043,28.53533416701497],[-82.361236547405824,28.535376563148311],[-82.360881873056911,28.535470351518327],[-82.360685484904707,28.535549107088265],[-82.360645465333803,28.535572277202611],[-82.360368555228959,28.535728318679837],[-82.359869318850201,28.535859807841604],[-82.359600106247143,28.535930110361203],[-82.359306185116964,28.53606850431996],[-82.358975345904184,28.536067167532327],[-82.358510206392893,28.536144176577437],[-82.358286962796228,28.53613733942149],[-82.358026908615244,28.536067602887915],[-82.357785173875186,28.536056608739344],[-82.357757645236859,28.536056849092272],[-82.356929566138902,28.536096957772781],[-82.356706204370752,28.536139930276466],[-82.356264657829399,28.536306695048683],[-82.356196062841732,28.536357107407841],[-82.355987451043362,28.536440211381819],[-82.355674053438761,28.536596949844398],[-82.355514451151436,28.536697793802389],[-82.355391494953963,28.536829741036925],[-82.355374560729587,28.536933662880248],[-82.355369255627025,28.536987913790114],[-82.355387985698229,28.537145720363178],[-82.355413904148435,28.537208783942457],[-82.355553061361789,28.53740121844319],[-82.355652635226193,28.537544781888442],[-82.355876919884594,28.537736522968189],[-82.356295603407759,28.537980631892779],[-82.356675973022519,28.538134799129963],[-82.356917683307586,28.538190823907904],[-82.357361620359299,28.538204184164279],[-82.357391865779576,28.538235497018341],[-82.357526062654486,28.538459947623149],[-82.357656378245323,28.538603029784991],[-82.357693727048627,28.538629634395431],[-82.358020702458219,28.538802319129779],[-82.358266679884849,28.538872178463347],[-82.358716266874893,28.538935404377884],[-82.359449644086695,28.539022782570573],[-82.359776383457714,28.53904208287948],[-82.359836056152773,28.53903236989521],[-82.360127268246714,28.53898878641964],[-82.36026103717667,28.538987534701796],[-82.360469396057866,28.539048507017363],[-82.360511503557419,28.53905715516888],[-82.360650120362791,28.539073971301598],[-82.361242425027953,28.539094966412783],[-82.361502844404171,28.539056362507527],[-82.361896169754047,28.538989196831178],[-82.362480100406131,28.538929041514766],[-82.362767104583739,28.538867671264814],[-82.362935967944338,28.538789151383209],[-82.3629625443956,28.538766395512624],[-82.363127271404537,28.538665320713825],[-82.363219610664942,28.538610393742605],[-82.363293398761144,28.538555530773046],[-82.36339141443996,28.538464374862617],[-82.363567740340741,28.538272815158017],[-82.363633030259479,28.538186626536],[-82.363828529319917,28.537954485617579],[-82.364085449473663,28.537681131386687],[-82.364239743180889,28.537422345024023],[-82.364299638946534,28.53722774617977],[-82.364315821253285,28.537173334032413],[-82.364357299465041,28.536884247216442],[-82.364364059251898,28.53669014639609],[-82.36435038958389,28.536451070861439],[-82.364291807271371,28.536262119915946],[-82.364278264422907,28.536226220514223],[-82.364145741300746,28.53597477405237],[-82.363954230276676,28.5357735853107],[-82.363916442103545,28.535733460207247],[-82.363666429984477,28.535591522100578],[-82.363188661769072,28.535488017996695],[-82.362824961577275,28.535374303432384],[-82.362528995833642,28.535309495364679],[-82.362296084183711,28.535307336749089],[-82.361868159916753,28.535293616917123]]},"properties":{"OBJECTID_1":44,"OBJECTID":164924,"QUADNUMBER":0,"ELEVATION":140,"ORGCONT":0,"DEPRESSION":0,"HILLTOP":0,"INTERVAL":0,"UNIT":" ","DATESTAMP":1078790400000,"ShapeSTLen":7042.9118214736045,"Shape_Length":7042.911821481558}},{"type":"Feature","id":45,"geometry":{"type":"LineString","coordinates":[[-82.365765920531459,28.569521007954435],[-82.36559143855456,28.569434423384376],[-82.365567142303036,28.569389677902546],[-82.365506070710381,28.569024810295375],[-82.365446990838592,28.568867375421998],[-82.365243049519933,28.568594278240443],[-82.365052582041045,28.568447126023671],[-82.364748288932716,28.568292462553195],[-82.364380197735059,28.568165192289815],[-82.364233476676375,28.568130558327208],[-82.363857669865027,28.568048498170356],[-82.363351335185953,28.568004036753884],[-82.363059612523216,28.567821934546625],[-82.363037955809261,28.567772431630178],[-82.363036029777788,28.567646053683944],[-82.363135540355103,28.567415048207572],[-82.363139519619779,28.567193900062051],[-82.363073539199135,28.566941832820049],[-82.363087655490716,28.566770329385221],[-82.36310643094528,28.566756477911611],[-82.363235229070796,28.56670563668699],[-82.363371101584718,28.566695127103067],[-82.363591176570864,28.56666139126715],[-82.363786170555215,28.566551103071806],[-82.363891248909141,28.566459741297024],[-82.364072979941611,28.566209713550489],[-82.364211936688108,28.565824946987398],[-82.364367682827364,28.565642715271036],[-82.364376394624941,28.565489163750641],[-82.364366464156163,28.565426295714211],[-82.364323761237955,28.565286781809561],[-82.364232321378296,28.565152323642028],[-82.364197664736452,28.565116462117949],[-82.363961903337511,28.565001423943357],[-82.363765053915273,28.564980839686349],[-82.36361108448493,28.565045734170987],[-82.363573468060906,28.565077655859053],[-82.363553506525832,28.565425251684527],[-82.363543126026514,28.565434419261624],[-82.363539670995806,28.565493197729946],[-82.363298371769602,28.565490947333167],[-82.363264115146848,28.565428350959237],[-82.36325324142625,28.56513048338752],[-82.363209816888002,28.565081292289609],[-82.363008594519059,28.565011130698892],[-82.362608215746562,28.564988157267443],[-82.362356492584922,28.564913742450301],[-82.362322182426439,28.564896174403671],[-82.362126309207085,28.564853085381248],[-82.361945833082402,28.564850412209037]]},"properties":{"OBJECTID_1":45,"OBJECTID":170486,"QUADNUMBER":0,"ELEVATION":100,"ORGCONT":0,"DEPRESSION":0,"HILLTOP":0,"INTERVAL":0,"UNIT":" ","DATESTAMP":1078790400000,"ShapeSTLen":34740.552805121239,"Shape_Length":3420.41738964251}},{"type":"Feature","id":46,"geometry":{"type":"LineString","coordinates":[[-82.350057510810998,28.555578553934918],[-82.349941707121062,28.555448866032524],[-82.34994346522771,28.555291017118432],[-82.349955106972658,28.555241334994047],[-82.350091628693164,28.555145012911552],[-82.350093022396678,28.555095495260097],[-82.349943926484528,28.554965978017648],[-82.349887920154615,28.554903412506633],[-82.349862489100374,28.554849639978368],[-82.349862834749644,28.554827138356792],[-82.349876256080861,28.55478620885189]]},"properties":{"OBJECTID_1":46,"OBJECTID":173155,"QUADNUMBER":0,"ELEVATION":140,"ORGCONT":0,"DEPRESSION":0,"HILLTOP":0,"INTERVAL":0,"UNIT":" ","DATESTAMP":1078790400000,"ShapeSTLen":351.00331031085267,"Shape_Length":351.00331030957034}},{"type":"Feature","id":47,"geometry":{"type":"LineString","coordinates":[[-82.357140655679302,28.562421306286783],[-82.357332983266502,28.562487163440981],[-82.357890497244497,28.562869657351676],[-82.357914413017767,28.56289639642786],[-82.358185235767834,28.56302001062593],[-82.358390337874297,28.563171564557962],[-82.358575057057521,28.563359180707415],[-82.358640915592972,28.563448592590237],[-82.358792871083111,28.56368620238614],[-82.35891483169074,28.563960032644164],[-82.359095614919511,28.564238217949566],[-82.359171426832006,28.564431310672337],[-82.359227216035165,28.564679053168636],[-82.359223892605016,28.564940725373472],[-82.359174079106282,28.565144453390168],[-82.35912995388712,28.565226111671965],[-82.358959893833642,28.565381143661401],[-82.358800015900343,28.565454981472723],[-82.358568272875416,28.56549813279452],[-82.358236976045731,28.565478776327289],[-82.357936314460815,28.565423196040712],[-82.357680105206782,28.565348999127579],[-82.357307788205631,28.565163411597872],[-82.357106387661659,28.565020907622831],[-82.356867730409562,28.564802268223506],[-82.35685378679878,28.564793371743175],[-82.356781023734257,28.564694867156483],[-82.356655236723199,28.564547065502538],[-82.356508199657085,28.5643230241926],[-82.356469598714867,28.564251091965154],[-82.356446731703585,28.56419706951155],[-82.356416292572717,28.564093720798933],[-82.356395435365897,28.563949390713706],[-82.356383356132923,28.563859475606471],[-82.356393685993737,28.563516270506199],[-82.356453136514119,28.563141277878362],[-82.356517200466087,28.56296896071812],[-82.356607031408359,28.56282817209107],[-82.356852498602905,28.562554979436591],[-82.356947908792264,28.562468297233305],[-82.357015040745978,28.562431659009182],[-82.357140655679302,28.562421306286783]]},"properties":{"OBJECTID_1":47,"OBJECTID":182840,"QUADNUMBER":0,"ELEVATION":110,"ORGCONT":0,"DEPRESSION":0,"HILLTOP":0,"INTERVAL":0,"UNIT":" ","DATESTAMP":1078790400000,"ShapeSTLen":3153.5369812450258,"Shape_Length":3153.5369812482513}},{"type":"Feature","id":48,"geometry":{"type":"LineString","coordinates":[[-82.345057374219337,28.561395315011659],[-82.345267467599982,28.56147011792434],[-82.345430011863328,28.561599227855368],[-82.345585137337579,28.561836882534287],[-82.345662275771133,28.561899430226088],[-82.345696711228896,28.561907997760237],[-82.345988732115686,28.561941274587387],[-82.346068245097229,28.561890710571749],[-82.346133226444095,28.56182702656913],[-82.346243365137312,28.561740247498932],[-82.346281416215717,28.561721838373778],[-82.346392864807683,28.561675598811735],[-82.346456377215446,28.561665934190188],[-82.346516636731309,28.561660733590667],[-82.346690856083413,28.561695149667255],[-82.346806051233983,28.56173899779191],[-82.347125398817226,28.561911892463819],[-82.347165178665207,28.561947542277515],[-82.347287798688157,28.56205029730549],[-82.347386657626842,28.562157555245157],[-82.347456349114353,28.562247024183609],[-82.347587407322109,28.562426136663202],[-82.347640657022808,28.562502465343819],[-82.347703933140579,28.562592142776772],[-82.347808909367998,28.562803030005973],[-82.347904308044818,28.563221782671718],[-82.347949590890067,28.563316302925195],[-82.348247477140518,28.563511736158027],[-82.348308751007679,28.563565367310215],[-82.348438145646824,28.563685931365537],[-82.348628055007367,28.563909636830601],[-82.348700394104185,28.564035155722294],[-82.348769918189333,28.564219461007767],[-82.348790244022965,28.564314258941078],[-82.348784343963459,28.564449540887182],[-82.348761432507558,28.564567187937428],[-82.348710189097673,28.564653264586923],[-82.34863517947278,28.564744404827149],[-82.348386876573471,28.565076363756443],[-82.348240533790587,28.565186076505213],[-82.348215358145808,28.565199853927069],[-82.34769885606012,28.565529782475167],[-82.347385061568929,28.565663693463353],[-82.347122523857138,28.565711533982633],[-82.346840879244269,28.565709907931893],[-82.346674040051809,28.565652780361134],[-82.346648565427117,28.565644035901627],[-82.346565380483767,28.56559971795641],[-82.346208465386596,28.565287360552684],[-82.346061007910848,28.565176152581085],[-82.346020018754018,28.565135709622027],[-82.345855060158527,28.56487120089788],[-82.345655498707146,28.564692676359261],[-82.345605381502395,28.564620891242029],[-82.345583520071656,28.564585179124261],[-82.345527314239149,28.564409754283627],[-82.345416912163245,28.56413548084668],[-82.34537418124566,28.564041259147011],[-82.345311694948379,28.563983113547966],[-82.345229993807052,28.563925305541872],[-82.344986993963403,28.563783420719993],[-82.344820618108869,28.563653978064831],[-82.344715210243294,28.563555924318404],[-82.344591519703755,28.56343964365027],[-82.344373773432295,28.563153129958764],[-82.344283063579383,28.56297335348356],[-82.344216854990108,28.562739562187279],[-82.344206492034971,28.562496018435077],[-82.344210176463349,28.562464259409186],[-82.344232394805218,28.562351106661687],[-82.344343764775516,28.562016133276739],[-82.344388246935466,28.561911967252893],[-82.344492220273963,28.561726055372244],[-82.344634917364019,28.561561990872882],[-82.34472975893091,28.561470807842287],[-82.344824560930022,28.561424922244132],[-82.345057374219337,28.561395315011659]]},"properties":{"OBJECTID_1":48,"OBJECTID":186824,"QUADNUMBER":0,"ELEVATION":120,"ORGCONT":0,"DEPRESSION":0,"HILLTOP":0,"INTERVAL":0,"UNIT":" ","DATESTAMP":1078790400000,"ShapeSTLen":4764.876413719202,"Shape_Length":4764.8764137286917}},{"type":"Feature","id":49,"geometry":{"type":"LineString","coordinates":[[-82.374998783052746,28.556830688972248],[-82.374737681093791,28.556702421728207],[-82.374733955412509,28.556415696181475],[-82.374766850014979,28.556156114716185],[-82.374748593911548,28.556093152165271],[-82.37464468417248,28.55593631851173],[-82.374566387315753,28.555864775256545],[-82.374533503667806,28.555838220852191],[-82.374415014167766,28.555758059173673],[-82.37390915050743,28.555514963182794],[-82.37363268119816,28.555341779806728],[-82.37357091383052,28.555319960719643],[-82.373495710840899,28.555297977347973],[-82.373324755490202,28.555259129105938],[-82.372983675459068,28.555253762902542],[-82.372907289312835,28.555268073582798],[-82.372717393628861,28.555297105341278],[-82.37255013187557,28.555352857015034],[-82.372503126509528,28.555371446031202],[-82.372403223726423,28.555417562495361],[-82.372134509525267,28.555623257300084],[-82.371938644779092,28.555665731123796],[-82.371667032967039,28.555722798941453],[-82.371429319453767,28.555824441908683],[-82.37117010051071,28.555993935909264],[-82.371081132461285,28.556121232820267],[-82.371073892178828,28.556432672874749],[-82.370995295369852,28.556722181717753],[-82.371004321079369,28.556803335873159],[-82.371100874407787,28.556937843331141],[-82.371220574407488,28.557022248280795],[-82.37130572007662,28.557107099551864],[-82.371406671217159,28.557331718440654],[-82.37153315307053,28.557434498704247],[-82.371862672417407,28.557570868170917],[-82.371909223753633,28.557624594861718],[-82.371950160006662,28.557669252185757],[-82.372097169927997,28.557726403102361],[-82.372213600915529,28.557901387351169],[-82.372286908032123,28.557963866306167],[-82.372421383967122,28.558002848383133],[-82.372536918102014,28.558024451855143],[-82.372779421216151,28.558030926326861],[-82.37286597738013,28.558020960504749],[-82.373027783959373,28.557987935263679],[-82.373266212596789,28.557881515980377],[-82.373365438053199,28.557880693580863],[-82.373610790667513,28.557995545709954],[-82.373885936016592,28.558087380624229],[-82.37401824751079,28.558099607354968],[-82.374409912325049,28.558104710472456],[-82.374468973222093,28.558135790995838],[-82.374487910350297,28.558153459760131],[-82.374486795661937,28.558270800088035],[-82.374474624135246,28.55835677047645],[-82.37444260126064,28.558528625053235],[-82.374446573028635,28.558605216225363],[-82.374447658214876,28.558618733855294],[-82.374473074435514,28.558844160558262],[-82.374577280425015,28.55910933708315],[-82.375007266647785,28.559681632127855]]},"properties":{"OBJECTID_1":49,"OBJECTID":187154,"QUADNUMBER":0,"ELEVATION":180,"ORGCONT":0,"DEPRESSION":0,"HILLTOP":0,"INTERVAL":0,"UNIT":" ","DATESTAMP":1078790400000,"ShapeSTLen":3908.681389605028,"Shape_Length":3908.6813896173953}},{"type":"Feature","id":50,"geometry":{"type":"LineString","coordinates":[[-82.378146507431026,28.562821938012188],[-82.377982601835541,28.56282918643474],[-82.377695211972835,28.562863691419466],[-82.37751652893013,28.562928692046079],[-82.37729647111864,28.563079840740706],[-82.377234009882898,28.563116574323676],[-82.377125103800964,28.563167317575029],[-82.376920972827378,28.563241588348298],[-82.376895596055192,28.563255385160836],[-82.376813425868747,28.563274269113261],[-82.376459950281031,28.563336527640335],[-82.376124220175001,28.563362494626332],[-82.375876293413725,28.563360496975665],[-82.375733476903633,28.563334868104771],[-82.375451508098351,28.563270047579827],[-82.375350997676691,28.563230451307767],[-82.375205505228081,28.563146188219044],[-82.375126430748921,28.563083814389024],[-82.37509631714012,28.563052530581007],[-82.374797804823572,28.562624630612646]]},"properties":{"OBJECTID_1":50,"OBJECTID":192656,"QUADNUMBER":0,"ELEVATION":130,"ORGCONT":0,"DEPRESSION":0,"HILLTOP":0,"INTERVAL":0,"UNIT":" ","DATESTAMP":1078790400000,"ShapeSTLen":31017.055275740182,"Shape_Length":1235.2949927230979}},{"type":"Feature","id":51,"geometry":{"type":"MultiLineString","coordinates":[[[-82.365420253107956,28.534926200927838],[-82.365432421837781,28.534933070193716],[-82.365574687525182,28.535089508791788],[-82.365596042226059,28.535116214744381],[-82.365690873709298,28.535363553682497],[-82.365704075686125,28.535421957344095],[-82.365713125835256,28.535458086167111],[-82.365725549609408,28.535525774302215],[-82.365714148557245,28.535814650642962],[-82.365704745960514,28.535886864134223],[-82.3656417773512,28.536158264703506],[-82.365633480831562,28.536198969978514],[-82.36563366821224,28.536356843928111],[-82.365678801315156,28.536419556917444],[-82.36580504268079,28.536535570190043],[-82.365826961969262,28.536567066007276],[-82.365868246138888,28.536715564006325],[-82.365880298371295,28.536764954546005],[-82.365895513423339,28.536859685501867],[-82.365919231771144,28.536899924648608],[-82.365968498828153,28.536985203863068],[-82.366009806907371,28.537174516417458],[-82.366057155112969,28.537259770989049],[-82.366116133085825,28.537380907350084],[-82.366141487495582,28.537439451437276],[-82.366153403480027,28.537497842259],[-82.366177749939609,28.537623922935147],[-82.366245275659438,28.537984360368714],[-82.36626069900224,28.538065304742712],[-82.366276309611521,28.538133025710401],[-82.366312092909467,28.538349287899372],[-82.366363224510522,28.538650999111582],[-82.366375790647893,28.538709390854841],[-82.366392485393021,28.538790640374401],[-82.366408877452727,28.538849076833944],[-82.36641736177944,28.53888069631515],[-82.366427957938242,28.539069930021139],[-82.366435876803777,28.539223394050527],[-82.366434673321905,28.539431066425188],[-82.366430307707873,28.539593392992973],[-82.366425401426483,28.539792013143511],[-82.366424814259062,28.539873337246473],[-82.366480123136995,28.540152577819764],[-82.36649217606724,28.540201969176323],[-82.366536647614126,28.540436340312493],[-82.366550825338194,28.540472243158813],[-82.366579024724146,28.540512536840154],[-82.366678985386528,28.540673821961562],[-82.36672823507962,28.540718576787253],[-82.366785165385338,28.540763138503127],[-82.366804799833417,28.540776598014894],[-82.366864934911433,28.540820919138799],[-82.366928524935389,28.540847552252053],[-82.367064095196639,28.540855040748447],[-82.367105835959151,28.54084567622451],[-82.367298110883851,28.540785157013286],[-82.367567294119141,28.540674035495211],[-82.367948076767618,28.540462622805784],[-82.368188892796695,28.540365521681206],[-82.368372134131533,28.54030940721016],[-82.368497927005478,28.540285539215592],[-82.368967993369026,28.54022206457546],[-82.369345110993237,28.540168760562832],[-82.369518417431436,28.540135315794348],[-82.369765385069428,28.540096823790662],[-82.369857059782959,28.540086909181664],[-82.369949362952909,28.540077006333938],[-82.370459786593599,28.540053679007478],[-82.37057870028093,28.54006153067089],[-82.37073865661884,28.540064518467897],[-82.370907805455445,28.540094346339824],[-82.37101655405182,28.540097858056324],[-82.371076079986295,28.540097139575238],[-82.371149684460605,28.540096305893115],[-82.371263117048528,28.540086369670156],[-82.371294615795776,28.540076882975598],[-82.371352570822069,28.540053635433587],[-82.371363153222504,28.540030965882302],[-82.371438720126207,28.539985131492561],[-82.371461730838632,28.539944310756979],[-82.371526794841344,28.539830813302167],[-82.371549740844173,28.539708660308477],[-82.37153804693294,28.539379548421177],[-82.371531729837244,28.53920359675039],[-82.371544878385151,28.538711555301067],[-82.371551087953236,28.538639300566739],[-82.371639909565474,28.538349633717118],[-82.371754051318263,28.537951345057063],[-82.371882511482681,28.537494131249971],[-82.371901176581105,28.537444538948201],[-82.371994062165612,28.537267484506952],[-82.372024763623017,28.537226469350074],[-82.372075773105365,28.537153896946673],[-82.372100626893413,28.537117601693087],[-82.372293444808406,28.536934951206032],[-82.372406972588635,28.536875201889462],[-82.372727964249719,28.536723025919457],[-82.372752489231104,28.536709239427228],[-82.372830406002777,28.536676934721161],[-82.372895803998432,28.536626481282379],[-82.372918537573682,28.536603951488825],[-82.372922619174943,28.536545182582501],[-82.372893260298397,28.53636951615859],[-82.372885914670206,28.536346917359459],[-82.372809698383648,28.536095011773597],[-82.372785518387658,28.536086292958508],[-82.372787009055372,28.53598696644724],[-82.372744626643538,28.535800542826031]],[[-82.369881914426045,28.535136656993252],[-82.369906132522829,28.535203812714421],[-82.369960160543627,28.535356686300048],[-82.369987232497991,28.535428486698777],[-82.369986048283309,28.53546477214195],[-82.369972887801083,28.535658792290672],[-82.369970198072266,28.535668052218902],[-82.369889980774289,28.535768148995295],[-82.369814614258644,28.535800478462647],[-82.369636610191577,28.535806571083192],[-82.36960915689059,28.535802308245831],[-82.369382379827201,28.535732411794786],[-82.369267821941719,28.535647782372624],[-82.369223690912136,28.535603370935618],[-82.369147096733769,28.53550483148123],[-82.369114497309496,28.535459979001228],[-82.368974128271446,28.535389121514523],[-82.368902988923054,28.535353684030238],[-82.368860646082581,28.535318008589638],[-82.368825272570859,28.535286921561784],[-82.368803479717968,28.535246429545627],[-82.368812889334379,28.535174213121039],[-82.368916758445948,28.535017723198454]]]},"properties":{"OBJECTID_1":51,"OBJECTID":202457,"QUADNUMBER":0,"ELEVATION":90,"ORGCONT":0,"DEPRESSION":1,"HILLTOP":0,"INTERVAL":0,"UNIT":" ","DATESTAMP":1078790400000,"ShapeSTLen":22139.528370639389,"Shape_Length":6278.7248924930827}},{"type":"Feature","id":52,"geometry":{"type":"MultiLineString","coordinates":[[[-82.374816326586455,28.540909617750774],[-82.375188674955012,28.54082266965333],[-82.375273298404181,28.540821814117514],[-82.376119885319895,28.541156181837945],[-82.376199633690703,28.541173425720284],[-82.376538271945563,28.541179008388983],[-82.376762777104489,28.54117673261895],[-82.377187391821167,28.541334878184898],[-82.377282177880488,28.541329402966038],[-82.377673084121071,28.541253226384452],[-82.377920263486573,28.541250717803191],[-82.378057930316416,28.541276396886072],[-82.378255566211777,28.541369154749066],[-82.37832353670106,28.541363953812706],[-82.378577151788278,28.541316244164381],[-82.378804330830178,28.541322962008355],[-82.379209420279039,28.54140458677654],[-82.379940666043709,28.541464834940609],[-82.380110890030593,28.541512744717814],[-82.380193573800454,28.541534467169171],[-82.380400115957769,28.541600056395119],[-82.380487623505246,28.541599164261513],[-82.380550039674361,28.541584993180638],[-82.380636667914786,28.541566053922434],[-82.380638056694835,28.541525424910191],[-82.380662572668385,28.54147102543909],[-82.380746938924503,28.541474680711204],[-82.380893282994506,28.541576981792804],[-82.3809230994258,28.541585702283069],[-82.380973505770484,28.541588036899189]],[[-82.379633362884093,28.539998162870837],[-82.379565435740346,28.539974995683046],[-82.379349216976692,28.539877916163324],[-82.379078225688971,28.53964601362685],[-82.378902843820995,28.539422166090258],[-82.378861026944179,28.539350388841566],[-82.378790076096209,28.539224759096868],[-82.378778792640645,28.539190087485636]],[[-82.378189417755337,28.538691669589834],[-82.378025594233421,28.538645894319618],[-82.377923134559268,28.538601808726181],[-82.37780491332785,28.538548855394573],[-82.377627625675359,28.538424301317864],[-82.377092626112415,28.537955917826441],[-82.377043558543406,28.537866164756686],[-82.377029322996947,28.537852228835995]]]},"properties":{"OBJECTID_1":52,"OBJECTID":204206,"QUADNUMBER":0,"ELEVATION":100,"ORGCONT":0,"DEPRESSION":0,"HILLTOP":0,"INTERVAL":0,"UNIT":" ","DATESTAMP":1078790400000,"ShapeSTLen":5870.4766720473326,"Shape_Length":2995.8155582979039}},{"type":"Feature","id":53,"geometry":{"type":"LineString","coordinates":[[-82.368103527662441,28.546846355190478],[-82.368266846494194,28.546880899640005],[-82.368393509992785,28.546969892144133],[-82.36850218088189,28.547149290903935],[-82.368524019976746,28.54744221936955],[-82.368478785403823,28.547555669619786],[-82.368385687570964,28.547660395968855],[-82.368283865842756,28.547706484847165],[-82.368139601860719,28.547680891406443],[-82.368076643086781,28.54765427073955],[-82.367974503017948,28.547551484207638],[-82.367891933917747,28.54746666518723],[-82.367690378103759,28.54737849044562],[-82.367587830720936,28.547302718950405],[-82.367563206144339,28.547280477078644],[-82.367488148906077,28.547163942803369],[-82.36748850862368,28.547055608778852],[-82.36758365930524,28.54694189919983],[-82.367684705545429,28.546904799341402],[-82.367857001333434,28.546853332453399],[-82.368013267788825,28.546847273901502],[-82.368103527662441,28.546846355190478]]},"properties":{"OBJECTID_1":53,"OBJECTID":204303,"QUADNUMBER":0,"ELEVATION":120,"ORGCONT":0,"DEPRESSION":0,"HILLTOP":0,"INTERVAL":0,"UNIT":" ","DATESTAMP":1078790400000,"ShapeSTLen":1014.2279736490494,"Shape_Length":1014.2279736531979}},{"type":"Feature","id":54,"geometry":{"type":"LineString","coordinates":[[-82.366992864515225,28.549750011194114],[-82.366722613786038,28.549802577174322],[-82.366640744675081,28.549798815353711],[-82.36659977959313,28.549799184940738],[-82.366306499609294,28.549765935768455],[-82.366176910266546,28.549785526806915],[-82.366146690803319,28.549794747194316],[-82.366046953603814,28.549872382671548],[-82.366032315046084,28.549994342573068],[-82.366050501771468,28.550061811056484],[-82.366110603970185,28.550278073199799],[-82.36614486645648,28.550340668999493],[-82.366235844262135,28.55046161134953],[-82.366265590465645,28.550483910917073],[-82.366298570445721,28.550546765496737],[-82.366305410317707,28.550560350704448],[-82.366340235298438,28.550627733645786],[-82.366340932792639,28.55070879247527],[-82.366331645394695,28.551155567304701],[-82.366344660690601,28.55126828754203],[-82.366345809927623,28.551277308731418],[-82.366366219159431,28.551367318801852],[-82.366447894104425,28.551510946520974],[-82.366573789579093,28.551608936319603],[-82.366739413827929,28.551661518576278],[-82.366880615403474,28.551678084810067],[-82.366967614388244,28.551681622365074],[-82.367132133780785,28.551680163354355],[-82.367160069444253,28.551652625131254],[-82.367158303158149,28.551472221717717],[-82.367157903874386,28.551413679962497],[-82.36715858475722,28.551368385227882],[-82.367163691770045,28.551242090010259],[-82.367122254595401,28.551188419063863],[-82.367056533101746,28.55108972208598],[-82.367049776313323,28.550986083281284],[-82.367049411330242,28.55096806365972],[-82.367054049066084,28.55078745071404],[-82.367061666981755,28.550706209697843],[-82.367146488662911,28.55034417675741],[-82.367144736598391,28.550290126884153],[-82.367100337676263,28.550051242625905],[-82.367091407790966,28.55000639796695],[-82.367065666651115,28.549803481903684],[-82.366992864515225,28.549750011194114]]},"properties":{"OBJECTID_1":54,"OBJECTID":205362,"QUADNUMBER":0,"ELEVATION":90,"ORGCONT":0,"DEPRESSION":1,"HILLTOP":0,"INTERVAL":0,"UNIT":" ","DATESTAMP":1078790400000,"ShapeSTLen":1913.3489603630421,"Shape_Length":1913.3489603658732}},{"type":"Feature","id":55,"geometry":{"type":"LineString","coordinates":[[-82.374808658965833,28.561077929267082],[-82.374718045331917,28.560948886275487],[-82.374490766431236,28.560567745509672],[-82.374361865358495,28.560284842101158],[-82.37424425634066,28.559888934802242],[-82.374161882323932,28.559790328886944],[-82.373812193428364,28.559419307385731],[-82.373743824121036,28.559325362913025],[-82.373664003386679,28.558929056824439],[-82.373636843626414,28.558861478838271],[-82.373390405314794,28.558818946700804],[-82.373103286648941,28.558885119534985],[-82.372649116533083,28.558907709172551],[-82.372145944465359,28.558741185301958],[-82.371816322092755,28.558568787419482],[-82.37159728570289,28.558449181395812],[-82.371189317850721,28.558335811681214],[-82.370997005810409,28.558269977694327],[-82.370761384472701,28.558146237808664],[-82.370545961507361,28.557999364186387],[-82.370118600316232,28.557814293876717],[-82.369947754108665,28.557725632975671],[-82.369742628910103,28.55757438433352],[-82.369576951720461,28.557354921329495],[-82.369483276375362,28.557071573346715],[-82.369480843202425,28.556850349279816],[-82.369538882410808,28.55665121857303],[-82.369710032356792,28.556464384595898],[-82.369742152840047,28.556414666723853],[-82.369751728386461,28.556288136472666],[-82.369754330595697,28.556242856382717],[-82.369697191091063,28.556126252176625],[-82.369683423735722,28.556063051115668],[-82.369690537071264,28.555760619478121],[-82.369760338819418,28.555502805547818],[-82.369936889831834,28.555212192189483],[-82.369991546925775,28.555152888659734],[-82.370215227937308,28.554920506096551],[-82.370367189089677,28.55477480524647],[-82.370558918573494,28.554623946197861],[-82.370602927082359,28.554591812012831],[-82.370651421244133,28.55455973504683],[-82.370716816861616,28.554509555223241],[-82.370831787118178,28.55444054351543],[-82.371192618972529,28.55432400218092],[-82.37137936617907,28.554164354192771],[-82.371618021773727,28.554085240116983],[-82.371717239643502,28.554084137436345],[-82.372126403875967,28.554116182847288],[-82.372442514854427,28.554207661277825],[-82.372642782894459,28.554255292055721],[-82.372963399502297,28.554301788882388],[-82.373741369799347,28.554325441809237],[-82.373931232442246,28.554341434481422],[-82.374143319924784,28.55441171525915],[-82.374508161609896,28.554513027189142],[-82.374998605708498,28.554606001945224]]},"properties":{"OBJECTID_1":55,"OBJECTID":206188,"QUADNUMBER":0,"ELEVATION":150,"ORGCONT":0,"DEPRESSION":0,"HILLTOP":0,"INTERVAL":0,"UNIT":" ","DATESTAMP":1078790400000,"ShapeSTLen":5011.8868286931829,"Shape_Length":5011.886828697443}},{"type":"Feature","id":56,"geometry":{"type":"LineString","coordinates":[[-82.377883582833391,28.556187695545585],[-82.377843227551665,28.556228718953012],[-82.377849653648852,28.556305366368125],[-82.377929230785156,28.556381271457223],[-82.378003213139891,28.556371497087124],[-82.3779699800115,28.556272558983782],[-82.377883582833391,28.556187695545585]]},"properties":{"OBJECTID_1":56,"OBJECTID":209468,"QUADNUMBER":0,"ELEVATION":130,"ORGCONT":0,"DEPRESSION":1,"HILLTOP":0,"INTERVAL":0,"UNIT":" ","DATESTAMP":1078790400000,"ShapeSTLen":188.33378438510684,"Shape_Length":188.33378438958749}},{"type":"Feature","id":57,"geometry":{"type":"MultiLineString","coordinates":[[[-82.341902546724782,28.555641361945888],[-82.341898614086801,28.555605298120472],[-82.341873707688364,28.555601059392092],[-82.341543298233603,28.555274933730995],[-82.341435206161123,28.555185858670725],[-82.341383269553035,28.55515034235739],[-82.341117012967146,28.5549814394649],[-82.340656274849067,28.554597771954032],[-82.340606880556592,28.554562284149142],[-82.340184517104746,28.554264056912274],[-82.339522978416895,28.553868993841657],[-82.339323587242234,28.553681457346705],[-82.339163514509664,28.553475537312153],[-82.339060622169569,28.553381733500409],[-82.338977753127281,28.553359926048568],[-82.33893286922374,28.553364744714674],[-82.338880392400014,28.55340605580351],[-82.33886213953727,28.553469442020791],[-82.338832606891572,28.553767382661501],[-82.338775864350595,28.553962022735927],[-82.338704219793613,28.554084712187436],[-82.338528535921185,28.554271463719328],[-82.338468583364715,28.554466051203544],[-82.338431628139503,28.554538499259831],[-82.338298653799441,28.554778943317224],[-82.338052860405327,28.555029585836834],[-82.337977955246657,28.555073255192475]],[[-82.337840891332448,28.548996061603603],[-82.337940818195634,28.54906055225528],[-82.338111591675997,28.549234806700031],[-82.338188397668475,28.549360386347523],[-82.338206648826386,28.54946415787267],[-82.33820048710389,28.549698785365859],[-82.338180370290118,28.549883999352407],[-82.33813374288637,28.550128285204185],[-82.338123306194049,28.550182475985949],[-82.338035410080749,28.550530667999769],[-82.337859572185792,28.550852768370895],[-82.337857238241668,28.550880041100072],[-82.337867581850389,28.550956706169679],[-82.337882102593269,28.55097011039312],[-82.338080934197663,28.551026778687405],[-82.338261127979592,28.55108801745941],[-82.33843224227374,28.551199224061072],[-82.338595824444042,28.551342161074235],[-82.338632105794915,28.551355251070863],[-82.338706429755987,28.55134994128229],[-82.338792508725419,28.551204626586685],[-82.338937371748145,28.551149208732227],[-82.338977184669815,28.551099031255763],[-82.338998683960938,28.550656610654261],[-82.339054051967139,28.550259073581266],[-82.339093828623774,28.55012783260262],[-82.339141243716568,28.550082247948325],[-82.339225315284025,28.550067763799941],[-82.3392398360741,28.55008116787949],[-82.339246607106702,28.551561210132132],[-82.339250756075486,28.551624289587092],[-82.339289068126334,28.552842434213662],[-82.339414970671484,28.55285462323673],[-82.339553526846757,28.552835150771269],[-82.339536946057834,28.551702820386929],[-82.339536699877087,28.551634997505587],[-82.339604901291693,28.5498564107547],[-82.339622642962141,28.5496171396873],[-82.339629902788985,28.549603441144015],[-82.339767903957664,28.549326746888951],[-82.339757681220703,28.549200556692853],[-82.339722014407272,28.549146948558604],[-82.339625058614274,28.548958374558072],[-82.339583783754279,28.548602176896146],[-82.339640870881453,28.548385035631977],[-82.33968892252993,28.548298650760053],[-82.339729228804359,28.548257756901307],[-82.339890144144931,28.548156944423766],[-82.339912118137391,28.548143135036966],[-82.339972684977113,28.548074904505132],[-82.340033624796419,28.547731171265774],[-82.340201369501997,28.547477070628339],[-82.340192303377734,28.547233253812237],[-82.340271947345641,28.547047623223325],[-82.340293304934463,28.546781094935266],[-82.340264189150318,28.546718278357343],[-82.340053422858631,28.546688762023493],[-82.339855951304756,28.54662760759896],[-82.33983611419896,28.546627657248511],[-82.33936440906038,28.546627700960798],[-82.339281965522588,28.546619685760632],[-82.338986893405789,28.546496027829832],[-82.338787301903309,28.546322003310873],[-82.338562908448452,28.545845997933178],[-82.338446367027373,28.545432067911364],[-82.338440185142204,28.545396447163974]],[[-82.338776633045086,28.544454657691045],[-82.338870525503836,28.544398943865112],[-82.339134176435479,28.544400948463004],[-82.339587078471908,28.544333139893233],[-82.339629098496999,28.54430577597828],[-82.3398124284669,28.544245195233696],[-82.33999854037414,28.544044776882252],[-82.340077522322247,28.543985487485351],[-82.340298886552588,28.543865972768938],[-82.340336205550003,28.543811265943667],[-82.34032107021703,28.54371230802543],[-82.340284821976397,28.543613377747359],[-82.340226533933418,28.543365608255797],[-82.340228006980979,28.543144430797557],[-82.34025079058847,28.542909719860663],[-82.340244214043096,28.542837600467944],[-82.3401826851469,28.542801972274805],[-82.339910597702385,28.542723620244992],[-82.339753808396296,28.542639301712526],[-82.339708736108378,28.542578879098716]],[[-82.339953304654699,28.542189208134285],[-82.340166025427166,28.542134261548224],[-82.340388639060222,28.542141115558351],[-82.340576066775512,28.542188922690201],[-82.34079159744492,28.542241006519035],[-82.340871100860042,28.542231252985353],[-82.34088880443764,28.54220388384427],[-82.340889387026323,28.542082036519691],[-82.340813579553711,28.541473565024226],[-82.340797465066899,28.541397110370177],[-82.340786500673744,28.541360953992516],[-82.340699102960883,28.541121050289743]],[[-82.341526746506645,28.540149620123298],[-82.341567415170729,28.540139565012776],[-82.341743144880155,28.54011519190702],[-82.341867262169515,28.540118352626131],[-82.342019819748359,28.540144072334527],[-82.342532152688747,28.540373572949267],[-82.342573513351653,28.540472561057012],[-82.342671764696703,28.540828020693805],[-82.342753471496962,28.541260396068687],[-82.342801609084745,28.541377194544268],[-82.342885011340883,28.541489338115841],[-82.343175493092062,28.541829341968441],[-82.343277768190148,28.541963655038376],[-82.343296549552221,28.541990618243691],[-82.343414362754004,28.542196878903379],[-82.343434159080303,28.542241854764121],[-82.343516735508643,28.542408022279275],[-82.343658759727944,28.542537462906953],[-82.343967933489921,28.542701524318353],[-82.344430745566541,28.542863735424692],[-82.344937438543951,28.543043917300807],[-82.3450367486098,28.543078852692407],[-82.345447211069654,28.543232853874855],[-82.34552829043281,28.543245623254556],[-82.345565441829862,28.543285741542793],[-82.345848746298628,28.543341716182777],[-82.346098381720594,28.543465665471199],[-82.346329638065384,28.543661730235506],[-82.346486370041788,28.543750526804267],[-82.346647255362143,28.543902421402954],[-82.346782698179027,28.544086095354753],[-82.346878952301651,28.544279154364325],[-82.346970977527548,28.544539981772456],[-82.346998429416331,28.544670602143313],[-82.347028187607265,28.544859783034461],[-82.34702093448,28.544999845747068],[-82.347007803772257,28.545063007959023],[-82.346948503493863,28.545217087977303],[-82.346652708845014,28.545517809439801],[-82.346414524131092,28.545691732570479],[-82.346296922337444,28.545764919106642],[-82.346254971417679,28.54578806013733],[-82.345961961408747,28.545989474920347],[-82.345865897122223,28.546035617200204],[-82.345816193976091,28.546063174947331],[-82.345786456350979,28.546040871730685],[-82.345796307735625,28.545688657683915],[-82.345782119668144,28.5453798271163]]]},"properties":{"OBJECTID_1":57,"OBJECTID":215228,"QUADNUMBER":0,"ELEVATION":100,"ORGCONT":0,"DEPRESSION":0,"HILLTOP":0,"INTERVAL":0,"UNIT":" ","DATESTAMP":1078790400000,"ShapeSTLen":18700.913328916169,"Shape_Length":13328.420809687483}},{"type":"Feature","id":58,"geometry":{"type":"LineString","coordinates":[[-82.339940350937013,28.545128377955926],[-82.339878684386875,28.545142570041783],[-82.339540124871078,28.545267724443779],[-82.339231378250304,28.545451212061039],[-82.33909168073626,28.545588013901686],[-82.339075125024962,28.545624403344693],[-82.33902909034731,28.54574655359459],[-82.339054797168217,28.545989999653184],[-82.339127464484932,28.546093018917098],[-82.339166662093419,28.546124437075552],[-82.339369246114273,28.546144847166275],[-82.339577541432263,28.546084272914403],[-82.339781203183449,28.545991850085795],[-82.339846541083531,28.545946195956891],[-82.339967332732229,28.545832241036514],[-82.340017587028498,28.545768390083868],[-82.340068038668207,28.545650510051839],[-82.340088642380081,28.545600947001596],[-82.340107135129259,28.545438229361963],[-82.340109031545566,28.54539744240925],[-82.340107939256342,28.545343400334364],[-82.340086482078448,28.545239868037896],[-82.340065410181396,28.545194870535017],[-82.340031681263852,28.545141004032338],[-82.339940350937013,28.545128377955926]]},"properties":{"OBJECTID_1":58,"OBJECTID":233815,"QUADNUMBER":0,"ELEVATION":110,"ORGCONT":0,"DEPRESSION":0,"HILLTOP":0,"INTERVAL":0,"UNIT":" ","DATESTAMP":1078790400000,"ShapeSTLen":1124.0071503046138,"Shape_Length":1124.0071503014165}},{"type":"Feature","id":59,"geometry":{"type":"LineString","coordinates":[[-82.376867433094787,28.56420048135011],[-82.376725586691649,28.564231822564601],[-82.376601277388971,28.564278210160388],[-82.376582172130796,28.564282916519058],[-82.37638045489264,28.564370711225358],[-82.376170634129949,28.564449550746158],[-82.376077974393439,28.564473053514281],[-82.375960463381716,28.564501322622394],[-82.375752611703874,28.564535017562758],[-82.375346477021054,28.564552678430417],[-82.375267787959118,28.564594090387356],[-82.375062715056558,28.564767645070759],[-82.37499850500231,28.564790163441106]]},"properties":{"OBJECTID_1":59,"OBJECTID":238984,"QUADNUMBER":0,"ELEVATION":110,"ORGCONT":0,"DEPRESSION":0,"HILLTOP":0,"INTERVAL":0,"UNIT":" ","DATESTAMP":1078790400000,"ShapeSTLen":16938.00079731541,"Shape_Length":653.19351081886839}},{"type":"Feature","id":60,"geometry":{"type":"LineString","coordinates":[[-82.382123930580065,28.557906976846503],[-82.382100653316485,28.557886631504928],[-82.381913263091917,28.557798290367142],[-82.381825231891156,28.55768637118954],[-82.381786158668021,28.557434067621266],[-82.38171035906953,28.556938456438388],[-82.381683335058867,28.556825918033329],[-82.381635123027664,28.556754206783303],[-82.381512142748903,28.55670582985795],[-82.381344402672781,28.556703022974155],[-82.381200367962066,28.556754127133015],[-82.381164105810896,28.556790596755224],[-82.381137749552423,28.556826966369165],[-82.381089535060354,28.55692673239183],[-82.381074160600321,28.556972016032692],[-82.381062618591955,28.55723837325888],[-82.381088417042065,28.557427639149587],[-82.381100014611093,28.557508747455447],[-82.381197228948523,28.557688260665071],[-82.381339076998117,28.55783573095442],[-82.381418401246108,28.55796578842655],[-82.381453543024847,28.558015069175859],[-82.381503323726534,28.558059687907146],[-82.381701937178903,28.55822462180231],[-82.381741119433016,28.558314475524174],[-82.381734727019207,28.558436379377728],[-82.381526742461844,28.55872730004296],[-82.381471885660588,28.558881293640429],[-82.381444187711011,28.559086526800272]]},"properties":{"OBJECTID_1":60,"OBJECTID":239445,"QUADNUMBER":0,"ELEVATION":200,"ORGCONT":0,"DEPRESSION":0,"HILLTOP":0,"INTERVAL":0,"UNIT":" ","DATESTAMP":1078790400000,"ShapeSTLen":8960.1538373044314,"Shape_Length":1573.8512419409594}},{"type":"Feature","id":61,"geometry":{"type":"LineString","coordinates":[[-82.367158500631334,28.552564401072235],[-82.367170392855613,28.552582267698892],[-82.367168993179064,28.552717605126521],[-82.367167528420836,28.552857455322552],[-82.367167418135466,28.552907266513298],[-82.367165545286056,28.553074125703482],[-82.367082925523064,28.553120153628313],[-82.366983655093534,28.55316628065318],[-82.366746481154053,28.553231898954433],[-82.366698976448816,28.553241194131587],[-82.366582540124952,28.553237872155776],[-82.366546386055617,28.553215783073369],[-82.366506325090725,28.553198143131628],[-82.36651405301653,28.553152931350027],[-82.366525382975738,28.553080454707157],[-82.366665169046342,28.552894093540633],[-82.366715282162446,28.552753688753128],[-82.366747627390183,28.552730990580464],[-82.366821015236951,28.552703141049882],[-82.366846049083037,28.552698367712892],[-82.366912899697127,28.552679454511406],[-82.366993900650442,28.552656192555634],[-82.367068675140558,28.552578825117873],[-82.367158500631334,28.552564401072235]]},"properties":{"OBJECTID_1":61,"OBJECTID":253944,"QUADNUMBER":0,"ELEVATION":90,"ORGCONT":0,"DEPRESSION":1,"HILLTOP":0,"INTERVAL":0,"UNIT":" ","DATESTAMP":1078790400000,"ShapeSTLen":756.37655211382742,"Shape_Length":756.37655211940717}},{"type":"Feature","id":62,"geometry":{"type":"LineString","coordinates":[[-82.34976713892064,28.538320998877321],[-82.349764694654553,28.538271168855886],[-82.349722057868178,28.538212973865889],[-82.349763989704755,28.538149299535704],[-82.349743783999131,28.538131620563018],[-82.349617365598448,28.538069628559892],[-82.349438948657848,28.537976628631583],[-82.349368512362716,28.53793667911167],[-82.349224726421824,28.53783902756653],[-82.349178789312674,28.537830325294433],[-82.349070774726755,28.53773674952248],[-82.348941415509472,28.537616185329014],[-82.348934215890154,28.537584588486002],[-82.348952316029155,28.537530203874301],[-82.348992484920757,28.537498314774421],[-82.349065367294855,28.537461462624496],[-82.349141872685678,28.537438157901278],[-82.349215192926223,28.537414819817506],[-82.349278096522639,28.537360126849158],[-82.349289390974363,28.537332954464993],[-82.349322059970717,28.537246667042918],[-82.349324142384106,28.537151854460948],[-82.349325247492629,28.537079831223892],[-82.349281196215586,28.537030619822779],[-82.349153090462309,28.536995628866229],[-82.349090999091743,28.536996300107393],[-82.34894044833031,28.537006913236421],[-82.348798396560468,28.537089378589595],[-82.348599468615276,28.537208891056125],[-82.348421849317845,28.537273775847755],[-82.348369664256936,28.537296803929301],[-82.348289516399774,28.537306553560263],[-82.348233249927532,28.537302786193589],[-82.347992656717878,28.537300518098231],[-82.347668259701024,28.537254199764472],[-82.347603101686147,28.537245840322541],[-82.347569257144087,28.537241499151232],[-82.347188684622978,28.537227441372337],[-82.347110615274516,28.537268739883579],[-82.347013167394039,28.537364389886257],[-82.346923712374917,28.537396830218242],[-82.346880686534007,28.537406453507565],[-82.346657001127511,28.53738608129683],[-82.346228984983867,28.537336013964449],[-82.346152247634535,28.537332295213872],[-82.345925367084249,28.537312171767272],[-82.345719605616694,28.537291449167821],[-82.345644994647884,28.53727424643839],[-82.345540298012509,28.537257251056559],[-82.345426762269582,28.537190624011778],[-82.345333748415499,28.537131711146291]]},"properties":{"OBJECTID_1":62,"OBJECTID":255493,"QUADNUMBER":0,"ELEVATION":90,"ORGCONT":0,"DEPRESSION":1,"HILLTOP":0,"INTERVAL":0,"UNIT":" ","DATESTAMP":1078790400000,"ShapeSTLen":2961.1978663800796,"Shape_Length":2025.4722868968254}},{"type":"Feature","id":63,"geometry":{"type":"LineString","coordinates":[[-82.358060257737378,28.558887653203975],[-82.357949944300529,28.558902402302611],[-82.357895678739666,28.558934694795518],[-82.357831442347802,28.559034406487338],[-82.357833139695671,28.55913376569471],[-82.357839838818734,28.55915635341238],[-82.357865562671947,28.559232637849238],[-82.357922092999303,28.559304220180987],[-82.35799859081753,28.559366748103198],[-82.358105189898893,28.559428775182461],[-82.358164524172665,28.559441855940822],[-82.358392462687704,28.559480259696805],[-82.358465178116361,28.559497157977276],[-82.358694321815321,28.559540079658369],[-82.358784247897177,28.559561671367675],[-82.358848206352448,28.559565515001061],[-82.358903965817092,28.559560543685429],[-82.358948988518449,28.559546439299954],[-82.358975188381137,28.55946513071121],[-82.358920213179431,28.559375284998367],[-82.358909672776747,28.559352924956269],[-82.358897216069963,28.559330262282511],[-82.35889496526147,28.559267197503882],[-82.35888935535273,28.559172582328372],[-82.358839942244288,28.55909629755017],[-82.358717936734777,28.559079397086901],[-82.358652203379037,28.559066525674176],[-82.358481359395896,28.558978130930097],[-82.358412485344644,28.558961005048797],[-82.358220971401124,28.558926683025803],[-82.358142499179749,28.558909436156586],[-82.358060257737378,28.558887653203975]]},"properties":{"OBJECTID_1":63,"OBJECTID":262218,"QUADNUMBER":0,"ELEVATION":80,"ORGCONT":0,"DEPRESSION":1,"HILLTOP":0,"INTERVAL":0,"UNIT":" ","DATESTAMP":1078790400000,"ShapeSTLen":994.76984355836851,"Shape_Length":994.76984355333116}},{"type":"Feature","id":64,"geometry":{"type":"LineString","coordinates":[[-82.37482197680778,28.561761258462376],[-82.374697891546191,28.561653311595858],[-82.374524067166234,28.561420255681217],[-82.374391991848441,28.561263672948634],[-82.374209788172521,28.560949746103926],[-82.374155818666068,28.560877929885642],[-82.374040257606168,28.560644418536068],[-82.373992858411981,28.560518636111635],[-82.373961388070896,28.560396979485049],[-82.373953239163271,28.560343136917027],[-82.373919490627998,28.560117895534891],[-82.373766464176015,28.559992868646582],[-82.373613257207637,28.559836587822055],[-82.373482272935888,28.559607691441116],[-82.373353806654777,28.559338290194443],[-82.373275782884534,28.559248739348213],[-82.373184942678279,28.559245152376203],[-82.373005485948212,28.559260517038766],[-82.372780771258064,28.559262979616985],[-82.372515328410358,28.559206990997406],[-82.372191939628934,28.559088423030708],[-82.372063028064716,28.559062441707681],[-82.371730606620559,28.558948548037868],[-82.371659246446768,28.558926614510458],[-82.371299499763182,28.558713909222131],[-82.371183800365657,28.55866078108938],[-82.370687652465122,28.558580163991788],[-82.370632095175083,28.558571635205304],[-82.370488727782771,28.558528040318549],[-82.370200984958274,28.558422544405936],[-82.369860384065518,28.558299548498347],[-82.369556540775605,28.55815840130175],[-82.369513415637428,28.558131735509836],[-82.369436901775231,28.558069215049557],[-82.369372286274583,28.558024837959053],[-82.369219471434803,28.55788629276725],[-82.369070450544726,28.557707555980926],[-82.369036628632401,28.557658193502629],[-82.368870922962259,28.557397929599986],[-82.368759450413421,28.557191484291458],[-82.368726678678115,28.557029567563628],[-82.368721710167847,28.556934673156761],[-82.36872201993468,28.556871639499398],[-82.368755725331582,28.556758341530646],[-82.36878335752327,28.556708568400651],[-82.368862455280421,28.556599451235442],[-82.369144966999784,28.556370853800797],[-82.369167880979518,28.556294018770256],[-82.369173342946382,28.556271283948679],[-82.36917995953111,28.55617201960386],[-82.369035197774721,28.555966028647465],[-82.368984244616385,28.555736366010319],[-82.369019789289851,28.555501234687274],[-82.369108727346102,28.555333417886828],[-82.369447658679988,28.554928460509746],[-82.369484690893202,28.554892030689558],[-82.36952953673034,28.55484639920256],[-82.369849116244097,28.554536336450301],[-82.370162328435043,28.554266725884588],[-82.37023312691737,28.554198321472693],[-82.370286863107509,28.554157294484511],[-82.37039997984634,28.554084030060974],[-82.370743835201012,28.553904551222988],[-82.370994095433105,28.553649112220576],[-82.371235583364481,28.553552017401699],[-82.371413957211217,28.553523137454501],[-82.371521002238069,28.553513122768521],[-82.371532521370128,28.553512970331798],[-82.371657928371661,28.553516117322506],[-82.371811287926846,28.553532814757887],[-82.371856683321226,28.553536714853909],[-82.372168837194479,28.553592125691548],[-82.372684458005864,28.553781023353125],[-82.372958005754072,28.553850611206006],[-82.372994998849222,28.553859209016025],[-82.37314324694745,28.553875840481162],[-82.374130518369128,28.553942445453849],[-82.374998741373915,28.554125410983616]]},"properties":{"OBJECTID_1":64,"OBJECTID":266932,"QUADNUMBER":0,"ELEVATION":140,"ORGCONT":0,"DEPRESSION":0,"HILLTOP":0,"INTERVAL":0,"UNIT":" ","DATESTAMP":1078790400000,"ShapeSTLen":5720.3452181048242,"Shape_Length":5720.3452181028688}},{"type":"Feature","id":65,"geometry":{"type":"LineString","coordinates":[[-82.345314794315968,28.552958694388302],[-82.345300205303829,28.552949795624546],[-82.345309152702882,28.552909095393275],[-82.345329416493811,28.552755682192245],[-82.345412523213,28.552678152894245],[-82.345531782380547,28.552622711050081],[-82.345773742275767,28.552579698594759],[-82.346540857925135,28.552558636550344],[-82.346620381785414,28.552548875959598],[-82.346636460717804,28.552543996562168],[-82.346895605531628,28.552464881641303],[-82.347111071257629,28.552354286995936],[-82.347296243516425,28.552257694411537],[-82.347689717803988,28.552100523893937],[-82.347730195551335,28.552090870765582],[-82.347864391241998,28.552062614015448],[-82.347947251593354,28.55204361677519],[-82.3483524428257,28.55199914180567],[-82.349027723042383,28.55182979608287],[-82.349484433955226,28.55180731426297],[-82.349675129215186,28.55180984067492],[-82.350296225441568,28.551920992334125],[-82.350394322613894,28.551951693954024],[-82.350438166812978,28.552014398965042],[-82.350460662230418,28.552176764724884]]},"properties":{"OBJECTID_1":65,"OBJECTID":271306,"QUADNUMBER":0,"ELEVATION":130,"ORGCONT":0,"DEPRESSION":0,"HILLTOP":0,"INTERVAL":0,"UNIT":" ","DATESTAMP":1078790400000,"ShapeSTLen":1864.4764717430924,"Shape_Length":1864.4764717478356}},{"type":"Feature","id":66,"geometry":{"type":"LineString","coordinates":[[-82.381010183522562,28.545443066423069],[-82.38112674458857,28.545441881183439],[-82.381155986725773,28.545455121232195],[-82.381192974951716,28.545450232297672],[-82.381387154612383,28.545619723745681],[-82.381430136740903,28.545682464438681],[-82.38145240572635,28.545700287137088],[-82.381494366149724,28.545758523497],[-82.381521007920725,28.545816914775489],[-82.381532801833615,28.545888995641203],[-82.381532698855949,28.545929610193721],[-82.38151446637967,28.545952359751741],[-82.381420917532267,28.545930748972541],[-82.38136150453974,28.545881714933039],[-82.381219908449125,28.545702661738872],[-82.381186164549163,28.545662393056073],[-82.381142717316948,28.545613195889704],[-82.381093904243997,28.545568565165183],[-82.381052435306174,28.545523862379763],[-82.380999611866741,28.545465736667907],[-82.381010183522562,28.545443066423069]]},"properties":{"OBJECTID_1":66,"OBJECTID":272644,"QUADNUMBER":0,"ELEVATION":110,"ORGCONT":0,"DEPRESSION":1,"HILLTOP":0,"INTERVAL":0,"UNIT":" ","DATESTAMP":1078790400000,"ShapeSTLen":540.35838066862232,"Shape_Length":540.35838066180679}},{"type":"Feature","id":67,"geometry":{"type":"MultiLineString","coordinates":[[[-82.362673726254116,28.568534192634786],[-82.362516798809295,28.568540246994353],[-82.362352053962681,28.56855548437192],[-82.362079756728889,28.568612529559591],[-82.361670744162382,28.568779132181159],[-82.361608162518237,28.568811331896548],[-82.361488690568322,28.568880001278895],[-82.361414955122711,28.568930360363886],[-82.361207405741496,28.569108606483493],[-82.361092055452062,28.569159321581722],[-82.361049587440903,28.569173455077074],[-82.360855045328961,28.569211426685076],[-82.360599945500837,28.569232080671426],[-82.360305162902449,28.569253122871793],[-82.360013683678218,28.569350735185811],[-82.359986723924976,28.569355490730715],[-82.359747101629452,28.569538422517716],[-82.359642726691206,28.569685597771159]],[[-82.364882161879279,28.569670299041302],[-82.364850548525268,28.569491643814111],[-82.364842267984002,28.569446519474276],[-82.364810972301669,28.569356665019129],[-82.364718226276267,28.56918166069612],[-82.364679280605316,28.569132243319999],[-82.364548219597339,28.568993670795543],[-82.364504581753792,28.568958262113167],[-82.364427791740752,28.568913744925606],[-82.364377687978774,28.568882770501535],[-82.364192096054197,28.568794212555872],[-82.363950597603107,28.568719916835288],[-82.363398096800665,28.568680544071508],[-82.363014578445743,28.56855787182678],[-82.362935321746804,28.568549635222034],[-82.362673726254116,28.568534192634786]]]},"properties":{"OBJECTID_1":67,"OBJECTID":273397,"QUADNUMBER":0,"ELEVATION":110,"ORGCONT":0,"DEPRESSION":0,"HILLTOP":0,"INTERVAL":0,"UNIT":" ","DATESTAMP":1078790400000,"ShapeSTLen":24327.206230006017,"Shape_Length":2011.5405092368005}},{"type":"Feature","id":68,"geometry":{"type":"MultiLineString","coordinates":[[[-82.355549451235248,28.569081300845916],[-82.355499157268426,28.5690623301236],[-82.355307583680542,28.568946672155167],[-82.355166485746835,28.568794744128198],[-82.355162209574246,28.568654835318792],[-82.355255069131971,28.568568114093356],[-82.35567627770719,28.56844220050229],[-82.355816907166883,28.568287378833283],[-82.35583069501331,28.568264749064895],[-82.355840960072854,28.568178754687832],[-82.355835440913239,28.5679938017735],[-82.35582214446022,28.567899370956475],[-82.355820681850318,28.567700668412048],[-82.355870797396804,28.56751974472872],[-82.356005512856697,28.567247509995671],[-82.356146548102245,28.567065676342782],[-82.356164811754113,28.567042814622404],[-82.356223958988664,28.566730854035786],[-82.356289325030886,28.566599354478591],[-82.356473797284664,28.566380889752196],[-82.356530611439823,28.566222552660367],[-82.356525435427045,28.566015089118086],[-82.356478569172481,28.565559777259786],[-82.356458166479527,28.565469765836948],[-82.356446278744357,28.565451617664554],[-82.35635892803576,28.565344215323126],[-82.356180678538834,28.565151893392578],[-82.356055414010513,28.564927541818246],[-82.356023016911635,28.564869193226599],[-82.356011692241111,28.564855831339823],[-82.355779258243032,28.564564936141025],[-82.355669699189178,28.564317694018627],[-82.355580698185051,28.563939552656411],[-82.355561737919317,28.563754725057052],[-82.355560898871119,28.563429963262898],[-82.355561473617684,28.563308119085733],[-82.355654064208082,28.562900860789906],[-82.355723187757206,28.562394852499494],[-82.355775427582955,28.562200443131626],[-82.355847968222903,28.561933385626357],[-82.355844106360095,28.561892808588901],[-82.355718111791219,28.561758790635842],[-82.355466622170582,28.561585301840907],[-82.355194544024144,28.56137583879536],[-82.354878935240265,28.561040626372741],[-82.35480165157594,28.560987092362115],[-82.354725966251522,28.560996901877257],[-82.354701008800618,28.56099716831757],[-82.354535994744381,28.561156763745494],[-82.35436169904527,28.561253214120409],[-82.353830823210174,28.561393881211096],[-82.353682526664755,28.561422535245448],[-82.353479579364915,28.561424378606631],[-82.3534392391837,28.561425023250269],[-82.353355449116094,28.561421227800267],[-82.353314535940683,28.561417087896817],[-82.352896525341293,28.561376158826519],[-82.352534163751571,28.56150614020223],[-82.351935316529492,28.561570861478881],[-82.351745689910516,28.561622388352287],[-82.351633179723848,28.561781467025043],[-82.351494346691382,28.561945312244582],[-82.351472853136357,28.562053683675011],[-82.351554825458081,28.562093481066501],[-82.351664863608391,28.562097024644274],[-82.352447853772276,28.56196270833189],[-82.3526819732717,28.561973896489025],[-82.352820547145924,28.561995230375654],[-82.353034198406391,28.562047261320238],[-82.35330494666141,28.56217539088863],[-82.353373610518076,28.562206310325351],[-82.353476233308541,28.562277309777162],[-82.35354861661699,28.562357796596604],[-82.353591928133156,28.562456802900712],[-82.353599477071825,28.562591969710535],[-82.353553512572546,28.562709908618157],[-82.353477333854372,28.562837056954084],[-82.353202238531182,28.563078940948561],[-82.352829358813622,28.563227086574202],[-82.352462744141263,28.563257673660303],[-82.352254874788983,28.56324622482424],[-82.352122556055761,28.563233976931873],[-82.351895965210062,28.563191073688003],[-82.351727445599465,28.563201758335769],[-82.351677299592524,28.563215796909688],[-82.351635773238698,28.56325245640496],[-82.351570495686047,28.563293619619515],[-82.351453295220068,28.563340084045205],[-82.351398891845903,28.563381095399972],[-82.351171400227926,28.563649703819674],[-82.350961549117443,28.563769090826643],[-82.350902736261503,28.563805833595101],[-82.350844866793153,28.5638650908414],[-82.350823026786671,28.56399597456782],[-82.35091448440096,28.564211768675431],[-82.350937915460392,28.564270295091053],[-82.350958883170804,28.564364816716502],[-82.35094294901829,28.564739475217063],[-82.35083780902346,28.565002205526664],[-82.35059305424889,28.56531141674742],[-82.350521919022682,28.565443127038911],[-82.350491178958364,28.56556968620762],[-82.350488388562837,28.565668991172121],[-82.3504683890515,28.566436456669592],[-82.350429131412369,28.566703062555341],[-82.350388354600483,28.56681627224425],[-82.350375639828215,28.566852427448058],[-82.350296264469549,28.567020348023171],[-82.350104743852398,28.567238720636563],[-82.349870777351228,28.567385396187657],[-82.349759619581036,28.567454163799674],[-82.349546740225151,28.567519476616159],[-82.34916595020357,28.56755495949464],[-82.348667588850333,28.567541796099771]],[[-82.344128610542924,28.565056327529657],[-82.344122871093177,28.565037339742194],[-82.344084582486161,28.564987917397435],[-82.344034688871517,28.564943430470379],[-82.34400480384879,28.564930134468693],[-82.343908112390125,28.564890433892387],[-82.343902298034791,28.564889576063763]],[[-82.342513636503895,28.563681900404866],[-82.34251244070245,28.563645287431129],[-82.342600948853629,28.563382645987211],[-82.34261277870776,28.563278945557443],[-82.342627090286584,28.56313868873757],[-82.342716478756415,28.562943880084045],[-82.342868441408001,28.56238284087992],[-82.342872035935585,28.562148186767956],[-82.342811216018418,28.561855352835924],[-82.342831967623127,28.561670147748554],[-82.342922459725159,28.561529379911402],[-82.343324797429858,28.560794293166555],[-82.343497712405792,28.560621291534886],[-82.343605252947413,28.56057950635719],[-82.343826158278134,28.560491499534439],[-82.344759066805096,28.560306365492263],[-82.34533626476258,28.560192173614741],[-82.345550070170106,28.560149664441994],[-82.345892751493878,28.560051275917431],[-82.345806122817123,28.559939373825582],[-82.344017976910962,28.560295646352969],[-82.343929703019967,28.560292072098679],[-82.343930113078301,28.560264785236427],[-82.34396623846331,28.560246359980141],[-82.345542264876045,28.559905872378557],[-82.345560880123884,28.559860777532013],[-82.345473287535611,28.559811909649547],[-82.345343216012694,28.559736356640858],[-82.344770911289274,28.559530081299922],[-82.344685032386735,28.559494742730784],[-82.344057985366732,28.559185097857579],[-82.343630257298287,28.558900600036129],[-82.343319810044036,28.558691499692266],[-82.343070235032215,28.558477488567522],[-82.342959202473324,28.558329556324807],[-82.342840813952392,28.557992424750395],[-82.342772784110053,28.557920708989517],[-82.342324326435644,28.557861940647093],[-82.342083626656603,28.557738086866035],[-82.341952542044055,28.557603985727411],[-82.341898729406921,28.557523146246584],[-82.341887548904054,28.557500783758368],[-82.341831867718327,28.55737488973989],[-82.341766325419968,28.557181632016583],[-82.341625052906281,28.557002390498493],[-82.341606096888256,28.556944191292484],[-82.341555705936528,28.556723527369464],[-82.341415962568405,28.556485767763011],[-82.341403576166513,28.55645860691488]]]},"properties":{"OBJECTID_1":68,"OBJECTID":281048,"QUADNUMBER":0,"ELEVATION":90,"ORGCONT":0,"DEPRESSION":0,"HILLTOP":0,"INTERVAL":0,"UNIT":" ","DATESTAMP":1078790400000,"ShapeSTLen":33551.850798510182,"Shape_Length":13569.069384723884}},{"type":"Feature","id":69,"geometry":{"type":"MultiLineString","coordinates":[[[-82.383597121170069,28.550510795950849],[-82.383555113851543,28.550588528323757],[-82.38350140347454,28.55075604026942],[-82.383482141294294,28.551261644810701],[-82.383524178635327,28.551495870419672],[-82.383536562193456,28.551563433171445],[-82.383576637878761,28.551679287503781]],[[-82.383529817159797,28.553069144342743],[-82.383344711926426,28.552842441380353],[-82.383193374630793,28.552555181710723],[-82.383191942004643,28.552519095856077],[-82.383054190140697,28.552195594071975],[-82.383013843059757,28.552114779937092],[-82.382998158759108,28.55208786233155],[-82.382863607667502,28.551935815329589],[-82.382672665001635,28.551721156917143],[-82.382384817792129,28.551155507286683],[-82.382321907284606,28.551034306469365],[-82.382166704195797,28.550841846131007],[-82.382089053539559,28.55076592449997],[-82.382069387122755,28.550752586441799],[-82.381890926213188,28.550637087565509],[-82.38164396201077,28.550535810578339],[-82.381273681092068,28.550480917683835],[-82.381014589749626,28.550429410473935],[-82.380787940643103,28.550391101418523],[-82.380769999205114,28.550386773591974],[-82.380690475677582,28.550387582209918],[-82.380186122808965,28.55043783539011],[-82.37961645533629,28.550574501281748],[-82.379330870919716,28.550694730252154],[-82.37927539133976,28.550726882157306],[-82.379255877109372,28.550749644008782],[-82.378974299950954,28.55105485298931],[-82.378915312761151,28.551136681033363],[-82.378538581942848,28.551641402617925],[-82.37843330565461,28.551822973113367],[-82.378393857509309,28.551909113779203],[-82.378385090823684,28.551922738251537],[-82.37835183295077,28.55201784081753],[-82.378211217650502,28.552551753492189],[-82.378053055766173,28.553455870094041],[-82.378006124715654,28.55372710096108],[-82.377904228694987,28.555271434284045],[-82.377869515911399,28.555795245845918],[-82.377789525238214,28.555931442623315],[-82.37792736811295,28.556042848645767],[-82.377981786958074,28.556051322581666],[-82.378114228221079,28.555919113222938],[-82.378167886103469,28.555918567633594],[-82.378283781433481,28.556183633024812],[-82.378301563597574,28.556224065039252],[-82.378384673568178,28.556498486887886],[-82.378415525667521,28.556561350656249],[-82.378434552645814,28.556624332201789],[-82.378490620152675,28.556808777882299],[-82.378518109473674,28.556907776978608],[-82.378519238553935,28.557043142482414],[-82.378509512864582,28.557056777750319],[-82.378447929851504,28.557061916813542],[-82.37841293215449,28.557048732872488],[-82.378246826692873,28.556901505727975],[-82.378149399952449,28.556852856933215],[-82.378079821648114,28.55680843736657],[-82.378029926932484,28.55675479430122],[-82.377971305831792,28.556620012065558],[-82.377927912055256,28.556525689729117],[-82.377843282570112,28.556404707095442],[-82.377816240591542,28.556364380198261],[-82.377748468013436,28.556310914910551],[-82.377653480942882,28.556253216637607],[-82.377594994593679,28.556226733302005],[-82.377541217488954,28.556218255622234],[-82.377440537222739,28.556286966156087],[-82.377428395296675,28.556287088343367],[-82.377341635368836,28.556296994467772],[-82.377169300666566,28.556235568516179],[-82.377089411525176,28.556209302333496],[-82.376650112389527,28.556105467234886],[-82.376576105282581,28.556088166296643],[-82.376552605189332,28.556074867863231],[-82.376379777565887,28.555999905400167],[-82.3763059482866,28.555923940144247],[-82.376285793749801,28.555675954218206],[-82.376263980533665,28.55559494866171],[-82.376247476701138,28.555554504706805],[-82.376218925273577,28.555496130398801],[-82.376147566667669,28.555388551115684],[-82.376029371949983,28.555240833807435],[-82.375884205875778,28.554885821217187],[-82.375827194537123,28.554800661213868],[-82.375759881767365,28.554733654055848],[-82.375749882289995,28.554702168486514],[-82.375689015312716,28.554589972418519],[-82.375650678666346,28.554540721525488],[-82.375588358032729,28.554464640992272],[-82.375532343554354,28.554406543723584],[-82.375415488484578,28.554312965121945],[-82.375358922971913,28.554286461957794],[-82.375232259166978,28.554224569742832],[-82.374998741373915,28.554125410983616]]]},"properties":{"OBJECTID_1":69,"OBJECTID":281611,"QUADNUMBER":0,"ELEVATION":140,"ORGCONT":0,"DEPRESSION":0,"HILLTOP":0,"INTERVAL":0,"UNIT":" ","DATESTAMP":1078790400000,"ShapeSTLen":11376.80420346698,"Shape_Length":6657.7474062729871}},{"type":"Feature","id":70,"geometry":{"type":"LineString","coordinates":[[-82.362350399947289,28.537007996403293],[-82.361995027218342,28.537020729557447],[-82.361540992708697,28.53712461455919],[-82.361191711215241,28.537200174739223],[-82.360695042066382,28.537372216734756],[-82.360524731279384,28.537504745497706],[-82.36052096977815,28.537626559779365],[-82.360533089040487,28.537671726766515],[-82.360639964982326,28.537756269364692],[-82.360825137554471,28.537826540894333],[-82.360905507443405,28.537843805683085],[-82.361201653699226,28.537854580965664],[-82.361547038016766,28.537783195431611],[-82.361756957468046,28.537740622538383],[-82.362149790989704,28.53757861421553],[-82.362374777376971,28.537427594767124],[-82.362439175009229,28.537359115721067],[-82.362566005194154,28.537181897626045],[-82.362570203000914,28.537073605513111],[-82.362486894249031,28.537038296415115],[-82.362350399947289,28.537007996403293]]},"properties":{"OBJECTID_1":70,"OBJECTID":285162,"QUADNUMBER":0,"ELEVATION":190,"ORGCONT":0,"DEPRESSION":0,"HILLTOP":0,"INTERVAL":0,"UNIT":" ","DATESTAMP":1078790400000,"ShapeSTLen":1553.9730474397224,"Shape_Length":1553.9730474390963}},{"type":"Feature","id":71,"geometry":{"type":"LineString","coordinates":[[-82.356891915231841,28.560925769632686],[-82.356708270943784,28.560963579372967],[-82.356663472302685,28.561004702039636],[-82.356644110628707,28.561099590444815],[-82.356707432994483,28.561229783926063],[-82.356763252099782,28.5613058595229],[-82.35689484543127,28.561408434259739],[-82.356998928052064,28.561551768544494],[-82.357034301802315,28.561583137321549],[-82.357055158188928,28.561600826936299],[-82.357182438456888,28.561649319377224],[-82.357295628346492,28.561657112742736],[-82.357411091281918,28.561556589700718],[-82.357452630495942,28.561434378654614],[-82.35745010439696,28.561262970872566],[-82.357407426477764,28.561164255588682],[-82.357255629828813,28.561043717538741],[-82.357063012199973,28.560955628300491],[-82.356995421916793,28.560938236656792],[-82.356891915231841,28.560925769632686]]},"properties":{"OBJECTID_1":71,"OBJECTID":290162,"QUADNUMBER":0,"ELEVATION":110,"ORGCONT":0,"DEPRESSION":0,"HILLTOP":0,"INTERVAL":0,"UNIT":" ","DATESTAMP":1078790400000,"ShapeSTLen":815.88832642379805,"Shape_Length":815.88832642161367}},{"type":"Feature","id":72,"geometry":{"type":"LineString","coordinates":[[-82.362905521059844,28.54351881712617],[-82.362935475892641,28.543527334564065],[-82.362989202361476,28.543572137415605],[-82.363000385797946,28.543594498185353],[-82.363003871103132,28.543702601832969],[-82.362870028662968,28.54383499987329],[-82.362851262359342,28.54384856526876],[-82.362788625255575,28.543885546295151],[-82.362758401007497,28.543894757819206],[-82.362658073160702,28.543927362058142],[-82.362553226494541,28.543919379305294],[-82.362509401845216,28.543897202193069],[-82.362477843440359,28.543825354600376],[-82.362484737151391,28.5437080834302],[-82.362517559287213,28.543653594632673],[-82.362618913650408,28.54355318412204],[-82.362739096103866,28.543520251662947],[-82.362905521059844,28.54351881712617]]},"properties":{"OBJECTID_1":72,"OBJECTID":293515,"QUADNUMBER":0,"ELEVATION":100,"ORGCONT":0,"DEPRESSION":0,"HILLTOP":0,"INTERVAL":0,"UNIT":" ","DATESTAMP":1078790400000,"ShapeSTLen":509.03622353107374,"Shape_Length":509.03622353316405}},{"type":"Feature","id":73,"geometry":{"type":"LineString","coordinates":[[-82.357134906504072,28.563138847785385],[-82.357253846346495,28.563146718985596],[-82.357406045498962,28.563199438926357],[-82.357646979133975,28.5633097602474],[-82.358028491778128,28.563563278628408],[-82.358212804711769,28.563777901490919],[-82.358292866145518,28.563944029789166],[-82.358414388515257,28.564204644209617],[-82.358451185422894,28.564353091642552],[-82.358444171809339,28.564520170732916],[-82.35840992238488,28.56458365399504],[-82.358361093464012,28.564638238992838],[-82.358313232851046,28.564670324338945],[-82.35824873097873,28.56470249510085],[-82.358034919563849,28.564745293186498],[-82.35774843726773,28.564725624185467],[-82.357336115669952,28.564603443825561],[-82.357262339533776,28.564572465886293],[-82.357071240202046,28.564425578238396],[-82.356882730121143,28.564192890149904],[-82.356803518541327,28.564012981888038],[-82.356785475520027,28.563936509281188],[-82.356780698895093,28.563913941739806],[-82.356780962246347,28.563769582361616],[-82.356826236941956,28.563485034775866],[-82.356865288869699,28.563358290812864],[-82.356890234905322,28.563317212168432],[-82.356913759846805,28.563285406069276],[-82.357030780102988,28.563166899284596],[-82.357134906504072,28.563138847785385]]},"properties":{"OBJECTID_1":73,"OBJECTID":294169,"QUADNUMBER":0,"ELEVATION":120,"ORGCONT":0,"DEPRESSION":0,"HILLTOP":0,"INTERVAL":0,"UNIT":" ","DATESTAMP":1078790400000,"ShapeSTLen":1755.5056532608271,"Shape_Length":1755.5056532657181}},{"type":"Feature","id":74,"geometry":{"type":"LineString","coordinates":[[-82.352468236702833,28.555735218223873],[-82.352622266330712,28.555792184419762],[-82.352683109592761,28.555832299557864],[-82.352678146293002,28.555864045907942],[-82.352628095311758,28.555914111363304],[-82.352593250479018,28.55593255454135],[-82.352483879040832,28.555969547518952],[-82.352416442492228,28.55598394436409],[-82.352346460140708,28.555998037378806],[-82.35220130293601,28.556031233924895],[-82.352033989332114,28.556005624594459],[-82.35201455314629,28.555978941398241],[-82.352005476311732,28.555902291388144],[-82.352101090029834,28.555802107586864],[-82.352229879357381,28.555750997072103],[-82.352338851076183,28.555741021365101],[-82.352468236702833,28.555735218223873]]},"properties":{"OBJECTID_1":74,"OBJECTID":299918,"QUADNUMBER":0,"ELEVATION":140,"ORGCONT":0,"DEPRESSION":0,"HILLTOP":0,"INTERVAL":0,"UNIT":" ","DATESTAMP":1078790400000,"ShapeSTLen":521.80431824624623,"Shape_Length":521.80431824994116}},{"type":"Feature","id":75,"geometry":{"type":"LineString","coordinates":[[-82.343617470254983,28.550101139429035],[-82.343676811603643,28.550154747050659],[-82.343683307886607,28.550190567948448],[-82.343682136774049,28.550267377204491],[-82.343681788827936,28.550289889667258],[-82.343679510674519,28.550439007141485],[-82.343678761925929,28.550488526755736],[-82.343653881972457,28.550524819590432],[-82.343561167863044,28.550602522836105],[-82.343543672188844,28.550616387348061],[-82.343452331947375,28.550729844976548],[-82.343434628656539,28.550757214421491],[-82.343360599145356,28.550785039435855],[-82.34332104327585,28.550776415642144],[-82.343266026770323,28.550691337750933],[-82.343229860520225,28.550628438625452],[-82.343134513291687,28.550543732428235],[-82.343126142142097,28.550462588088244],[-82.343201234727047,28.550407469236252],[-82.343324171642919,28.550320558130444],[-82.343412127427897,28.550261096155317],[-82.343544497305373,28.550101690442162],[-82.343617470254983,28.550101139429035]]},"properties":{"OBJECTID_1":75,"OBJECTID":309946,"QUADNUMBER":0,"ELEVATION":70,"ORGCONT":0,"DEPRESSION":1,"HILLTOP":0,"INTERVAL":0,"UNIT":" ","DATESTAMP":1078790400000,"ShapeSTLen":660.8726722671413,"Shape_Length":660.87267226632787}},{"type":"Feature","id":76,"geometry":{"type":"LineString","coordinates":[[-82.362282948292901,28.536643340957589],[-82.362464760570234,28.53668205173636],[-82.362732931903963,28.536765100071143],[-82.362906309184297,28.536853519283628],[-82.362972793221459,28.536943222888741],[-82.362939734338539,28.537182604819222],[-82.362902599734909,28.537268841509828],[-82.362794433322676,28.537396190918486],[-82.362724285894672,28.53746460066797],[-82.362584328567237,28.537578912069616],[-82.362284062387729,28.537798563518429],[-82.362169746228275,28.537867300141226],[-82.361968682848385,28.537959507688299],[-82.361892039073595,28.53799181903404],[-82.361722942846029,28.538043305015506],[-82.361425841081612,28.538095843453505],[-82.361352739660575,28.53810568129391],[-82.361113576335811,28.538135245581206],[-82.360718353869615,28.538116553582249],[-82.36050397177776,28.538073521717415],[-82.360366332219883,28.538034204766205],[-82.360142895759665,28.537955326498412],[-82.359875883696333,28.537795455518548],[-82.359806197097782,28.537705993488562],[-82.359765390667846,28.537611528137823],[-82.359772145965422,28.53750325639518],[-82.359772621354679,28.537471744486126],[-82.359852826388405,28.537330852520157],[-82.360026043019218,28.537175854012485],[-82.360154953035789,28.537115725812235],[-82.360299712915804,28.537064801730775],[-82.360681547942065,28.5369527542491],[-82.360855484533559,28.536919331495863],[-82.361240322842278,28.536820547904153],[-82.361357998605726,28.536783375126888],[-82.361579065456823,28.536722639409604],[-82.361971168080416,28.536650955173343],[-82.362282948292901,28.536643340957589]]},"properties":{"OBJECTID_1":76,"OBJECTID":311417,"QUADNUMBER":0,"ELEVATION":180,"ORGCONT":0,"DEPRESSION":0,"HILLTOP":0,"INTERVAL":0,"UNIT":" ","DATESTAMP":1078790400000,"ShapeSTLen":2497.6826538782871,"Shape_Length":2497.6826538739865}},{"type":"Feature","id":77,"geometry":{"type":"LineString","coordinates":[[-82.345467193958171,28.545362551218826],[-82.345462444290774,28.545547669472821],[-82.345442178234649,28.545827724558425],[-82.345414398546268,28.545886493389187]]},"properties":{"OBJECTID_1":77,"OBJECTID":318283,"QUADNUMBER":0,"ELEVATION":110,"ORGCONT":0,"DEPRESSION":0,"HILLTOP":0,"INTERVAL":0,"UNIT":" ","DATESTAMP":1078790400000,"ShapeSTLen":192.51322413031698,"Shape_Length":192.51322412966317}},{"type":"Feature","id":78,"geometry":{"type":"LineString","coordinates":[[-82.374999258288909,28.553428214497131],[-82.375041920873528,28.553441308681993],[-82.375410487761599,28.553609053389792],[-82.375494665968446,28.553671376977249],[-82.375690566029405,28.553849894949629],[-82.375920447688898,28.554136368990932],[-82.376052095574678,28.554360654037595],[-82.37616781990117,28.554661821644991],[-82.37640036905556,28.555250612077412],[-82.376473591935678,28.555403296627247],[-82.376492274726502,28.555488845982385],[-82.376533861620928,28.555542574034],[-82.376654604230211,28.555640627277292],[-82.376732981380485,28.555698493270075],[-82.377171065580342,28.555978333341969],[-82.377202653998566,28.556000575722834],[-82.377384846631358,28.556107029751288],[-82.377429208599423,28.556129140018196],[-82.377502067700831,28.556155477885888],[-82.37758235646109,28.556163686940081],[-82.377636762752971,28.556122523461401],[-82.377634322500356,28.55608193227927],[-82.377643510859897,28.556027689768015],[-82.377603061942793,28.555987487646785],[-82.37751243132449,28.555920716780811],[-82.377432565885982,28.555822251092938],[-82.37735685587225,28.55572374402777],[-82.377331093699723,28.555683391813957],[-82.377237672508457,28.555427124979186],[-82.377216338011067,28.555310014814861],[-82.377210380392285,28.55526946136494],[-82.37720232858797,28.555215393105549],[-82.377192116317019,28.555093655521265],[-82.37719738740897,28.554958226154483],[-82.37723576620067,28.55474123361952],[-82.377402276894585,28.554085221533931],[-82.377473287234622,28.553872409859462],[-82.377511141607286,28.553786287442971],[-82.377547992032234,28.553451981579624],[-82.377551097426917,28.553420363144905],[-82.377671059841973,28.553017527214529],[-82.37767779279055,28.552823417395263],[-82.377678831732965,28.552755717501128],[-82.377670588895299,28.552588836778728],[-82.377655243029025,28.552489716129713],[-82.377658556932857,28.552327231024762],[-82.377676131539943,28.552205213103363],[-82.377696244672393,28.552155370648691],[-82.377723821398575,28.552114476666318],[-82.37781514074527,28.551914996250293],[-82.377871005775276,28.551765514650679],[-82.37803003177423,28.551443508426452],[-82.37812788834367,28.5512800534832],[-82.378220135600358,28.551152763565185],[-82.37824808669545,28.551116381925944],[-82.378325544627444,28.551029854756141],[-82.378364677381754,28.550993356212057],[-82.378614861041569,28.550778727016848],[-82.378733832382835,28.550691778850606],[-82.378766167354399,28.550673399154899],[-82.378898028389429,28.550595348033447],[-82.379212005686384,28.550398108218921],[-82.379392997286686,28.550315043150839],[-82.379717489698663,28.550189906606001],[-82.380218248786363,28.550035891832682],[-82.380220135038471,28.550008795650843],[-82.380168630041027,28.549855892489049],[-82.380081230868853,28.5498658156617],[-82.380054841054104,28.549875108724258],[-82.37890047494534,28.55024334267738],[-82.378684495755365,28.550313223164608],[-82.378583539836328,28.550336811201344],[-82.378480353388184,28.550310783996093],[-82.378466347299465,28.550265799969491],[-82.378474664275387,28.550143876299522],[-82.378519140660146,28.550075736758419],[-82.378591674526973,28.549980234966117],[-82.378726802889915,28.549834462528985],[-82.379835858308525,28.549150810921361],[-82.379877135199607,28.549132341879616],[-82.380143244707156,28.549012309763995],[-82.380250578627567,28.548988644962016],[-82.380356936972177,28.548987563824888],[-82.380430246982684,28.549000356620056],[-82.380484511779613,28.549022369602366],[-82.380523566503697,28.549053558659669],[-82.380578020650745,28.549138742874998],[-82.38065562589685,28.549259793272658],[-82.380743635042222,28.549272437307227],[-82.380921580213553,28.549275139686404],[-82.38141728145996,28.549247523412451],[-82.381537776295858,28.54927788421616],[-82.381592979139,28.549322449864189],[-82.381607901514045,28.549340348212283],[-82.381693611645787,28.549348500837713],[-82.3823237634397,28.549148035709656],[-82.38292272677063,28.548956919034083],[-82.383405382710507,28.548812105041943],[-82.383493760713833,28.548779615809956],[-82.38356559021814,28.548751807679814],[-82.383567259787,28.548750890699388]]},"properties":{"OBJECTID_1":78,"OBJECTID":318373,"QUADNUMBER":0,"ELEVATION":130,"ORGCONT":0,"DEPRESSION":0,"HILLTOP":0,"INTERVAL":0,"UNIT":" ","DATESTAMP":1078790400000,"ShapeSTLen":29127.001242434137,"Shape_Length":6650.4809165528804}},{"type":"Feature","id":79,"geometry":{"type":"LineString","coordinates":[[-82.362282110610124,28.53602055915951],[-82.361818369160787,28.536047791828285],[-82.361574368933745,28.536059288680605],[-82.361073896977658,28.536145462765369],[-82.360108634240817,28.536412214801334],[-82.36004946677636,28.536430939143251],[-82.359942597984514,28.536472741837635],[-82.359632917571247,28.536638250302783],[-82.359489998282328,28.53669370667653],[-82.358960686297479,28.536739851997893],[-82.358334912131951,28.536858883754828],[-82.357199918015041,28.536838556239552],[-82.357119699702437,28.536852813040888],[-82.356887173878931,28.53690974840849],[-82.356789203612124,28.536955881749051],[-82.356638624029344,28.537052040918862],[-82.356610629042834,28.53708380104419],[-82.356618581151622,28.537192240674266],[-82.35663582440101,28.537237185224939],[-82.356742287138999,28.537348748098204],[-82.356754951779692,28.537357617328727],[-82.356824038335702,28.537402043969092],[-82.356865871472337,28.537428711025829],[-82.357030211580124,28.537521815777719],[-82.357370328491314,28.537671574290385],[-82.357872016184956,28.53780211773746],[-82.358365818521122,28.538072428385934],[-82.358410421871724,28.538085330559571],[-82.358829655746106,28.538167063834589],[-82.359460665002871,28.538336829980089],[-82.35980036550508,28.538387515449276],[-82.360055371371558,28.538452687938072],[-82.360464735644086,28.538552314072007],[-82.361007506325436,28.538632675854309],[-82.361387506856019,28.538642180168175],[-82.361962611819266,28.538573479234845],[-82.362260462953614,28.538471150971127],[-82.362478103963113,28.538383073879405],[-82.362742988142671,28.53821816047212],[-82.362921529686759,28.53804943121408],[-82.362988274893127,28.537994493384335],[-82.363182853828008,28.537866187290451],[-82.363396329810669,28.537629477276148],[-82.363488298282476,28.537429900470645],[-82.36350489005298,28.537348481164862],[-82.363560892546872,28.537072786150471],[-82.363546367666615,28.536847203724662],[-82.363521530738652,28.536712118491828],[-82.363509913324037,28.536675963010079],[-82.363465169810084,28.536545699913955],[-82.363406704547216,28.536433301968994],[-82.363281376942354,28.536299291324742],[-82.362928158768014,28.536126881526314],[-82.362597827841654,28.536049015641019],[-82.362282110610124,28.53602055915951]]},"properties":{"OBJECTID_1":79,"OBJECTID":320185,"QUADNUMBER":0,"ELEVATION":160,"ORGCONT":0,"DEPRESSION":0,"HILLTOP":0,"INTERVAL":0,"UNIT":" ","DATESTAMP":1078790400000,"ShapeSTLen":5214.4769823233828,"Shape_Length":5214.476982333018}},{"type":"Feature","id":80,"geometry":{"type":"LineString","coordinates":[[-82.354664088676159,28.562712247559713],[-82.354726129394692,28.562716068356401],[-82.354761268165092,28.562720420534514],[-82.354833406883841,28.562733084870711],[-82.354939759268987,28.562853933936211],[-82.354983337998746,28.562934655008558],[-82.355016403373142,28.563033816670625],[-82.355035341104085,28.563177840714356],[-82.355043008837058,28.563263476881346],[-82.355062268541261,28.563470826140996],[-82.355093729427821,28.563759363796123],[-82.355118068119026,28.563885446937576],[-82.355146608919739,28.564029582975834],[-82.355212348232627,28.564295167448183],[-82.355224393602498,28.5643448393905],[-82.355291281527656,28.56449307810923],[-82.355305899710203,28.564542498774188],[-82.3553340972733,28.564582794640138],[-82.355406095111803,28.564731099323087],[-82.355494155946204,28.564834008600165],[-82.355704736045809,28.565089185673106],[-82.355941789336626,28.565371127594808],[-82.35598352612206,28.565447317084846],[-82.356000424442158,28.565641124629639],[-82.356011865695848,28.565731316634572],[-82.356036086453287,28.565906921957374],[-82.356066485110674,28.566055585315294],[-82.356069454575177,28.566154960966063],[-82.356044230929754,28.566213757571543],[-82.355915504549387,28.566386730388089],[-82.35589447560595,28.566422787890929],[-82.355861000183367,28.56647726585615],[-82.355851349227393,28.566522749111844],[-82.355846055263967,28.566703071649354],[-82.355841575014551,28.566829656056974],[-82.355773622903811,28.566920597603989],[-82.355666421241082,28.566939600270633],[-82.355643074273445,28.566917378231146],[-82.355644334727899,28.566750237692581],[-82.355642858775695,28.566678177290772],[-82.355638877891067,28.566434420381505],[-82.355634352289314,28.56635332203496],[-82.355556998321759,28.565966031238965],[-82.355543878939983,28.565902840626894],[-82.355495398763722,28.565723010846792],[-82.355393912324445,28.565534397536684],[-82.355374619167762,28.565498435763939],[-82.355328264386046,28.565431190413747],[-82.355230092703223,28.565319448353257],[-82.355171178909686,28.565279360083192],[-82.355028419726096,28.565195226963862],[-82.354927264485823,28.565196011271517],[-82.354825831250579,28.565215083004002],[-82.354725996328057,28.565297496386535],[-82.354691448118587,28.565338453544403],[-82.354586005507642,28.565537869543057],[-82.354481324369786,28.565728562375373],[-82.354394118333303,28.565864870729964],[-82.354363922664177,28.565914604302904],[-82.35406021652669,28.566143489791788],[-82.354001196176583,28.566193735206578],[-82.353879559879061,28.566321203494677],[-82.353852759171062,28.566357470639687],[-82.353809105476373,28.566407607328571],[-82.353757662028372,28.566507470469343],[-82.353533953942261,28.56703306127498],[-82.353498627321031,28.56708301735911],[-82.353433453652428,28.567327364105754],[-82.353377162520573,28.567535514786968],[-82.353361549370575,28.567594432048388],[-82.353323022156246,28.567644357616977],[-82.353254423399335,28.567735291470957],[-82.353189966044013,28.567722433086562],[-82.353080757997319,28.567705390560953],[-82.35306744704998,28.567696508291959],[-82.352975069447112,28.567625352939189],[-82.35277724992126,28.567288709815514],[-82.352714958848239,28.567217338915409],[-82.352685918369886,28.567190543677526],[-82.352620937612457,28.567127870133902],[-82.352511105815097,28.567025273638293],[-82.352461565143898,28.566957996791121],[-82.352463411908033,28.566836166508853],[-82.352578564504554,28.56654624955689],[-82.352592538712372,28.566469305221602],[-82.352619199100346,28.566315685178115],[-82.352673590208141,28.566274674279647],[-82.352790227420314,28.566223701286685],[-82.352863836775725,28.566182354315046],[-82.352972086789961,28.566136068056892],[-82.353048886068493,28.566094750587393],[-82.353072214634238,28.566076460878829],[-82.353140534253782,28.566003523144964],[-82.353173938050404,28.565953542373666],[-82.353190355385308,28.56592643945077],[-82.353216782284122,28.565872159138905],[-82.35322296599179,28.565844931251409],[-82.353247199357895,28.565682274165965],[-82.353228167705751,28.565628304354497],[-82.353197401747508,28.565547174936899],[-82.353174391323677,28.565502440068013],[-82.353121390119711,28.565493937188389],[-82.35303756789547,28.56544961856677],[-82.352990254564702,28.565445684715971],[-82.352935975737807,28.565437165234954],[-82.352820865579403,28.565429342573577],[-82.352714750462127,28.565461871537845],[-82.352645973816664,28.565480480499762],[-82.35256865405934,28.565513055443301],[-82.352427857115217,28.565595551887959],[-82.352368194372261,28.565645784732535],[-82.352307970758005,28.565691508220826],[-82.352212984162335,28.565791696765558],[-82.35218163106002,28.565832702746683],[-82.352121710144445,28.56590094500719],[-82.351921582350272,28.566137511985033],[-82.351878778294235,28.566174155007062],[-82.351850836968666,28.566201412170692],[-82.351794859895108,28.566220171597653],[-82.351668233478406,28.56621249060624],[-82.351613309403007,28.566203966856847],[-82.351478356695779,28.566196186345188],[-82.351398319903964,28.566196937700223],[-82.351296598668455,28.566193482493343],[-82.351266982737656,28.56616218125675],[-82.351213981909822,28.566027323290832],[-82.351196679528286,28.565986881074412],[-82.351167818126427,28.565906051253901],[-82.351172957662726,28.565820288805167],[-82.35119280821803,28.565693600661998],[-82.351215130697739,28.565657279751836],[-82.351341965449677,28.56552509828542],[-82.351365295163461,28.565506794427314],[-82.351484740696179,28.565397322140516],[-82.351722159091722,28.565191865602536],[-82.35179658196175,28.565096494135737],[-82.351831477447945,28.56503302528408],[-82.351883395698621,28.564901650174075],[-82.351898582101157,28.564829225264155],[-82.351893351772205,28.5647526168108],[-82.351879806084654,28.564590363766865],[-82.351725996931989,28.564307422936889],[-82.351682354332425,28.564231206361523],[-82.351693330085354,28.564140719451522],[-82.351715642862999,28.56410439577197],[-82.351740522180805,28.564068109652126],[-82.351764523590901,28.564004795368579],[-82.351812570165706,28.563918395605523],[-82.351892876507875,28.563899644383479],[-82.352158310452623,28.563955662484588],[-82.352190895279222,28.563959986760604],[-82.352264249510284,28.563977170015463],[-82.352565589166858,28.563987751647229],[-82.352772153500396,28.563958653227843],[-82.352811919435709,28.563953781011833],[-82.352887739522416,28.56393496416479],[-82.352960493896347,28.563907117431864],[-82.353053743817497,28.563878950257735],[-82.353334961679522,28.563781500493803],[-82.353601505362334,28.563638859595955],[-82.353900386290903,28.56347351676666],[-82.35415544446758,28.563285991765124],[-82.354218799445022,28.563244807967774],[-82.354255622681052,28.56318107719364],[-82.354303951719331,28.563117481503781],[-82.354334086145627,28.563071964713419],[-82.354475715081435,28.562808811557058],[-82.354527615088756,28.56276326585137],[-82.354547018467898,28.562749705366173],[-82.354664088676159,28.562712247559713]]},"properties":{"OBJECTID_1":80,"OBJECTID":330273,"QUADNUMBER":0,"ELEVATION":80,"ORGCONT":0,"DEPRESSION":1,"HILLTOP":0,"INTERVAL":0,"UNIT":" ","DATESTAMP":1078790400000,"ShapeSTLen":7372.3027774818556,"Shape_Length":7372.3027774926331}},{"type":"Feature","id":81,"geometry":{"type":"LineString","coordinates":[[-82.353430841699009,28.555824766747804],[-82.35341236691842,28.555861133083134],[-82.353333598515604,28.555947719924319],[-82.353169897070245,28.55602149792934],[-82.353084543203423,28.556035977810911],[-82.352700295966656,28.556048634879428],[-82.352298107169148,28.556147470184595],[-82.352125255737022,28.556149373216176],[-82.352017482185829,28.556123343225792],[-82.35188413569405,28.556052271514641],[-82.351837887531801,28.555894972938574],[-82.351820780824752,28.555714666779462],[-82.351801278044931,28.555692205767706],[-82.351425724779872,28.55572296739005],[-82.351305821841734,28.555904764270714],[-82.351203303148637,28.555995856267131],[-82.35123295281241,28.556361207892881],[-82.351170057231656,28.556583067162968],[-82.351162143365315,28.556808667849538],[-82.351153179451615,28.557061553460052],[-82.351134652764486,28.557142945425607],[-82.351059938485349,28.557342153102368],[-82.351002888031616,28.557473469109738],[-82.350889283076782,28.557578506295364],[-82.35086275290989,28.557596768726082],[-82.350803310748518,28.557633495945833],[-82.350115463842357,28.557911042722957],[-82.350052747162891,28.557952233809488]]},"properties":{"OBJECTID_1":81,"OBJECTID":335992,"QUADNUMBER":0,"ELEVATION":130,"ORGCONT":0,"DEPRESSION":0,"HILLTOP":0,"INTERVAL":0,"UNIT":" ","DATESTAMP":1078790400000,"ShapeSTLen":1822.809975216448,"Shape_Length":1822.8099752167354}},{"type":"Feature","id":82,"geometry":{"type":"LineString","coordinates":[[-82.374808658965833,28.561077929267082],[-82.37516418313686,28.561589770480456],[-82.375290192062778,28.561723872152559],[-82.375407406860489,28.561844523428341],[-82.375491251695877,28.56192941165742],[-82.37572032840859,28.562152717917012],[-82.375858624311206,28.562273145306378],[-82.376096865821069,28.562365493756484],[-82.376492738455511,28.562420142650272],[-82.376688937331423,28.562521932312773],[-82.376808030713619,28.562565852345941],[-82.376892879535617,28.562555965378849],[-82.377110212157916,28.562490582984037],[-82.377745955996517,28.562222393980953],[-82.377785128396084,28.562212969235546],[-82.377987629589597,28.562161277269396],[-82.379084423254497,28.561874860471498],[-82.379133750901232,28.561858413866698]]},"properties":{"OBJECTID_1":82,"OBJECTID":336409,"QUADNUMBER":0,"ELEVATION":150,"ORGCONT":0,"DEPRESSION":0,"HILLTOP":0,"INTERVAL":0,"UNIT":" ","DATESTAMP":1078790400000,"ShapeSTLen":35766.962861119013,"Shape_Length":1671.0654864845442}},{"type":"Feature","id":83,"geometry":{"type":"LineString","coordinates":[[-82.343496526339948,28.555504015660741],[-82.343484025996105,28.555400312538797],[-82.343482355200493,28.555174591127692],[-82.343529701375857,28.554966622832989],[-82.343526926450267,28.55481322220653],[-82.34347070613849,28.554764149954909],[-82.343316590620134,28.554670874227661],[-82.343241614081307,28.554509016254432],[-82.343241216172558,28.5542836001895],[-82.34327164805498,28.553967360573036],[-82.343284316457499,28.553515839257464],[-82.343333277635651,28.553285374275763],[-82.343332348178862,28.553262856932683],[-82.343315085185452,28.55301022469386],[-82.343321634670517,28.552874655035463],[-82.343372646183099,28.552761569322957],[-82.343434935457452,28.552706583794563],[-82.343499227066843,28.552687924982724],[-82.343989841365271,28.552624495331266],[-82.344217862002438,28.552572587798426],[-82.344235694505684,28.552536213481361],[-82.344271510830453,28.552328395010669],[-82.344315754357581,28.55232328294651],[-82.344454380432012,28.552466473720266],[-82.344540804774795,28.55246551991787],[-82.344600891145888,28.552428804609853],[-82.344835993948251,28.55245803811685],[-82.34493201589423,28.552457194136355],[-82.345315275390618,28.552214355806129],[-82.34533654163441,28.552205038294133],[-82.345409423107171,28.552168188118589],[-82.345564813237175,28.552094320577119],[-82.34584231938328,28.552028364865649],[-82.346500383459258,28.551981251447277],[-82.346822566530108,28.55192398563949],[-82.346996788962016,28.551832039606737],[-82.347141324317576,28.551713306605588],[-82.347330889418032,28.551580459360128],[-82.347779372830644,28.551341470753208],[-82.348266510720563,28.551169640123941],[-82.34872690576988,28.551115398982187],[-82.349093001035456,28.551116336833864],[-82.349389336710999,28.551158375245482],[-82.350107247815714,28.55130021443934],[-82.350422520323988,28.5513602106499],[-82.350791181340924,28.55148752349411],[-82.351048217554833,28.551588764854507],[-82.351474200600975,28.551819180511899],[-82.351932251257878,28.551918281752712],[-82.352251965760971,28.552023346666306],[-82.352616461982251,28.552087563820216],[-82.352770195690198,28.552122017311209],[-82.352838424548722,28.552139422093987],[-82.352962422826366,28.55219238202157],[-82.353020205889493,28.552223450924178],[-82.35307150306555,28.55225894820645],[-82.353072194416939,28.552340285085617],[-82.353052597839906,28.552408162191274],[-82.353068322224061,28.552426072439108]]},"properties":{"OBJECTID_1":83,"OBJECTID":345050,"QUADNUMBER":0,"ELEVATION":120,"ORGCONT":0,"DEPRESSION":0,"HILLTOP":0,"INTERVAL":0,"UNIT":" ","DATESTAMP":1078790400000,"ShapeSTLen":4539.0406742092146,"Shape_Length":4539.040674211843}},{"type":"Feature","id":84,"geometry":{"type":"LineString","coordinates":[[-82.36571167170176,28.557763846588308],[-82.365859011479884,28.557798491864972],[-82.366160862210691,28.557944405372826],[-82.366231878471581,28.557988851553024],[-82.366363780585132,28.558113652607503],[-82.366431085225557,28.558234875996003],[-82.366453280988779,28.558333913531772],[-82.366452793118199,28.558451262984729],[-82.366325396340315,28.558876681043401],[-82.366297554638962,28.558940236541162],[-82.366214099379718,28.559211677379352],[-82.366066271526861,28.559506565767425],[-82.36578463547724,28.559802707037374],[-82.36569035253504,28.559857890876444],[-82.36561106151359,28.559894678917914],[-82.365431774700994,28.559941556290365],[-82.365343148957592,28.559960786353006],[-82.365130159188766,28.559949290670755],[-82.364940262424014,28.559892484844912],[-82.364876011310372,28.559866127935479],[-82.36472749864437,28.559781942817651],[-82.364577748727015,28.559652431016556],[-82.364546851123094,28.559621118958738],[-82.364484057668037,28.559540460671059],[-82.364378151909506,28.559347583342223],[-82.364317609846424,28.559118085516378],[-82.364315754808814,28.558901375101062],[-82.364322333876999,28.558847140470537],[-82.364356629149967,28.558652800332627],[-82.364445680565382,28.558435464183962],[-82.364502971963262,28.558371683802118],[-82.364837369999037,28.558057025419306],[-82.365006733036353,28.557946993815662],[-82.365270270134729,28.557831309943264],[-82.3655086614975,28.5577704940602],[-82.36571167170176,28.557763846588308]]},"properties":{"OBJECTID_1":84,"OBJECTID":351267,"QUADNUMBER":0,"ELEVATION":130,"ORGCONT":0,"DEPRESSION":0,"HILLTOP":0,"INTERVAL":0,"UNIT":" ","DATESTAMP":1078790400000,"ShapeSTLen":2318.5296213108331,"Shape_Length":2318.529621311684}},{"type":"Feature","id":85,"geometry":{"type":"LineString","coordinates":[[-82.346650220555347,28.562345305278988],[-82.346427487868127,28.562342955765669],[-82.346070334577917,28.562382643926508],[-82.345428610815503,28.562361852735073],[-82.345180087697202,28.56241408068189],[-82.345021555228556,28.562483404357202],[-82.344923232220594,28.562592561987675],[-82.344885704764224,28.562660777582558],[-82.344879345651322,28.562742030367591],[-82.34490644917058,28.562895163223164],[-82.345010686377151,28.563070031364497],[-82.345017525386908,28.563083620341121],[-82.345075388753258,28.563150715502097],[-82.345318289636566,28.563382935333895],[-82.345440775525972,28.563494411645951],[-82.345625996167257,28.563605507037735],[-82.345671476864894,28.563645724836512],[-82.345729291873056,28.563757849218035],[-82.345737266352899,28.563780449623088],[-82.345805228139639,28.564109103881005],[-82.345882939308595,28.564302509746835],[-82.345994837651958,28.564436653080588],[-82.346099596389209,28.56453497996932],[-82.346288189519726,28.564677350789882],[-82.346344695321434,28.564875287869519],[-82.346463156815219,28.565041315310101],[-82.346602625293727,28.565130190529615],[-82.346675846483393,28.565156387889715],[-82.346696256837376,28.565160851957291],[-82.346903928421995,28.565185810570796],[-82.347210512606495,28.565146649286152],[-82.347445499128298,28.565058523870505],[-82.347559212244846,28.564989784978859],[-82.347838114899389,28.564666629939307],[-82.34786057022076,28.56462131021204],[-82.347870026022122,28.564463265832703],[-82.34781574967046,28.564328390794198],[-82.347689059587907,28.564198567556801],[-82.347096698881998,28.563793947591385],[-82.347074341594436,28.563748942896158],[-82.347065049127593,28.563645262733534],[-82.346851425299761,28.563381311812158],[-82.346830484956442,28.563327316162979],[-82.346856498612595,28.563006527986452],[-82.346861795286074,28.562659040206601],[-82.346801419100942,28.562420536813381],[-82.346748392376014,28.562371504769903],[-82.346650220555347,28.562345305278988]]},"properties":{"OBJECTID_1":85,"OBJECTID":354651,"QUADNUMBER":0,"ELEVATION":130,"ORGCONT":0,"DEPRESSION":0,"HILLTOP":0,"INTERVAL":0,"UNIT":" ","DATESTAMP":1078790400000,"ShapeSTLen":3194.7917768772104,"Shape_Length":3194.7917768817088}},{"type":"Feature","id":86,"geometry":{"type":"LineString","coordinates":[[-82.373720314977135,28.556753524842044],[-82.373633694114361,28.55676771612649],[-82.373518924932696,28.556823233370555],[-82.373473930883222,28.556877869187161],[-82.373472420428016,28.556936383623754],[-82.373516761878292,28.556967577254611],[-82.373546511410041,28.556989866151],[-82.373706850296898,28.557010860784036],[-82.373729261825417,28.55701056267333],[-82.373883078451527,28.55695493500718],[-82.373935238800456,28.556891096226778],[-82.373944001772173,28.556818878760499],[-82.373905627310151,28.556773969543691],[-82.373720314977135,28.556753524842044]]},"properties":{"OBJECTID_1":86,"OBJECTID":359350,"QUADNUMBER":0,"ELEVATION":200,"ORGCONT":0,"DEPRESSION":0,"HILLTOP":0,"INTERVAL":0,"UNIT":" ","DATESTAMP":1078790400000,"ShapeSTLen":394.88665504660952,"Shape_Length":394.88665505253357}},{"type":"Feature","id":87,"geometry":{"type":"LineString","coordinates":[[-82.374998708020755,28.550756776959243],[-82.375014683512688,28.550756614627435],[-82.375103501537083,28.550782788836749],[-82.375212099914535,28.550831317897671],[-82.375393789341089,28.550973879601489],[-82.375437402713089,28.551036614992199],[-82.375557160820463,28.551206878955529],[-82.375577121163829,28.551242775605402],[-82.375766218614658,28.551218297095563],[-82.375985796976423,28.551130333822684],[-82.375918296338114,28.550950514170449],[-82.375819904414072,28.550802598245596],[-82.375724473953397,28.550686236942553],[-82.375585752326032,28.550507140246115],[-82.375542219827537,28.550376715758038],[-82.375538822024396,28.55021429882628],[-82.375602333222119,28.550037664543492],[-82.375691826361049,28.549869792230222],[-82.376064546622359,28.549523060071397],[-82.37613412882888,28.549445640685356],[-82.376203076938339,28.549417855247512],[-82.376226504661631,28.549377006436277],[-82.376776228715585,28.548911148584292],[-82.376955812168518,28.548769436849131],[-82.376995381387076,28.548741960863751],[-82.377382862749869,28.548498855579176],[-82.377437266225527,28.548457688558322],[-82.377500725899608,28.548375818914696],[-82.377531618055784,28.54822207739549],[-82.37751776365414,28.548163555947422],[-82.377298895399036,28.547913072350411],[-82.377270346531574,28.547854699083437],[-82.377264883129271,28.547827678393134],[-82.377222980185138,28.547602473630739],[-82.37722775720124,28.547453510408761],[-82.377235995745963,28.547399275912824],[-82.377278030105828,28.547218346685678],[-82.377412825206164,28.546923661665659],[-82.377895908734985,28.546174185352285],[-82.377953098116308,28.54610140414411],[-82.378092112464643,28.545960103383379],[-82.37816927419324,28.545900657177786],[-82.378216070098816,28.5458640795691],[-82.378310857492195,28.54580895782389],[-82.378396470040727,28.545785528260758],[-82.378618333618931,28.545751685689243],[-82.37867145789069,28.545710532564829],[-82.378694355969941,28.545286119485166],[-82.378746750807608,28.54521338650266],[-82.378998842849995,28.545219850392755],[-82.379187487669043,28.545136706482655],[-82.37924130710914,28.545100059278997],[-82.379342379964498,28.544963657325859],[-82.37944223949755,28.544881408045626],[-82.379839291476642,28.544687842599014],[-82.380062253266757,28.544640452306737],[-82.380255524502005,28.544642999923347],[-82.380274427530722,28.544647319721246],[-82.380393498033825,28.544691226084534],[-82.380488597456704,28.544757946573984],[-82.380532534126004,28.544820676769255],[-82.380539733687996,28.54483414114495],[-82.380600528003853,28.544964386694172],[-82.380623386065665,28.545027332041627],[-82.380687760694869,28.545211690694593],[-82.380772962985645,28.545206312075592],[-82.380843279690879,28.545210110431739],[-82.380925365201861,28.545209275613551],[-82.380925210790267,28.545173175276361],[-82.380868046366075,28.54505191962593],[-82.380863286138805,28.545029404284552],[-82.380847353850413,28.544934801749736],[-82.380838218391318,28.5448220801341],[-82.380832577082515,28.54473188553153],[-82.380868631132884,28.544411128363741],[-82.38088862820635,28.544230422219226],[-82.38093304939261,28.544085566056477],[-82.380977423358217,28.543985838687352],[-82.381161411395382,28.543839565746488],[-82.381439754789668,28.543728432617819],[-82.381781420317978,28.543648231746154],[-82.382123684532687,28.543613159716724],[-82.382198446295234,28.543612398886612]]},"properties":{"OBJECTID_1":87,"OBJECTID":359811,"QUADNUMBER":0,"ELEVATION":110,"ORGCONT":0,"DEPRESSION":0,"HILLTOP":0,"INTERVAL":0,"UNIT":" ","DATESTAMP":1078790400000,"ShapeSTLen":16135.834448964644,"Shape_Length":4866.6372081408672}},{"type":"Feature","id":88,"geometry":{"type":"LineString","coordinates":[[-82.375631517766024,28.558715041419156],[-82.375570109431251,28.558733715563726],[-82.375479951942808,28.558802316122708],[-82.375473553311423,28.558924219738188],[-82.375483340901553,28.558964735581483],[-82.375655410828955,28.559102881974368],[-82.37589523619333,28.559195203928237],[-82.375944539407769,28.559203730731255],[-82.376163571004867,28.559219560017112],[-82.376317599647024,28.559150309132228],[-82.376407602905871,28.55904560684019],[-82.376423182623412,28.558991299784928],[-82.376433951566398,28.558909962119273],[-82.376335959088195,28.558793631100635],[-82.376286157205783,28.55877157346869],[-82.37606906782041,28.558733161611961],[-82.375952054220136,28.55872532319243],[-82.375758317506865,28.558713758368949],[-82.375631517766024,28.558715041419156]]},"properties":{"OBJECTID_1":88,"OBJECTID":363544,"QUADNUMBER":0,"ELEVATION":210,"ORGCONT":0,"DEPRESSION":0,"HILLTOP":0,"INTERVAL":0,"UNIT":" ","DATESTAMP":1078790400000,"ShapeSTLen":799.62248069560951,"Shape_Length":799.62248070034389}},{"type":"Feature","id":89,"geometry":{"type":"LineString","coordinates":[[-82.346165142379746,28.546348423402286],[-82.346303770744683,28.546365262208436],[-82.346460346476249,28.546422265178194],[-82.34651249783029,28.546444266513344],[-82.346596639355653,28.546466085112716],[-82.34662652252392,28.546479380614372],[-82.346648790759147,28.546488086394941],[-82.34681032223925,28.546513631544805],[-82.346863416134624,28.546558159071441],[-82.346946808534966,28.546629488080395],[-82.347177314465512,28.54674899500413],[-82.347240935987216,28.546816160448543],[-82.347227528970222,28.546897610202883],[-82.347179542994354,28.546938691039745],[-82.347164208609115,28.546979322932767],[-82.347089836535503,28.547029662438089],[-82.346885330396347,28.547135600065364],[-82.346600628670501,28.547296300327286],[-82.346519141602727,28.547351341731542],[-82.34642486574333,28.547406239759997],[-82.346382196195819,28.547433874512137],[-82.346269647463416,28.547511622090592],[-82.346246318735012,28.54752992149049],[-82.346150990277209,28.547612094348835],[-82.346022261838044,28.54778477849591],[-82.345922453233982,28.548034058896867],[-82.34591664837204,28.548079298080559],[-82.345898327441532,28.548147187211644],[-82.345854512069209,28.548418231914187],[-82.345823624209714,28.548513268367756],[-82.345764654541824,28.54864483538654],[-82.3457378544216,28.548681101011564],[-82.345701888349808,28.548731053205085],[-82.345626122583667,28.548831188395173],[-82.345583542281048,28.54889485130904],[-82.345538909542725,28.548967485987369],[-82.345493642147744,28.549040127679621],[-82.345412431174736,28.54920323107563],[-82.345393954757213,28.549239596369148],[-82.345343551987241,28.549438805186167],[-82.345335633865758,28.549538052064516],[-82.345323257106145,28.549678048231623],[-82.345321532263185,28.549790879424286],[-82.345333247928423,28.550029941783297],[-82.345350591041466,28.55015171899614],[-82.345348229516688,28.55026453826553],[-82.345347576849449,28.550390879263727],[-82.345339439711253,28.550463107015915],[-82.345323730576098,28.550485719007838],[-82.345254413348343,28.550540619509459],[-82.345135014023342,28.550605060506943],[-82.345062769212831,28.550641922454655],[-82.344942688570953,28.550751377344696],[-82.344925056971348,28.550773972518424],[-82.344875575183281,28.550828821530821],[-82.344660611336195,28.551074494379343],[-82.34456167755188,28.551098092639187],[-82.34439168116451,28.551081735921976],[-82.344233191486566,28.551065226197032],[-82.344180197172392,28.551056716132511],[-82.343944902437627,28.551040997199078],[-82.343903797327187,28.551050356626234],[-82.34367705728144,28.551102276624743],[-82.343535677532543,28.551139723313074],[-82.343402817108085,28.551163761189898],[-82.343297810230467,28.551124251595322],[-82.343245169257372,28.551092959795021],[-82.343071695500839,28.550968493631199],[-82.343011930537003,28.550941892057033],[-82.342957940882229,28.55091536700418],[-82.342869868167114,28.550898278956915],[-82.342590051048035,28.550905388317315],[-82.342558044122796,28.550905858888022],[-82.342479450037899,28.550897611260776],[-82.342425283963166,28.550839564992028],[-82.342359608325694,28.550781378986333],[-82.342216668983511,28.550669929476392],[-82.342057765074685,28.550513560933659],[-82.341967874151166,28.55040612013849],[-82.341852411816959,28.550213389499916],[-82.341785807764339,28.550132677717624],[-82.34174289754219,28.550092496237745],[-82.341656440468242,28.550012114986529],[-82.341560152693404,28.54990488220373],[-82.341558348515278,28.549855333822002],[-82.341579154100003,28.549791976893491],[-82.341622858877557,28.549696529264402],[-82.341643736754165,28.549628678488158],[-82.341692544930069,28.54919953523137],[-82.341721750790057,28.549131492938201],[-82.341760409290728,28.549072573870109],[-82.341774197675164,28.549049937340143],[-82.341818831996335,28.548977295759375],[-82.341984787577886,28.548713887134394],[-82.342122600432219,28.548491224920042],[-82.34215786015254,28.548445769098702],[-82.342158776905521,28.548427774119517],[-82.342283603944182,28.548133200852259],[-82.342317266706914,28.548024691654366],[-82.342356843223001,28.547780612526175],[-82.342371805414388,28.547681166647731],[-82.342376198911268,28.547644913963047],[-82.342396642827978,28.547563540772011],[-82.342430482133821,28.547527076672608],[-82.342615627510739,28.547389966381253],[-82.342667531439218,28.54734414719109],[-82.342775014131462,28.547221315485455],[-82.342814313129978,28.547162399905631],[-82.342837847989543,28.547130596141354],[-82.342948807956788,28.5469895065802],[-82.343003267435734,28.546943715997674],[-82.343037395826684,28.546930048651806],[-82.343113344014128,28.54690224964494],[-82.343306805083387,28.546891300709884],[-82.343531691084706,28.546875384920551],[-82.343595982238313,28.546856734190712],[-82.343871407334035,28.546759233850594],[-82.343968562243248,28.546767422849328],[-82.344354151393475,28.546790547031652],[-82.344404860201138,28.546781017836807],[-82.344628101984398,28.546747345439446],[-82.344859807923271,28.546704211794225],[-82.345006972887234,28.546707355269405],[-82.345197315281908,28.546732681145865],[-82.345240203751146,28.546732057770473],[-82.345324061303145,28.546731363581205],[-82.345453644730895,28.546712064056113],[-82.345694429056621,28.546619227534077],[-82.345714342411782,28.546614679569313],[-82.345815936752246,28.54654129789456],[-82.345872321018334,28.546495811670226],[-82.345887822186981,28.546486704564149],[-82.346026390765118,28.546381406599266],[-82.346055267622617,28.54637667963722],[-82.346165142379746,28.546348423402286]]},"properties":{"OBJECTID_1":89,"OBJECTID":373937,"QUADNUMBER":0,"ELEVATION":90,"ORGCONT":0,"DEPRESSION":1,"HILLTOP":0,"INTERVAL":0,"UNIT":" ","DATESTAMP":1078790400000,"ShapeSTLen":5754.898601473813,"Shape_Length":5754.8986014851353}},{"type":"Feature","id":90,"geometry":{"type":"LineString","coordinates":[[-82.372679133651815,28.567097301440466],[-82.372478013907894,28.567023135590347],[-82.372389224652281,28.567010290849851],[-82.3722796388289,28.567061081719402],[-82.372119186149277,28.567216249876381],[-82.371974346967519,28.567312495798728],[-82.371760570207712,28.567395847442437],[-82.371582110258089,28.56742923805179],[-82.371383698071497,28.567426650929626],[-82.371078407237263,28.567380051065509],[-82.370871543387594,28.56730109630459],[-82.370434677932067,28.567106911892232],[-82.370360380261147,28.56706693000681],[-82.370190219543787,28.566974055652757],[-82.36997939646642,28.566818236657607],[-82.369850684651752,28.566693202389487],[-82.369821202322285,28.566652894142734],[-82.369717599004133,28.566518581174094],[-82.369505481275382,28.566150557025505],[-82.369423238760433,28.566043229592882],[-82.369399324543139,28.566016214656319],[-82.369281940839514,28.565904540570148],[-82.369164167481031,28.56586067443418],[-82.36878757754701,28.565873463791146],[-82.36854565912742,28.565912012740661],[-82.368425830712084,28.565962957357815],[-82.368200875354162,28.566150304603951],[-82.368153099554277,28.566177601760074],[-82.368052265059461,28.566242001604071],[-82.367966500269603,28.56628349710974],[-82.367743732805323,28.566326211136968],[-82.367521133142859,28.566314899639465],[-82.36733475566372,28.566235623192895],[-82.367144332628953,28.566043448027852],[-82.367010212036675,28.565810279682694],[-82.366985376622495,28.565801549053358],[-82.366895337374331,28.565829487906051],[-82.366700245788039,28.565989311888394],[-82.366524469090052,28.566099266317284],[-82.366457202712652,28.566145193725735],[-82.366396000995834,28.566213434858394],[-82.366307145581061,28.566503100136337],[-82.366098385151261,28.566762381412868],[-82.366052411215307,28.566839803193101],[-82.366069947467125,28.566992809352008],[-82.366087265934397,28.567033258609282],[-82.366120584066579,28.567073606052194],[-82.366282854220657,28.567180464169166],[-82.366447946813196,28.567354612541479],[-82.36699289686446,28.567597352053522],[-82.367570699049836,28.567614210509316],[-82.367590549266893,28.567613873413247],[-82.367683684332974,28.56763549737499],[-82.367976062246868,28.567731772009541],[-82.368129108318627,28.567770978562713],[-82.368166685805065,28.567784083227643],[-82.368833489181384,28.567800001838776],[-82.369773852577367,28.568056611168476],[-82.370471150540638,28.56813614899119]]},"properties":{"OBJECTID_1":90,"OBJECTID":374574,"QUADNUMBER":0,"ELEVATION":80,"ORGCONT":0,"DEPRESSION":0,"HILLTOP":0,"INTERVAL":0,"UNIT":" ","DATESTAMP":1078790400000,"ShapeSTLen":17756.934433034639,"Shape_Length":4339.691196296385}},{"type":"Feature","id":91,"geometry":{"type":"LineString","coordinates":[[-82.374797804823572,28.562624630612646],[-82.374742647169853,28.562595731269909],[-82.374512898307884,28.56233642107804],[-82.374466027750358,28.562260173891406],[-82.374436986258956,28.562233383317519],[-82.373877468422151,28.56134100294268],[-82.373739162007055,28.561044752240193],[-82.373707089809386,28.560963895490612],[-82.373691836061326,28.56091419524946],[-82.373548856395402,28.560460017507214],[-82.373481575878245,28.560379320745191],[-82.373280461114348,28.560259632101662],[-82.373143937762777,28.56014351753122],[-82.373032884836832,28.559950870570027],[-82.372969222934231,28.559757356095943],[-82.372937414340711,28.559744049195078],[-82.372507405883482,28.559734834085212],[-82.372122722109054,28.55964848067789],[-82.371828912247594,28.559520677459219],[-82.371286219883075,28.5592146760921],[-82.371251339346145,28.559192601060563],[-82.370959960117744,28.559073832516237],[-82.370433666992994,28.55891210094024],[-82.369713898918661,28.558761337144791],[-82.369554598240612,28.558713332532502],[-82.369525923357799,28.558704551443046],[-82.369073193618135,28.558546767744716],[-82.368874677423861,28.558467632719616],[-82.36864735915438,28.558302886923215],[-82.368568214235921,28.558244841493991],[-82.368327186978107,28.558012679912878],[-82.368211638106501,28.557865003665704],[-82.368108681287495,28.557730701007898],[-82.368065809949428,28.557645213364403],[-82.367867548610135,28.557335878921847],[-82.36781741209532,28.557052191596668],[-82.367832386483627,28.556695529005523],[-82.367924865203321,28.556504969893435],[-82.368118318284871,28.556367632053526],[-82.368151309228992,28.556344946239658],[-82.368235616354767,28.556271913337294],[-82.368262608939176,28.556221858709797],[-82.368291328382981,28.556099772963719],[-82.368290153998771,28.555540306678775],[-82.368353289626057,28.555300432864829],[-82.368421770567508,28.555173462206486],[-82.368565764118983,28.555004880029866],[-82.368699028367104,28.554868258783333],[-82.368739974861839,28.554827090281574],[-82.368769893251851,28.554795353186176],[-82.369040249496052,28.554566888214367],[-82.369257719474192,28.554406763481346],[-82.369523442635412,28.554187534753027],[-82.369594176480277,28.55412363622203],[-82.369796489965893,28.553950098024693],[-82.370046310573883,28.553766993389189],[-82.370111369792014,28.55373932359787],[-82.370178115862416,28.553684660238268],[-82.370535108168099,28.553482529896989],[-82.370859136021991,28.55321726633958],[-82.370974235673046,28.553139527640671],[-82.371033466195797,28.553116292988893],[-82.371110623804825,28.553092987652384],[-82.371337849704261,28.553050033134671],[-82.371378177277805,28.553049661146932],[-82.371445536085204,28.553040026682091],[-82.37226154130343,28.553045283766803],[-82.372621773921594,28.553095900255506],[-82.372908626517486,28.553174079866707],[-82.373070047540921,28.553208601988764],[-82.374024598626463,28.553280179339168],[-82.374999258288909,28.553428214497131]]},"properties":{"OBJECTID_1":91,"OBJECTID":377154,"QUADNUMBER":0,"ELEVATION":130,"ORGCONT":0,"DEPRESSION":0,"HILLTOP":0,"INTERVAL":0,"UNIT":" ","DATESTAMP":1078790400000,"ShapeSTLen":6431.7750235531003,"Shape_Length":6431.7750235560261}},{"type":"Feature","id":92,"geometry":{"type":"MultiLineString","coordinates":[[[-82.338152433495793,28.546478440192821],[-82.338284511401184,28.546638547419334],[-82.338372809891197,28.546723453344875],[-82.338417002209439,28.54676338007474],[-82.338674716822283,28.546986497294586],[-82.338845662689863,28.547066190548527],[-82.339000238773963,28.54708715590116],[-82.339206220214265,28.547094105642525],[-82.339263897419528,28.547089159284706],[-82.339726899826388,28.547030475607659],[-82.339750054795573,28.547106736752163],[-82.339623027462906,28.547293213754354],[-82.339543122216554,28.547537666404551],[-82.339512068544337,28.547601174999691],[-82.339252562875814,28.547829139502813],[-82.339228600280293,28.547847436580561],[-82.339053844807992,28.548016180368005],[-82.338851337592416,28.548158149457716],[-82.338790912841944,28.548217374680998],[-82.338800881098578,28.548402384685883],[-82.338834540031741,28.548460750711115],[-82.338943568762957,28.548739242279371],[-82.33898599872947,28.54885174575135],[-82.33912471735259,28.549197840368638],[-82.339230650603014,28.549427048147304],[-82.339280479742726,28.549516842771894],[-82.339296432085135,28.549561776459683],[-82.339307648097531,28.549665475173551],[-82.339260416887214,28.549656752969909],[-82.339172696766823,28.54961715816129],[-82.339085027786496,28.549532254847499],[-82.339031451111495,28.549478434995617],[-82.338929958649928,28.549335120598055],[-82.338699095981326,28.548904349938198],[-82.338647769853637,28.548787519282765],[-82.338628748723593,28.548733536372239],[-82.338520797711809,28.548427492496405],[-82.338486224305385,28.54842792248234],[-82.338285468053698,28.548497590830305],[-82.338218893606737,28.548498202438775],[-82.33787217346557,28.548401112979363]],[[-82.338060133566628,28.555628077059836],[-82.338327344069938,28.555496327591872],[-82.338420569355634,28.555427647343574],[-82.338472397228244,28.555386612366984],[-82.338569881533473,28.555290957681166],[-82.33861303491301,28.555231806352925],[-82.33867593942044,28.555136310926482],[-82.338860289107089,28.554593107955462],[-82.33893530203467,28.554542782186495],[-82.339055259638712,28.554442043201298],[-82.339098134789808,28.554401186447901],[-82.339152394657276,28.554368899636557],[-82.339236669480272,28.554341202902251],[-82.339284116099734,28.554336130488252],[-82.339391975809789,28.554398197229222],[-82.339881948023262,28.554628000197702],[-82.340261679839742,28.554701161750973],[-82.340390444158174,28.554735892149168],[-82.340496215456199,28.554892772974405],[-82.340590223200195,28.555149124665608],[-82.340691052466994,28.555378263546391],[-82.340801287457396,28.555494383254068],[-82.34104314173679,28.555668067289737],[-82.341042085155053,28.555695073357956]]]},"properties":{"OBJECTID_1":92,"OBJECTID":378233,"QUADNUMBER":0,"ELEVATION":90,"ORGCONT":0,"DEPRESSION":0,"HILLTOP":0,"INTERVAL":0,"UNIT":" ","DATESTAMP":1078790400000,"ShapeSTLen":34943.444829255415,"Shape_Length":3906.0762008667793}},{"type":"Feature","id":93,"geometry":{"type":"LineString","coordinates":[[-82.37499850500231,28.564790163441106],[-82.374943755997819,28.56480941806203],[-82.374812373324815,28.564819712959054],[-82.37454954480512,28.564759262797857],[-82.374468711978608,28.564728492381548],[-82.374293461482111,28.564590540203245],[-82.374029070342289,28.564250055866115],[-82.373982873009098,28.564214629295403],[-82.373725153570149,28.563941764209996],[-82.373470183684603,28.56374153276877],[-82.373187597785218,28.563419416023027],[-82.373154277110885,28.56337906670106],[-82.373082275668324,28.563271575239437],[-82.37293394040644,28.562961699010668],[-82.372767867474778,28.562340663417121],[-82.372755677193268,28.562299992473267],[-82.372691944718127,28.56193961526516],[-82.372641576375088,28.561841091117532],[-82.372600140440895,28.561787142244086],[-82.372561223088709,28.561778529784654],[-82.372154625225718,28.561701486546969],[-82.371870945055306,28.561623057777748],[-82.37160075821339,28.561499471907766],[-82.371439268395306,28.561383913055945],[-82.371136438911634,28.561089124894771],[-82.370957538373958,28.560896810621838],[-82.370715500241133,28.560560803498205],[-82.370503184033083,28.560206571496174],[-82.370314108877949,28.560009919497773],[-82.370239815242584,28.559969936558545],[-82.370201608672559,28.559956831444854],[-82.369985031750048,28.559886770712151],[-82.369688107028608,28.559880786902372],[-82.369331743392124,28.559911540429678],[-82.369030417179047,28.559900997719915],[-82.36884089194335,28.559862205206116],[-82.368685157464355,28.559832259208566],[-82.368204086734636,28.559642898337852],[-82.368082578553825,28.559635288207094],[-82.368020982783435,28.559644987511565],[-82.368003354645154,28.559667573891815],[-82.367970020923977,28.559798893920057],[-82.367945912140726,28.560209753860473],[-82.367869605038948,28.560345917680454],[-82.367707382005449,28.56049177613227],[-82.367588128888286,28.560547226532929],[-82.366935002618632,28.560901247264663],[-82.366654734653181,28.561107072533293],[-82.366457891046494,28.561298674966146],[-82.366373012227058,28.561367200209439],[-82.366250277199143,28.561440618961459],[-82.366249505008653,28.561449614642498],[-82.365995694008106,28.561556131697998],[-82.365808000090425,28.561607694619038],[-82.365703951947935,28.561631250781552],[-82.365281605960604,28.561707656495543],[-82.365020390782945,28.561710237868326],[-82.364753740463343,28.561649715737175],[-82.364517143545726,28.561548468385713],[-82.364308194937649,28.561396880797584],[-82.364251961554018,28.561347817317426],[-82.364155578443118,28.561245103867343],[-82.36404585653051,28.561092707317659],[-82.363917382302802,28.560782773992724],[-82.363770267340584,28.560012511442821],[-82.363694147128072,28.559796627164744],[-82.363582705738423,28.559630979458316],[-82.363556367778358,28.559594926709707],[-82.363490938239565,28.559519024924004],[-82.363334180955718,28.559430240374187],[-82.363142355319937,28.559373692541019],[-82.363044359847663,28.559293189103407],[-82.362928482071581,28.559082460167936],[-82.362878281415931,28.55888882270974],[-82.362885827526767,28.558685725956128],[-82.362930459429549,28.558527256238488],[-82.363114788469559,28.558232232937215],[-82.363165330445113,28.558191173091029],[-82.363185380923809,28.55817733442986],[-82.363415689571823,28.558143433511653],[-82.363440101792605,28.557628737672061],[-82.363453584436968,28.557583584668134],[-82.363478872349788,28.557519992355765],[-82.363571929056434,28.557333941808569],[-82.363765143196204,28.557043239461326],[-82.364101523951021,28.55672410554163],[-82.364380946842786,28.556531778582155],[-82.364432702912708,28.556495238424844],[-82.364799119173256,28.556306456034648],[-82.365421214671215,28.556056493713658],[-82.36546512549377,28.555988343717278],[-82.365539487639268,28.555725803099072],[-82.365700843586765,28.555552647450632],[-82.365899598846127,28.555487707500177],[-82.365933668963791,28.555478247591427],[-82.366522980971553,28.555364106446664],[-82.366742372831979,28.555289560102754],[-82.366816535559266,28.555252711265545],[-82.367003255858961,28.555052269211227],[-82.367092512667085,28.554821140274509],[-82.367150004060321,28.554743853828739],[-82.367170048236204,28.554730304247222],[-82.367478213585002,28.554668318969483],[-82.367602655814807,28.554608421421211],[-82.368064377122721,28.554125534698585],[-82.368429336827745,28.553819664478119],[-82.368886813517022,28.553575650775986],[-82.368935105456487,28.553557078460976],[-82.369742280813369,28.553255780845671],[-82.369782581397374,28.553214605664436],[-82.369776070582986,28.552966598551276],[-82.369845025920796,28.55280784369695],[-82.37000871808057,28.552648496779565],[-82.370407286799548,28.552405198853336],[-82.370919169317276,28.552160972126408],[-82.371592236425087,28.551838121101287],[-82.372415908544156,28.551545448406081],[-82.372465467215477,28.551526887607213],[-82.372632281954921,28.55145761934077],[-82.373426531691365,28.551120132656003],[-82.373446010711021,28.551101786873691],[-82.373699588439536,28.551009048821971],[-82.373700359930595,28.551000053091318],[-82.374364916324936,28.550817236671644],[-82.374518252672061,28.550793131009026],[-82.37481390110753,28.550754063217841],[-82.374998708020755,28.550756776959243]]},"properties":{"OBJECTID_1":93,"OBJECTID":381357,"QUADNUMBER":0,"ELEVATION":110,"ORGCONT":0,"DEPRESSION":0,"HILLTOP":0,"INTERVAL":0,"UNIT":" ","DATESTAMP":1078790400000,"ShapeSTLen":11159.081046577065,"Shape_Length":11159.081046598958}},{"type":"Feature","id":94,"geometry":{"type":"MultiLineString","coordinates":[[[-82.350818219748746,28.567425806090199],[-82.351051073545378,28.56743698942142],[-82.351203838782965,28.567493941349547],[-82.351254007901915,28.567520707489336],[-82.351417586007642,28.567708642465096],[-82.351510261146743,28.567928673859392],[-82.351511380770759,28.56802352737332],[-82.351511434259606,28.568230926772959],[-82.351491416553912,28.568326095803197],[-82.351461577369975,28.56836961160003]],[[-82.350274441698602,28.568065811986671],[-82.350293051016394,28.568031152096591],[-82.350298590614358,28.568003915179958],[-82.350346403988553,28.56776443321311],[-82.350407363728593,28.567628376592122],[-82.350560526854949,28.567491449274822],[-82.350719488092778,28.567435624236619],[-82.350788770500728,28.567426028388432],[-82.350818219748746,28.567425806090199]]]},"properties":{"OBJECTID_1":94,"OBJECTID":382242,"QUADNUMBER":0,"ELEVATION":90,"ORGCONT":0,"DEPRESSION":0,"HILLTOP":0,"INTERVAL":0,"UNIT":" ","DATESTAMP":1078790400000,"ShapeSTLen":1353.7873185933242,"Shape_Length":804.48697234291853}},{"type":"Feature","id":95,"geometry":{"type":"LineString","coordinates":[[-82.340204429436383,28.560954771217585],[-82.34047327725888,28.560908317873764],[-82.340697965476423,28.560865393805763],[-82.340816114332995,28.560841746481898],[-82.340922658471058,28.560822740958667],[-82.341326460273137,28.560746469305201],[-82.341294475007118,28.560661109968077],[-82.341198705453905,28.560603409744242],[-82.340967983001079,28.560537918434839],[-82.340769982773409,28.560467753486815],[-82.340620440626083,28.560410550573323],[-82.340482042769537,28.560335184331887],[-82.340270150100508,28.560210817506224],[-82.340221477817394,28.560170847682198],[-82.340159629288749,28.560112703462838],[-82.339941368997799,28.559902720997247],[-82.339921167969493,28.559884750971918],[-82.339877174671415,28.559831045628815],[-82.339807270497431,28.559714550902235],[-82.339784415039432,28.559660533639388],[-82.339742625890864,28.559588835504695],[-82.339730234310863,28.55956195425394],[-82.339697048490336,28.559304911255932],[-82.339694366971344,28.559187528152822],[-82.339696625006539,28.559165041624027],[-82.339721460597588,28.558880547720708],[-82.339723073506349,28.558817247295245],[-82.339733552649164,28.558718030527611],[-82.339691704904723,28.558650554556834],[-82.339668493655125,28.558619329439416],[-82.339607730159472,28.5585747064939],[-82.339591223339553,28.558566067285653],[-82.339437452565264,28.558449997778208],[-82.339416741503001,28.55842329700987],[-82.339268419947771,28.558244246639006],[-82.33924556301956,28.558190221152849],[-82.339220572355487,28.558149971594858],[-82.339050474399144,28.557930417039596],[-82.338894853962614,28.557810101498792],[-82.338821276515063,28.557765891869948],[-82.338777087714803,28.557725687435244],[-82.338728988690576,28.557689943080778],[-82.338689618416893,28.557627281802258],[-82.338583432665871,28.557497417612034],[-82.338443901082599,28.557246150900387],[-82.338424951591492,28.557228767650592]]},"properties":{"OBJECTID_1":95,"OBJECTID":387538,"QUADNUMBER":0,"ELEVATION":70,"ORGCONT":0,"DEPRESSION":1,"HILLTOP":0,"INTERVAL":0,"UNIT":" ","DATESTAMP":1078790400000,"ShapeSTLen":5260.2397487518665,"Shape_Length":2069.6231645677585}},{"type":"Feature","id":96,"geometry":{"type":"LineString","coordinates":[[-82.380684785531884,28.541777652952],[-82.380680891805383,28.541944658889353],[-82.380675205535567,28.542120707677142],[-82.380669991050368,28.542161374480798],[-82.380653440698268,28.542337533122488],[-82.380599532271347,28.542514071681889],[-82.380552201874337,28.542631880183329],[-82.380465340306131,28.542632769651938],[-82.380505173204511,28.542185622067386],[-82.380488764445872,28.54212712427579],[-82.380479827127417,28.542005375028513],[-82.380467248215808,28.541946842138696],[-82.380429881299506,28.54177574419327],[-82.380462915121498,28.541761869316527],[-82.380560959818169,28.541760870913656],[-82.380591615427051,28.541760551294519],[-82.380684785531884,28.541777652952]]},"properties":{"OBJECTID_1":96,"OBJECTID":388411,"QUADNUMBER":0,"ELEVATION":100,"ORGCONT":0,"DEPRESSION":0,"HILLTOP":0,"INTERVAL":0,"UNIT":" ","DATESTAMP":1078790400000,"ShapeSTLen":741.73888181329039,"Shape_Length":741.7388818206681}},{"type":"Feature","id":97,"geometry":{"type":"MultiLineString","coordinates":[[[-82.337953560472641,28.551736405656488],[-82.338152871312175,28.551761562014065],[-82.338320341180363,28.551818708689016],[-82.338308538351257,28.551836857994076],[-82.338252519288176,28.551900354488435],[-82.338021919951899,28.551911696438736],[-82.337862630540926,28.551906632871258]],[[-82.337860859562952,28.551745297038689],[-82.337953560472641,28.551736405656488]]]},"properties":{"OBJECTID_1":97,"OBJECTID":390575,"QUADNUMBER":0,"ELEVATION":120,"ORGCONT":0,"DEPRESSION":0,"HILLTOP":0,"INTERVAL":0,"UNIT":" ","DATESTAMP":1078790400000,"ShapeSTLen":578.92975423837959,"Shape_Length":314.4011339864141}},{"type":"Feature","id":98,"geometry":{"type":"LineString","coordinates":[[-82.383439079040727,28.55380461626428],[-82.383290680420188,28.553425114216495],[-82.383106210487966,28.553120138578787],[-82.383061045540089,28.553061937112794],[-82.382997793719838,28.552963305082987],[-82.382744317770531,28.552681604469832],[-82.382625762611653,28.552506822869589],[-82.38250982972049,28.552264325052157],[-82.382470713990287,28.552228623271176],[-82.382418008150466,28.55205768218039],[-82.382388079133889,28.551967733920399],[-82.382375653874391,28.5519452988996],[-82.382242577114297,28.551734563577522],[-82.38209002558628,28.551573664002724],[-82.381844097362773,28.551404699224896],[-82.381646324366869,28.551352561484613],[-82.381340233025085,28.551297012812419],[-82.380788673357728,28.551058954055595],[-82.380546889780035,28.55101177646814],[-82.380476944137854,28.55101248683324],[-82.380284159546449,28.551023472417718],[-82.380183410036693,28.551038034978099],[-82.380084645923631,28.551057090061004],[-82.37978382347697,28.551136869315808],[-82.379540913153463,28.551247641954074],[-82.37948336958533,28.551293351026093],[-82.379306843364574,28.551448572736291],[-82.379211740810391,28.551553328243923],[-82.378988082258488,28.55191661504902],[-82.378845235924516,28.552229434722587],[-82.378773034385389,28.552473845827009],[-82.3787175189414,28.552821876334793],[-82.378706996762034,28.552921262112719],[-82.378649329591283,28.55347237963127],[-82.378510061668379,28.554574861672489],[-82.378510212233451,28.554610959271777],[-82.378502867223176,28.554660673291039],[-82.378505188086351,28.554985554395149],[-82.378561799401623,28.555260245874386],[-82.378883065139192,28.555866168916669],[-82.378979481604901,28.556131432441777],[-82.379019400302695,28.556302504334166],[-82.379037393636736,28.556383548062513],[-82.379080884261143,28.557023890352117],[-82.379037372095908,28.557484611732441],[-82.379019536488684,28.557561509084994],[-82.379007054177279,28.557584198015043],[-82.378971659911244,28.557638706864431],[-82.378723542458957,28.55776758082925],[-82.378544298652784,28.557936373897515],[-82.378489303216938,28.557932420708767],[-82.378445852121331,28.557883222804037],[-82.378405506321371,28.557802407354288],[-82.378344172900952,28.55758191353231],[-82.378280709057506,28.557442671160942],[-82.378196629397578,28.557339734888401],[-82.378033997811869,28.557165396109703],[-82.37784921958459,28.557031895400119],[-82.377607062999729,28.556908008741289],[-82.37738123233143,28.556811025470836],[-82.377035603861401,28.556737820033526],[-82.376481765047586,28.55669380623063],[-82.37640422692094,28.556626905380135],[-82.376341858565809,28.556474110426041],[-82.376268156418391,28.556357529687823],[-82.376069343692322,28.556201606231117],[-82.376026256352134,28.556179481159688],[-82.375977846462675,28.556116794497363],[-82.375909735659249,28.555964067566688],[-82.375875917161011,28.555820008254361],[-82.375712138507367,28.55526210857979],[-82.375230128420426,28.554748048909158],[-82.375131390907399,28.554672335909288],[-82.375104971964248,28.55465455344676],[-82.374998605708498,28.554606001945224]]},"properties":{"OBJECTID_1":98,"OBJECTID":392055,"QUADNUMBER":0,"ELEVATION":150,"ORGCONT":0,"DEPRESSION":0,"HILLTOP":0,"INTERVAL":0,"UNIT":" ","DATESTAMP":1078790400000,"ShapeSTLen":30214.702912469646,"Shape_Length":6230.4268786466091}},{"type":"Feature","id":99,"geometry":{"type":"MultiLineString","coordinates":[[[-82.375007266647785,28.559681632127855],[-82.375060340452038,28.559844459321976],[-82.375158297049197,28.559983357895678],[-82.375226890313726,28.560050350913126],[-82.375233841565503,28.560068329714525],[-82.375317179994937,28.560139688035754],[-82.375379152276381,28.56018869765435],[-82.375535435583387,28.560390177741287],[-82.375555993496633,28.560398996252445],[-82.375712114523139,28.560564378580743],[-82.375828793767468,28.560815889720324],[-82.375887036714403,28.560946163065513],[-82.376047588384353,28.561156627005957],[-82.376263937451938,28.561334936512996],[-82.37645649736821,28.561427745744844],[-82.376649493558034,28.561479940208987],[-82.376891167116469,28.56146845488038],[-82.376977469522615,28.56142245230733],[-82.377031350829668,28.561390319324261],[-82.377111021341179,28.561326334369245],[-82.377146008921244,28.561289877496794],[-82.377333012130933,28.561324080606443],[-82.377371534444322,28.561436503040305],[-82.37743568558102,28.561480979520102],[-82.377648151258427,28.561483325670689],[-82.3785706880643,28.561185144907363],[-82.378625329741936,28.561162027127839],[-82.378927725960395,28.561005526585564],[-82.379023041944833,28.560941384045407],[-82.379137695599795,28.560840940557078],[-82.379183804979178,28.560799859202902],[-82.379306703130069,28.560744459753675],[-82.380098489198147,28.560709326750409],[-82.380253096377459,28.560686005958338]],[[-82.382631568149648,28.556809840808445],[-82.382604676307082,28.556757863479891],[-82.382468980387046,28.556592288005259],[-82.382445632875616,28.556565450599191],[-82.382270670500588,28.556499544912601],[-82.382245784952758,28.556477235218825],[-82.382222591831081,28.556364658157207],[-82.382163515186647,28.55629305708641],[-82.382141107864527,28.555873618148915],[-82.382136626192917,28.555824025673171],[-82.382122291320073,28.555020934332777],[-82.382131140784452,28.554352985696621],[-82.382089107951884,28.553996919796138],[-82.382031497665224,28.553817004219905],[-82.381684574629986,28.553351237757667],[-82.381601175107619,28.553275373555479],[-82.381548385785493,28.553244324502526],[-82.381507150353855,28.553217668927875],[-82.381171246708078,28.553130835731828],[-82.380920068119664,28.553025089224764],[-82.380752589792792,28.552968137861352],[-82.380381918261605,28.552958370519324],[-82.380289597564811,28.552981872471811],[-82.380190560705515,28.553005441896033],[-82.380091877532792,28.553056082196701],[-82.380046623419744,28.553088132694899],[-82.37997270715482,28.553152059077558],[-82.379961644452905,28.553161196432423],[-82.379953777330059,28.553170302284624],[-82.379845066920126,28.553333869167684],[-82.379816835879083,28.553397331966117],[-82.379726943125192,28.55375473863376],[-82.379707379530288,28.553944464739967],[-82.379671613783927,28.554508899378064],[-82.379752215195197,28.555153376094488],[-82.379916363464361,28.55586017255159],[-82.379921510144797,28.555887193982429],[-82.380077110906299,28.556183442456273],[-82.380278706583809,28.55635738361606],[-82.380280431928256,28.556416028905737],[-82.380174984321883,28.556927019200025],[-82.380167903530136,28.557143696523919],[-82.380171777474573,28.557220370805872],[-82.380207162980909,28.557459176311411],[-82.380300652334,28.55771995336335],[-82.380307595088823,28.557737931930149],[-82.380388784875478,28.557913098938432],[-82.380448789569485,28.558007250277331],[-82.380553466884123,28.558146076494893],[-82.380592150794811,28.558222396896987],[-82.380600849413923,28.558276449569806],[-82.380585972583944,28.558384900762693],[-82.38055597877991,28.558412290473374],[-82.380433505418779,28.558598553095514],[-82.380399199715114,28.558662077211981],[-82.380334239699579,28.558825188816982],[-82.380276879028045,28.558884437254338],[-82.37993296097703,28.558991722643999],[-82.379909755445141,28.559000985112711],[-82.37974849853515,28.559079336887741],[-82.37972594703453,28.559088591179105],[-82.379601553486197,28.559153032996456],[-82.379527431933639,28.559176356322926],[-82.378982004196416,28.559362402699389],[-82.378541289663801,28.559421039997694],[-82.378143884479456,28.559542403002538],[-82.377971228716433,28.55953061749528],[-82.377868105911418,28.55948653939053],[-82.377792921680339,28.559379001490822],[-82.377788206753223,28.559311359182214],[-82.37787717049973,28.558931400879139],[-82.37787545135761,28.558701277204428],[-82.377861088111629,28.558629223152792],[-82.377847292149639,28.558575212458972],[-82.377764241297953,28.558354938557009],[-82.37765569766843,28.558189085097187],[-82.377538951211093,28.558054893912583],[-82.377470136286632,28.558019489880614],[-82.377436474890345,28.558010807345248],[-82.37735900667154,28.557998055228339],[-82.377203021703664,28.557990614056227],[-82.376934672751631,28.557695506498749],[-82.376926573133858,28.557686563364737],[-82.376853047467122,28.557633160538689],[-82.376702628705161,28.557562492796052],[-82.376183388044623,28.55752714439377],[-82.375911797213746,28.557448673321108],[-82.375456646976829,28.557403656562748],[-82.375324445332353,28.557382434619626],[-82.37526557068368,28.557301803889551],[-82.375231376883022,28.557153237401124],[-82.375085263690423,28.556897500049626],[-82.374998783052746,28.556830688972248]]]},"properties":{"OBJECTID_1":99,"OBJECTID":393040,"QUADNUMBER":0,"ELEVATION":180,"ORGCONT":0,"DEPRESSION":0,"HILLTOP":0,"INTERVAL":0,"UNIT":" ","DATESTAMP":1078790400000,"ShapeSTLen":18111.547002252701,"Shape_Length":8732.1116844226563}},{"type":"Feature","id":100,"geometry":{"type":"LineString","coordinates":[[-82.373840688266526,28.56645988538251],[-82.373638455021677,28.566393000750313],[-82.37353099424368,28.566344478339055],[-82.37349540517279,28.56632690582752],[-82.373234938122721,28.566194146045312],[-82.372622085274088,28.565911534441728],[-82.372416887630081,28.565764783986623],[-82.372381368975638,28.565742427699682],[-82.372202991232669,28.565599930932333],[-82.371982798768002,28.565385472590627],[-82.371813425227856,28.565197764305609],[-82.371731049266387,28.565099157009438],[-82.371640648086839,28.565023539713568],[-82.371617874163292,28.565005538192018],[-82.371491450048126,28.564898541403878],[-82.371345646249722,28.564845917287332],[-82.370826872977361,28.564693272470759],[-82.370756990825356,28.564657841831465],[-82.370440973939466,28.564430732914854],[-82.370281809695115,28.564288172099833],[-82.370007420959453,28.563974862927232],[-82.369676275675772,28.56347740814525],[-82.369654982295373,28.563445928557254],[-82.369522433886459,28.563321129919579],[-82.369336003414347,28.563246072024874],[-82.369148552648909,28.563239109708718],[-82.368835374843641,28.563291755241661],[-82.368650653486398,28.563316333232859],[-82.368529650846298,28.563317462198025],[-82.368344806016594,28.563265220542064],[-82.367940315110545,28.563048048595071],[-82.367866445330264,28.563021862675942],[-82.367693086868371,28.56301449380323],[-82.367470072548571,28.563116018754581],[-82.367189737778219,28.563326349740215],[-82.366986939829332,28.563445844295352],[-82.36687906380719,28.563510152234684],[-82.366841017783983,28.563528567097372],[-82.36675660768536,28.563565572664508],[-82.366281385883241,28.563624480978909],[-82.365495734437445,28.563596199112919],[-82.365475950104909,28.563592019522751],[-82.365392254783629,28.563624250760562],[-82.365133683674898,28.563748719292228],[-82.364974089763493,28.563804548424375],[-82.364785457216144,28.563833592837],[-82.364726280494295,28.563852038632458],[-82.364488886161482,28.563845608329764],[-82.364317081494505,28.563820243789657],[-82.363912196097218,28.563756424828636],[-82.362937836614222,28.563761946469782],[-82.362543569269107,28.56371625005383],[-82.362055977421335,28.563576605557365],[-82.361840438393401,28.563479527565089],[-82.361676054582702,28.563386432096447],[-82.36146326314784,28.563235075990775],[-82.361284164883259,28.56305653988905],[-82.361269006863878,28.563043136308082],[-82.361214832484222,28.56298480811467],[-82.361200447116815,28.562962409773672],[-82.361017235032548,28.562675476514912],[-82.360969506051063,28.562572201881341],[-82.360958524308643,28.562536339705009],[-82.360879875718041,28.562234586958112],[-82.360887411835193,28.561905137874255],[-82.360914091016937,28.561792036508695],[-82.360933263307246,28.561751176404183],[-82.361012984848642,28.561601544487903],[-82.361220991905085,28.561391789513515],[-82.361309581356522,28.561332325185798],[-82.361567853449955,28.561185342350367],[-82.36164854040895,28.561098766457587],[-82.361649487053128,28.56103574286125],[-82.361591267214266,28.56099116637365],[-82.361513112146511,28.560910606290971],[-82.361496309671239,28.56087917569284],[-82.361464609883456,28.560816327463154],[-82.361444676462455,28.560568454201903],[-82.361414423395615,28.560537142421776],[-82.361344707904877,28.560533230508252],[-82.361255818460705,28.560570186842181],[-82.361033429052995,28.560757539899072],[-82.360973641367494,28.560816783987903],[-82.360963262111923,28.560825951369125],[-82.360639109785623,28.5611812449627],[-82.360396025764345,28.561382144612125],[-82.360281551241712,28.561459889840556],[-82.360224236176748,28.561483133683478],[-82.360149186784582,28.561492956263745],[-82.360026984047948,28.561489551084644],[-82.359746556442275,28.561366108548015],[-82.359557446456719,28.561088113863907],[-82.359418708888001,28.560823363591016],[-82.359356866627508,28.5606796874415],[-82.359381000877576,28.560480719386888],[-82.359382418596766,28.560471736468291],[-82.359444770350407,28.560412518767404],[-82.359631642569951,28.560203086535832],[-82.359657233785271,28.560162019201034],[-82.359678907243222,28.560125682372433],[-82.359723001571723,28.560003508972468],[-82.359740810723594,28.559926608745084],[-82.359748165943586,28.559863375961992],[-82.359722522859798,28.559696756818081],[-82.359597236321804,28.559431607376318],[-82.359519816018093,28.559175173952838],[-82.35950269966078,28.558868507327734],[-82.359547384042727,28.558665013683747],[-82.359628373677907,28.558515403519571],[-82.359779019892869,28.558373922852077],[-82.35980701950615,28.558342170251912],[-82.359976321865986,28.558236650428572],[-82.360199569338874,28.558162148613096],[-82.360403966594916,28.558106003117324],[-82.361036313441573,28.558068092109217],[-82.361368850364016,28.558046643898404],[-82.361477521811238,28.558013866781362],[-82.361512268220849,28.55795939484171],[-82.36152728695069,28.557643264868929],[-82.361573159648387,28.557530106782778],[-82.361739001407244,28.55735699892475],[-82.361918127696953,28.557278615401138],[-82.361966323923809,28.557223736622699],[-82.361969568227011,28.557178751823781],[-82.361886906850074,28.557057613125568],[-82.361876405347203,28.556989958529893],[-82.361882171726691,28.556777835004034],[-82.361907926963454,28.556683019917646],[-82.361950831256635,28.556596842304469],[-82.362188895650306,28.556346072848704],[-82.362306902224176,28.556245574034804],[-82.362375242617205,28.556213443434352],[-82.36241703091568,28.556158773794895],[-82.362642751150943,28.555962449304122],[-82.362681975887284,28.5559080309644],[-82.362695825979813,28.555880897642091],[-82.362694834378445,28.555777047457617],[-82.362670208848897,28.555754811051013],[-82.362598640335705,28.555746368654045],[-82.362452003101723,28.555793068247947],[-82.362101536033492,28.555900410865998],[-82.361064078533602,28.55623105776959],[-82.359748055762324,28.556654956535759],[-82.359374402864219,28.556771595326953],[-82.359087517533027,28.556864485054803],[-82.358803760028295,28.55696218981257],[-82.358676520208348,28.556995034608271],[-82.358547237083101,28.557036859340251],[-82.35850462929838,28.557059992328789],[-82.358421939218275,28.557110531389181],[-82.358365921300532,28.557174313092155],[-82.358276950063939,28.557301602605381],[-82.35824738507884,28.557351626868794],[-82.358204809033964,28.557415290917561],[-82.357964593253982,28.557638739897239],[-82.357899891841043,28.5576844154231],[-82.35788119199195,28.557693760614008],[-82.357694809081849,28.557785851838144],[-82.357102891351971,28.557985758662522],[-82.357004256844007,28.55803187944775],[-82.35698933227917,28.558045494378625],[-82.356920004035544,28.558100411626128],[-82.35687201682741,28.558141494930467],[-82.356804200186829,28.55822343588715],[-82.356792132488422,28.558259592723793],[-82.356766805122547,28.55836820157614],[-82.356764165008201,28.558584868079038],[-82.356820076414692,28.558823593542073],[-82.356807812822822,28.559125977687049],[-82.356843278556212,28.55919336673038],[-82.356871029038587,28.559220148266643],[-82.357103804081859,28.559362179537526],[-82.357259606863707,28.559513994934843],[-82.35733572643872,28.559644052508933],[-82.357377124555157,28.559869394520863],[-82.35742117995396,28.559918591306239],[-82.357800740782437,28.560004928665069],[-82.357910808715957,28.560048990216075],[-82.358060026851632,28.560128686414256],[-82.358242865436736,28.560271259772612],[-82.35831491633104,28.560374256466542],[-82.358372970222405,28.56051367414803],[-82.35842338506562,28.560946511676441],[-82.358549211627064,28.561134286149294],[-82.358605343726722,28.561273687131511],[-82.358620192466063,28.561350403470435],[-82.358622375686991,28.561544323647556],[-82.358544033999593,28.561856622198341],[-82.358551561168269,28.561951546300932],[-82.358801718718212,28.562129227822751],[-82.359345873887534,28.56242151819789],[-82.359548352691732,28.562577538492622],[-82.359657604017855,28.562675622805649],[-82.359885637009981,28.562962233358256],[-82.359928650240619,28.563038443531163],[-82.359987105556172,28.563110041492674],[-82.35999123889323,28.563132599797878],[-82.360091226697932,28.563293897210784],[-82.360145184938844,28.56336572810314],[-82.360186420031482,28.563432905092959],[-82.360362064368175,28.563670498972137],[-82.360457060205079,28.563822730932301],[-82.360495493928653,28.563863141103884],[-82.360527056107301,28.56393498980885],[-82.360544437337637,28.563970934270809],[-82.360614420460209,28.564168739231341],[-82.360627118492005,28.564218141853264],[-82.360632326301399,28.564254217902871],[-82.360684341538061,28.564371051488475],[-82.360738640030078,28.564420091790677],[-82.360876802542435,28.564427900591294],[-82.361457675807799,28.564282157797223],[-82.361545461747923,28.564276712086762],[-82.361584582398407,28.564271825486252],[-82.361665315639215,28.564266574442495],[-82.362046256405606,28.564262580231791],[-82.362347692345779,28.564309155767248],[-82.362500506012751,28.564321357886492],[-82.362601357273221,28.56429776307948],[-82.36310049727733,28.564139253280413],[-82.363393256485764,28.564082159423375],[-82.363699360782846,28.564074471845473],[-82.363999950994781,28.564134824667086],[-82.364491958601036,28.564278740890519],[-82.364539635396895,28.564300690332651],[-82.364786987517405,28.564411070087907],[-82.364956294689136,28.564517732291879],[-82.364998069274336,28.564548891354015],[-82.365187523029022,28.564677739889763],[-82.365302990757826,28.564789403781781],[-82.365353324073197,28.564847676581188],[-82.3654449575764,28.564968623680461],[-82.365485486517372,28.565040298168071],[-82.365582504256381,28.56522884909818],[-82.365579191415833,28.565490810958902],[-82.365491249102831,28.565676639568306],[-82.365421212387247,28.565821602699192],[-82.365363069826799,28.56589887294254],[-82.365242084384818,28.566026632010338],[-82.365183643090816,28.566081389674157],[-82.365157051169746,28.566104156798939],[-82.365112798749038,28.566194816335621],[-82.364995487279501,28.566502725878927],[-82.364822954328773,28.566779881430222],[-82.364659461708513,28.566966523424405],[-82.364339839704925,28.567190746277724],[-82.364320870657025,28.567218102812852],[-82.364311315674058,28.567299315312741],[-82.364321421991775,28.567308438781449],[-82.364880894332046,28.567352395524306],[-82.365107221954517,28.567413287420415],[-82.365279234401356,28.56751068930318],[-82.365400700572678,28.567649437680636],[-82.365516583571605,28.567860442054133],[-82.36555523164742,28.56788706517289],[-82.365888027894812,28.568104814467624],[-82.366092474653627,28.568301373144557],[-82.366222821313301,28.568530275412769],[-82.366269948236777,28.568674067299494],[-82.366350718680224,28.568921527121272],[-82.366442217403133,28.56905147822399],[-82.366580316100951,28.569063497961935],[-82.366654856575394,28.569044671472422],[-82.367143905298107,28.568791740953429],[-82.367312177077821,28.568713214580068],[-82.367456136138827,28.568675773141102],[-82.367618755206252,28.568674007212316],[-82.367698451842301,28.568695765909805],[-82.367864833889598,28.56878437652875],[-82.368060266304269,28.568935079135169]]},"properties":{"OBJECTID_1":100,"OBJECTID":393827,"QUADNUMBER":0,"ELEVATION":90,"ORGCONT":0,"DEPRESSION":0,"HILLTOP":0,"INTERVAL":0,"UNIT":" ","DATESTAMP":1078790400000,"ShapeSTLen":33005.856214834173,"Shape_Length":18391.216399499681}},{"type":"Feature","id":101,"geometry":{"type":"LineString","coordinates":[[-82.374998955032495,28.552446731352251],[-82.375017573955347,28.552453311206435],[-82.37525553688927,28.552599806986866],[-82.375583663176243,28.552826624513184],[-82.375860576447749,28.553044933210323],[-82.376038472735729,28.553264236592376],[-82.376236238955315,28.553487859199709],[-82.376362263868728,28.553820512287722],[-82.37643973157985,28.554176220171268],[-82.376477300422778,28.554387930778464],[-82.3765363750273,28.554509169278333],[-82.37663525120395,28.554571343996194],[-82.376705543041993,28.554548068068481],[-82.376746979494243,28.554344582384317],[-82.376798091492404,28.554222224288889],[-82.376981100387596,28.553827763644243],[-82.377133996550114,28.553402031052592],[-82.377187340513473,28.553058536954829],[-82.377195674586702,28.552079222581117],[-82.377268213873691,28.551762608950632],[-82.377380065227939,28.551472668302559],[-82.377491953266343,28.551209803011876],[-82.377502790959966,28.551060778794678],[-82.377464497002279,28.550916764706422],[-82.377344247824468,28.550954085812641],[-82.376934930413199,28.551066547892098],[-82.376936216456897,28.550895058546153],[-82.377105701952729,28.550812102451353],[-82.377306149696679,28.550751406511985],[-82.377346818735106,28.550660742036602],[-82.377509814328519,28.550275520148087],[-82.377711767054706,28.550011740970454],[-82.377903763089634,28.549793190037565],[-82.378184510352014,28.549546652868393],[-82.378305165650005,28.549441635564126],[-82.378415545430073,28.549381852140147],[-82.378625866840295,28.549221776580502],[-82.378847274663798,28.548980361853214],[-82.379091171914325,28.54850406392919],[-82.379153078919884,28.548255244485322],[-82.379273973060052,28.548046428749377],[-82.379454514293229,28.547904705633865],[-82.379715066612434,28.547775704396624],[-82.379994537912324,28.547750301340518],[-82.380174160795377,28.547807140331425],[-82.380312555917925,28.54793658753718],[-82.38033047924246,28.548184595585962],[-82.380319761484557,28.548293008182291],[-82.3804086126475,28.548346256213563],[-82.380587931841504,28.548380531620932],[-82.380667605135656,28.548415822504687],[-82.380756693169474,28.548487117310913],[-82.380825596384852,28.548504465527021],[-82.380886141739225,28.548517387723614],[-82.380916056413426,28.548435857840069],[-82.380937825686004,28.548268670163999],[-82.38099782538265,28.548191346469437],[-82.381158828190834,28.548094944441161],[-82.381387884846234,28.548097117433585],[-82.381546663402005,28.548221855454624],[-82.381763767483378,28.548458811030162],[-82.381862839369049,28.548511951763523],[-82.381933206004362,28.548470622557357],[-82.381934193332341,28.548326210459411],[-82.381876885470291,28.548047014919714],[-82.381898704966943,28.547834702811684],[-82.382069709830319,28.54764794659912],[-82.382219448495505,28.547569707503449],[-82.382399449549965,28.547509202396803],[-82.382589734073079,28.547502752435467],[-82.382779528819142,28.547532407951525],[-82.382988030054847,28.547575410162683],[-82.383127488384062,28.547614602309871],[-82.383227991223023,28.547532350269744],[-82.383259325631585,28.547315420895387],[-82.38332133231367,28.547147824190223],[-82.383367637370796,28.547104162850268]]},"properties":{"OBJECTID_1":101,"OBJECTID":395459,"QUADNUMBER":0,"ELEVATION":120,"ORGCONT":0,"DEPRESSION":0,"HILLTOP":0,"INTERVAL":0,"UNIT":" ","DATESTAMP":1078790400000,"ShapeSTLen":23750.187834274177,"Shape_Length":6043.9833639327762}},{"type":"Feature","id":102,"geometry":{"type":"LineString","coordinates":[[-82.36231234433393,28.536349603788171],[-82.361905766747313,28.536362868511215],[-82.36171589768837,28.536391604064548],[-82.360855961802187,28.536549277463781],[-82.360672223245615,28.53659609803865],[-82.360612420175457,28.536614810778168],[-82.360427258901893,28.536670900038207],[-82.360195822655882,28.536740798491731],[-82.359780812618595,28.53693012597126],[-82.359638672758749,28.5369765840959],[-82.359594370942588,28.536986187714092],[-82.359470638043376,28.537000783988741],[-82.359108680315643,28.537067746892319],[-82.358890309128597,28.537119507619035],[-82.358264159730652,28.537094166373652],[-82.358036292019989,28.537096563846017],[-82.357961274014713,28.53710609360482],[-82.357782777504198,28.537144251133679],[-82.357641991552569,28.537186218069827],[-82.357589600758303,28.537222751954108],[-82.357584093040657,28.537290504302703],[-82.357641822076531,28.537366605532085],[-82.357670993709192,28.537384392356163],[-82.358074030581562,28.537520253363905],[-82.358324311065658,28.537644192113785],[-82.358523459662067,28.537678317328247],[-82.358619645348526,28.537708718606375],[-82.359119752450709,28.537943079544394],[-82.359497700150001,28.538088211020806],[-82.359979984947216,28.53823230785105],[-82.360404850076662,28.538322825463183],[-82.360462892401827,28.53833560106111],[-82.360951524126278,28.538398446148125],[-82.361282812149739,28.53841329484796],[-82.361846896241232,28.538353469374165],[-82.362124430470828,28.538282977785698],[-82.362206914333925,28.538245950440633],[-82.362393455013233,28.538140350856043],[-82.362628461174353,28.537961867683759],[-82.362787963681924,28.537824988823321],[-82.363038782152245,28.53757436747637],[-82.363178382868242,28.537356208865663],[-82.363252664799077,28.537184001484004],[-82.363274001776063,28.53708463729085],[-82.363263159424932,28.536827573135682],[-82.363200926533793,28.536710627459808],[-82.363087995622536,28.536603494906245],[-82.362966122597726,28.536537064586128],[-82.362730218302374,28.536435814232224],[-82.362519186305448,28.536383538407033],[-82.36231234433393,28.536349603788171]]},"properties":{"OBJECTID_1":102,"OBJECTID":395723,"QUADNUMBER":0,"ELEVATION":170,"ORGCONT":0,"DEPRESSION":0,"HILLTOP":0,"INTERVAL":0,"UNIT":" ","DATESTAMP":1078790400000,"ShapeSTLen":4194.6448630341529,"Shape_Length":4194.6448630379828}},{"type":"Feature","id":103,"geometry":{"type":"LineString","coordinates":[[-82.349295347138593,28.554683684865772],[-82.349256096650294,28.554697575397292],[-82.34916102363708,28.554761751591791],[-82.348911417103537,28.555138724749366],[-82.348623142268622,28.555448545403831],[-82.348273364427399,28.55567771244894],[-82.348033639726367,28.555783802570495],[-82.347676764821571,28.555891036939713],[-82.347517395878853,28.555973864663361],[-82.347502323040985,28.555996766717946],[-82.347441964683668,28.556051487464739],[-82.347408328436458,28.556074447845841]]},"properties":{"OBJECTID_1":103,"OBJECTID":396339,"QUADNUMBER":0,"ELEVATION":150,"ORGCONT":0,"DEPRESSION":0,"HILLTOP":0,"INTERVAL":0,"UNIT":" ","DATESTAMP":1078790400000,"ShapeSTLen":813.89688399444503,"Shape_Length":813.89688399446061}},{"type":"Feature","id":104,"geometry":{"type":"LineString","coordinates":[[-82.343653112704203,28.538233344528638],[-82.343568855072945,28.538409448477854],[-82.34349318379526,28.538545602936757],[-82.343446490322805,28.538627219629621],[-82.343190153609328,28.539026901186052],[-82.343174818762378,28.539067520948805],[-82.343163473176787,28.539139999531848],[-82.343160652306977,28.539198781585256],[-82.343146271815186,28.539469607936567],[-82.343139543564675,28.539532850208541],[-82.343078558757583,28.539754445228127],[-82.343078597428871,28.53983577227358],[-82.343080127342489,28.539903336646748],[-82.343081927811824,28.539953165714987],[-82.343082582320022,28.539993700853],[-82.343065429949561,28.540111126185153],[-82.343044485591662,28.54018348011008],[-82.343036146480515,28.540310024794376],[-82.343036880392333,28.540346055241258],[-82.343117980951803,28.540525712279212],[-82.343160619548726,28.540624705094451],[-82.343188459019942,28.540687515309248],[-82.343199797252339,28.540741679477623],[-82.343265473524568,28.541092814844983],[-82.343333359500335,28.541173541744307],[-82.343387303264819,28.541245092763038],[-82.343496402182794,28.541393002952496],[-82.343585023467085,28.54154094230293],[-82.343609592534946,28.541608497083903],[-82.343715069673948,28.541909725835339],[-82.3437357955154,28.541977227152405],[-82.343791092669889,28.542044297155201],[-82.343950694166736,28.542196182034345],[-82.344081168885552,28.542411596765259],[-82.344110263356825,28.542433888470306],[-82.344109346976367,28.542451883475238],[-82.34416969930146,28.54252351718052],[-82.344229889948622,28.542563624370484],[-82.344392807379478,28.54266573799628],[-82.344704967652106,28.542802529516582],[-82.344785775200762,28.542833315272603],[-82.344817575341082,28.542846350957337],[-82.345317945921622,28.543021950939494],[-82.345446626342081,28.543061459298599],[-82.345486875039398,28.543065592492432],[-82.345544994520935,28.54307387969596],[-82.345752084430217,28.543175662698797],[-82.346258014100812,28.543238478585398],[-82.346529231126624,28.543289795866947],[-82.346601928239252,28.543307253804326],[-82.346847973913384,28.543372347567061],[-82.346965716178161,28.543416233504537],[-82.347033654171469,28.543451652734259],[-82.347141575095193,28.543509488541179],[-82.34741647368314,28.543655686597113],[-82.347567531554333,28.543780440273089],[-82.347660461428717,28.543856114507594],[-82.34801687710204,28.544154955513513],[-82.348192651086848,28.544338255766963],[-82.348225952149718,28.544378611477487],[-82.348257344262194,28.544418938688725],[-82.348292572805789,28.544459030466953],[-82.348344684084623,28.54456686997645],[-82.348362907668729,28.544589314968899],[-82.348467555765012,28.544777687084029],[-82.348488014421051,28.544863198127405],[-82.348513504036546,28.544912746102018],[-82.348527945067787,28.545056996907679],[-82.348570671954135,28.545151218819701],[-82.348616097777878,28.545236452791801],[-82.348783052143048,28.545410931940317],[-82.348906624168393,28.545617255865498],[-82.34894516526235,28.545734219262908],[-82.34897452211375,28.545824053021992],[-82.349044467780786,28.546148501040573],[-82.349032285114802,28.546234188824673],[-82.349005915017102,28.546410605501297],[-82.349045120850377,28.546441740138956],[-82.348997985481532,28.546469329440487],[-82.349011260690531,28.546563764039313],[-82.349029509020951,28.54662673297447],[-82.34905183814098,28.546631210738294],[-82.349120694449638,28.546648632960601],[-82.349443454012984,28.546636389004252],[-82.349543955019428,28.546635319119041],[-82.349619076116099,28.54666153180208],[-82.349660990282331,28.546683695436876],[-82.349846453178046,28.546776778673358],[-82.350002148686485,28.546892577202115],[-82.350126233992029,28.546981557396858],[-82.350268158212543,28.547034160534114],[-82.350315596844055,28.547029375759074],[-82.350304974155719,28.546970719467858],[-82.350202889939297,28.546822898836105],[-82.350185290920081,28.546759654078929],[-82.350177814552481,28.546619982963406],[-82.350196135571338,28.546552101378946],[-82.350300341054137,28.546433719847709],[-82.350450813419769,28.546387087530395],[-82.350538211812506,28.54636363749643],[-82.350657918015131,28.546362509085867],[-82.351148391913569,28.546348576315044],[-82.351268226631163,28.546338450701661],[-82.35139254671887,28.546328095008779],[-82.351411116531608,28.546328028001835],[-82.351639176478017,28.546271617013367],[-82.351885308072681,28.546205845757505],[-82.352021424696886,28.546177331805293],[-82.3521281029455,28.546149320869358],[-82.352284497883218,28.546134270219547],[-82.352734848704742,28.546107192168883],[-82.352817486889322,28.546101694267815],[-82.353196947852851,28.54610700068001],[-82.353325979858738,28.546123711996731],[-82.353428693280478,28.546145458177268],[-82.353638405590587,28.546201950888396],[-82.353670768498617,28.546219777147908],[-82.35372797247939,28.546246055877656],[-82.35392220668372,28.546352467123778],[-82.35404728415584,28.546418934972404],[-82.354131733456015,28.546463273206431],[-82.354205869997728,28.54651226458726],[-82.354339731511217,28.546632586169292],[-82.35436421666077,28.546664112293879],[-82.354409189044262,28.546695035416075],[-82.3543779828791,28.546727034436962],[-82.354364881550296,28.546830998351727],[-82.354325265572058,28.546953233459956],[-82.354113231180705,28.547176439906025],[-82.353979425015666,28.547263512701303],[-82.353972814130842,28.547277226554602],[-82.353894098302391,28.547318516182294],[-82.353807167645968,28.547396005590336],[-82.353731230612667,28.547464623370818],[-82.353694129846062,28.547505562634793],[-82.353595281440533,28.547651012909416],[-82.353582091734182,28.54771868124746],[-82.353584106762781,28.547754727188757],[-82.353597093270807,28.547826925683442],[-82.353686478137462,28.54792533667959],[-82.353895626569368,28.548103684210464],[-82.354084808512653,28.548331876398997],[-82.354260002441734,28.548596497075689],[-82.354402965734621,28.548834283945112],[-82.354444488575524,28.548923976409451],[-82.354478801148801,28.548982353936168],[-82.354534584799538,28.54914425767543],[-82.35455824797441,28.549229797244298],[-82.354576362648288,28.549301772889937],[-82.354599344866656,28.549432337368675],[-82.354612398127387,28.549626383907921],[-82.354610299127017,28.549680395320824],[-82.354603510678814,28.549874495479155],[-82.354578623896472,28.550122970960615],[-82.354576753255913,28.550204281154713],[-82.354604398140069,28.550406944805545],[-82.35464923466715,28.550447147835602],[-82.354709354847671,28.550491754944119],[-82.354931195892092,28.550593411160769],[-82.35526551523742,28.550747888952845],[-82.355310760206194,28.550761082768503],[-82.355343936826173,28.550810444143984],[-82.355504417041274,28.550948533137426],[-82.355539140867748,28.550979892349371],[-82.355601148318485,28.551069542506159],[-82.355635333075256,28.551136927200581],[-82.355660871986686,28.551267517240912],[-82.355664026934733,28.551312584437692],[-82.355672991359995,28.551438757626681],[-82.355683188876782,28.551483907434132],[-82.355697031340071,28.551542327419366],[-82.355752535814489,28.551595876597091],[-82.355883365044178,28.551621609523519],[-82.356138735660451,28.551664284659125],[-82.356230007837539,28.551681394485282],[-82.356288190164378,28.551685453029958],[-82.356355482042531,28.55168005368234],[-82.356462451999491,28.551674552837909],[-82.356652624522908,28.551627534200026],[-82.356899392758919,28.551562046337835],[-82.357150543594756,28.551545852122171],[-82.357218976539656,28.551549745244717],[-82.357407564513025,28.551606549266388],[-82.357491430945217,28.551605566888114],[-82.357526984897106,28.551582620622195],[-82.357522511897145,28.551497025671821],[-82.357407255484929,28.551331321263969],[-82.357356204331353,28.55123701140089],[-82.35727715216737,28.551088905547143],[-82.357253627650508,28.550994358073467],[-82.357259652564522,28.550849784749484],[-82.357261687777225,28.550800281568531],[-82.357274676901795,28.550745837227264],[-82.357388031286831,28.550487692706817],[-82.357448465299001,28.550428181337526],[-82.357568961369751,28.550332220585847],[-82.357669575344801,28.550281622176247],[-82.357701718062188,28.550272428381025],[-82.357882791667976,28.550234310118569],[-82.358204354116623,28.550217248892334],[-82.358273687986539,28.550203143757876],[-82.358454661689322,28.550129284237304],[-82.358549884784082,28.550096625284443],[-82.35857171655681,28.550091820421379],[-82.358645975059858,28.550090998062249],[-82.358683173288668,28.550086363736934],[-82.358754940293721,28.550081017254232],[-82.358778490801768,28.550089734786102],[-82.358862572213567,28.550116050375454],[-82.358926340260695,28.550173922085868],[-82.358950082920131,28.550254964285489],[-82.358955094059652,28.550304552630582],[-82.358947512714948,28.550467117373362],[-82.358943720020136,28.550548408320751],[-82.358757065883736,28.550870691190987],[-82.358737249810829,28.550911547333204],[-82.358745163808294,28.551064733702475],[-82.35876460478039,28.551091696564207],[-82.358803966946766,28.551154629964568],[-82.358842274719208,28.551203759447016],[-82.358962326146198,28.551306472988994],[-82.359081175044835,28.551404389157803],[-82.359140717158439,28.551530318226757],[-82.359202111274755,28.55166048606749],[-82.359225043370003,28.551710002613042],[-82.359334327435931,28.551763059704701],[-82.359390575698313,28.551726286680612],[-82.359434337559449,28.551752978424062],[-82.359549905640307,28.551729278372186],[-82.359625485072982,28.551683169888257],[-82.359645035020804,28.551660597522488],[-82.359690408619528,28.551538150815226],[-82.359702540007589,28.551497488148311],[-82.359822274847133,28.551410532778455],[-82.359853308135698,28.551347007965269],[-82.359862593312997,28.551283803371732],[-82.359892814836314,28.55106240112184],[-82.359895792020922,28.551035423214007],[-82.3599176457857,28.550944780353142],[-82.359991896178244,28.550817602716897],[-82.360012079551993,28.550795046664184],[-82.360162907562412,28.550640060592404],[-82.360183668334329,28.550621729539316],[-82.360249514179884,28.550585068755222],[-82.360404171968256,28.55051567717625],[-82.36050322929762,28.550483068037842],[-82.360625193377047,28.550459445741492],[-82.360778467100985,28.550439849394547],[-82.360823410075781,28.550430247279298],[-82.360888848982341,28.55042060330393],[-82.360934503124071,28.550406779923478],[-82.360978716163899,28.55036114748777],[-82.360970297866217,28.55032502216018],[-82.360970504231645,28.55031151720268],[-82.360897200902059,28.550249031979067],[-82.36076409517068,28.55020526765173],[-82.360572436887892,28.550139427772212],[-82.360509535656348,28.550108579600067],[-82.36030746674885,28.550011380015636],[-82.360150855040274,28.549913583119313],[-82.36011669637044,28.549886731676693],[-82.360005120542752,28.549815917814744],[-82.359646695774103,28.549562112040093],[-82.359589376760596,28.549585355626018],[-82.359544034990961,28.549536145710828],[-82.359311736896174,28.54953398596917],[-82.359098909852776,28.549513489327481],[-82.359027495165762,28.549496045573413],[-82.358989359224111,28.549478439804126],[-82.358846845008486,28.549421332102465],[-82.358765189170853,28.549404053334083],[-82.358750784408954,28.549340850031768],[-82.358731823495418,28.549282655921214],[-82.358728678941901,28.549151759132137],[-82.358785606338671,28.549069970449075],[-82.358840328988563,28.549006163976522],[-82.358865136869412,28.548974373054595],[-82.358937078611561,28.548914998439056],[-82.358986713140112,28.548891940573505],[-82.359053124512599,28.548859506329947],[-82.35929136134402,28.548807698124524],[-82.35937792052475,28.548797735507257],[-82.359754323381139,28.548793982961811],[-82.359997502820022,28.548795978657683],[-82.360241764526677,28.548811499822097],[-82.360375489666936,28.548814753411474],[-82.360496876498374,28.548786625583222],[-82.360566333762733,28.548722707110265],[-82.360599460952258,28.548690732262159],[-82.360653475149348,28.548631428716558],[-82.360815187174111,28.548476568188125],[-82.361045831645455,28.548334340113659],[-82.361137411968116,28.548288124169662],[-82.361181218474613,28.548269786706136],[-82.361228425973934,28.548237688526626],[-82.361270483461908,28.548165012291655],[-82.361282548511554,28.548128854125036],[-82.361265513927592,28.54807040529175],[-82.361062804706449,28.547846843954229],[-82.361042656588353,28.54782437513531],[-82.360911970275723,28.547663286805356],[-82.360852658290312,28.547564659918962],[-82.360841405443296,28.547546513095522],[-82.360809643755104,28.547488177326859],[-82.360774687356908,28.547430070209444],[-82.36061739514399,28.547165396905605],[-82.360580748793723,28.547134014304774],[-82.360312045832117,28.547041941821366],[-82.360219778611608,28.547006809501511],[-82.359844559356191,28.546848207586482],[-82.359621049070768,28.546688001891891],[-82.3594113006817,28.546464354683014],[-82.359287090604397,28.546298551811567],[-82.359216702860039,28.546127758171732],[-82.359157334529002,28.545821723316951],[-82.359153913413209,28.545794671191636],[-82.359148979761883,28.545528396505638],[-82.35916203275535,28.545469450008891],[-82.359169613894679,28.545433515923087],[-82.359213221660355,28.545216492474463],[-82.359229536641521,28.545153081584711],[-82.359239113697129,28.545112389588535],[-82.359291441804046,28.544953727142659],[-82.359298743696002,28.544935803590988],[-82.359354430336083,28.544808683453081],[-82.359392281652774,28.544718234674956],[-82.359439371412705,28.5446093148933],[-82.359433620820042,28.54452369894484],[-82.359356951503983,28.544515485740753],[-82.359104428278883,28.5445811908561],[-82.359012751653296,28.544591098235752],[-82.358877049183974,28.544592598412251],[-82.358786819097077,28.544634044919317],[-82.358719859866767,28.544702484755856],[-82.35869511290116,28.544815320081135],[-82.358646042591175,28.545055077829883],[-82.358628040620772,28.545145483001015],[-82.358581204095699,28.545321944688443],[-82.358532833673053,28.54543084769869],[-82.358516717799858,28.545480464810137],[-82.35849180542003,28.545562067830748],[-82.358483460693463,28.54564780133208],[-82.358467881346044,28.545747242428511],[-82.358458530307388,28.545814952537501],[-82.358428688602885,28.545968825231874],[-82.358310156686287,28.546145849612522],[-82.358247275261803,28.546241358571329],[-82.358241060282836,28.546313604571253],[-82.358243739281335,28.546390183602078],[-82.358240450784777,28.546480477700417],[-82.358234583140003,28.546656583002157],[-82.358219908197412,28.546738018187085],[-82.358189304152248,28.546815047757949],[-82.358160750279396,28.546883094534504],[-82.358065151330706,28.546983283511633],[-82.358003354174755,28.547006483196501],[-82.357952377367027,28.547034029774558],[-82.357859355531559,28.547048417342531],[-82.357839434388438,28.547053247733679],[-82.357500600228548,28.547070391417531],[-82.357466748001784,28.547066333389335],[-82.357226307930688,28.547010047478],[-82.357094979539838,28.546975304536502],[-82.356981664378722,28.54693569741983],[-82.356773848104666,28.546838425469382],[-82.356725031439424,28.546807460899764],[-82.356630534483784,28.546749795146553],[-82.356591901590747,28.546722888673166],[-82.356403382971877,28.546535224994113],[-82.356343256096594,28.546490898343183],[-82.35616717209416,28.54641145000809],[-82.35604886198567,28.546362784883751],[-82.355974644715033,28.546318572614918],[-82.355876861505394,28.546224838485863],[-82.355830182941176,28.546180113615126],[-82.355804919310174,28.546157866752718],[-82.355751875055731,28.546068036117163],[-82.355744721764935,28.545991402873636],[-82.355728759500266,28.545820120988385],[-82.355748640377243,28.545774759699462],[-82.355906744042656,28.545520530646325],[-82.355971687755513,28.545416037255244],[-82.355983686918819,28.545258020474574],[-82.355926418775084,28.545109613823389],[-82.355917856054063,28.545082777209636],[-82.355898271111258,28.545024292832174],[-82.355901857983156,28.544956512267525],[-82.355963822639808,28.544752654659636],[-82.356082311155362,28.544620651949597],[-82.356130432957571,28.544570560463793],[-82.356240506974132,28.544528793856838],[-82.356272012452848,28.544519596660276],[-82.35635798918014,28.544505126711648],[-82.356447715643881,28.544454673267147],[-82.356508040832153,28.54435914385186],[-82.356507129195037,28.544251068440268],[-82.356486552990532,28.544215082087181],[-82.35643282167797,28.544170555487419],[-82.356368992095582,28.54411689841881],[-82.356320091442313,28.544049635459583],[-82.356315726682013,28.54400004977763],[-82.356316247772781,28.543923509197384],[-82.356352426750149,28.543774224917623],[-82.356362377089781,28.543751544648302],[-82.356412166753728,28.543633654949488],[-82.356452172403507,28.54356996201588],[-82.356504742456508,28.543479401384314],[-82.356520396054378,28.54337545579234],[-82.356484666500876,28.543326073368725],[-82.356389836735502,28.543290911739216],[-82.356357398486026,28.543277588993725],[-82.356167099373778,28.543207533356526],[-82.356056974968695,28.543167975701873],[-82.355993584020325,28.543127832549015],[-82.355964614982781,28.543096533210814],[-82.355922413729587,28.543051854355888],[-82.355823425947463,28.542953613383652],[-82.355808335064481,28.54293570356888],[-82.355731857387482,28.542787622320862],[-82.355699548149971,28.542638940781274],[-82.355695386723312,28.542575859129279],[-82.355696359815354,28.542300643613732],[-82.355696654780175,28.54219680690132],[-82.355684948017569,28.542124622344911],[-82.355584902147555,28.54192702181016],[-82.355524507463869,28.541774348701193],[-82.355463230484489,28.541720729610159],[-82.355402354307031,28.541725921299438],[-82.355341386973123,28.541694815644206],[-82.355297882438151,28.541735953491568],[-82.355284269028346,28.541790104283077],[-82.355250202154352,28.541925914465136],[-82.355237857814814,28.541980359703263],[-82.355197675631615,28.542098088522778],[-82.355180820629641,28.542111678546167],[-82.355062981624528,28.542243683321018],[-82.3549358575399,28.542312549321927],[-82.354888857839285,28.542331132243234],[-82.354812143079783,28.542367945178192],[-82.354594483277268,28.542455999245245],[-82.354485109991629,28.542493273547368],[-82.354401556122895,28.542516498612258],[-82.354107066582657,28.542564534166917],[-82.354042987216133,28.54256969570406],[-82.353953375596248,28.542570616892004],[-82.353793050000121,28.5425495986856],[-82.353693609250982,28.54252365826563],[-82.353520320834875,28.542471253094469],[-82.353276807388696,28.542365396183349],[-82.353212710485863,28.54232974269949],[-82.35315487008846,28.542303462671626],[-82.35301747709434,28.542205319494666],[-82.352951729166392,28.542151922037679],[-82.352795017765629,28.541977572022471],[-82.352703342860408,28.541861113132782],[-82.352649326802151,28.541794071437298],[-82.352510381234012,28.541714201459328],[-82.352356872362662,28.541665965492026],[-82.352202145787842,28.541613492408541],[-82.351926293640005,28.541530326865733],[-82.351844198518492,28.541499537867658],[-82.351514023050314,28.54132680509441],[-82.351459458215388,28.541295771347073],[-82.351337793500306,28.541215825651228],[-82.351285354448891,28.541171304456746],[-82.351227358570455,28.541113218284345],[-82.351134129224405,28.541014749590666],[-82.351021951068418,28.540858089113438],[-82.35097141678358,28.540772788786125],[-82.350948689402628,28.540709765763062],[-82.350935843511039,28.540502494224796],[-82.350929680330808,28.540403080286527],[-82.350935762242386,28.540339833921031],[-82.350794646388252,28.540192403163818],[-82.350766818276909,28.540170125859689],[-82.350642807315097,28.540076640534078],[-82.350563369909239,28.539955544800012],[-82.350544618918079,28.539883563819437],[-82.350534063700792,28.539820402819661],[-82.350532741864896,28.539739342606932],[-82.350547318904674,28.539621878809182],[-82.350611445544118,28.53944506192741],[-82.350658881294592,28.539313913190192],[-82.350707836125807,28.539209526660191],[-82.350758216427906,28.539136949373162],[-82.35085827551292,28.538996011390438],[-82.35109632729224,28.538745258145738],[-82.351106614446124,28.538700067564097],[-82.351114334681412,28.538654854743026],[-82.351050940035563,28.538614989865412],[-82.350971785711238,28.538602240438017],[-82.35090030469334,28.538589295181641],[-82.350874124658219,28.538585052338842],[-82.350441454171559,28.538503698211645],[-82.350204097817567,28.538456437665467],[-82.350137026944552,28.538448051894893],[-82.350109582920538,28.538443793213819],[-82.349770082100378,28.538379570399286],[-82.34976713892064,28.538320998877321]]},"properties":{"OBJECTID_1":104,"OBJECTID":404095,"QUADNUMBER":0,"ELEVATION":90,"ORGCONT":0,"DEPRESSION":1,"HILLTOP":0,"INTERVAL":0,"UNIT":" ","DATESTAMP":1078790400000,"ShapeSTLen":21983.813604136441,"Shape_Length":21983.516225798376}},{"type":"Feature","id":105,"geometry":{"type":"LineString","coordinates":[[-82.360102125059257,28.534938591555914],[-82.360023803425719,28.53499626389533],[-82.359725738351401,28.535197650461438],[-82.359679888067831,28.53522525630601],[-82.359545934241623,28.535280812615433],[-82.359189112139191,28.535347559090361],[-82.358978574378241,28.535430919978843],[-82.358930298113904,28.535449499546921],[-82.358826547107668,28.535455032540565],[-82.358249112873381,28.535424636562229],[-82.357968928614895,28.535332710280546],[-82.357722615626372,28.535285643443249],[-82.357430812198984,28.535283912210378],[-82.357416096652429,28.535284022221479],[-82.357321221281495,28.535294167839922],[-82.357088844515133,28.535341534723042],[-82.357037497601937,28.535351064892815],[-82.35645363221721,28.535492530009854],[-82.355869102373845,28.535719530919181],[-82.355755835881553,28.535761255956043],[-82.355297010881188,28.535928379570997],[-82.355088257737833,28.536020489710108],[-82.354902693488086,28.536103575978149],[-82.354852997375701,28.536131140620711],[-82.354713305997976,28.5362274343507],[-82.354568314061652,28.536377695475981],[-82.35449159314129,28.536540862216803],[-82.354440969789678,28.536798601978429],[-82.354479785217109,28.537150261301331],[-82.354536647875221,28.537452048001459],[-82.354613622197476,28.537609139556185],[-82.354749027160494,28.537838111445229],[-82.355000694914921,28.538164967583782],[-82.355055631226278,28.538214022316961],[-82.355108649499357,28.538263040534833],[-82.355122525833735,28.538276431086707],[-82.355278043313561,28.538360707247595],[-82.355495436940984,28.538457816789027],[-82.355714302852832,28.538500910692807],[-82.355928679916502,28.538543661386985],[-82.356231976355943,28.538716632678177],[-82.356316689804856,28.538742951900424],[-82.3566221642606,28.538771578129783],[-82.356767316013702,28.538991092872696],[-82.356903656829118,28.539116234916857],[-82.357031362182838,28.539177955030905],[-82.357173136844352,28.539239833829246],[-82.357360510464389,28.539291839093003],[-82.357583712436053,28.539343706450545],[-82.357633665985716,28.539383971808164],[-82.357634467306326,28.539415499291998],[-82.357575584417376,28.539415934972091],[-82.357445981696415,28.539394711111456],[-82.357400698083637,28.539426832714],[-82.357379400412299,28.539481172685669],[-82.357393142364756,28.53962992169928],[-82.357686899294706,28.539672201694447],[-82.357706677792834,28.539676371652153],[-82.358176484710228,28.539883927807807],[-82.358346634041595,28.539931792066696],[-82.358357452692076,28.539936141676179],[-82.358453052796037,28.539962306300339],[-82.358590322549048,28.539983613619224],[-82.35878798113238,28.539990426682067],[-82.359008647063405,28.539956710460977],[-82.359075688411409,28.539924568697092],[-82.359097220978541,28.539897242122912],[-82.359133446420117,28.539702639568478],[-82.359153629927292,28.539680082716181],[-82.359247489408176,28.539651913329283],[-82.359676150496895,28.539661150203781],[-82.360240996136937,28.53967817358107],[-82.360644025510226,28.539773503643637],[-82.360905346279438,28.539802444092224],[-82.361432312922304,28.539743038369132],[-82.361573906266784,28.539732592235694],[-82.362105625727906,28.5398671221344],[-82.362316648597627,28.539878316796965],[-82.362575382881602,28.539866705232701],[-82.36294222976872,28.53977277160374],[-82.363554395613065,28.539495968150693],[-82.363662881913925,28.539431666550993],[-82.363907724148689,28.539280310792631],[-82.364156622221628,28.539029662798161],[-82.364247228353449,28.53892040444105],[-82.364287726458457,28.538866001983255],[-82.364343768434068,28.538756899435128],[-82.364361091668115,28.538711799996491],[-82.364363877798212,28.538526655693182],[-82.364310556950812,28.53845511680154],[-82.364201927014406,28.538402073515829],[-82.364192392832678,28.538397459248227],[-82.364124088075087,28.538344037954317],[-82.364122983620419,28.538289988906314],[-82.364140809998915,28.538253620094064],[-82.364354499699402,28.538003398178191],[-82.364546012954875,28.537780219950513],[-82.364631199833511,28.537648670913249],[-82.364809485005907,28.537326278465752],[-82.364941974264767,28.536900914603578],[-82.36500610378539,28.53655271212407],[-82.36501421509351,28.536354121198691],[-82.36496027261191,28.535984557253091],[-82.364903225004539,28.535863453063623],[-82.364859166047452,28.535814249476811],[-82.364739899872475,28.535702543293361],[-82.364518272966464,28.535461036605781],[-82.364393406955742,28.535381073251532],[-82.364142462357222,28.535216609765389],[-82.364080693047214,28.53515397152179],[-82.364042668140399,28.535086835503243],[-82.363942800763809,28.53496156945593],[-82.363895675750342,28.534929773604144]]},"properties":{"OBJECTID_1":105,"OBJECTID":405593,"QUADNUMBER":0,"ELEVATION":120,"ORGCONT":0,"DEPRESSION":0,"HILLTOP":0,"INTERVAL":0,"UNIT":" ","DATESTAMP":1078790400000,"ShapeSTLen":9244.136142139294,"Shape_Length":7927.1302806030908}},{"type":"Feature","id":106,"geometry":{"type":"LineString","coordinates":[[-82.342033510000292,28.563207682529576],[-82.342133221202957,28.563076002916652],[-82.342191633553881,28.56277304438586],[-82.342211230793239,28.562705171602349],[-82.342354399680573,28.562342710214072],[-82.342362212853516,28.562166641533828],[-82.34218849544682,28.561847990975838],[-82.342138666327017,28.561631844043191],[-82.342151910587333,28.561351986392342],[-82.342189099287268,28.56118020284433],[-82.342222837546558,28.561066908559194],[-82.342234069096946,28.561044245073255],[-82.342304573909701,28.560912815798574],[-82.342381495606247,28.560821703943297],[-82.342463336218202,28.56074415532159],[-82.342602519072017,28.560684168527708],[-82.342629544642278,28.560674919918341],[-82.34269660933073,28.56064250554196],[-82.342752424656695,28.5605925149078],[-82.342783649081625,28.560434154098139],[-82.342853966087631,28.560356755253288],[-82.342954663856872,28.560301662132559],[-82.343297467491823,28.560153749553546],[-82.343334911460687,28.560090308857959],[-82.343325866740074,28.560054181332621],[-82.343316544082342,28.560036338602007],[-82.343010494413676,28.559831796826291],[-82.342832509014215,28.559666475973543],[-82.342660408280352,28.559451690946869],[-82.342594154059825,28.559262915609427],[-82.342574014903349,28.558947214546375],[-82.342414381472835,28.558754527577484],[-82.342362717686939,28.558574651162225],[-82.342324068414584,28.558507216670822],[-82.34227019513429,28.558471685758164],[-82.342033518739427,28.558419922270897],[-82.341822301746348,28.558376899288326],[-82.341713652107714,28.55832384097878],[-82.341537271762249,28.558221848609939],[-82.341463132756786,28.558172854025088],[-82.341444197118733,28.5581549008899],[-82.341265694298457,28.557940320511822],[-82.341154421631828,28.557724563936063],[-82.341108109136044,28.557571772605968],[-82.341015361597968,28.557441788137464],[-82.340782101123708,28.557249913945139],[-82.340643929541159,28.557161036513904],[-82.340582076337967,28.557103182114844],[-82.340476918293433,28.557031865121502],[-82.340227877040974,28.556867383953129],[-82.339989984105245,28.556644221429682],[-82.339689007829563,28.556277067598593],[-82.339637019765462,28.556160225592816],[-82.339603539124596,28.556047823699892],[-82.339605839522903,28.555939506513688],[-82.339681601446031,28.555798849757778],[-82.339721134127387,28.555766962312099],[-82.339856891520569,28.555679636977569],[-82.339950056053425,28.555656254189564],[-82.340230720125945,28.555594857008519],[-82.340374391953645,28.555575451179756],[-82.340401704027698,28.555547906457289],[-82.340407922466312,28.555475661284913],[-82.340281955011648,28.555341625935778],[-82.340213577804747,28.555125813287205],[-82.340176659372375,28.555112432065371],[-82.339904213228891,28.555097107876943],[-82.339752271129569,28.555071667768782],[-82.339536124700558,28.554974551915191],[-82.339398593994773,28.554885402662457],[-82.339339833812517,28.554877111772964],[-82.339292050295441,28.55490468489138],[-82.339243118625291,28.555256999398463],[-82.339143894207027,28.555424951661532],[-82.339169093596539,28.555618872789438],[-82.339176799103782,28.55582635827254],[-82.339144822485494,28.555907872508588],[-82.339116027378907,28.55594890795436],[-82.339021249069717,28.556035582498524],[-82.338807194972574,28.556136889277909],[-82.338221490996631,28.556304992964684],[-82.338189803329243,28.556321456591913]]},"properties":{"OBJECTID_1":106,"OBJECTID":408851,"QUADNUMBER":0,"ELEVATION":80,"ORGCONT":0,"DEPRESSION":0,"HILLTOP":0,"INTERVAL":0,"UNIT":" ","DATESTAMP":1078790400000,"ShapeSTLen":35116.742122031865,"Shape_Length":4909.6745239628153}},{"type":"Feature","id":107,"geometry":{"type":"LineString","coordinates":[[-82.342973194876791,28.555612937382513],[-82.342926232473232,28.555586209616159],[-82.342740315525944,28.555479880929411],[-82.342113205210921,28.55513393026165],[-82.341942981011726,28.554964195924363],[-82.341904390344325,28.554892259348136],[-82.341906391826541,28.554761428595228],[-82.341942001001087,28.554693461311281],[-82.342058115028706,28.554592962175604],[-82.3423053221846,28.55450020298872],[-82.342437317633781,28.554323067479334],[-82.342604904816085,28.554163513445214],[-82.342638013241981,28.554091021639913],[-82.342644792151461,28.553982470208982],[-82.342586946421875,28.553789020107207],[-82.342571833363493,28.553730586628117],[-82.34253448034076,28.553410453125608],[-82.342399196039793,28.55325829895926],[-82.342350910795588,28.553150509005693],[-82.342287083745461,28.55309713411928],[-82.342044146829437,28.553036288028242],[-82.341992212139274,28.553000782754793],[-82.341942308723816,28.552915480327826],[-82.34192470834698,28.552852514261286],[-82.3418720453638,28.552780697909469],[-82.341812773674761,28.552763395896545],[-82.341250609030666,28.552692300760476],[-82.341167161435621,28.55266598620144],[-82.340685334613056,28.552530828209051],[-82.340542777202018,28.552477931561558],[-82.34045019336088,28.552379740119278],[-82.340456073189131,28.55233000734091],[-82.340496506589119,28.552239301977014],[-82.340621174690966,28.552039570298369],[-82.340630010430218,28.551922037284147],[-82.340580718008809,28.551922578730167],[-82.340395850052019,28.552082490364171],[-82.340301063586224,28.552128362026384],[-82.340177434378546,28.552134213120109],[-82.340155816621021,28.552125238469273],[-82.340113747803272,28.552071547250431],[-82.340071655756972,28.551936819617957],[-82.340007850474237,28.551923676223591],[-82.339874123756999,28.551920691347274],[-82.339860385303908,28.551898011130934],[-82.339801747749945,28.55184018886624],[-82.339762657624306,28.551759247527933],[-82.339762503291325,28.551727723758493],[-82.339766685526897,28.551538100040801],[-82.339863867825159,28.551252773245235],[-82.339858236440222,28.550616705136207],[-82.339856472226145,28.550481326924167],[-82.339912465170187,28.550042977798512],[-82.340009055516319,28.549712612909797],[-82.340191296250765,28.549431104442657],[-82.340271016353753,28.549240680480981],[-82.340270461829547,28.549109818139485],[-82.34016528114168,28.548831092449408],[-82.340180286187959,28.548519466741642],[-82.340286420129118,28.548234243440255],[-82.34038684933995,28.548070805215175],[-82.34049305590618,28.547947951437639],[-82.340724452352987,28.547674902898429],[-82.34083152081746,28.547579087133268],[-82.340879303681007,28.547551505346156],[-82.340958747930102,28.547546261791922],[-82.341026621376315,28.54758617691806],[-82.341072840776746,28.547702950932663],[-82.34108355609078,28.54779762646816],[-82.341088247629202,28.548117938372958],[-82.341006668950143,28.548597065035082],[-82.340875102698945,28.549081229467333],[-82.340786978220578,28.549402696509507],[-82.340802074108524,28.549754357515592],[-82.340799438062788,28.550219226411727],[-82.340849384305159,28.550552731425569],[-82.34085077339023,28.550629296922704],[-82.340856203824458,28.550692392966102],[-82.340900324215383,28.550737101432635],[-82.341224503848395,28.550842247081885],[-82.341479493974774,28.550993289371334],[-82.341605454632514,28.551127323733965],[-82.34170425064498,28.551279892736691],[-82.341741555285878,28.551351527662849],[-82.341870887189827,28.551684289170016],[-82.341907206930514,28.551778705196924],[-82.341946348569309,28.551814347406008],[-82.342121555863685,28.551866792160112],[-82.342292808854594,28.551969006195449],[-82.342561403482378,28.551984274904957],[-82.343050551979985,28.551974860109748],[-82.343403737536306,28.552025472796036],[-82.343449758746047,28.552029672275371],[-82.343712076862445,28.552036147746339],[-82.344133176132189,28.551914478780795],[-82.344227483752931,28.551900117181059],[-82.344251816712855,28.551899846141456],[-82.34442771267021,28.55190726572059],[-82.344612953293421,28.551932533096362],[-82.34472702889947,28.551922343020291],[-82.344941962292751,28.551721415395669],[-82.345012125431012,28.551653292725966],[-82.345255025147921,28.551506445658731],[-82.345712037331452,28.551379859277752],[-82.345966574705315,28.551309692831559],[-82.346492150459326,28.551178281147457],[-82.346581746143983,28.551136840796254],[-82.346607056913214,28.55111378365979],[-82.346722651621761,28.55100455081741],[-82.346879142725484,28.550732007176407],[-82.3469033097645,28.55070021554895],[-82.346995700364701,28.550559469786126],[-82.347447826473413,28.550081042455808],[-82.347603665370926,28.549935139440823],[-82.347651522659945,28.549903057831038],[-82.347938332131648,28.549688341334033],[-82.348002834336754,28.549655898418671],[-82.348091382595129,28.549641463185115],[-82.34825980183912,28.549635285192622],[-82.348628998915572,28.549726590230641],[-82.349007776746063,28.549903277910964],[-82.349242364936543,28.550049841818613],[-82.349361493357705,28.550170561672221],[-82.349450384696254,28.55025997676783],[-82.349550147069195,28.550349227562226],[-82.349593981065951,28.550371139012967],[-82.349687163228069,28.550388269992755],[-82.350230672953955,28.550423649335524],[-82.350645104260835,28.550487064459375],[-82.350676973149575,28.550495879220357],[-82.350875801304824,28.550552528752764],[-82.35135520319615,28.550678612717995],[-82.351635912719487,28.550739040257032],[-82.351882491026814,28.550813135888845],[-82.351912438806778,28.550821936388033],[-82.352014241429941,28.550861679512515],[-82.352430019379739,28.551046957465427],[-82.352550846031747,28.551140403168048],[-82.35265425119313,28.551243206157483],[-82.352683725694718,28.551283507485341],[-82.35278374848491,28.551440588564382],[-82.352801769887805,28.551476545984794],[-82.352887713001365,28.551633457833482],[-82.352927699265308,28.551655595660975],[-82.353303124591264,28.551800994924299],[-82.353390647437806,28.551854082765299],[-82.353445006808116,28.551898901225304],[-82.353491080305631,28.551984146190968],[-82.353462112407897,28.552205560050076],[-82.353493433971394,28.552250391541747],[-82.353784413455557,28.552351181973744],[-82.353890249771908,28.552463023605089],[-82.353933787865898,28.552588759373855],[-82.354061223616725,28.55266877048145],[-82.354106422671748,28.552726992442675],[-82.354127140280113,28.552753968879724],[-82.354166712770564,28.552803120744233],[-82.354546190802139,28.552934776845831],[-82.354628691035558,28.553024106808234],[-82.354684591512182,28.553262840641633],[-82.35469792106008,28.553312237761475],[-82.354737299129638,28.553374895270768],[-82.354801385029845,28.553369744184444],[-82.354829115096052,28.553355994054872],[-82.354913566988202,28.553147616292293],[-82.354963603288383,28.553097540101508],[-82.354988143586468,28.553083756771763],[-82.355166538774029,28.553095424850749],[-82.355809502929247,28.553368901477675],[-82.356020397993504,28.553474934690986],[-82.356513317463993,28.553808563248456],[-82.35658746026759,28.55385755051331],[-82.356779464046795,28.553900602867589],[-82.357367741020511,28.553939856658104],[-82.357820985731223,28.554061676865704],[-82.35813217924543,28.554180421615531],[-82.358345235187358,28.554313487672037],[-82.358554489360998,28.554527843401658],[-82.358586109774151,28.554595187151044],[-82.358577953827947,28.554965436483933],[-82.358800862475022,28.555292516490113],[-82.358866426361615,28.555486054548691],[-82.358864747064459,28.555639409635958],[-82.358822156562667,28.55578862374842],[-82.358769780912411,28.555865960853659],[-82.358595851732076,28.556066264939773],[-82.35841694113158,28.556171954608605],[-82.358282184347516,28.556236505401255],[-82.358048983114898,28.55629315318847],[-82.357830818470077,28.556286374362436],[-82.357467378537834,28.556235686512579],[-82.357393321494911,28.556222998811453],[-82.357249912232504,28.556224415778271],[-82.356838305730903,28.556269123708589],[-82.3564746858832,28.556399094505867],[-82.356430310124395,28.556413210809641],[-82.356254166047947,28.556505140539645],[-82.355970500384259,28.556638857801737],[-82.355868742436598,28.556680442681344],[-82.355149062527587,28.556863648735412],[-82.354332460557515,28.55698014686115],[-82.354062853013318,28.557072945708143],[-82.353829934434344,28.557152099781966],[-82.353550433974576,28.557348901692727],[-82.353407054089658,28.557517196659493],[-82.353347268840309,28.557702791007415],[-82.353353192320867,28.557987088958555],[-82.3533266873157,28.558046151945081],[-82.353279639616005,28.558109771961398],[-82.35319061072569,28.558155722417617],[-82.352827819899233,28.558272187750013],[-82.35285471274311,28.55839829185512],[-82.352891432699806,28.55842489118664],[-82.352969607857645,28.558419619501834],[-82.353228837046302,28.558335989610697],[-82.353333663335604,28.558303174862242],[-82.353407791070666,28.558311639834972],[-82.353448309278335,28.558383312668667],[-82.353458186684364,28.558491498998961],[-82.353452042697796,28.558559239113574],[-82.353434021850418,28.558649642605832],[-82.353271232017818,28.558831778383933],[-82.353216200964795,28.558873066419888],[-82.353103600872984,28.559122200861186],[-82.352997958701224,28.559249852426792],[-82.352971945020727,28.559277122869776],[-82.352822826681773,28.559359801097759],[-82.352713710606892,28.559378775705184],[-82.352639381796692,28.559384092296909],[-82.352605446786029,28.55938453867839],[-82.35250201704001,28.559367565422253],[-82.351875533598815,28.559229350023809],[-82.351579345245099,28.559259355953898],[-82.351347211897689,28.559329229514319],[-82.351302755113721,28.559347840710402],[-82.35092871273342,28.559446444850884],[-82.350873342257813,28.559509956514553],[-82.350834397240405,28.55958716741781],[-82.35075195089415,28.559705233110591],[-82.350714844725118,28.55974617063222],[-82.350668131943792,28.559787269214137],[-82.350493324594154,28.559874980431537],[-82.350193988551467,28.559985999820455],[-82.349963809229749,28.560010870871338],[-82.349791794957682,28.559999278850238],[-82.349756654213124,28.559994924479746],[-82.349710820693261,28.559936691943257],[-82.349668684642978,28.559761155777448],[-82.34944180678221,28.559569378571624],[-82.349440847370659,28.559506330130304],[-82.349461303331239,28.559465484544944],[-82.34952992560487,28.559415072868848],[-82.350423668025002,28.559194262804674],[-82.351353446553929,28.558918720610322],[-82.351391429931297,28.558904812901616],[-82.351488715156762,28.558863177078319],[-82.351489468534879,28.55881337776697],[-82.351463409203973,28.558759604500139],[-82.351418589412901,28.558759924465509],[-82.351355582344794,28.558778602649703],[-82.35076476673305,28.558946973910221],[-82.34999947176378,28.559139747876614],[-82.3493453196144,28.559263470640264],[-82.349300513808302,28.559264070498926],[-82.349243305946047,28.559237501252241],[-82.349184023581046,28.55917939877606],[-82.34904354597434,28.558946140962682],[-82.348878837929277,28.558749178681392],[-82.348683283053361,28.55860222454071],[-82.348455787754688,28.558577318534752],[-82.347990332410802,28.558667798968933],[-82.347762997834607,28.558674688907814],[-82.347669367689619,28.558644036271033],[-82.347625112316933,28.558608340292732],[-82.34759108687102,28.558572478242855],[-82.347567654853691,28.558513947574426],[-82.347535992799578,28.558491907801663]]},"properties":{"OBJECTID_1":107,"OBJECTID":409523,"QUADNUMBER":0,"ELEVATION":110,"ORGCONT":0,"DEPRESSION":0,"HILLTOP":0,"INTERVAL":0,"UNIT":" ","DATESTAMP":1078790400000,"ShapeSTLen":19368.764200419522,"Shape_Length":19368.764200434736}},{"type":"Feature","id":108,"geometry":{"type":"LineString","coordinates":[[-82.347440640045846,28.555424197255885],[-82.347446312697642,28.555387958327636],[-82.347567221078222,28.555224477011354],[-82.347987997114927,28.55474624025225]]},"properties":{"OBJECTID_1":108,"OBJECTID":413925,"QUADNUMBER":0,"ELEVATION":160,"ORGCONT":0,"DEPRESSION":0,"HILLTOP":0,"INTERVAL":0,"UNIT":" ","DATESTAMP":1078790400000,"ShapeSTLen":304.47962684396225,"Shape_Length":304.47962684725695}},{"type":"Feature","id":109,"geometry":{"type":"LineString","coordinates":[[-82.374819550964503,28.563956196717701],[-82.375087970127836,28.564031843418945],[-82.375197967125828,28.564039751563623],[-82.375692168451408,28.564039248075506],[-82.375776902705567,28.564020338750893],[-82.376337200753298,28.563870255453249],[-82.37650491418114,28.563796350963006],[-82.376869208092756,28.56365727072594],[-82.377032739350284,28.563605973510544],[-82.377073974581307,28.563582992849962],[-82.377146764256636,28.563555177309528],[-82.377421563711806,28.563412499382167],[-82.377560780666272,28.563334363268197],[-82.377741621962571,28.56328740150331],[-82.377756802502532,28.563287057874579]]},"properties":{"OBJECTID_1":109,"OBJECTID":417810,"QUADNUMBER":0,"ELEVATION":120,"ORGCONT":0,"DEPRESSION":0,"HILLTOP":0,"INTERVAL":0,"UNIT":" ","DATESTAMP":1078790400000,"ShapeSTLen":38428.747628013538,"Shape_Length":1005.5868825410798}},{"type":"Feature","id":110,"geometry":{"type":"LineString","coordinates":[[-82.37482197680778,28.561761258462376],[-82.375221264076259,28.56244206840692],[-82.375347567428989,28.562549089157923],[-82.375608642989505,28.562726945715944],[-82.375787436054466,28.562792814091917],[-82.376182113747248,28.562901626339283],[-82.376433815911923,28.562948709951637],[-82.376661564115835,28.562946392571245],[-82.376849870495008,28.562908379601893],[-82.3772662093549,28.562719141786658],[-82.377657974587422,28.562579780057977],[-82.377743343004568,28.562560862333267],[-82.378045064179389,28.56249913534641],[-82.37849043926964,28.562438831717301]]},"properties":{"OBJECTID_1":110,"OBJECTID":425129,"QUADNUMBER":0,"ELEVATION":140,"ORGCONT":0,"DEPRESSION":0,"HILLTOP":0,"INTERVAL":0,"UNIT":" ","DATESTAMP":1078790400000,"ShapeSTLen":38850.076039054467,"Shape_Length":1411.6454938016518}},{"type":"Feature","id":111,"geometry":{"type":"LineString","coordinates":[[-82.362920074545244,28.534932051947834],[-82.36299451663325,28.534953031860116],[-82.363450097113486,28.535169412147113],[-82.363485025100715,28.535187264434519],[-82.363661220621495,28.535343256910387],[-82.364054282062924,28.53554708493056],[-82.364136173153398,28.535591379684526],[-82.36431442388124,28.535738389294988],[-82.364330854605925,28.535751805440302],[-82.364394137692884,28.535841467318676],[-82.364476312104514,28.535994116007732],[-82.364585619575834,28.536299880417044],[-82.364624820162945,28.536628743392118],[-82.364591741930838,28.537039785271922],[-82.364566445302728,28.537188918973449],[-82.364519837193527,28.53735188590586],[-82.364312056587337,28.537719520158053],[-82.364116054918767,28.5379426451256],[-82.36407647002865,28.537979052416372],[-82.364017548556632,28.538024797514058],[-82.363796053652862,28.538198373339874],[-82.363786065884355,28.538266361686649],[-82.363785003866582,28.538591099785922],[-82.36374894389175,28.538690862603111],[-82.363623165659334,28.53884108001289],[-82.363427543920764,28.53899638935324],[-82.363359648462591,28.539042307065106],[-82.363053808320061,28.539207586520071],[-82.36298456076328,28.539258001315595],[-82.362965220819888,28.539267338091232],[-82.362562493201423,28.539406722821859],[-82.36223692212252,28.53943697363415],[-82.362164658604499,28.539433313371738],[-82.36202646638759,28.539430007502204],[-82.361530584275783,28.539380873233902],[-82.361282595205708,28.539401338662415],[-82.360891946058146,28.539419000267557],[-82.360788959741782,28.539415547240694],[-82.360685469692299,28.539402801364481],[-82.360329397060212,28.53933419327058],[-82.359742503903732,28.539335769048748],[-82.358950794001956,28.539339173248042],[-82.358534144055227,28.539297990179833],[-82.358245715175855,28.539242267514645],[-82.357710280150457,28.539058145886774],[-82.357628827035541,28.53902736409616],[-82.3574104888025,28.538907732640084],[-82.357369928224273,28.538881089482992],[-82.357302894701903,28.538827681248325],[-82.357190612199403,28.538720545703736],[-82.357086286607924,28.538509678579803],[-82.357037044021936,28.53846491748444],[-82.356656700196098,28.538477905374737],[-82.35650363408817,28.538443180034889],[-82.356340861729933,28.538372615542261],[-82.356258906101786,28.538332818047625],[-82.356048729792576,28.538181481764269],[-82.355521825889795,28.53798365768424],[-82.355444421441959,28.537939411868635],[-82.355341661316956,28.537836619879393],[-82.355138592865387,28.537554507102616],[-82.355055216907218,28.537397345057883],[-82.355004165505349,28.537303034965177],[-82.354929828172857,28.537014844590772],[-82.354931309110583,28.536874991350626],[-82.354967422115351,28.536730209241682],[-82.354970182843701,28.536716733679082],[-82.355016084355412,28.536644101548912],[-82.355179416640581,28.536466472703445],[-82.355222714029324,28.536438838955991],[-82.355578736511134,28.536214230418324],[-82.356153302276979,28.535969380598459],[-82.356524237419023,28.535816703938796],[-82.356678029592459,28.535761097599746],[-82.356969803061844,28.535722019424849],[-82.357883885347505,28.535707962805574],[-82.357949466871801,28.535730122926104],[-82.358272482864407,28.535825923701871],[-82.358392668330055,28.535833802573705],[-82.359028961858229,28.535822957844118],[-82.359111939370479,28.535794943650242],[-82.359500997183318,28.535628676751323],[-82.359789976715987,28.535562554949397],[-82.359928066006347,28.535529555897611],[-82.359947406460634,28.535520489350699],[-82.360017007564224,28.535488095802371],[-82.360350964215399,28.535241268928377],[-82.360475655619595,28.535163081329483],[-82.360647851148329,28.535075606012537],[-82.360966177545635,28.534973239753821],[-82.361057469550417,28.534945320484184],[-82.361100905823648,28.534936281754288]]},"properties":{"OBJECTID_1":111,"OBJECTID":426679,"QUADNUMBER":0,"ELEVATION":130,"ORGCONT":0,"DEPRESSION":0,"HILLTOP":0,"INTERVAL":0,"UNIT":" ","DATESTAMP":1078790400000,"ShapeSTLen":7900.5424382917654,"Shape_Length":7308.8310272029667}},{"type":"Feature","id":112,"geometry":{"type":"MultiLineString","coordinates":[[[-82.338139455034167,28.552743295514752],[-82.338291259583968,28.552838774732482],[-82.338350438102538,28.552986936777462],[-82.338340309977838,28.553104453912283],[-82.338318224277003,28.553167785546623],[-82.338143975645536,28.553386070710474],[-82.338092545165239,28.553693607088398],[-82.338027277396606,28.553942452702486],[-82.33790808353659,28.554160259373944],[-82.337899038910422,28.554171110867308]],[[-82.337871517263892,28.552716202994464],[-82.337879726734414,28.5527120462365],[-82.338139455034167,28.552743295514752]]]},"properties":{"OBJECTID_1":112,"OBJECTID":427846,"QUADNUMBER":0,"ELEVATION":110,"ORGCONT":0,"DEPRESSION":0,"HILLTOP":0,"INTERVAL":0,"UNIT":" ","DATESTAMP":1078790400000,"ShapeSTLen":3571.6815857099118,"Shape_Length":666.94770310144872}},{"type":"Feature","id":113,"geometry":{"type":"LineString","coordinates":[[-82.354366905476397,28.554331020111704],[-82.354396293675734,28.554335022872543],[-82.354457771420144,28.554375140982597],[-82.3545791080535,28.554477592420749],[-82.354628077157315,28.554540362053743],[-82.354710297685031,28.554647988493247],[-82.354756214687043,28.554701428648258],[-82.35483582232051,28.554727689809777],[-82.355234194203618,28.554795958445222],[-82.355347362283695,28.554804045904987],[-82.355756135461235,28.554650966404651],[-82.35595402005562,28.554644557233082],[-82.356140191086453,28.554692336883814],[-82.356273104887919,28.554749607892834],[-82.356312250384079,28.554785245897673],[-82.356390051675007,28.554888313458743],[-82.356390882966352,28.554960362132302],[-82.356299428220041,28.555123916497863],[-82.356221446084419,28.555201241336469],[-82.35620716050957,28.555215145963889],[-82.356132283544625,28.555256479135611],[-82.355614873052176,28.555482575604003],[-82.355406563563449,28.555543455099063],[-82.354698087356923,28.555663190484662],[-82.3545487520325,28.555718840716555],[-82.35443500176963,28.555832888388899],[-82.354200541510451,28.556182751475731],[-82.354085639480843,28.556246974709193],[-82.353962147934823,28.556243830872589],[-82.353933109195225,28.556217044860439],[-82.353890100104891,28.556140551126148],[-82.353891267841817,28.556064026139008],[-82.354013308103077,28.555909270843895],[-82.354023325731305,28.555882087929742]]},"properties":{"OBJECTID_1":113,"OBJECTID":430840,"QUADNUMBER":0,"ELEVATION":130,"ORGCONT":0,"DEPRESSION":0,"HILLTOP":0,"INTERVAL":0,"UNIT":" ","DATESTAMP":1078790400000,"ShapeSTLen":1902.6174169125477,"Shape_Length":1902.6174169154099}}]}