{"type":"FeatureCollection","features":[{"type":"Feature","id":1,"geometry":{"type":"MultiPolygon","coordinates":[[[[-82.266181426805446,28.524636784368312],[-82.266216556285499,28.524570656505269],[-82.266273488946936,28.524554617598028],[-82.266304000673273,28.52454028175676],[-82.266382414032137,28.524526900516943],[-82.266459638548966,28.524512473036424],[-82.266573816856592,28.524498463881397],[-82.266621096213143,28.524476249157676],[-82.266691374383569,28.52439249972868],[-82.26669288601444,28.524388249413313],[-82.266728030688014,28.524342929512294],[-82.266721799515835,28.524211474281266],[-82.266777730693377,28.524146754598735],[-82.266801042786113,28.524055488739947],[-82.266754879791904,28.523978850105411],[-82.266735883624236,28.523909100776152],[-82.266687178305929,28.523846891127846],[-82.266529609977397,28.523718518421749],[-82.266488740654182,28.523701583937594],[-82.266461026493317,28.523681754175218],[-82.266421275622122,28.523653312549737],[-82.26641134123382,28.523646204390857],[-82.266345597334876,28.523633105791696],[-82.266241044593045,28.523682226973669],[-82.266050927801075,28.523722619426575],[-82.265973534857011,28.523839480558301],[-82.26589761223012,28.523922247187119],[-82.265881631771265,28.52402723588116],[-82.265793554526425,28.524175039450494],[-82.265877280876495,28.524243251874207],[-82.265900728206944,28.524329342238484],[-82.265898542591202,28.524380969796916],[-82.265852245192747,28.524458655943732],[-82.265837379299811,28.524502968622652],[-82.265894212985046,28.524549269621637],[-82.266008820865366,28.524568363606733],[-82.266060473622517,28.52459960728779],[-82.266094215362628,28.524589085705273],[-82.266103858773704,28.524615778095345],[-82.266181426805446,28.524636784368312]]],[[[-82.260446966285343,28.5237706578699],[-82.260449527777084,28.523646410542973],[-82.260393863540102,28.523595465134484],[-82.260073790907057,28.523573033194083],[-82.260100220791344,28.523530498270723],[-82.260225312748872,28.523473283594956],[-82.260382684110766,28.523439079063429],[-82.260431955048247,28.52341041359173],[-82.260182048979544,28.523397389701426],[-82.260088865715758,28.523383541137399],[-82.259973932541797,28.523385828402375],[-82.259811913838618,28.523356842732984],[-82.259776283662433,28.523398991845109],[-82.259777999741274,28.523466364145708],[-82.259716995720837,28.523494273086047],[-82.259715062156047,28.523453202826008],[-82.259716169657111,28.523399422601273],[-82.259669985924077,28.523357147472094],[-82.259652703412172,28.52335687099924],[-82.259637073388973,28.523357183306029],[-82.259458056473306,28.523350508659533],[-82.259450440649772,28.5233575335422],[-82.259372764577677,28.523379960823711],[-82.25937184013975,28.523424702784201],[-82.259564270803153,28.523445097375827],[-82.259635489872849,28.523505259756099],[-82.259668594051476,28.523549641612139],[-82.259715962951773,28.523563121468115],[-82.259638137415607,28.523608400234949],[-82.259637647800687,28.523632076964311],[-82.259638529969919,28.523666454717858],[-82.259636471318515,28.523766139174192],[-82.259668644064519,28.523824389181822],[-82.259762846714722,28.523825907309089],[-82.259856266630862,28.52382404306525],[-82.259879623425164,28.523824421588021],[-82.259918547957412,28.52382364238866],[-82.260376142838766,28.523831018101415],[-82.260446966285343,28.5237706578699]]],[[[-82.267360212922284,28.507686233998648],[-82.267340183470182,28.507701550174644],[-82.267274207286633,28.507795053244081],[-82.267175532211127,28.507821507438099],[-82.267147653587756,28.5079310424772],[-82.267159545082507,28.508058266590584],[-82.26722699021812,28.508109363964746],[-82.267266624145307,28.508164981728203],[-82.267493211253665,28.508184945262588],[-82.267576685366777,28.508178858817509],[-82.267648754629249,28.508104634931215],[-82.267682063024523,28.508079170904495],[-82.26768381331388,28.508075684388928],[-82.267562067182567,28.507868361248562],[-82.267432855229742,28.507679710558723],[-82.267368838850473,28.507677353251445],[-82.267360212922284,28.507686233998648]]],[[[-82.258009301536205,28.524084087194982],[-82.257984626417837,28.52415703200252],[-82.257953858729948,28.524205985028125],[-82.257984864489359,28.524254819849606],[-82.258002929024755,28.524341236747791],[-82.258041199831595,28.524370227769769],[-82.258067207393083,28.52439676874252],[-82.258114215580036,28.524432383520363],[-82.25815000556932,28.524502812311944],[-82.258286659499063,28.524529964980534],[-82.258501414988984,28.524514311347779],[-82.258525737494253,28.524418812948394],[-82.258568412845989,28.524291976278231],[-82.258525297623223,28.524238514839791],[-82.258507875619415,28.524187817115887],[-82.258381084579796,28.524057620384859],[-82.258310612184843,28.524032033886648],[-82.258301985195175,28.524040914049191],[-82.258275704093421,28.524061003349075],[-82.258166614814485,28.524053467656117],[-82.258009301536205,28.524084087194982]]],[[[-82.262471003821958,28.524907691292828],[-82.26237932556252,28.525010458951815],[-82.262359581913373,28.525185316023922],[-82.262404289090185,28.525279980640594],[-82.262480501141695,28.525318332952811],[-82.262562751110067,28.52527652346819],[-82.262621341036507,28.525253945380562],[-82.262656942434106,28.525235843143687],[-82.262727659606426,28.525208592669724],[-82.262807781306506,28.525088563578851],[-82.262824655843701,28.525053995399517],[-82.262880539642367,28.524985098638176],[-82.262863463549678,28.524938405436085],[-82.262824332198207,28.524923510305506],[-82.262798966210383,28.52489665409135],[-82.26270058848668,28.5248471530068],[-82.262581940832192,28.524858058060122],[-82.262516708504492,28.524849079447243],[-82.262471003821958,28.524907691292828]]],[[[-82.263486076958586,28.527155667262967],[-82.263466947392828,28.527244895037846],[-82.263502727105106,28.527388255475714],[-82.263815048407366,28.527169216379665],[-82.263635577320201,28.527098901118315],[-82.263531270412088,28.527091408295949],[-82.263486076958586,28.527155667262967]]],[[[-82.255999483876693,28.531986832418305],[-82.255974439545184,28.532005976879674],[-82.255944951014385,28.532036328733522],[-82.256021683277254,28.532196277538681],[-82.256136866137496,28.53228353926448],[-82.256195653923186,28.53230173339329],[-82.256288502588205,28.532255749710419],[-82.256310163085487,28.532151415631127],[-82.256241510777883,28.532015625610246],[-82.256107364488429,28.532000380810913],[-82.256061769266168,28.531985694459109],[-82.256006674584555,28.53197943315924],[-82.255999483876693,28.531986832418305]]],[[[-82.260729727737854,28.523590572710432],[-82.260599826986748,28.52361752512104],[-82.26057858339648,28.523678763976445],[-82.260604749787404,28.524016476865011],[-82.260676783570858,28.52403529788559],[-82.260710925388835,28.523969223851971],[-82.260740408372129,28.523921055007296],[-82.260766613803867,28.523820597804665],[-82.260786228144426,28.523771987694332],[-82.260806584078125,28.523635315167823],[-82.260738524443482,28.523581837346452],[-82.260729727737854,28.523590572710432]]],[[[-82.25416381094594,28.532423273466289],[-82.254241244676322,28.532442675178505],[-82.25432233299685,28.532470026895258],[-82.254558754824686,28.532457034177789],[-82.254691096669831,28.532436433660401],[-82.25467241677606,28.53235193686351],[-82.254512634275045,28.532334691131279],[-82.254341314474132,28.532353833185766],[-82.254232321789416,28.532326560782224],[-82.254225412515495,28.532334207566183],[-82.2541476539092,28.532376119095698],[-82.25416381094594,28.532423273466289]]],[[[-82.253414752587801,28.532307319280434],[-82.253441327896894,28.532307747037311],[-82.253641428466736,28.53228577856251],[-82.253756707974716,28.532252499459723],[-82.25375785966834,28.532197113981862],[-82.253672246481344,28.532181796851507],[-82.253576334208873,28.532183701230295],[-82.253313224090036,28.532177007690994],[-82.253305607226565,28.532184032226692],[-82.253274556517297,28.532210499107787],[-82.25327371170377,28.532251178467863],[-82.253335182267193,28.532307441544322],[-82.253375824878162,28.53230809753774],[-82.253414752587801,28.532307319280434]]],[[[-82.25933858740045,28.523328733928768],[-82.259224425935926,28.523320700742065],[-82.259215968031285,28.523329733137061],[-82.259120857443492,28.523344885426521],[-82.259047887016536,28.523363058002023],[-82.258864511831334,28.523381569989866],[-82.258842541102382,28.523438724136145],[-82.259101583102179,28.523463886786054],[-82.259150026770342,28.523459427023564],[-82.259302762194807,28.523472881948518],[-82.25933858740045,28.523328733928768]]],[[[-82.254418933238142,28.53222225292367],[-82.254450849131743,28.532223872405172],[-82.254644199063591,28.532186846815378],[-82.254625246492012,28.53210917316213],[-82.254535461905576,28.532114068837679],[-82.254488740812945,28.532111698390786],[-82.254440670714146,28.53211432043139],[-82.254309652372925,28.532106386929801],[-82.254302324332343,28.532113666344479],[-82.254240097991982,28.532139023271199],[-82.254263858662114,28.532230708639535],[-82.254418933238142,28.53222225292367]]],[[[-82.259596473742079,28.522984383809842],[-82.259737686684176,28.523002707677755],[-82.259838307932299,28.522971344571914],[-82.259947262965866,28.522955799841267],[-82.259914041392165,28.522928924718929],[-82.259833474691931,28.52293189866803],[-82.259659427568906,28.522923817944005],[-82.259651957179258,28.522930969791261],[-82.259574144404127,28.522947495193385],[-82.259596473742079,28.522984383809842]]],[[[-82.267781960532218,28.522808655311309],[-82.267752878262058,28.522817506907909],[-82.267631952214089,28.522838606548444],[-82.267304202399529,28.522867574685289],[-82.26713338365586,28.522893647422411],[-82.267080487785876,28.522917843191543],[-82.266867720637777,28.522934981801136],[-82.266828101243561,28.522934342255319],[-82.266712012279768,28.522936664558486],[-82.266688317098613,28.522999464818007],[-82.26730020323231,28.523016513168201],[-82.26732344841875,28.523016047839132],[-82.267648359946321,28.523021264355616],[-82.267781960532218,28.522808655311309]]]]},"properties":{"OBJECTID_1":1,"OBJECTID":50,"WATERSHED":"CROOM","COUNTY":"HERNANDO","FEMA_ZONE":"AE","FTYPE":"FLOODPLAIN","Shape_STAr":26652985.340799998,"Shape_STLe":346761.658192,"Shape_Length":7631.9903972045149,"Shape_Area":248792.32534899795}},{"type":"Feature","id":2,"geometry":{"type":"MultiPolygon","coordinates":[[[[-82.269285474196366,28.516073446183963],[-82.269299098413157,28.516061359299826],[-82.269280102880771,28.51605669029858],[-82.269285474196366,28.516073446183963]]],[[[-82.262589093334526,28.527666303398806],[-82.262603039600961,28.527642674655105],[-82.262582781330664,28.527635065524109],[-82.262589093334526,28.527666303398806]]],[[[-82.258982481618517,28.53045035839131],[-82.25899610783209,28.530438272548039],[-82.258977111178424,28.530433601225756],[-82.258982481618517,28.53045035839131]]],[[[-82.257476812115883,28.530815890152542],[-82.257410633135009,28.53083789929271],[-82.257383575752968,28.530895441776043],[-82.257441928345514,28.530909693843942],[-82.257528438800762,28.530859714003398],[-82.257517063014618,28.530815357261432],[-82.257483148669053,28.530807739876895],[-82.257476812115883,28.530815890152542]]],[[[-82.252170603955463,28.53401113730056],[-82.252184231404371,28.533999051236776],[-82.252165234405609,28.533994379868744],[-82.252170603955463,28.53401113730056]]]]},"properties":{"OBJECTID_1":2,"OBJECTID":51,"WATERSHED":"CROOM","COUNTY":"HERNANDO","FEMA_ZONE":"X (shaded)","FTYPE":"FLOODPLAIN","Shape_STAr":1144150.8639199999,"Shape_STLe":39713.210561100001,"Shape_Length":214.25223688339088,"Shape_Area":1117.0220724034407}},{"type":"Feature","id":3,"geometry":{"type":"Polygon","coordinates":[[[-82.25335300783108,28.498876272987992],[-82.253319987384216,28.499917375922074],[-82.253338519534239,28.499910867015707],[-82.253378736477259,28.499896742450623],[-82.253388455695188,28.499893327884102],[-82.25339893526602,28.499889647510603],[-82.253404514912731,28.499887688030825],[-82.253415283231519,28.499571748586707],[-82.253429111592908,28.49909283703067],[-82.25342244985768,28.498066318644788],[-82.253342373105539,28.498038657448703],[-82.25335300783108,28.498876272987992]]]},"properties":{"OBJECTID_1":3,"OBJECTID":76,"WATERSHED":"TOACHODKA","COUNTY":"HERNANDO","FEMA_ZONE":"A","FTYPE":"FLOODPLAIN","Shape_STAr":3187572.4309,"Shape_STLe":99214.351305400007,"Shape_Length":1402.4237000650883,"Shape_Area":17347.182447731444}},{"type":"Feature","id":4,"geometry":{"type":"MultiPolygon","coordinates":[[[[-82.259208839440021,28.503110113960656],[-82.259292507532251,28.503135494491165],[-82.259368760089032,28.503108014105024],[-82.259410785891731,28.503121627065745],[-82.259510442262055,28.50310811091693],[-82.259573341842099,28.503133652743966],[-82.259614005493788,28.503134109269887],[-82.259662052688626,28.503110447196672],[-82.259727356086074,28.503103955439066],[-82.259769299544701,28.503069333315377],[-82.259824284703498,28.503063208636345],[-82.25988261390799,28.503037780781725],[-82.259956841324041,28.502985580444797],[-82.259981281150573,28.502980850501057],[-82.26011003108799,28.502862242889403],[-82.260151194382544,28.502844055743125],[-82.260307046573388,28.502606611582326],[-82.260312162978778,28.502550333928202],[-82.260371645724376,28.502415332163046],[-82.260356379052951,28.502361000217089],[-82.260382720425127,28.502302473848726],[-82.260386985970044,28.502185900065005],[-82.260368794278506,28.502014834855686],[-82.260320773177241,28.501884881909611],[-82.259699261574866,28.501627783861959],[-82.259580051730609,28.501583815357861],[-82.259578874549362,28.501584053119466],[-82.259549374873316,28.501609755155208],[-82.259524999360693,28.501659435484104],[-82.259484170945584,28.501667808742216],[-82.259406259820921,28.501754708524491],[-82.259329176759593,28.501790962265485],[-82.259283959502696,28.501831723779027],[-82.259260949440559,28.501883037416242],[-82.259218581200798,28.501902971738115],[-82.259066256599567,28.502038705852126],[-82.259042641085841,28.502090198368553],[-82.258988209649019,28.502135073111873],[-82.258937050602569,28.50223961944285],[-82.258849756465963,28.502301064329767],[-82.258827917077753,28.502442941858998],[-82.258799368262899,28.502472106945209],[-82.258773849029367,28.502480284807501],[-82.258739316301586,28.502555919682649],[-82.258720395473347,28.502699622503048],[-82.258691594097314,28.502772279526582],[-82.258722495908017,28.502815303422658],[-82.258704613476638,28.502872157556425],[-82.258691910102584,28.502881318031999],[-82.25872773755097,28.502942758543622],[-82.258783871122716,28.502961022627169],[-82.258804812927821,28.502995443509437],[-82.258833513855663,28.503004693891835],[-82.258883445663457,28.503051693357403],[-82.258921835151426,28.503056214998324],[-82.258965493536465,28.503078742914621],[-82.259054984979485,28.503083175263679],[-82.259119714570105,28.503105634994327],[-82.259208839440021,28.503110113960656]]],[[[-82.253404514912731,28.499887688030825],[-82.25339893526602,28.499889647510603],[-82.253388455695188,28.499893327884102],[-82.253378736477259,28.499896742450623],[-82.253338519534239,28.499910867015707],[-82.253319987384216,28.499917375922074],[-82.253319222950935,28.499917644442561],[-82.253314405952736,28.499934415489669],[-82.253341121389852,28.499974245999283],[-82.253357898618731,28.500095155010751],[-82.253363183708174,28.500276494218774],[-82.253363359483529,28.500282516180608],[-82.253363598316398,28.500284574900029],[-82.253396707215003,28.500569414208623],[-82.253411752293886,28.500598011434292],[-82.253438804483523,28.500609400999988],[-82.253426399868545,28.500640222263225],[-82.253524892376774,28.500670770854455],[-82.253574379579561,28.500645608530686],[-82.253577338704801,28.500627206784905],[-82.253578343191307,28.500620957936494],[-82.253597877349549,28.500499453345775],[-82.253624022078142,28.500423101780747],[-82.253623838149963,28.500300894046134],[-82.253592339111648,28.500193601040717],[-82.253498997783325,28.500043598705144],[-82.253444371351776,28.499983044545793],[-82.253419825066331,28.499896018866249],[-82.253404738426326,28.499887610011967],[-82.253404514912731,28.499887688030825]]],[[[-82.250320548314079,28.497323482802457],[-82.250322511981992,28.497408092671236],[-82.250348138198135,28.497471887736918],[-82.250353561353677,28.497573313767401],[-82.250383433405005,28.497708368710033],[-82.250448752694794,28.497828745661742],[-82.250471953777293,28.497845644558193],[-82.250479604647154,28.497867822887404],[-82.250504524327866,28.497877588231635],[-82.250541347881978,28.497939246606254],[-82.250605449721093,28.497978677596095],[-82.25065647731202,28.497983167456308],[-82.25078390394529,28.498035277819934],[-82.250790897055779,28.498024175021424],[-82.250906412338324,28.497978510418971],[-82.250916720478841,28.497955944341363],[-82.250953492706472,28.497937934106915],[-82.25096194385722,28.497861399119188],[-82.251018143098548,28.497783926852961],[-82.25104092731813,28.497669525289886],[-82.251069245678167,28.497638003488266],[-82.251204712416197,28.497578631158579],[-82.251240752567341,28.497542275592942],[-82.251329688523754,28.497502314788978],[-82.251009546385362,28.497432415544704],[-82.250320548314079,28.497323482802457]]]]},"properties":{"OBJECTID_1":4,"OBJECTID":77,"WATERSHED":"TOACHODKA","COUNTY":"HERNANDO","FEMA_ZONE":"AE","FTYPE":"FLOODPLAIN","Shape_STAr":121522085.531,"Shape_STLe":456862.753929,"Shape_Length":3366.9938689135906,"Shape_Area":280628.99816088931}},{"type":"Feature","id":5,"geometry":{"type":"MultiPolygon","coordinates":[[[[-82.253779436288468,28.509265608285304],[-82.253834339207444,28.509251802665609],[-82.253913870807125,28.509265349051066],[-82.253935858381652,28.509251575108451],[-82.253950778020183,28.509263469072351],[-82.253982785809171,28.509264974832622],[-82.254073295142831,28.509222293249895],[-82.254089695334542,28.509182736064396],[-82.254103470303392,28.509205061508762],[-82.254126493307012,28.509199651282636],[-82.254142078624056,28.509209252915074],[-82.254158821583403,28.509190819084971],[-82.254191883669066,28.509044489079518],[-82.254189840159455,28.508966760893863],[-82.254156128489981,28.508884267974892],[-82.254117951651565,28.508877632202108],[-82.254101217707401,28.508862297379395],[-82.254080626695028,28.50878739844504],[-82.254038283388425,28.508760454938496],[-82.254002325353568,28.508636098053447],[-82.253970400963496,28.508609195508463],[-82.253929991573798,28.508602741617196],[-82.253913503317108,28.508589299441066],[-82.253857390402928,28.508444022194229],[-82.253834811637262,28.508437792135698],[-82.253812017835983,28.50841427616108],[-82.253761785376668,28.508399287191512],[-82.253671223265755,28.508437175386021],[-82.253548443385966,28.508443341972232],[-82.253439075116674,28.508483181688383],[-82.253409763460013,28.508585561906237],[-82.25338697655026,28.508596965880042],[-82.253381505169969,28.508623049476832],[-82.253397121409506,28.50865463147548],[-82.253381590886434,28.508667897903049],[-82.25339717788593,28.508687241386728],[-82.253383107744455,28.508725552514836],[-82.253384405778647,28.508826721543883],[-82.253427136246827,28.508987930556543],[-82.253432484685547,28.509054870416559],[-82.253463157068126,28.509138784068107],[-82.253494975721338,28.509167165878342],[-82.253641714673378,28.509199781824822],[-82.253667130350252,28.509222201990045],[-82.253779436288468,28.509265608285304]]],[[[-82.258066783006853,28.509510801281742],[-82.258079066708603,28.509532428926772],[-82.258107265627331,28.509510165845505],[-82.2582189057579,28.509501633199328],[-82.258264679914205,28.509478306206482],[-82.258340313291868,28.509462636624512],[-82.258376759756487,28.509434340942626],[-82.258415391227189,28.509372062225829],[-82.258455182474748,28.509363157065948],[-82.2584891124786,28.509329285108432],[-82.258470416895719,28.509299463729484],[-82.258414362057906,28.509262049738901],[-82.258275980367017,28.509258978624519],[-82.258180129120589,28.509288294914292],[-82.258159499207764,28.509321991740261],[-82.258126909275646,28.509337358395193],[-82.257959452724876,28.509369822561805],[-82.257938665175587,28.509392085983574],[-82.257899074393023,28.50939985274934],[-82.257924147220706,28.509424146041514],[-82.257937771715504,28.509464059071188],[-82.257971441009701,28.509432957047782],[-82.257989131096963,28.509386294558244],[-82.25805057614177,28.509388266835497],[-82.258051824834752,28.509405622960688],[-82.258012495188936,28.509427505618294],[-82.258002678179409,28.509474153163662],[-82.257976281942192,28.509498372704343],[-82.257999593681618,28.509504625043565],[-82.258016157779821,28.509491449973908],[-82.258066783006853,28.509510801281742]]],[[[-82.257849649005436,28.510011644692074],[-82.257810011396103,28.510017896476523],[-82.257808821604527,28.510019290156432],[-82.257764906180171,28.510070700898595],[-82.25776553707999,28.510081452096962],[-82.257767395706296,28.51011313637412],[-82.257767699436755,28.510118313478625],[-82.25772951732759,28.510123231513578],[-82.25770207457353,28.510126766625373],[-82.257684638507357,28.510141442111845],[-82.257670496699731,28.510185433192273],[-82.257684701296952,28.510238315512442],[-82.257725172677738,28.510264461036321],[-82.257734467223699,28.510314630274411],[-82.257751878161329,28.51032911063885],[-82.257784081605493,28.510355895349587],[-82.257802837609901,28.510371494776031],[-82.257836575491396,28.510355020643537],[-82.257871930406594,28.51031918894347],[-82.257897114402098,28.510314760246334],[-82.257914658734492,28.510297977541789],[-82.257934478910641,28.510279017658156],[-82.257935570574503,28.510278859479683],[-82.25794587755685,28.510277366379636],[-82.25800927473901,28.510268184636846],[-82.258010530816094,28.51026800268453],[-82.258052018222813,28.510232233286903],[-82.258073410207061,28.510195927243981],[-82.258073880228537,28.510195130479261],[-82.258074615120293,28.510194871011734],[-82.258137734163938,28.510172593941434],[-82.258138469303958,28.510165722959499],[-82.258147478940998,28.510081591546086],[-82.258147839518813,28.510078221488655],[-82.258147664993388,28.510077868099234],[-82.258123167487938,28.51002855792758],[-82.258121800745485,28.509959780748058],[-82.258093039184672,28.509946096203489],[-82.258092761326651,28.509946098535909],[-82.258063010136837,28.509946368892777],[-82.258042916242204,28.509961540350449],[-82.258026839909675,28.509997610709497],[-82.257987333232123,28.509998888547312],[-82.257986918512117,28.509998901967503],[-82.257984760976939,28.509998060562033],[-82.257920713896382,28.509973083286308],[-82.257849649005436,28.510011644692074]]]]},"properties":{"OBJECTID_1":5,"OBJECTID":78,"WATERSHED":"TOACHODKA","COUNTY":"HERNANDO","FEMA_ZONE":"X (shaded)","FTYPE":"FLOODPLAIN","Shape_STAr":235097.781028,"Shape_STLe":7735.51606223,"Shape_Length":2033.9009093437894,"Shape_Area":84007.121509450109}},{"type":"Feature","id":6,"geometry":{"type":"MultiPolygon","coordinates":[[[[-82.266553671718171,28.523454469680029],[-82.266485279337786,28.523537513321703],[-82.266421275622122,28.523653312549737],[-82.266461026493317,28.523681754175218],[-82.266566409176505,28.523494304974935],[-82.266654796307293,28.523465431461155],[-82.266876778501384,28.523437890867203],[-82.267005001866323,28.523456772291276],[-82.267095289582073,28.523466160594829],[-82.267131371731281,28.523456523868155],[-82.267259522780336,28.523446705138259],[-82.267328095488352,28.523435409088627],[-82.267386741772029,28.523437595562253],[-82.267413678687674,28.523394729776747],[-82.267313540373635,28.523390794100006],[-82.267104219697146,28.523427877198827],[-82.267026600317251,28.523431218679651],[-82.266856863849796,28.523415607720789],[-82.266660123980984,28.523430344059566],[-82.266553671718171,28.523454469680029]]],[[[-82.25937184013975,28.523424702784201],[-82.259372764577677,28.523379960823711],[-82.25933858740045,28.523328733928768],[-82.259302762194807,28.523472881948518],[-82.25937184013975,28.523424702784201]]]]},"properties":{"OBJECTID_1":6,"OBJECTID":159,"WATERSHED":"CROOM","COUNTY":"HERNANDO","FEMA_ZONE":"A","FTYPE":"TRANSITION ZONE","Shape_STAr":1969488.6575199999,"Shape_STLe":76513.623336300006,"Shape_Length":861.38432545763521,"Shape_Area":5150.7015428600953}},{"type":"Feature","id":7,"geometry":{"type":"Polygon","coordinates":[[[-82.259033191150152,28.522959325183709],[-82.259356579338956,28.522986017752554],[-82.25938666866162,28.522932477262717],[-82.259090795485392,28.522918289362945],[-82.25905214839365,28.522911225491587],[-82.259033191150152,28.522959325183709]]]},"properties":{"OBJECTID_1":7,"OBJECTID":160,"WATERSHED":"CROOM","COUNTY":"HERNANDO","FEMA_ZONE":"A","FTYPE":"FLOODPLAIN","Shape_STAr":339690.97582599998,"Shape_STLe":14623.2771094,"Shape_Length":252.3743775563583,"Shape_Area":1930.5094616490107}},{"type":"Feature","id":8,"geometry":{"type":"MultiPolygon","coordinates":[[[[-82.236233689677462,28.515575730846024],[-82.236185283446062,28.515588035513119],[-82.236096098063157,28.515634549611271],[-82.236073908577367,28.515681322646696],[-82.23607945338513,28.515720084260945],[-82.236198026921144,28.515739283219865],[-82.236292638151426,28.515706982451473],[-82.236314324212472,28.515661270517001],[-82.236307759215279,28.515615393856621],[-82.236240595069106,28.515568076842996],[-82.236233689677462,28.515575730846024]]],[[[-82.250036187706172,28.520139447229415],[-82.250035715858544,28.520139947096382],[-82.250034983945241,28.520140640544511],[-82.250034201868814,28.520141290772226],[-82.250033372683575,28.520141893262188],[-82.250032501497742,28.520142448004954],[-82.250031590344022,28.520142950485077],[-82.250030644326401,28.520143398888457],[-82.250029667529375,28.520143792305213],[-82.250028663011491,28.520144128022697],[-82.250027635881011,28.52014440603147],[-82.250026590216038,28.520144622714685],[-82.250025531126994,28.520144778965253],[-82.25002542490499,28.520144791793598],[-82.249888321193566,28.520160183630342],[-82.249831675135155,28.520196891564549],[-82.249837537877553,28.520237832960206],[-82.249931094337157,28.520251797078124],[-82.250089776922024,28.520219663011442],[-82.250196165357508,28.520159598131347],[-82.250193793838122,28.520143044406844],[-82.250037913882082,28.520137535585953],[-82.250036187706172,28.520139447229415]]],[[[-82.250877552038617,28.525794583607286],[-82.250859884394941,28.525821247217138],[-82.250882562593901,28.525956870581503],[-82.250956068049916,28.525964805407646],[-82.251045648193482,28.525901185912581],[-82.251062126293633,28.525782143039248],[-82.251008998035559,28.525776399418199],[-82.250970081178124,28.525780755666524],[-82.250954506304311,28.52577906546723],[-82.250914977599621,28.525783489603764],[-82.250884423447019,28.525773178061627],[-82.250877552038617,28.525794583607286]]],[[[-82.241071451071889,28.528054045348114],[-82.241100688714084,28.528050783807483],[-82.241119634802217,28.527914789854293],[-82.241079613022137,28.527908710486212],[-82.241066322339663,28.527976968697772],[-82.241025220819196,28.527955729082844],[-82.240994411265163,28.527971792294586],[-82.240922676520768,28.52795384280989],[-82.240867837743991,28.527959970448233],[-82.240787271497041,28.527918333683594],[-82.240761340309362,28.527941424702213],[-82.24081063686225,28.528000776764188],[-82.240874069328541,28.527993694566852],[-82.240956021651684,28.528046340168498],[-82.24105442734448,28.528035354552578],[-82.241071451071889,28.528054045348114]]],[[[-82.229222275344583,28.530612060115541],[-82.229221927619434,28.530612381035773],[-82.229221567601982,28.530612687539172],[-82.229183878544234,28.530643634887277],[-82.229240424072543,28.530708505794898],[-82.22932829507269,28.530758407987378],[-82.229358869811094,28.530757281667931],[-82.229354941216727,28.530673779633926],[-82.229289424900941,28.530620377416277],[-82.229224843831403,28.530609600493037],[-82.229222275344583,28.530612060115541]]],[[[-82.234735425219938,28.533494405141891],[-82.234680216633009,28.533525549405862],[-82.234645298218524,28.53356019038273],[-82.234810161255055,28.533756942882697],[-82.23502967614435,28.533686957960729],[-82.235026298959369,28.533638524008548],[-82.234875955880426,28.53348305611118],[-82.234754461121184,28.533475516796766],[-82.234735425219938,28.533494405141891]]],[[[-82.230789349081462,28.534377669725536],[-82.230819886781774,28.534427065552453],[-82.230871893757694,28.534492539896863],[-82.230977680834201,28.534662900931298],[-82.23102184221375,28.534763775000282],[-82.231082250276927,28.534811252997347],[-82.231070756135082,28.53483002061785],[-82.231247747513891,28.534929940366599],[-82.23125334404962,28.534924387719869],[-82.231197404260641,28.534806262857067],[-82.231136369629098,28.53478165686651],[-82.23112094315735,28.534695317674853],[-82.231089353158296,28.534644218272888],[-82.231067561204085,28.534602490213494],[-82.231040966680027,28.534526967495022],[-82.231045454728473,28.53445825424906],[-82.231041890372651,28.53440704038282],[-82.230924836921659,28.534359833740233],[-82.230801064085114,28.534348655600532],[-82.230789349081462,28.534377669725536]]],[[[-82.243129317911922,28.536372201496597],[-82.243068268995998,28.536396389884104],[-82.243011710467627,28.536431958723963],[-82.242984504528536,28.536459953971615],[-82.242927951202176,28.536503163836702],[-82.242929939543927,28.536524499870659],[-82.242969148293525,28.536554202652695],[-82.243012084349829,28.536598026791683],[-82.243143997663282,28.536616283382759],[-82.243281116519825,28.536571532305132],[-82.243324260232811,28.536510431133575],[-82.243316952064916,28.536432083562012],[-82.243270713200175,28.536397047972326],[-82.243246030666626,28.536371858063497],[-82.243138845263317,28.536362393982092],[-82.243129317911922,28.536372201496597]]]]},"properties":{"OBJECTID_1":8,"OBJECTID":299,"WATERSHED":"EASTERN HERNANDO","COUNTY":"HERNANDO","FEMA_ZONE":"A","FTYPE":"FLOODPLAIN","Shape_STAr":1810151.6682,"Shape_STLe":77749.648556300002,"Shape_Length":2467.1147031084784,"Shape_Area":39597.227743187555}},{"type":"Feature","id":9,"geometry":{"type":"MultiPolygon","coordinates":[[[[-82.226839758814037,28.527418993069173],[-82.226838351652674,28.527486169827629],[-82.226869619004688,28.527512614163836],[-82.226885502039551,28.527541367129526],[-82.226947103828479,28.527612789757445],[-82.226890789484145,28.527709790606874],[-82.226946752139966,28.52776103802584],[-82.22703768061028,28.527776558968508],[-82.227072537688258,28.527870815937472],[-82.227116645347209,28.527871534461458],[-82.227229020318731,28.527843332232266],[-82.227335987424141,28.527779041426101],[-82.227445867860098,28.527747352007538],[-82.227508701385318,28.527705077352653],[-82.227570905020073,28.527678288920239],[-82.227571361357292,28.527656707597732],[-82.227431079978416,28.527626752672237],[-82.227430598091942,28.527607885379236],[-82.227492777191017,28.527554935243476],[-82.227493239067755,28.527533071476512],[-82.227383966360961,28.527486479408424],[-82.227429277515014,28.527403449785634],[-82.227446041991115,28.527389159202034],[-82.227470953452908,28.527366180701264],[-82.227553636827068,28.527401442242599],[-82.227632960089934,28.527457766560595],[-82.227693228891297,28.527347530350706],[-82.227753905635552,28.527346327768889],[-82.22782998950035,28.527363416086118],[-82.227876330358328,28.527342240554649],[-82.228047277115962,28.527299342096331],[-82.228068414895418,28.527222114332609],[-82.228103119547754,28.527192551081392],[-82.228036936899002,28.527154388196163],[-82.227974866882775,28.527112968118239],[-82.227868026216711,28.527097783997601],[-82.227864427458456,28.526955142317149],[-82.227865868358634,28.526886380063015],[-82.227864647089362,28.526838250856798],[-82.227865226515078,28.526810746310549],[-82.227861703072364,28.526671287079928],[-82.227890957995626,28.526564406287353],[-82.227957779372659,28.526549172620459],[-82.228078385892744,28.526528167443708],[-82.228098186951939,28.526494064233411],[-82.228095957540816,28.526490257360038],[-82.228081857093699,28.526466184726779],[-82.228082773171778,28.526422329964554],[-82.228082987143708,28.526412088854602],[-82.227942097707881,28.526356673001992],[-82.227895051497541,28.526343269046613],[-82.227848119049199,28.526315293763627],[-82.227770579136319,28.526316820630822],[-82.227634023940567,28.526314591525221],[-82.227552787762818,28.526343856332563],[-82.227537071160924,28.52634360022321],[-82.227506189014051,28.526344203281067],[-82.227437930430824,28.526298643414254],[-82.227292455888929,28.526320804033301],[-82.227209841879287,28.526303161461136],[-82.227155442939278,28.526278528993465],[-82.22711670346483,28.526330928164942],[-82.227085508773044,28.526316799008452],[-82.227002364289575,28.526335766371044],[-82.226945461779906,28.526309995629788],[-82.226803665127122,28.526331599148968],[-82.226774065991705,28.52633112429908],[-82.226758358775498,28.526331432954006],[-82.22671101467327,28.526317209752833],[-82.226665041373664,28.526318104899094],[-82.226633898377784,28.526317606426524],[-82.226558281220036,28.526319089690713],[-82.226493520347375,28.526276854081893],[-82.226467863897213,28.526207479196362],[-82.226431241010985,28.52620819895937],[-82.22640089705402,28.526207711734273],[-82.226384404902305,28.526221759908005],[-82.226354618695041,28.526276225660993],[-82.226292048347219,28.526277458742765],[-82.226260515428251,28.526250812583061],[-82.22624417932829,28.52618100705018],[-82.226214625636729,28.526048654687781],[-82.226192697951078,28.52597367356352],[-82.226222002997915,28.525893396968435],[-82.226328312647126,28.525873989043333],[-82.226369325040594,28.525892560519658],[-82.226431012434176,28.525891343312441],[-82.226469406922646,28.525926505187979],[-82.226613663780469,28.5258826315651],[-82.226648552825566,28.525960303456316],[-82.226664486412815,28.525987512453156],[-82.226694825258036,28.526042468986148],[-82.22671125841471,28.526015205981],[-82.226734592050818,28.525908604204769],[-82.226774757162573,28.525890245657173],[-82.226874336782757,28.525891879573802],[-82.226929859405942,28.525890779814986],[-82.22699122987558,28.52591856977417],[-82.227006565123546,28.525904429615654],[-82.227030341919004,28.525884165547041],[-82.227067796408463,28.525849616094025],[-82.22710780905139,28.525848823719194],[-82.227155579859058,28.525849602883856],[-82.227364852130819,28.52583534038299],[-82.227395659247776,28.525821268129057],[-82.227536224487906,28.5258075363387],[-82.227509172604854,28.525761370580579],[-82.227644602694369,28.525731975291446],[-82.227603412660869,28.525712115042108],[-82.227535712760513,28.525711019304843],[-82.227432066606085,28.52571305982438],[-82.227301072253724,28.525683639629737],[-82.227260861463861,28.525684432392737],[-82.227037703870323,28.525665534076229],[-82.227035112480522,28.525562856570129],[-82.227101976803127,28.525501156819452],[-82.227231874633475,28.525472952363984],[-82.227208229067074,28.525409027139322],[-82.227160693510456,28.525312481357201],[-82.227162224574016,28.52523934164898],[-82.22714190383401,28.525112547840855],[-82.227098555769558,28.525092919337691],[-82.227009252765754,28.525054834284656],[-82.226972669787187,28.525023913275085],[-82.22693627851487,28.524957981715122],[-82.226817624502928,28.524928635178377],[-82.226767663774439,28.524913624098243],[-82.226664732546951,28.524915661933726],[-82.226578634320489,28.524900227415362],[-82.226475162624212,28.524902266910974],[-82.226428448740194,28.524901511911679],[-82.226322499504136,28.524903596026132],[-82.22627407225022,28.524862662247195],[-82.226196272736928,28.524770329956301],[-82.226097042193587,28.524735954141462],[-82.226055662127152,28.524717215352776],[-82.226038921727366,28.524709635506873],[-82.226007448177185,28.52469620407642],[-82.225989129281487,28.524685282746518],[-82.225893229041105,28.524628105209171],[-82.225843959903102,28.524627301018654],[-82.225808540064037,28.524628004174229],[-82.225688239240455,28.524620965441709],[-82.225680621073096,28.524627988443797],[-82.225560040103531,28.524707248878897],[-82.225478640372216,28.524834601622942],[-82.225438230087605,28.524887473224808],[-82.225416287616085,28.524944450537884],[-82.225395424380565,28.525001587576782],[-82.225245330348898,28.525096004716122],[-82.225152357099248,28.525165186698313],[-82.225068672019773,28.525183360609933],[-82.225002359354946,28.525244534188428],[-82.224893928873669,28.525302863782173],[-82.224794187112977,28.525289545973031],[-82.224763320320335,28.525275576354122],[-82.224715613543239,28.525261983794039],[-82.224635599878965,28.525154640095199],[-82.224470508242263,28.525125058781516],[-82.224398500512422,28.525164150179283],[-82.224344121645188,28.525335654637988],[-82.224280525068991,28.525372636828759],[-82.224218634311313,28.525414263269322],[-82.224187216811245,28.525427798012391],[-82.224156401231923,28.525441883089979],[-82.224111154317669,28.525441138409427],[-82.224072719877597,28.525452824059101],[-82.224298544453873,28.526363802602042],[-82.224596629147285,28.527275124084397],[-82.224745105415394,28.527637849912068],[-82.224752745074625,28.527641309508365],[-82.224773015825136,28.527548666163781],[-82.224813908219616,28.52747824149899],[-82.224844431705165,28.527394645261971],[-82.224890105405422,28.527352494960951],[-82.225096865639713,28.527320996227456],[-82.225281361123891,28.527324007418201],[-82.225374783904869,28.52732217408624],[-82.225491571328703,28.52732408906369],[-82.225569424639346,28.527322549438892],[-82.225693997879475,28.527324584861113],[-82.225909604824722,28.527320345473367],[-82.226488273021687,28.527336639312736],[-82.22652278100972,28.527395510526176],[-82.226564610687433,28.527582889167061],[-82.226595664507997,28.527566359590132],[-82.226621009761004,28.527500553271597],[-82.226644613960048,28.527392714864011],[-82.22674284323142,28.527362831198886],[-82.226819002204309,28.527383573565455],[-82.226839758814037,28.527418993069173]],[[-82.225773309964254,28.527116268690214],[-82.225717429647901,28.527088857976974],[-82.225625599621637,28.527074224651628],[-82.225527787090329,28.527110795023887],[-82.225441797880052,28.527068607695789],[-82.225405895638346,28.527036006776839],[-82.225509478751817,28.526924987689558],[-82.225576912002992,28.526911338700202],[-82.225643647985109,28.526895085756077],[-82.225715233355444,28.526821426345769],[-82.225841385489474,28.526800884964203],[-82.225898735521383,28.52677250730456],[-82.225933448371748,28.526703447901994],[-82.225992108895653,28.52665864347906],[-82.226034422660064,28.526574464289052],[-82.226136189697755,28.526581506487329],[-82.226171378388088,28.526578950205312],[-82.226190640457801,28.526559136854047],[-82.226199016788115,28.526565488071789],[-82.226264344962416,28.526570012835236],[-82.226338061694761,28.526593780606483],[-82.226385957306988,28.526606432029268],[-82.226443871513183,28.526625110664177],[-82.226462776253996,28.526662331697668],[-82.226487025066717,28.526688774291486],[-82.226552707946595,28.526621181745483],[-82.226589963479086,28.526607112455405],[-82.22664974009497,28.526714529339529],[-82.226586059190652,28.526786617700818],[-82.226642816917092,28.526829645340207],[-82.226665616537915,28.526857299465668],[-82.226599516944006,28.52690779686899],[-82.226604909853123,28.52696572314353],[-82.226637796075721,28.52696334473438],[-82.22667717450345,28.527003554443073],[-82.226648434103168,28.527049248586749],[-82.226557081961957,28.527073708429768],[-82.226500174822121,28.527092268980979],[-82.22642409413659,28.527086997064036],[-82.226214612664009,28.527107383611764],[-82.225938160183844,28.5270875516876],[-82.225873172395453,28.527103371449339],[-82.225773309964254,28.527116268690214]]],[[[-82.228164021393411,28.521034735412833],[-82.228210550148574,28.521006764755573],[-82.228332069058538,28.520991572566494],[-82.228535662372153,28.520848447960422],[-82.228625825517199,28.520740591888181],[-82.22869242743802,28.520710155455138],[-82.228800405683572,28.520663655179526],[-82.228925856161965,28.520579254692674],[-82.229042052331408,28.520518061866138],[-82.229305133277748,28.520268835960781],[-82.229382542289656,28.520106920420414],[-82.229435972407487,28.520057610670232],[-82.229516573841451,28.520000949583004],[-82.229648001178049,28.519906882292187],[-82.229831735704266,28.519827780290697],[-82.229945519372023,28.519766563700667],[-82.229975228805088,28.519765976518137],[-82.229998721552661,28.519766366268993],[-82.230200770208683,28.51970489354153],[-82.230450845218769,28.519724116450956],[-82.230481209951051,28.519751917753368],[-82.230585650963349,28.519674171906221],[-82.230745766801192,28.519613816254306],[-82.230812707490855,28.519568780905455],[-82.231065900710504,28.519459759142489],[-82.231196075775202,28.519322261519399],[-82.231197438406696,28.519257045527194],[-82.231163934901446,28.519142481634912],[-82.231166137273462,28.519036948154604],[-82.23109064625811,28.518967821275645],[-82.231021962543807,28.518938526909459],[-82.230977185389108,28.518897522689485],[-82.230883084589095,28.51887072945841],[-82.230830728137406,28.518822780956469],[-82.23071413224072,28.518789592975743],[-82.230681472508522,28.518761983305723],[-82.230665911427636,28.518692310466616],[-82.230640222873618,28.51862641580842],[-82.230696346805445,28.518529721333024],[-82.230712032660037,28.518429080952938],[-82.230790063860127,28.518362606811184],[-82.230845162552029,28.518311763281819],[-82.230915480041702,28.518264439196361],[-82.230976318769947,28.518238241649602],[-82.231022663964211,28.518210390350269],[-82.231085216847788,28.518196801073607],[-82.231134235236794,28.518181891194757],[-82.231240582378788,28.518183631344137],[-82.231256852764574,28.518139043840652],[-82.231287384054539,28.518086442659492],[-82.231302588697204,28.518058644270255],[-82.231337178942155,28.517999039351206],[-82.231313710111777,28.517852602750473],[-82.231208571198792,28.517784036219798],[-82.231099848075885,28.517706826684428],[-82.23099038631166,28.517688144694883],[-82.230912781050094,28.517660504097726],[-82.230772320555317,28.517647259831268],[-82.230659453586682,28.517618617811607],[-82.230515515776574,28.517621454536343],[-82.23024929333738,28.517617111754959],[-82.230196242593578,28.517647968148676],[-82.230093789615253,28.517716900709129],[-82.229915482531666,28.517698857784701],[-82.229764507978061,28.517587352687691],[-82.22960624834289,28.517530961697787],[-82.229433335361023,28.517511740480643],[-82.229316396460121,28.517505196439451],[-82.229296001476357,28.517524018676461],[-82.229077803982861,28.517547941656119],[-82.22886937304294,28.517616743328325],[-82.228703351198178,28.517704167276833],[-82.228645977852054,28.517771216358952],[-82.228624325765168,28.517796520381683],[-82.228641000325595,28.51792082253559],[-82.228642583780044,28.517932625308077],[-82.228717926202037,28.518022033217342],[-82.228797471739668,28.518114267382401],[-82.228875973693746,28.518216145762167],[-82.228919638737523,28.51829523891773],[-82.228983362697704,28.518369115159594],[-82.228952577991933,28.518392937626036],[-82.22890512198515,28.518413376390455],[-82.228907308396856,28.518499992826882],[-82.228877397456529,28.518554714755862],[-82.228818890919811,28.51864029284862],[-82.22877876193408,28.518744478899034],[-82.228797407294451,28.518778249506244],[-82.228837209064636,28.518846176298052],[-82.228810526577035,28.518938844679816],[-82.228968728963238,28.519094696314053],[-82.228971081828206,28.519187866222346],[-82.228864974407244,28.519353899489655],[-82.228752516010601,28.51947966881345],[-82.228629771238374,28.519605857800453],[-82.228519196146067,28.519727325870448],[-82.228465068545759,28.519792066606893],[-82.228337442771576,28.519900777812794],[-82.228285453922695,28.519962963039035],[-82.228077677469543,28.520109035963774],[-82.227961161494633,28.520261468634377],[-82.227959796690456,28.520326604287199],[-82.227960618819424,28.520359236362815],[-82.227944860605646,28.520402398697879],[-82.227885536981248,28.520504589087633],[-82.227932242852674,28.520686360243683],[-82.227929740370897,28.52080587335394],[-82.227976880489692,28.520952417856488],[-82.227992850416754,28.52099339109003],[-82.227992278140277,28.521020869479962],[-82.22800844964182,28.521021137409477],[-82.228100548453384,28.521000126822404],[-82.228148603698671,28.521020620592964],[-82.228164021393411,28.521034735412833]]],[[[-82.233155787882424,28.517519290051801],[-82.233152884242656,28.517658088986604],[-82.233173534324607,28.51781590421324],[-82.233233299702775,28.517945329356571],[-82.233248649153481,28.517986827313987],[-82.233270946999568,28.518005684226431],[-82.233380804112571,28.518029131708964],[-82.233470782885874,28.518027351995155],[-82.233622352158477,28.517999668170773],[-82.233700482426102,28.517986050906281],[-82.233805232524546,28.517966921361062],[-82.234011785909274,28.51794425969825],[-82.234081335075516,28.517923108842925],[-82.234151821808297,28.517902762134124],[-82.234241360462377,28.517861836053452],[-82.234395858609531,28.517828277438714],[-82.234539983591745,28.517695265187303],[-82.234574383532632,28.517665956152541],[-82.234736160493753,28.517580762088276],[-82.234882804737154,28.517543953594313],[-82.234947499180379,28.517505056967369],[-82.235066487515894,28.517479227153018],[-82.235192691604269,28.517563454204595],[-82.235345508080187,28.517611643041725],[-82.235441800123454,28.517546840044027],[-82.23545848390286,28.517504306876091],[-82.235349338215897,28.517433130979363],[-82.235285090753564,28.517390254331655],[-82.235288279609691,28.517237609216629],[-82.235364719502286,28.517137574130984],[-82.235424312318145,28.517003363741193],[-82.235444601112576,28.516778129273209],[-82.235440345904067,28.516610180563234],[-82.235438896874768,28.5165529795404],[-82.235406177377584,28.516385530414443],[-82.235344678981519,28.516175290283538],[-82.235278192577113,28.516061844752549],[-82.235034866626876,28.516044740435234],[-82.234863882835342,28.516031016285215],[-82.234567723012518,28.516018044066811],[-82.234528939319205,28.516011100661498],[-82.23451451696107,28.516024407235616],[-82.234271963818941,28.516045789933035],[-82.234083985927185,28.516076665651536],[-82.233883391311579,28.516105857387416],[-82.233696077191468,28.516129292458448],[-82.233618572660234,28.516143446442882],[-82.233511854490089,28.516162041423971],[-82.233321375891919,28.516290218020767],[-82.233323758066533,28.516384327172116],[-82.233260399796066,28.516467242757361],[-82.23326130296887,28.516503017556801],[-82.233303399665814,28.516574847190292],[-82.233268805998534,28.516604330393985],[-82.23323428902718,28.516636177612586],[-82.233211893372854,28.516800726980946],[-82.233144351653323,28.516820209113266],[-82.233122477724223,28.517111506069856],[-82.233154931257488,28.517332352719212],[-82.233153610306417,28.517395526656426],[-82.233154306255571,28.517423029069001],[-82.233153872487478,28.517443658420696],[-82.233155787882424,28.517519290051801]]],[[[-82.239602092647843,28.529759988442233],[-82.239716455956469,28.529765817054688],[-82.239827964740584,28.529735188555787],[-82.239845175104151,28.529636357440531],[-82.239907275304461,28.529601331441597],[-82.239925011057622,28.529499477425134],[-82.240082278355203,28.529513905111934],[-82.240177901728941,28.529629779755041],[-82.24021233920034,28.529602497745042],[-82.240256650079843,28.529474865348657],[-82.240355690794331,28.529438269589139],[-82.240313236124933,28.529507600773005],[-82.240311248504653,28.529538089195356],[-82.240393472050272,28.529594132881112],[-82.240422068805998,28.52958110922042],[-82.240436732590368,28.529566552764859],[-82.240453149130218,28.529553550656679],[-82.240515927791563,28.529465986706565],[-82.240562796816135,28.529428851519995],[-82.240559512289309,28.529381773749265],[-82.240577132853673,28.529278079964683],[-82.240576162251543,28.529264155755246],[-82.240577058764956,28.529250402392048],[-82.240576092401696,28.529236544948766],[-82.240593461847041,28.529089326873784],[-82.240591246113738,28.529057569971229],[-82.240608479979173,28.529014887284596],[-82.240604928223078,28.52896396869215],[-82.240623028701705,28.528934419038517],[-82.240637598664094,28.52887860649593],[-82.240666813441933,28.528806250534302],[-82.240634681634731,28.528781006536654],[-82.240639884066638,28.528701265892487],[-82.240613046166231,28.528680175942409],[-82.240556507023712,28.528608992427603],[-82.240581668075748,28.528285350687412],[-82.240535652912143,28.528138955893201],[-82.240312874544429,28.528113042244573],[-82.240263034104487,28.528050293625082],[-82.240308219445481,28.527976512649243],[-82.240309861437481,28.52795131619812],[-82.240286177647192,28.527840470394903],[-82.240231118542354,28.527806644918165],[-82.240187345860605,28.527809032331806],[-82.240167998633382,28.527793824082252],[-82.240153269184887,28.527779319618503],[-82.240132064217832,28.527762651040046],[-82.24009071755755,28.527661518611616],[-82.240111143464986,28.527576085224574],[-82.240175719979845,28.527572572823804],[-82.240244969466573,28.527576089537725],[-82.240261158262982,28.527544783729752],[-82.24028648725556,28.527569717717636],[-82.240350312248069,28.527600197098671],[-82.24038640180197,28.527587161088768],[-82.240479378118678,28.527529558485448],[-82.240583016798794,28.527534826960579],[-82.240615412679134,28.527509160052055],[-82.240649030562551,28.527454267538292],[-82.240665398809057,28.527407114333808],[-82.240710177407308,28.527311497125421],[-82.24068156331407,28.527283319682066],[-82.240645814706397,28.527255220742866],[-82.240651696278718,28.527165031495439],[-82.24061076896561,28.527086702607125],[-82.240462441008077,28.527046529241968],[-82.240415358811546,28.527009533301467],[-82.240391556570444,28.52696396896317],[-82.240339574044995,28.526989039733589],[-82.240267760600844,28.526961274297211],[-82.240259381915337,28.526969588008932],[-82.240049466869053,28.526998859506715],[-82.240025825846189,28.527037471234411],[-82.240072941726922,28.527074506954083],[-82.240055797656822,28.527079667098416],[-82.240009919015449,28.527077330775391],[-82.239955041944981,28.527131790565875],[-82.239838742605798,28.527159526579009],[-82.239844701787078,28.527068114544097],[-82.239782597645743,28.527038451215411],[-82.239660261820177,28.527032220727161],[-82.239590185499495,28.527051467797147],[-82.239549253927322,28.527071214774192],[-82.239423788778197,28.527011284557179],[-82.23934254594198,28.527071659438977],[-82.239339885466805,28.527112408738997],[-82.239357798352145,28.527179806920852],[-82.239468486269274,28.527247793240104],[-82.239529181990335,28.527231128148482],[-82.239562952016229,28.527214845287673],[-82.239668458960324,28.527236320942912],[-82.23965387464132,28.527285915343136],[-82.239637458351865,28.527298917357516],[-82.239585054145607,28.527350928175618],[-82.239488568499723,28.527381690608657],[-82.23948173939884,28.527340607926462],[-82.239505391897893,28.52730198364096],[-82.239433059712582,28.527298310462264],[-82.239437746999073,28.527365503647868],[-82.239419805854936,28.527383302497324],[-82.239400176320686,28.527291452824389],[-82.239262871629663,28.527319922876845],[-82.239193416302214,28.527374944933023],[-82.239085875198313,28.52748167084135],[-82.239000448405676,28.527534599488106],[-82.238938221043,28.527559955744401],[-82.238953077685281,28.527630945281633],[-82.238978593947152,28.527735408504618],[-82.238937655846371,28.527767832391667],[-82.238958851168789,28.527854602763732],[-82.238953343477434,28.527939071295233],[-82.238969548254104,28.528029718806405],[-82.239048689151559,28.528080222018364],[-82.23904681568041,28.528108923580767],[-82.239078190728009,28.528237361769698],[-82.239080410136935,28.528269145766714],[-82.239031934725361,28.528430277571307],[-82.239033702309939,28.528455629527027],[-82.23901700551383,28.528597125357617],[-82.23903335309025,28.528703444573573],[-82.239093706258984,28.528851062582891],[-82.239066239041478,28.529088437358013],[-82.239019839442449,28.529227836958764],[-82.239040666724165,28.529378653864825],[-82.239083491232037,28.529432565045553],[-82.23907962983624,28.529491782079766],[-82.239120854572789,28.529570688381384],[-82.239175574314842,28.529624565055336],[-82.239230919679869,28.529646881904601],[-82.239269358894262,28.529734655921089],[-82.239321046683841,28.529718167407111],[-82.239488124500937,28.529733249841843],[-82.239602092647843,28.529759988442233]],[[-82.239233250875003,28.527834016384116],[-82.23918852670441,28.527890163418437],[-82.239083922530497,28.527911753959451],[-82.239119199785193,28.527832041634078],[-82.23907647721478,28.527781366991128],[-82.239095235807,28.527768521540047],[-82.239090515987343,28.527740704150688],[-82.239141559754529,28.527713621470728],[-82.239148323426477,28.527705846666024],[-82.239214237800013,28.527721926847406],[-82.239233250875003,28.527834016384116]],[[-82.240182598657867,28.528431806772272],[-82.240187467128024,28.528501618210932],[-82.240185225731537,28.528536001616871],[-82.24018700198053,28.528561447384853],[-82.240129787659214,28.528618221379332],[-82.240042606792954,28.528588454522641],[-82.240049858499233,28.52847725895047],[-82.240016316556833,28.528413057536351],[-82.239982980596054,28.528411357758497],[-82.23989000178274,28.52841642354144],[-82.239982442504143,28.528343404715642],[-82.240001943546986,28.528344391720005],[-82.240037248933191,28.528309358856092],[-82.240136269816986,28.528356872012569],[-82.240182598657867,28.528431806772272]]],[[[-82.226164060469102,28.517613887606849],[-82.226101217586745,28.517627206202601],[-82.225996956615575,28.517651526533214],[-82.225876582852507,28.517738387443234],[-82.225759094690687,28.517820301283464],[-82.225501898459484,28.518035130237063],[-82.225408991236606,28.518061283796687],[-82.225340038394776,28.518165329882141],[-82.225244318572308,28.518263175147464],[-82.225211068319226,28.518325690894894],[-82.225177392677736,28.518420263302904],[-82.225151048513936,28.518487051944014],[-82.22515444784915,28.5185593506686],[-82.225302300253105,28.518584031174758],[-82.225324810603084,28.518605413816143],[-82.225362751725243,28.518636345689615],[-82.225402813166127,28.518677548185032],[-82.225346804114679,28.518819537337947],[-82.225231322112663,28.518852040149739],[-82.225115553392229,28.518906393728869],[-82.225092586598421,28.518949593857695],[-82.225038968396788,28.519011580233883],[-82.225012456681313,28.519110720150106],[-82.225015219327631,28.519169482881313],[-82.225014038462447,28.519196988445149],[-82.225015821887837,28.519234830023105],[-82.225068930354396,28.519348422733749],[-82.225228045755301,28.519514094781865],[-82.225286053037081,28.519635200361837],[-82.225387534206334,28.519793942978161],[-82.225494231030211,28.519862793849978],[-82.225592811336298,28.519883351749865],[-82.225661328431784,28.519899098558504],[-82.225792595085636,28.519960159008004],[-82.225897876474107,28.519935609744575],[-82.226049456615158,28.519764695422474],[-82.226076898501148,28.519713093136598],[-82.226118216914102,28.519519962242985],[-82.226142098625502,28.51943884821797],[-82.226337236313469,28.519116577688699],[-82.226447223412848,28.518974847394897],[-82.226541660389955,28.518839145366588],[-82.226633814214992,28.51872038237201],[-82.226772566360623,28.518492452921645],[-82.226839441345916,28.518419593880651],[-82.226909391388105,28.518288041768223],[-82.227012590109922,28.518168723166962],[-82.227083819708696,28.518148674848913],[-82.227093090486264,28.518131234084574],[-82.227101689689022,28.518115057731229],[-82.227111520802481,28.518078294020768],[-82.22712312961373,28.518034881534277],[-82.227130666118157,28.518006700293796],[-82.227130419923881,28.51800146527393],[-82.227129937049128,28.517991144105935],[-82.227129143772331,28.51797422998947],[-82.227120575336357,28.517963277157527],[-82.227098354165037,28.517934872245831],[-82.227082725287133,28.517914895084811],[-82.227074959493279,28.517900429866671],[-82.22706530738752,28.517882451344612],[-82.2270619283846,28.517866978088954],[-82.227060636625211,28.517861062639948],[-82.227054060208545,28.51783094598618],[-82.227043548682616,28.517782809672369],[-82.227034067889235,28.517739393629853],[-82.227029168088137,28.517716954971519],[-82.227026173944282,28.517703246067057],[-82.226944558739774,28.517669392711376],[-82.226668124287301,28.517650354379775],[-82.226537760869206,28.517626479063249],[-82.226256885709546,28.517613733064668],[-82.226171533766802,28.517606730363614],[-82.226164060469102,28.517613887606849]]],[[[-82.225336708828195,28.523185782241399],[-82.225438441720229,28.523187449743869],[-82.225455969367758,28.523187737381829],[-82.225475098654712,28.52317008637214],[-82.225547198525618,28.523171268780487],[-82.225763187241824,28.52314301752094],[-82.225926555878232,28.523128631398908],[-82.226035217485219,28.523115303430437],[-82.225786058844136,28.523101361379879],[-82.225661769948402,28.523087547189686],[-82.225465806050352,28.523069071212053],[-82.225424529729906,28.523053596749346],[-82.225412559313625,28.523049109378853],[-82.225585463037419,28.52298855089926],[-82.225881149108744,28.522945541824598],[-82.226347971711604,28.522908088893427],[-82.226807419297018,28.522892039557092],[-82.226844360971768,28.522870866526787],[-82.226732483559601,28.522851769190165],[-82.226623846611105,28.522819128416529],[-82.226626364513251,28.522698956619244],[-82.226998145465657,28.522382285546474],[-82.227170366490043,28.522273944113113],[-82.22725107471544,28.522216183332521],[-82.227355612792863,28.522074770077687],[-82.22737719693977,28.521936302806917],[-82.22749920982524,28.521793718718943],[-82.227459180586379,28.521759882688901],[-82.227453115149416,28.521754755771198],[-82.227367074374271,28.521736380884143],[-82.227278148939391,28.52170967035692],[-82.227176807577223,28.521706028329614],[-82.227098924601677,28.521703228611432],[-82.227091306736725,28.521710251693921],[-82.227059890703089,28.521723787100409],[-82.227013542927949,28.521751637048318],[-82.226729539643998,28.521845378992825],[-82.226630262512714,28.521905064473653],[-82.226477762065656,28.521902565711017],[-82.226152811877427,28.521937258215239],[-82.226077145677166,28.521960267718192],[-82.225955380384605,28.522042189715076],[-82.225908424158092,28.522069502498375],[-82.225830223067589,28.522116501416019],[-82.225703132247276,28.522207455527905],[-82.225605750297092,28.522297313464584],[-82.225579059341769,28.522320053664817],[-82.225469718339085,28.522367131146236],[-82.225377964905618,28.522387051146744],[-82.225317787215332,28.52241454717894],[-82.225204840965702,28.52242867483967],[-82.225000172892834,28.522528217290859],[-82.224955462830223,28.522569464608193],[-82.224925667659789,28.522596952565792],[-82.224866800824287,28.522676579435458],[-82.224787426948808,28.522769334195957],[-82.224804818670364,28.522813944617656],[-82.224804507916886,28.522828798696686],[-82.224712876091431,28.522827298089922],[-82.22465947036288,28.522843542069175],[-82.224612464146063,28.522842774292091],[-82.224497471741316,28.522840896177406],[-82.224313656763059,28.522885866069686],[-82.22410659514162,28.522882474775685],[-82.224098812385165,28.52288654367203],[-82.224073180115639,28.522899947933084],[-82.224130248882361,28.522906011424162],[-82.224306789614104,28.522924769546986],[-82.224415508757687,28.522938610698549],[-82.224595754036059,28.522957763871169],[-82.224605780040946,28.522958829212222],[-82.224767895407965,28.522995237065651],[-82.224874866575291,28.523027372254315],[-82.224945440272464,28.523047479763839],[-82.224976296825602,28.523056440426984],[-82.224789292775696,28.523118162935177],[-82.22479007282179,28.52314922410072],[-82.224867850744289,28.523171374377718],[-82.224884046311686,28.523186201133875],[-82.224938419225751,28.523185129363029],[-82.224961150822736,28.52318469017878],[-82.224984511462836,28.523185064769997],[-82.22499064792153,28.523185162889369],[-82.224992292892651,28.523185189040294],[-82.224993023367347,28.52318517429531],[-82.225000204503985,28.523185033366413],[-82.225132421584377,28.523182432126859],[-82.225264775489038,28.523184602152298],[-82.225336708828195,28.523185782241399]]],[[[-82.243751279973864,28.509042927590471],[-82.243862034721388,28.50896047337076],[-82.243968966662109,28.508882014310583],[-82.243986328301176,28.508850235759784],[-82.244019304632701,28.508807067680465],[-82.244055976961477,28.508739961729599],[-82.244085468465329,28.508689131721109],[-82.244219469567199,28.508547545059731],[-82.24429969529217,28.508447216545836],[-82.244441113697803,28.508188402854614],[-82.244470105837422,28.508082405775923],[-82.244466879435407,28.507955515883918],[-82.244513681348124,28.507859423434532],[-82.244528588509837,28.507707857729841],[-82.244554324940054,28.50752706345769],[-82.244590539950849,28.507432977904863],[-82.244609412879157,28.507346659404472],[-82.24469130123552,28.507178521448164],[-82.24472746148372,28.507079400839245],[-82.244760805241981,28.507006364117068],[-82.244775965880351,28.506964812457714],[-82.244809369531339,28.506891642067],[-82.244805786583015,28.506750732988113],[-82.244762274668773,28.506528135664567],[-82.24472815159298,28.506483852912201],[-82.244712799359121,28.506442356198303],[-82.244681320746764,28.506428929956023],[-82.244650464028851,28.506414964786103],[-82.24461137227172,28.506408293691432],[-82.244595375197548,28.506432207696534],[-82.244588256221107,28.506442849293336],[-82.244523648779307,28.506485336313453],[-82.244495006929043,28.506511776176428],[-82.244448370599642,28.506525237410766],[-82.244427913860719,28.506531141285716],[-82.244370747273848,28.506635766936782],[-82.244187701114342,28.506926401894876],[-82.244002039644087,28.507233815082955],[-82.243771944823749,28.507678718510476],[-82.243605200977257,28.507918184519347],[-82.243390291085689,28.508279756888928],[-82.2433145287862,28.50845043402261],[-82.243335534310205,28.508486280170374],[-82.243295745945886,28.508573441728966],[-82.24331703026364,28.508646191694307],[-82.243316475320839,28.508672796675885],[-82.243316829961202,28.508686668771325],[-82.243301037014305,28.508727697127547],[-82.243264376415425,28.508828175371274],[-82.243317702637881,28.508919173047179],[-82.243316829585183,28.508961181712788],[-82.243333569872945,28.50898974360344],[-82.243394943810458,28.508988532829488],[-82.24345783072549,28.509030507595391],[-82.243532921408956,28.509029016820207],[-82.243589901897096,28.509046131536991],[-82.243751279973864,28.509042927590471]]],[[[-82.227345565970083,28.531569474815186],[-82.227455133002749,28.531556076501921],[-82.227479809087029,28.531486793532846],[-82.227591551717722,28.531414113543033],[-82.227609841333063,28.531362755557939],[-82.227627945474779,28.531316863400594],[-82.22776171416875,28.531247114178051],[-82.227780805243171,28.531211198505439],[-82.227806374659821,28.531168329302218],[-82.227990051203975,28.531017462615456],[-82.228141604339925,28.530806929559319],[-82.228194591084787,28.530608795984495],[-82.228231614391873,28.530578395948616],[-82.228293086607565,28.530475597353625],[-82.228218739370263,28.530368823856953],[-82.228199907348184,28.530316627607625],[-82.228121427780422,28.530303545449559],[-82.228063322927952,28.530285660130662],[-82.22802539767325,28.530215044704637],[-82.228043838332908,28.530152405248103],[-82.228059436549358,28.530094081978714],[-82.228090315888153,28.530042312968423],[-82.228097760317226,28.530021403897219],[-82.228047437022809,28.53002997587587],[-82.22791724762979,28.530154538813118],[-82.227888237688234,28.53020617019758],[-82.227997477908232,28.530316967537281],[-82.228014783265763,28.530349196519406],[-82.228012496337755,28.530402730334607],[-82.227980025608787,28.530457174750047],[-82.227901256803037,28.530454540333125],[-82.227795173849188,28.530390350202495],[-82.227667682850395,28.530373065619397],[-82.227539507024915,28.530451264895724],[-82.227515145599412,28.530497087218571],[-82.227483439153801,28.530550240780617],[-82.227486498929096,28.530615248007173],[-82.227467010738422,28.530664647186537],[-82.22743266663025,28.530692852530745],[-82.227268559399803,28.530687393688765],[-82.227157589293228,28.530772722139496],[-82.227125881877726,28.530785989141638],[-82.227077269898231,28.530844757309357],[-82.227023996107008,28.530888519087224],[-82.22694178207405,28.530967178770652],[-82.226877236472262,28.53102018582803],[-82.226778689569031,28.53111613189628],[-82.227058646653418,28.531470386095808],[-82.227148079972125,28.531569090555024],[-82.227215024989945,28.531566631580258],[-82.227291743315106,28.531602319206836],[-82.227345565970083,28.531569474815186]]],[[[-82.236689435984999,28.526094181692258],[-82.236716684696162,28.525969602063451],[-82.236691490920549,28.525819410425122],[-82.23662862805044,28.525420448373893],[-82.236581113478124,28.525200771459676],[-82.236493302112194,28.52473023337388],[-82.236470524418337,28.524691367378342],[-82.236439425938229,28.524470224371804],[-82.236407114823137,28.524387380063903],[-82.236409312554287,28.524282075805662],[-82.236376477040068,28.524210982779817],[-82.236379351563031,28.52407333898314],[-82.236375867353914,28.523935827162262],[-82.236376155297123,28.523922008098985],[-82.236356881060246,28.523616479412809],[-82.236309702533973,28.523473564532829],[-82.236250061934896,28.523448124582192],[-82.236175076071305,28.523414184992802],[-82.236149072916191,28.523406776797405],[-82.236219464650588,28.523482154813557],[-82.236282600759566,28.52356683869732],[-82.236313800346338,28.523788693548607],[-82.236312016794628,28.523874055194653],[-82.23631480613605,28.523984064650758],[-82.236308856626479,28.524268955382006],[-82.236264995500648,28.524442768903505],[-82.236207457607208,28.52439009151005],[-82.236135275899045,28.524376438136148],[-82.236094333900468,28.524601359141403],[-82.236098426174308,28.524762935527896],[-82.236128952846201,28.52478873474789],[-82.236144259218733,28.524809940395794],[-82.236066168830305,28.524843569476364],[-82.236033846290709,28.524873398618467],[-82.236003451890795,28.524929009003262],[-82.235973859182991,28.525064308869176],[-82.235958128342148,28.525132827127361],[-82.23594317706042,28.525270639856696],[-82.235927476786614,28.525352908939883],[-82.235912775959036,28.525603704235728],[-82.235946101152607,28.525745985457093],[-82.235998706993598,28.525880847454207],[-82.236103109754922,28.525994614555884],[-82.236212099373233,28.526041079188595],[-82.236404070922575,28.526037281136038],[-82.236583142974126,28.52604019167687],[-82.236653361247846,28.526038806985529],[-82.236676503710996,28.526080721339696],[-82.236689435984999,28.526094181692258]]],[[[-82.226765823346653,28.529961362070356],[-82.226707429775772,28.530042801688978],[-82.226657912617654,28.53005858337189],[-82.226464010077279,28.530081817397775],[-82.226315561503071,28.530162602064131],[-82.226379152469761,28.530250136633295],[-82.226439500711223,28.530278977046184],[-82.226563409188984,28.530295812171065],[-82.226565542868656,28.53032650828974],[-82.226561096696642,28.530394589727152],[-82.226595331006038,28.53047835983083],[-82.226505155723643,28.530581527668431],[-82.226482222828096,28.530691191237196],[-82.22646378145528,28.530717646336576],[-82.226599332209133,28.530889173146271],[-82.22687302918844,28.530639130501932],[-82.226913930346598,28.530587211473598],[-82.22684571980048,28.530501309102672],[-82.226862238736814,28.530450343079494],[-82.22693978314976,28.530388921572534],[-82.226994646203693,28.530334494125523],[-82.227149367537422,28.530214861180866],[-82.227289799392452,28.530157658345654],[-82.22732851015806,28.530126986830236],[-82.227357835390521,28.530097890270508],[-82.227449549347412,28.530025243910416],[-82.227474058988207,28.529931424564499],[-82.227528708013054,28.529905079225838],[-82.227616949971036,28.529869141566103],[-82.227768468932652,28.529706806960391],[-82.227826234445274,28.529595096875031],[-82.227932546746956,28.52954019383321],[-82.227949527960646,28.529442734325176],[-82.228050152364247,28.529380413510296],[-82.22813103654795,28.529384534970557],[-82.228225209603707,28.529309936687042],[-82.228336640205185,28.529076237123238],[-82.228318906509884,28.528996912650001],[-82.228219822345451,28.529018418783],[-82.228131708864311,28.529078959135791],[-82.228040587677057,28.529066112011673],[-82.228048913637721,28.529031355833737],[-82.227983743070837,28.529071848006033],[-82.22802629404093,28.529105296102312],[-82.22802461561642,28.529131070879039],[-82.228040969650493,28.529162400917905],[-82.228072165208104,28.529186924891746],[-82.228041940212236,28.529203654635413],[-82.228009943705956,28.529216681403081],[-82.227925330578813,28.529278236301277],[-82.227804227948454,28.52934654054874],[-82.227776697896488,28.529368342323099],[-82.227762070129373,28.529396650043459],[-82.227730072506404,28.529409675844704],[-82.227697461064054,28.529455149293053],[-82.227667934816651,28.529478539816619],[-82.227653305981718,28.529506846624418],[-82.227636910262163,28.5295335989391],[-82.2276196009621,28.52961640753529],[-82.227564609125423,28.529670969000907],[-82.227516996043306,28.529673547359714],[-82.227450262028299,28.52963095279868],[-82.227435482162178,28.529588943474561],[-82.22740075513336,28.529545221500026],[-82.227404689375959,28.529485006652607],[-82.227405032658226,28.529479758924875],[-82.227390377929083,28.529485561191354],[-82.227372062323738,28.529492813340763],[-82.227376698882495,28.529559402463882],[-82.227340400020509,28.529576908311725],[-82.227310128430204,28.52957536091397],[-82.22725201127291,28.529593883197389],[-82.227281573193494,28.529545627605835],[-82.22728733305064,28.52953622542902],[-82.227236408695859,28.529533637874039],[-82.227225765253579,28.529537974315787],[-82.227200294894303,28.529548349705877],[-82.2272319314649,28.529573208807395],[-82.22723410535805,28.52960446881826],[-82.227201117009443,28.52963059102494],[-82.227185200847828,28.529661384099217],[-82.227091043062813,28.529735968101299],[-82.227095028096585,28.529793265040809],[-82.227077812461886,28.529810350000982],[-82.226990268919508,28.529828490941895],[-82.226968046914436,28.529864760950939],[-82.22694401374244,28.529911240438857],[-82.226902845981954,28.529952094433884],[-82.226785110957138,28.529946087409737],[-82.226765823346653,28.529961362070356]]],[[[-82.239000852194437,28.520809961617648],[-82.238945126001681,28.520854107785205],[-82.238882960131221,28.520940824526022],[-82.23881359967335,28.521015789062961],[-82.238722555250462,28.52111931580875],[-82.238617905683469,28.52120222516421],[-82.238301443807259,28.521330132676507],[-82.23817584321904,28.521390705606748],[-82.238028732041641,28.521536700844589],[-82.237993775915243,28.521670600229026],[-82.238010672882027,28.521912865651984],[-82.238042118689762,28.522067384665423],[-82.238130799036753,28.522034621991313],[-82.238288134683799,28.521980882878491],[-82.238463148172016,28.521916235647303],[-82.238504176977884,28.521896449116056],[-82.238571859006214,28.521868866402375],[-82.23881621131649,28.521786665370229],[-82.238943440487049,28.521736940630163],[-82.239088059297529,28.521627839511591],[-82.239145656939769,28.521516420813359],[-82.239172142699601,28.521205400510542],[-82.239154456610265,28.520951855444196],[-82.239103847675167,28.520869997729587],[-82.23906232003813,28.52083735706006],[-82.239034284636389,28.520809754816153],[-82.239008183582087,28.520802683009258],[-82.239000852194437,28.520809961617648]]],[[[-82.22533219962844,28.523954324668548],[-82.225367889825876,28.523941051472022],[-82.225482007415025,28.523858699654298],[-82.225530905935145,28.523856913047382],[-82.22558312531099,28.523858652701506],[-82.225734484201553,28.523830427575181],[-82.22588082773288,28.523846877782667],[-82.225943912493548,28.523898301500555],[-82.225959065280762,28.52391269943989],[-82.225984247601133,28.523904853139033],[-82.225986175277924,28.523904252577609],[-82.226005602136837,28.523898201594687],[-82.226045201874413,28.523891457428146],[-82.226097093219181,28.523882619196726],[-82.226119170120668,28.523878859362249],[-82.226123890645454,28.523875649069659],[-82.226155413178915,28.523854213640799],[-82.22619230201542,28.523829129195335],[-82.226218837829677,28.523821662290999],[-82.226257848165531,28.523810685223932],[-82.226272989748395,28.523806424380727],[-82.226285608258777,28.523802880593884],[-82.226286092694679,28.523791469587739],[-82.226286310616089,28.523786347493569],[-82.226239494067883,28.523708560894161],[-82.226231322201372,28.523534662126895],[-82.226260086077033,28.523453903642213],[-82.226299820090887,28.523415872040136],[-82.22639375286856,28.523376527435762],[-82.226359100574243,28.523341279880043],[-82.226129258537327,28.523333618204937],[-82.226098036165368,28.523334771036126],[-82.225797824016368,28.523316872346193],[-82.225522248048321,28.523307674053111],[-82.225409866819064,28.523306877903899],[-82.225220102806119,28.523305532304665],[-82.22476676797281,28.523302318164315],[-82.224759294180828,28.523309475327068],[-82.224478427003064,28.523322469720288],[-82.224447303305055,28.523323909858405],[-82.224370069210053,28.523327483505692],[-82.224385493370534,28.523351966727496],[-82.224410105135433,28.523354527546765],[-82.224671642502685,28.523381736929291],[-82.224759106512721,28.523418012858709],[-82.224790221764422,28.523488198403054],[-82.224903674836185,28.523601113734347],[-82.225047060926357,28.523796423381341],[-82.225196338899096,28.523912529370502],[-82.22533219962844,28.523954324668548]]],[[[-82.248443249907382,28.530501542097252],[-82.248349734311233,28.530597707490319],[-82.248290241747114,28.530668885100351],[-82.248209879642062,28.530721729036259],[-82.248141254138972,28.530767917429344],[-82.248101384415833,28.530804706757333],[-82.248032157332631,28.530863695083546],[-82.247944438770574,28.530901470467619],[-82.247907201446239,28.530935837545709],[-82.247851720114923,28.530983117102906],[-82.247778134378436,28.531051029342752],[-82.247588840138874,28.531369465349314],[-82.24752640202307,28.531438069984766],[-82.247480147265037,28.531501729120304],[-82.247567611959326,28.531615183329212],[-82.247745167861012,28.531630195881451],[-82.247828767995586,28.531659964294253],[-82.247980566976764,28.531656947718155],[-82.248071796801966,28.531602096203592],[-82.248121265908011,28.531587811028139],[-82.24818794753179,28.531557325231322],[-82.248288335533914,28.531464666549603],[-82.248320902087471,28.531450640491002],[-82.248375917309602,28.53136840467873],[-82.248460057254661,28.531161329114596],[-82.24868552664465,28.530866260524228],[-82.248708169679105,28.530720817583951],[-82.248723892044623,28.530652298855181],[-82.248738887947056,28.530539838960404],[-82.24869134835518,28.530458745456649],[-82.248629634895337,28.530432442222512],[-82.248598770650446,28.53041847804511],[-82.248528527837365,28.530411865149098],[-82.248443249907382,28.530501542097252]]],[[[-82.231228413477652,28.52701095113845],[-82.231275979922643,28.52699789710563],[-82.23129588797255,28.526978135173959],[-82.231321659376746,28.526928281676341],[-82.231341993263243,28.526912171717818],[-82.231436951399175,28.526886104459475],[-82.231492700970023,28.526817976029719],[-82.231572879675866,28.526785313333217],[-82.23156894729415,28.526728848384288],[-82.231572044666805,28.526681410272683],[-82.231660562744722,28.526585762041154],[-82.231678740837893,28.526446359759507],[-82.231729341510288,28.526388472639095],[-82.231779847905003,28.526290781277893],[-82.231768450454425,28.526127202290681],[-82.231724553078436,28.526034505855989],[-82.231694141037423,28.525965020068288],[-82.231624633652402,28.525877510660184],[-82.231631482947975,28.52577269574526],[-82.23157359160426,28.525657152196896],[-82.231512820869924,28.525632639715564],[-82.231459737153926,28.525580368704986],[-82.231420354622344,28.525573949720275],[-82.231399407968084,28.525594733998126],[-82.231303206480405,28.525608138889385],[-82.231286005075916,28.525641419710563],[-82.231220330666531,28.52569343638525],[-82.231164372725402,28.52580167986175],[-82.231104536345896,28.525877644793994],[-82.231086925950862,28.525988602226334],[-82.231118348429789,28.52611727054995],[-82.231133313931892,28.526243939288598],[-82.231069141510218,28.52629478479097],[-82.231074752510281,28.526375244853874],[-82.231031569096785,28.526445756503986],[-82.231010174574138,28.526494609021849],[-82.231041483582928,28.526571211155257],[-82.231060495729082,28.526660229753428],[-82.23101165857247,28.526781151666498],[-82.231042039413438,28.526805031173499],[-82.231041105253865,28.526819416191511],[-82.231057684279179,28.526859972002573],[-82.231094772736881,28.526999549088888],[-82.23113574816432,28.526997316447702],[-82.23120758070182,28.527031627810388],[-82.231228413477652,28.52701095113845]]],[[[-82.252245720887871,28.518811354497277],[-82.252222979633231,28.518843775683756],[-82.252137702568362,28.518880516070318],[-82.2521369760764,28.518915689154937],[-82.252155236395168,28.518993613657649],[-82.25210736377737,28.519118019033233],[-82.25210501755906,28.519231194115491],[-82.252206948191755,28.51923284483102],[-82.252313463969955,28.519217324289439],[-82.25243346170771,28.5191899334895],[-82.252614767359645,28.519150529341736],[-82.252778572448733,28.519095432287969],[-82.252987266199483,28.519050082546816],[-82.253009119766091,28.519010088575122],[-82.253133505945542,28.518937727673769],[-82.253116252771321,28.518759482846857],[-82.252990483505627,28.518666637144893],[-82.252899688682717,28.518694269149879],[-82.252810089098489,28.518709893124704],[-82.252722402640046,28.518762633388629],[-82.252577331116214,28.51876552176606],[-82.252392121775969,28.518745882531924],[-82.252338436063681,28.518654299136323],[-82.25233987135509,28.518585161240093],[-82.252337834068101,28.518505286431761],[-82.252430035681044,28.518420173493283],[-82.252495777895618,28.518405896195855],[-82.252568263134378,28.518338976857923],[-82.252618514278041,28.518309741190848],[-82.252633738966836,28.51829569309507],[-82.252807813121407,28.518278662332655],[-82.252851587139816,28.518241354491128],[-82.252764020683827,28.518199442717066],[-82.252610295238895,28.518192731799854],[-82.252601021800174,28.518201290671481],[-82.252493329133273,28.518247688379013],[-82.252494210586349,28.518282334215666],[-82.252446762300011,28.518302782071547],[-82.252376831666894,28.518334753155401],[-82.252157869067148,28.518339108375724],[-82.252049198763515,28.51832295223717],[-82.251832240759882,28.51833897328714],[-82.251669403931032,28.518433697653116],[-82.251668660427967,28.518469515948901],[-82.251669192959142,28.51849027709882],[-82.251622569706527,28.518530007228566],[-82.251661424604578,28.518638378603079],[-82.251888923238255,28.518719393077664],[-82.252012307783048,28.51873690535044],[-82.252075607057222,28.518779144162473],[-82.25216591703429,28.518777337916809],[-82.252245720887871,28.518811354497277]]],[[[-82.240924681527787,28.513035102021622],[-82.240843652839317,28.513151397905588],[-82.240761193915503,28.513184996836756],[-82.240680820334035,28.513243490556619],[-82.240570992483498,28.513256658119232],[-82.240549000193155,28.513278493306757],[-82.240493710976637,28.51332230369119],[-82.240463166626242,28.513381393967276],[-82.240446783766828,28.513408147844839],[-82.240432153390017,28.513436456074928],[-82.24041577051436,28.513463209948661],[-82.240401140121747,28.513491518175275],[-82.24034380895641,28.513557129266559],[-82.24032357563901,28.513615422544355],[-82.240307192708528,28.513642176404598],[-82.240292592410853,28.513684236372857],[-82.240264428881233,28.513754011624481],[-82.240339641718606,28.513834644312563],[-82.240376234557843,28.513885235682675],[-82.240513079357811,28.513913115260078],[-82.240587997029607,28.513889212042841],[-82.24064743935655,28.513872884345339],[-82.240748247504385,28.513817590271117],[-82.240814771439986,28.513724795684084],[-82.240843949675337,28.513668339907255],[-82.240876714242546,28.513614832058892],[-82.240898473193084,28.513489858680575],[-82.240930268693802,28.513394318386851],[-82.240944793631371,28.513319678249715],[-82.240894258624053,28.513196054816618],[-82.240914137197791,28.513146814451968],[-82.240930503165814,28.513099661130319],[-82.240964994734895,28.513043330352602],[-82.241031601463774,28.512995335358429],[-82.241053133201561,28.513036552588289],[-82.241110431577781,28.513052069702088],[-82.241233008822221,28.513012973516869],[-82.241323680065989,28.512963244654067],[-82.241388184398659,28.512983555669852],[-82.241470222643613,28.512957384345807],[-82.241605589573112,28.512864345196746],[-82.241661283968739,28.512756581415257],[-82.241659605882049,28.512732545805708],[-82.241663190878953,28.512677532197102],[-82.241656738204099,28.512585054639629],[-82.241675669175706,28.512554132641785],[-82.241693137836265,28.512520340160812],[-82.241753262665213,28.512443980151126],[-82.241767902517694,28.512419593371515],[-82.241655133954637,28.512302983891573],[-82.241659405028685,28.512237480146826],[-82.24165713756615,28.512204958082311],[-82.241611641716588,28.512169194944953],[-82.241596914259603,28.512154690592467],[-82.241580441418293,28.512141746796818],[-82.241512322952346,28.512074680724456],[-82.241446350370239,28.512140158758566],[-82.241433114991352,28.512203502860082],[-82.241469826653329,28.512174416258734],[-82.24149598842358,28.512123793969192],[-82.241540950066067,28.512145268485437],[-82.241479271815805,28.512246018970103],[-82.241506811807525,28.512313386377532],[-82.241487527954206,28.512361163067371],[-82.241468438312083,28.512452503948673],[-82.241393579022329,28.512511834697555],[-82.241356928772916,28.512548213055961],[-82.241326139617541,28.512572602304029],[-82.241174825310964,28.512609707562028],[-82.241084426313748,28.512720205483411],[-82.241013145703093,28.512760418809936],[-82.240964679256592,28.512854189408824],[-82.240944868813742,28.512967985558308],[-82.240924681527787,28.513035102021622]]],[[[-82.235061768059467,28.528681327785986],[-82.235140875190922,28.528737486542589],[-82.235203501776112,28.528750861901557],[-82.235249935050703,28.52876480217358],[-82.235318947492516,28.528779535281227],[-82.235360726281698,28.528835570880336],[-82.235390412470196,28.528915828386804],[-82.235411834738926,28.528970744237547],[-82.235583084710385,28.529069476395311],[-82.235785899963403,28.529065471797725],[-82.235923193594232,28.529023710082399],[-82.236020680302232,28.528965095673819],[-82.236185494631428,28.528755267832754],[-82.236253937589566,28.528725791832283],[-82.236387626829014,28.5286262892736],[-82.236386017831464,28.528562743334046],[-82.236339434376291,28.52854288160346],[-82.236257979618344,28.528499457950087],[-82.236183397487295,28.528467652657991],[-82.236137104923472,28.528446702120249],[-82.236066521455058,28.528426600481236],[-82.235996872123422,28.528405690483623],[-82.23585822757471,28.528366219860839],[-82.23559954229205,28.528358383412545],[-82.235591928605828,28.528365406957256],[-82.235404791507705,28.52837921426795],[-82.235277266815515,28.528395899441016],[-82.235156300235829,28.528531183146114],[-82.235124876078316,28.528544720422257],[-82.235079755518569,28.528586349823769],[-82.235053546986336,28.528585925053964],[-82.234938518656605,28.528628776222188],[-82.235061768059467,28.528681327785986]]],[[[-82.246418859797032,28.503743495255307],[-82.246448471651391,28.503745535920515],[-82.246481298546215,28.503729281003782],[-82.246496194667699,28.50374449649583],[-82.24655903275459,28.50373992400328],[-82.246688525696271,28.503644902512491],[-82.246760469080343,28.503649875610147],[-82.246824854454118,28.503617997762515],[-82.246897303525699,28.503622996037631],[-82.246962870542248,28.503577445366055],[-82.246993356914999,28.503579552000012],[-82.247040538162778,28.503549880880975],[-82.247101725232838,28.503515873753926],[-82.247118183623627,28.503467228787372],[-82.247134876794803,28.503454467169998],[-82.247169072860814,28.503406018238245],[-82.247223903014742,28.503432911433517],[-82.247259258692736,28.503382822603424],[-82.247352597683815,28.50335780834801],[-82.247383620543715,28.503285137924131],[-82.247406297135811,28.503267813023587],[-82.247413552031958,28.503288937381697],[-82.247435131913974,28.503329133010766],[-82.247460054476207,28.503203105046996],[-82.247399497359524,28.503207513184648],[-82.247347272136423,28.503174947653854],[-82.247317845728602,28.503117012537857],[-82.247337268007271,28.503037567627281],[-82.247333310980693,28.502995177880454],[-82.24730127965887,28.502970902473727],[-82.24724993803828,28.502974648595686],[-82.247208503766132,28.502971782299991],[-82.247179382568831,28.502886961056877],[-82.24712187225218,28.502843379224714],[-82.247040094275931,28.502863309219393],[-82.246944475835534,28.502882687709828],[-82.24683869371637,28.502875372302832],[-82.246781772404745,28.502903556820137],[-82.246713432886025,28.502973918061553],[-82.246623609768577,28.503023850230811],[-82.246604146158475,28.503100246073839],[-82.246483289470305,28.503192615158998],[-82.246474654804061,28.50319921527073],[-82.246466405590184,28.503215636770349],[-82.246457779141636,28.503232807904592],[-82.246449911219827,28.503248470737173],[-82.246440035133716,28.503268131014643],[-82.246434633678746,28.503294596828439],[-82.246433161104875,28.503301811987505],[-82.246431645099477,28.503309239277733],[-82.24642565986305,28.503338565698812],[-82.246416565855867,28.50338312582597],[-82.246413888349949,28.503396243640417],[-82.246410586642668,28.503406254890699],[-82.246403513581839,28.503427701249436],[-82.246395031787287,28.503441195038032],[-82.246394187024819,28.503442520317886],[-82.246393978377967,28.503442847347078],[-82.24638647569212,28.503454805363972],[-82.246384117109756,28.503464061441061],[-82.246379573046752,28.503481896518242],[-82.246372193622562,28.503510860011612],[-82.246342794723674,28.503569689714773],[-82.246329494342405,28.503596306094682],[-82.246324186795874,28.503606927357591],[-82.246341749682642,28.503620243999897],[-82.24630883607864,28.503672612015752],[-82.246310960594627,28.503695397933619],[-82.246344902533863,28.503748880100847],[-82.246418859797032,28.503743495255307]]],[[[-82.238359702547854,28.519903346809549],[-82.238518860481335,28.519916281488335],[-82.238580041972625,28.51988755607567],[-82.238576297603714,28.519808127082236],[-82.238617893458951,28.519738354809022],[-82.238552228443382,28.51962927508465],[-82.238479734819322,28.519494300877181],[-82.23836118379775,28.519397668833392],[-82.238304944623735,28.519330230283199],[-82.238265421182248,28.519256639056593],[-82.238186732287673,28.519147299548631],[-82.238148617596124,28.519076324432309],[-82.238061802893526,28.518982496933376],[-82.237970742288127,28.518846306116842],[-82.237960570564113,28.518838011493532],[-82.237953097979116,28.518845168477405],[-82.237890317622188,28.518885996909059],[-82.237871818593035,28.51890370270382],[-82.237828940731944,28.519024160136503],[-82.237797897894424,28.519102883957437],[-82.237780335727749,28.519218073363813],[-82.237735667288419,28.519353829612086],[-82.237688399256015,28.519591453847088],[-82.237690179879408,28.519629214031433],[-82.237689186956985,28.519652502685197],[-82.237752540241345,28.51967009231284],[-82.237796122779329,28.519711472653299],[-82.237982152005358,28.519788621700531],[-82.238048677587756,28.519807091739118],[-82.238091309163551,28.519847574007709],[-82.238179094793395,28.519877582956934],[-82.238274297959578,28.51987408545827],[-82.238330876311352,28.519875974096561],[-82.238359702547854,28.519903346809549]]],[[[-82.237672122865405,28.515332954752758],[-82.237749051297328,28.515308418839449],[-82.237833427624707,28.515328227539289],[-82.238087606949406,28.515303931505269],[-82.238177907720853,28.515282392983792],[-82.238305426463867,28.515267101971133],[-82.23847407703127,28.515222663154738],[-82.238629071382675,28.515102787338584],[-82.238645022573209,28.515103605728342],[-82.238683713280849,28.515101496656346],[-82.238740608707801,28.515022121697662],[-82.238784336053811,28.514937532619527],[-82.238816257807628,28.514896999830853],[-82.238823557823267,28.514875970379808],[-82.238788892979741,28.514866576484724],[-82.238690308908033,28.514799373968351],[-82.238630052833244,28.514802662388046],[-82.23853573061588,28.514772947600949],[-82.238355807796935,28.514748512787822],[-82.238193208938455,28.514774327184369],[-82.238067809976314,28.51478752002334],[-82.237959887008515,28.514870998628435],[-82.237808657163228,28.514949114486786],[-82.237711117748574,28.515022704822503],[-82.237648058067037,28.515063291815039],[-82.237552604505808,28.515132754651535],[-82.237517263919329,28.515167827589831],[-82.237486635280035,28.515192093867725],[-82.23750917807341,28.515228556305861],[-82.237509992593715,28.51523051298043],[-82.237532970714796,28.515285715548764],[-82.237555279165051,28.515339309492084],[-82.237672122865405,28.515332954752758]]],[[[-82.237792086891488,28.52347968018633],[-82.237765776046302,28.523594292892241],[-82.2377453605352,28.524120228030231],[-82.237701667587217,28.524310547468733],[-82.237683211219519,28.524411932415347],[-82.23768571730956,28.524510715307819],[-82.237669585732391,28.524538515101248],[-82.237654481525311,28.524607569357141],[-82.23763846246402,28.524677350698987],[-82.237639768238537,28.524728849937077],[-82.237623459744796,28.524799880632166],[-82.237608417143861,28.524896438344573],[-82.237592595902754,28.524923700687665],[-82.237569620000485,28.524986657995875],[-82.237545762392301,28.52534268958355],[-82.237514928322113,28.525449817023343],[-82.237485454308384,28.525611747991586],[-82.237430380458377,28.525879117945614],[-82.237408646906744,28.526079443802022],[-82.237392976484003,28.526175491842206],[-82.237393326308293,28.526189350393679],[-82.23739190151062,28.526257520762023],[-82.237416354303093,28.526271686399649],[-82.237454923998627,28.526024086885108],[-82.237479118771816,28.5259400161397],[-82.237549399094789,28.525857878850182],[-82.237619389279899,28.525827741641319],[-82.237705037924158,28.525648563242978],[-82.237745368210625,28.525501170811822],[-82.237819009281552,28.525256893593763],[-82.237842189977329,28.525129541619574],[-82.237866737387662,28.525065789253844],[-82.237922454154145,28.524811040919673],[-82.237919021715854,28.524675650491655],[-82.237934475243193,28.524483313177093],[-82.237949289271242,28.52428512163808],[-82.237861659192575,28.524183546161797],[-82.237824713213868,28.524083655022576],[-82.237807963488649,28.523629721043296],[-82.237807393419232,28.523614256693424],[-82.237808051991237,28.523582656204869],[-82.23780720139986,28.523549177863988],[-82.237826985373758,28.52348042489459],[-82.237811271972163,28.523475950585716],[-82.237799701104009,28.523472656514425],[-82.237792086891488,28.52347968018633]]],[[[-82.24801480873225,28.513533084195402],[-82.247910567370837,28.513573241269302],[-82.247797924008637,28.513645160037608],[-82.247721675565487,28.513726588098585],[-82.24767725399461,28.513873695154199],[-82.247688961848027,28.513973106383478],[-82.247685852018407,28.514000615656617],[-82.247694355975128,28.514072837722704],[-82.247754871503133,28.5141467777845],[-82.247798349418105,28.514178553236086],[-82.247823251210562,28.514204909657703],[-82.247957315326317,28.514269839060169],[-82.248136141779668,28.514287951224834],[-82.248303054870973,28.514229939286892],[-82.24832632795794,28.514205092983033],[-82.24838458111094,28.514162159215971],[-82.248411008691491,28.514108030411936],[-82.248436429767011,28.514068636097932],[-82.24849372173064,28.513926876049336],[-82.24845900165667,28.513762938469615],[-82.248416207386981,28.513697252595684],[-82.248340611445855,28.513656256282061],[-82.248288874052776,28.513592224474394],[-82.248153557819506,28.513560334487924],[-82.248071547453506,28.513533290130802],[-82.248021857497307,28.513525564686272],[-82.24801480873225,28.513533084195402]]],[[[-82.242612869290397,28.508026831307966],[-82.242679563564465,28.508047353489481],[-82.242776095860265,28.507981685792661],[-82.242835511417155,28.507958829585906],[-82.242916502574801,28.50799648880518],[-82.242961774961003,28.507953151914247],[-82.243054589603048,28.507813050382577],[-82.243111679871916,28.507682761688383],[-82.243130891575532,28.507650536877502],[-82.243189142187262,28.507517601283965],[-82.243205241978004,28.507490605736173],[-82.24322015227952,28.507462538518382],[-82.243260400107275,28.50739502301926],[-82.243311631544486,28.507298627975064],[-82.243329313645575,28.507284106376506],[-82.243441106952162,28.507143419254131],[-82.243505935143162,28.507054345812168],[-82.243552839318752,28.506966097626997],[-82.243681634747659,28.506750027263376],[-82.243808371885009,28.506511559617721],[-82.243856669224215,28.506430546575878],[-82.243875525685311,28.506359980523097],[-82.243950145804433,28.506278651309461],[-82.243910496515369,28.506272035154449],[-82.243840943152009,28.50636181569315],[-82.243814189918254,28.506383793511937],[-82.243746556700771,28.506402837115331],[-82.243763848778485,28.506416934201113],[-82.243761677662562,28.506467876676389],[-82.243716183997464,28.506526524414632],[-82.243693818393496,28.506568612242607],[-82.243637471633079,28.50666313611034],[-82.243592739266504,28.506747311737428],[-82.24346751986613,28.506898793496418],[-82.243250468342367,28.507104936080552],[-82.243111264712212,28.507243241151627],[-82.243054022678422,28.507290279287123],[-82.243018076782718,28.507339670547413],[-82.242939831578994,28.507421784451381],[-82.24285790765849,28.5075395603522],[-82.242792030206161,28.507593690940702],[-82.242739730833065,28.507643755618876],[-82.242612752556255,28.507748101847341],[-82.242490610020354,28.507790367557529],[-82.242397813307434,28.507879195330649],[-82.242381248328883,28.507981665087538],[-82.242450649227663,28.508070377672023],[-82.242490395027431,28.508068909920976],[-82.242564086194278,28.508118616117354],[-82.242612869290397,28.508026831307966]]],[[[-82.234479656159493,28.518232375356302],[-82.234446559008006,28.518259559792345],[-82.234276899321046,28.518342202624464],[-82.234215310821568,28.518386598808494],[-82.234246565152873,28.518438517531141],[-82.234275149790037,28.518491742939123],[-82.234340257246984,28.518562122174011],[-82.234373234027046,28.518607041079978],[-82.23441057624953,28.518744320508183],[-82.234463932522843,28.518832957330719],[-82.234551304038305,28.518882576493599],[-82.234714693853988,28.518905271750203],[-82.234880894880391,28.51893054086371],[-82.235000216306233,28.518874508005432],[-82.235040623320558,28.518723369539451],[-82.234971536664062,28.518608586611261],[-82.234947387494586,28.518519818272935],[-82.23490983594516,28.518471832210459],[-82.234834414899098,28.518450878298214],[-82.234761932350381,28.518382056864937],[-82.234744462929044,28.518286388411681],[-82.234712891556072,28.518233946988413],[-82.234487128935584,28.518225217659335],[-82.234479656159493,28.518232375356302]]],[[[-82.246880875575542,28.520435100455298],[-82.246725868880375,28.520552043950911],[-82.24668639499356,28.520628421818657],[-82.246694240395513,28.520740813111285],[-82.246689997820013,28.520805940589444],[-82.246714155650494,28.520865013173612],[-82.246806015532428,28.520916375837999],[-82.247082059131529,28.520932244503175],[-82.247213850946366,28.520956862651495],[-82.247386790885784,28.520915614634262],[-82.247452194653775,28.520884070344419],[-82.247470074756862,28.520775984271705],[-82.247371121507399,28.520578522213388],[-82.247313743031953,28.520506295328776],[-82.247256857902173,28.520420409575699],[-82.247134787323688,28.520361837360699],[-82.247087369485314,28.520408899862819],[-82.247002397071455,28.520382155364409],[-82.246956703654476,28.520404195271791],[-82.246880875575542,28.520435100455298]]],[[[-82.232144245954402,28.511085551176766],[-82.232096693895656,28.511098605489821],[-82.232035388741366,28.511140744360073],[-82.231980190947709,28.511171887565951],[-82.231899694277473,28.511251770153404],[-82.231857204003916,28.511333963739869],[-82.231832622823859,28.511374092583402],[-82.231812657302598,28.511431605445402],[-82.231819657038372,28.511532019660809],[-82.231849525248961,28.511580341890276],[-82.231866498979841,28.511628578735117],[-82.231996332535061,28.511701198452023],[-82.232216094292994,28.511689246841463],[-82.232323845248885,28.511630160864186],[-82.232410907820721,28.51159467866816],[-82.232485978542158,28.511558478810556],[-82.232517923531347,28.511496688969569],[-82.232542544612144,28.511477186756718],[-82.232575579852963,28.511444402885228],[-82.232540600656094,28.51138780328052],[-82.232518465225965,28.511345417166066],[-82.232453863322263,28.511248164108178],[-82.232248938721028,28.511087064197085],[-82.232151577148116,28.511078272929101],[-82.232144245954402,28.511085551176766]]],[[[-82.227224782785413,28.521194025675452],[-82.227180581735226,28.521279511438248],[-82.227111974536456,28.521446313461865],[-82.227083076434482,28.521584509588941],[-82.227083031945156,28.521584726227054],[-82.227083675972736,28.521584901108639],[-82.227117211365396,28.521593985846774],[-82.22717890403419,28.521610699778869],[-82.227188969995566,28.521612341464063],[-82.227238378959257,28.521620399824414],[-82.227278260574593,28.521626904018085],[-82.227315573527264,28.521639514181356],[-82.227339242385483,28.521647512701954],[-82.227366662481344,28.521656779057341],[-82.227402030822518,28.521668731029337],[-82.227464877293102,28.521688891677435],[-82.227556846184243,28.521718394266493],[-82.227584734577263,28.521727340361743],[-82.227593136177717,28.521728947808612],[-82.22759989936101,28.521730240372918],[-82.227620153143832,28.52173411361203],[-82.227703020317918,28.521749958959575],[-82.227773394790674,28.521716026369443],[-82.227793405675925,28.521504222352707],[-82.227822747939825,28.521406742024109],[-82.227837279168511,28.52133356693275],[-82.227768129187595,28.521279199047662],[-82.227657606197425,28.521249262077976],[-82.227588808537462,28.521227581102245],[-82.227334755600992,28.521162363259339],[-82.227253447380804,28.521152897390674],[-82.227224782785413,28.521194025675452]]],[[[-82.237117812205383,28.518645803798361],[-82.237088949247266,28.518676621560456],[-82.237059636015303,28.518823591365802],[-82.236973098036955,28.518915614085589],[-82.236957463980303,28.519031766445224],[-82.236956690946784,28.519132916598707],[-82.236944018751259,28.51920663534106],[-82.236908222261306,28.51927245734354],[-82.236892297800352,28.519305814269455],[-82.236880705066426,28.519322232868454],[-82.236823378119666,28.519393938702478],[-82.236754501230052,28.519530999210804],[-82.236756118403648,28.519548334124423],[-82.236752921324822,28.519584317248132],[-82.236707430425469,28.519656674655977],[-82.23663069022075,28.519699312573469],[-82.236475229458321,28.519813345071952],[-82.236414404175918,28.519941084562195],[-82.236455713391535,28.520039827092578],[-82.236550227914094,28.520136919530739],[-82.23663697515029,28.520153111811723],[-82.236763461308755,28.520065263454505],[-82.236819880463784,28.519985354175546],[-82.23690558640476,28.519801287115477],[-82.236926518806598,28.519698797022649],[-82.236951384359102,28.519597145566777],[-82.23698547750908,28.519430197579201],[-82.237018751358022,28.519349669866713],[-82.237034555904529,28.519272301969462],[-82.237051160503214,28.519218286366339],[-82.237073477733105,28.51912024150495],[-82.23710955016108,28.518995160818669],[-82.237139834730471,28.51890334358702],[-82.237160392512223,28.518759169186687],[-82.23715383968603,28.518703461476921],[-82.237174598931333,28.518654367233232],[-82.237182169923756,28.518613098620804],[-82.237117812205383,28.518645803798361]]],[[[-82.240423281486173,28.519613890069927],[-82.240528431318893,28.519610024182377],[-82.240619851467258,28.519581539385193],[-82.24086606352391,28.519589725062048],[-82.241218794887786,28.519576744317792],[-82.241239231814205,28.519495419044333],[-82.241207913455781,28.519417006401426],[-82.241192748164224,28.519333984753786],[-82.24117639819201,28.51925203990363],[-82.241151382154342,28.519115103249906],[-82.240997312205138,28.519107694925449],[-82.240989839809671,28.519114852977289],[-82.240911435669673,28.519136922705883],[-82.240755791200087,28.51915598639922],[-82.240643404983089,28.519185273615626],[-82.240585428867433,28.51929434302653],[-82.240564673387738,28.519329149080946],[-82.240470114535938,28.519438511503406],[-82.240445080703566,28.519459076121827],[-82.240389709976327,28.519512073395084],[-82.24035253811158,28.519584550841998],[-82.240423281486173,28.519613890069927]]],[[[-82.238226064201584,28.532256521026682],[-82.238261825171222,28.532156085715055],[-82.238286124435476,28.531927365754239],[-82.238259551805584,28.531816310868873],[-82.238191074572342,28.531702575503118],[-82.238076520699508,28.531609212854192],[-82.237965469728323,28.531551821457281],[-82.237888079291324,28.531496413032702],[-82.237848808125491,28.531476123046119],[-82.237833861141354,28.53149042435242],[-82.237809658228315,28.531510302126435],[-82.237762859501132,28.531574590572792],[-82.237767026512813,28.531663016016658],[-82.237744281582593,28.531859529307372],[-82.237834208149252,28.5320664145415],[-82.237938561486828,28.532175037705159],[-82.238052796458192,28.532268132120077],[-82.23816571357591,28.532263986404732],[-82.23820108348562,28.532280429212861],[-82.238226064201584,28.532256521026682]]],[[[-82.228692468254721,28.527662237607135],[-82.228660761964051,28.527675505869549],[-82.228625146834275,28.527692231282433],[-82.228659875181265,28.527779223251908],[-82.228684238552546,28.527868783598638],[-82.228711142912644,28.527958770081536],[-82.228836263355305,28.528118706288613],[-82.228956698865119,28.528168648634452],[-82.229129441303485,28.528136435003923],[-82.229235266023835,28.528064476481799],[-82.229190538724907,28.52784017138168],[-82.229170872006065,28.52769731503815],[-82.22902955716269,28.527667833632485],[-82.228699942084333,28.527655080232346],[-82.228692468254721,28.527662237607135]]],[[[-82.239401574563303,28.535902493739325],[-82.23932689387172,28.535922500444094],[-82.239258623034942,28.535992749304441],[-82.239221039786557,28.536140203900601],[-82.239222531988318,28.536156196268138],[-82.239218502351861,28.536201608544246],[-82.239241145565202,28.536382947541593],[-82.23934774202074,28.53645025615296],[-82.239490150187066,28.536427201911295],[-82.239593207936338,28.536351612847582],[-82.23967584184453,28.53618719846331],[-82.239672876123009,28.536155402296306],[-82.239674707526305,28.536134771421469],[-82.239671500957527,28.53610039767501],[-82.2396751637622,28.536059135924969],[-82.239669740274508,28.53600100910888],[-82.239531149739491,28.535895993066053],[-82.239415953725015,28.535887695173638],[-82.239401574563303,28.535902493739325]]],[[[-82.240002735045096,28.525790770471001],[-82.240028678466729,28.525835029015788],[-82.240415462547645,28.525853857427681],[-82.240517997129615,28.525822654109284],[-82.24034431544392,28.52557990054714],[-82.240052520629533,28.525210635173632],[-82.239999066817049,28.525201517547753],[-82.239990927348543,28.525325325051828],[-82.240002735045096,28.525790770471001]]],[[[-82.227718136613404,28.511028269480814],[-82.227540305381893,28.511102765823612],[-82.227458073716448,28.511162113912846],[-82.227410831979967,28.511189159718008],[-82.227346506553985,28.511232913132105],[-82.227308937544706,28.511303574966423],[-82.227385960531407,28.511391946820339],[-82.227441906700037,28.511415153684137],[-82.227621116366834,28.511408582287906],[-82.227738129865699,28.511353633426523],[-82.2277899209124,28.511331938940938],[-82.227916911714416,28.511240297172748],[-82.227971300316071,28.511185722932659],[-82.227923191238844,28.51110577688884],[-82.22792668678683,28.511023917925389],[-82.227729918676474,28.511016995623429],[-82.227718136613404,28.511028269480814]]],[[[-82.234330777720245,28.535270347084015],[-82.234542466368012,28.535286823089947],[-82.234604938186834,28.535266435850257],[-82.234640772087644,28.535136497355417],[-82.23457110228243,28.535050079021286],[-82.234048807835066,28.535038073795327],[-82.234010438375662,28.535030754199973],[-82.234003246938528,28.535038152299961],[-82.233937118322515,28.535055859275268],[-82.233861221908356,28.535108566125771],[-82.233832276572528,28.535185513065226],[-82.233881584841583,28.535246680375732],[-82.233925294629913,28.535243502831097],[-82.234111582892012,28.535257994778995],[-82.234330777720245,28.535270347084015]]],[[[-82.23462624548165,28.528119800756389],[-82.234562789219893,28.528155592787165],[-82.234564587391191,28.528181400439401],[-82.234563065600781,28.528204744098336],[-82.234519408822266,28.528239319842658],[-82.234502182892072,28.528348961379262],[-82.234557539552881,28.528418658797708],[-82.234889108048407,28.528436443228205],[-82.234937464339225,28.528421023300602],[-82.235066585816583,28.52840743795473],[-82.235115522455558,28.528358886358454],[-82.235107645442639,28.528245877321908],[-82.235055601032329,28.528180350461231],[-82.234765603803098,28.528160815324849],[-82.234750875038344,28.52814631027201],[-82.234717529894951,28.52812009964541],[-82.234633577673506,28.52811252238714],[-82.23462624548165,28.528119800756389]]],[[[-82.228595050392485,28.503954597696207],[-82.228502489949676,28.504005248918325],[-82.228486458902594,28.504132507393496],[-82.228569162787196,28.504259505108468],[-82.228661536905207,28.504327021557444],[-82.228776250261959,28.504351834470565],[-82.228859175551136,28.504324150591028],[-82.228956114817578,28.504252461554625],[-82.228983214324231,28.504146967139395],[-82.228932804649176,28.504043080444326],[-82.228879145293419,28.504003862592938],[-82.228778842650186,28.503953496186522],[-82.228602095824755,28.503947079186247],[-82.228595050392485,28.503954597696207]]],[[[-82.25409231679113,28.522405409558253],[-82.254186767456972,28.522374573802324],[-82.254238965453638,28.522378182073776],[-82.254417349420237,28.522342032144334],[-82.254421460537316,28.522295598647485],[-82.25438820273277,28.522270413231702],[-82.25438571425201,28.5222437336597],[-82.254526486046487,28.522136154669038],[-82.254491857901414,28.522127436987265],[-82.254417508938715,28.522142495658418],[-82.254332774221353,28.522170158778003],[-82.254321477136983,28.522118045873956],[-82.254386133797581,28.522044814792093],[-82.254370730364698,28.521959405723013],[-82.254331939417,28.5219300139795],[-82.254324750289342,28.521937413155314],[-82.254245806124473,28.521964043923134],[-82.254217051622163,28.521993642406851],[-82.254175305920739,28.522025549032559],[-82.25414170528795,28.522060138429527],[-82.25407266175327,28.522087503134202],[-82.254104308416956,28.52211148249571],[-82.254110738365497,28.522180310591054],[-82.254043953439933,28.522198202719981],[-82.254014003812827,28.522213031057543],[-82.253943142941822,28.522232018086957],[-82.253892598869413,28.522295257957051],[-82.253936479508496,28.522349673246278],[-82.253985407724116,28.522418340692575],[-82.25409231679113,28.522405409558253]]],[[[-82.232575424876757,28.534438466818891],[-82.232693314085452,28.534453641794393],[-82.232740016983612,28.534447464614246],[-82.232765484273187,28.534450751534635],[-82.232822077084293,28.534412017839667],[-82.232813433083336,28.534361054559433],[-82.23284339958883,28.534269642353738],[-82.232815188754273,28.534237500383806],[-82.232723362484094,28.534261320002017],[-82.232678556057991,28.534210257149272],[-82.232577976514747,28.53423101736789],[-82.232529302928825,28.534224748183185],[-82.232427254414347,28.534238245106383],[-82.232382348519977,28.534214430500828],[-82.232342401827552,28.534208509963481],[-82.232323926340143,28.534229733188894],[-82.232164402411627,28.534243448226857],[-82.232179587204428,28.534365080315069],[-82.232226840140569,28.534434550638757],[-82.232305235013811,28.534485663573804],[-82.232575424876757,28.534438466818891]]],[[[-82.233122212625204,28.523941839168092],[-82.233032854091476,28.523966380248066],[-82.232967197070039,28.523998025421864],[-82.232894305259748,28.524109104968556],[-82.232935847934129,28.524161408754253],[-82.232968655211337,28.524206771303124],[-82.23301339192362,28.524241946623402],[-82.233028701000066,28.524299546137854],[-82.233062234879867,28.524325904861797],[-82.233309218075632,28.524267022282586],[-82.233421207648888,28.524185554486337],[-82.233416052726952,28.524111593333267],[-82.233313267009493,28.524030803075416],[-82.233249032714468,28.523941983328992],[-82.233129544634039,28.523934560876629],[-82.233122212625204,28.523941839168092]]],[[[-82.235424210575545,28.531720493271518],[-82.23547517863588,28.531693921930646],[-82.235585024504203,28.531613355770432],[-82.235630131324498,28.531610081414723],[-82.235704131974217,28.531615203781257],[-82.23572408086433,28.531583475114992],[-82.235762839159065,28.531468975766707],[-82.235800396118989,28.531409256389942],[-82.235761625314666,28.531401951512354],[-82.235710751638479,28.531405638365889],[-82.235645791970626,28.531390065572833],[-82.235520034894861,28.531377552465798],[-82.235474442741648,28.531362859182849],[-82.235317541416848,28.531350399875858],[-82.235230789724611,28.531322442018915],[-82.235138967414898,28.531315818962405],[-82.235146192333303,28.531323193070726],[-82.235168176842421,28.531339861069466],[-82.235255468632346,28.531446769816643],[-82.235360519556025,28.531552129985904],[-82.235382510568343,28.531677913387469],[-82.235424210575545,28.531720493271518]]],[[[-82.239828847556737,28.515280013353362],[-82.239578840047301,28.515294864005938],[-82.239579929181062,28.515337850008791],[-82.239853243987724,28.51544814745359],[-82.239952847962797,28.515493242461869],[-82.240172965625831,28.515581677226937],[-82.240212319599465,28.51554534765679],[-82.240234921263252,28.515379238429368],[-82.240232391688963,28.515279582027784],[-82.239836461048554,28.515272989563172],[-82.239828847556737,28.515280013353362]]],[[[-82.252152665435332,28.531801382546341],[-82.25204258530205,28.531888610072318],[-82.251926159332214,28.532077899274107],[-82.251936199626343,28.532221549580136],[-82.252024946773673,28.532240898187244],[-82.252145819401093,28.532196235089554],[-82.252273503632182,28.532108478497179],[-82.252332602396407,28.53197185810772],[-82.252306343466543,28.531864417546068],[-82.252231720972915,28.531805788103853],[-82.252159996668439,28.53179410324082],[-82.252152665435332,28.531801382546341]]],[[[-82.253185329904483,28.523430283189175],[-82.253211939150873,28.523404798217232],[-82.253188048250109,28.52336513132072],[-82.252717718906865,28.523342559536278],[-82.252451278425482,28.523336206088771],[-82.252443807532316,28.523343363858924],[-82.252139340182069,28.523363764685108],[-82.252063304340552,28.523387461572238],[-82.251986013403126,28.52336973034695],[-82.251564911670798,28.523394697293362],[-82.251588850152586,28.523414205939133],[-82.251618479579236,28.523413116974623],[-82.25197698551365,28.52342891674547],[-82.252064433312881,28.523425692856918],[-82.252303525766109,28.523439900456008],[-82.252319174603912,28.523439320960556],[-82.252358103976007,28.523440604881213],[-82.252397026888531,28.523439176345192],[-82.252685105407025,28.523448726375044],[-82.253185329904483,28.523430283189175]]],[[[-82.230729250043922,28.522884836433661],[-82.230700916658606,28.522888565230399],[-82.230683435236301,28.52289963876019],[-82.230669294982974,28.522913650978492],[-82.230670998200125,28.522930580659192],[-82.2306827073173,28.522948230569114],[-82.230708583940284,28.522964382884336],[-82.230751097672467,28.52296504699811],[-82.23085780169589,28.522967074669332],[-82.23109702178283,28.522958569377447],[-82.23139543479067,28.522953644440133],[-82.231445428209042,28.522943988068324],[-82.231520386879765,28.522914411297759],[-82.231566214446346,28.522905499199595],[-82.23160534936433,28.522885554650749],[-82.23161946696095,28.522861234845667],[-82.231614391822632,28.522827377451403],[-82.231595133718031,28.522788390922113],[-82.231553321835293,28.5227273560442],[-82.231538224760556,28.522685417148001],[-82.231533557970963,28.522655604282825],[-82.231524722109398,28.522609609484743],[-82.231521201801314,28.522524213595734],[-82.231517765722799,28.522477837826461],[-82.231513548447793,28.522455021907714],[-82.231506830700113,28.522432946566209],[-82.231495125744274,28.522416770254644],[-82.231476765767738,28.522407230325253],[-82.231458434153055,28.522410206823871],[-82.231445950771601,28.522419798401305],[-82.231437688882309,28.522453678524872],[-82.231437740333277,28.522477237859267],[-82.231442024535212,28.522530238132276],[-82.231449260607775,28.522790111244618],[-82.231457641510815,28.522810712023627],[-82.231464343776977,28.52282616054422],[-82.23146689308939,28.522848242988584],[-82.231458581328127,28.52285930099459],[-82.23142027043491,28.522874826198706],[-82.231166038733704,28.522880413239182],[-82.231082674482849,28.522877609795792],[-82.23090594812335,28.522874965014562],[-82.230820094036972,28.522877319857315],[-82.230798430077471,28.522879112633159],[-82.230729250043922,28.522884836433661]]],[[[-82.237392405445249,28.531494285344142],[-82.237388370982686,28.531588889972173],[-82.237405757502785,28.531676029940119],[-82.237421907703336,28.531793255420475],[-82.237418859662952,28.531864786204576],[-82.23748033277279,28.531978439459589],[-82.237576570702657,28.531913004390361],[-82.237593514914849,28.531621527421422],[-82.237552298138354,28.531587945568084],[-82.237578039260583,28.531433380794734],[-82.237557412510725,28.531364416178306],[-82.237421710265863,28.531253819026226],[-82.237404740501887,28.531222222315836],[-82.237381071959518,28.531215656694478],[-82.237373197534154,28.531318849359636],[-82.237392405445249,28.531494285344142]]],[[[-82.228835162531553,28.528844652511356],[-82.228784314097908,28.528873773011497],[-82.228663403424193,28.528899411984302],[-82.228648447092098,28.528909791602835],[-82.228696581961529,28.529053969836497],[-82.228694222452148,28.52910920923161],[-82.228632883035587,28.529188251687426],[-82.228618333159602,28.529386535541882],[-82.22876410631622,28.529427035639376],[-82.228806968018503,28.529406899743854],[-82.228837712152881,28.529349087764778],[-82.228819830265209,28.529229729142909],[-82.2288045736355,28.529101073715744],[-82.228967822757525,28.528872269105722],[-82.228842636436227,28.528837496031866],[-82.228835162531553,28.528844652511356]]],[[[-82.235781020708103,28.52178844761001],[-82.235941394016166,28.521818413210401],[-82.236129420851313,28.521803353896569],[-82.236182253418988,28.52171708506097],[-82.236185958103036,28.521660284797868],[-82.236154910198266,28.521572107119528],[-82.236033353377138,28.521533816042709],[-82.235926903704538,28.521528400962534],[-82.235865420896587,28.521531744440498],[-82.235802330488895,28.52152337999987],[-82.235763964585075,28.521578426687114],[-82.235781020708103,28.52178844761001]]],[[[-82.236527010820438,28.535493955872049],[-82.236521454096362,28.535624298712737],[-82.23654295365462,28.535803074815092],[-82.236560330902577,28.53605075135853],[-82.236557393717902,28.536119609137447],[-82.236559337375184,28.536160861043104],[-82.236558751939569,28.536174613826429],[-82.236559721725257,28.536195239782682],[-82.236558833352532,28.536216097269055],[-82.236568857263322,28.536229335282218],[-82.23660656210869,28.536158429069641],[-82.236605052874054,28.536126402000558],[-82.23660601018517,28.536103932802323],[-82.236653161958031,28.536065200434354],[-82.236632025029323,28.536030092663246],[-82.23665813355818,28.535986306817389],[-82.236646710635199,28.535743871568464],[-82.236689541199539,28.535651267590943],[-82.23667947197481,28.535437567914435],[-82.236634812809427,28.535363394320544],[-82.236619771605532,28.535335380099028],[-82.236572339608216,28.5352809925607],[-82.236557297408837,28.535252977431188],[-82.236533628015295,28.535246411671096],[-82.23652471211831,28.535445156449164],[-82.236527010820438,28.535493955872049]]],[[[-82.231923289357667,28.520987436913039],[-82.231901183751091,28.521027199653272],[-82.23231632358204,28.521011958996318],[-82.232523247883279,28.520958062336369],[-82.232600364037694,28.520941707003001],[-82.232943855730582,28.520834716231359],[-82.233333186875413,28.520819692676461],[-82.233558766842066,28.520803337108806],[-82.233581607160232,28.520769965978722],[-82.233534085022782,28.520750265478902],[-82.233060246007881,28.520744257374769],[-82.233052773978159,28.520751414088103],[-82.232661104346633,28.520856674827964],[-82.232554832000432,28.520889786192154],[-82.232419781860372,28.520927794124646],[-82.232249881167107,28.5209567432676],[-82.232102883857962,28.520972532920272],[-82.232041151660766,28.520986940597215],[-82.231986431358393,28.520985113845455],[-82.231923289357667,28.520987436913039]]],[[[-82.242045627938055,28.53120131402337],[-82.241987504551417,28.53122306579532],[-82.241900612520098,28.531287843964982],[-82.241911240843692,28.531362090011296],[-82.24198907297064,28.531478478675059],[-82.242091156386024,28.531550373549511],[-82.242160585081933,28.531542621345697],[-82.242252933300378,28.531440271277614],[-82.242277855987894,28.531366459046239],[-82.242258975637981,28.531234574984342],[-82.242166261053939,28.531200267041935],[-82.242052533919278,28.531193660641254],[-82.242045627938055,28.53120131402337]]],[[[-82.22856386793157,28.525860831902062],[-82.228548192579694,28.52595687896623],[-82.228548716485676,28.525977613147059],[-82.228548281796293,28.525998241561123],[-82.228549969653187,28.52606502422768],[-82.228532918295443,28.526094409914091],[-82.228533268011617,28.526108282028705],[-82.228532978136684,28.526122155219273],[-82.228549002491064,28.526163262710597],[-82.228531666086198,28.526208293790837],[-82.22853365385258,28.526287175539245],[-82.228517859751122,28.526328202107759],[-82.228507934150102,28.526355382194371],[-82.22850722821785,28.526357311700114],[-82.2285015026103,28.526372990608902],[-82.228501660052174,28.526379194890829],[-82.228502750265008,28.526422327109159],[-82.228502808348537,28.52642462439016],[-82.228502783276411,28.526425790266284],[-82.228499795530425,28.526568285105657],[-82.228520667188462,28.526621807072132],[-82.228550359363197,28.526672479919419],[-82.228549794573496,28.526699581996478],[-82.228552064496895,28.526789421380894],[-82.228593339138882,28.52680938857409],[-82.228612175322667,28.526740597941703],[-82.22863370264723,28.526703510391275],[-82.228658408155553,28.526518060608502],[-82.22862703472606,28.526410798037237],[-82.228601673408988,28.525865603071264],[-82.228571457351876,28.52584005699957],[-82.22856386793157,28.525860831902062]]],[[[-82.235250873378973,28.533171044266709],[-82.235105213804061,28.533286426944436],[-82.235089346817546,28.533317866014297],[-82.23518071552391,28.533398754852946],[-82.235408399330623,28.533309793252283],[-82.235552008251858,28.533260741734814],[-82.235617697175286,28.533217330477097],[-82.235428211533161,28.533096390813064],[-82.235360851612853,28.533061913367643],[-82.235250873378973,28.533171044266709]]],[[[-82.248867216468966,28.520067133513233],[-82.248776283104235,28.520117674548512],[-82.248690191253885,28.520180829612389],[-82.248669024278982,28.52036359028914],[-82.248752163955174,28.520409367625543],[-82.248799299334536,28.520405937214591],[-82.248864587042348,28.52032528034491],[-82.248941944284823,28.520304551548808],[-82.249006152424442,28.520238455077084],[-82.249025473163897,28.520147219316925],[-82.248951822835352,28.520064521416614],[-82.248877921045093,28.520056115180555],[-82.248867216468966,28.520067133513233]]],[[[-82.234283447348048,28.528079016153733],[-82.234267311780869,28.528092257963625],[-82.234252365837904,28.528106573318734],[-82.234236230264628,28.528119816027257],[-82.234197737055297,28.528182033409877],[-82.234221375513613,28.528175385662632],[-82.2344171049442,28.528016458598753],[-82.23448683153164,28.528037906173576],[-82.234520039261781,28.528036693841372],[-82.234606845364453,28.527995933783693],[-82.234681892588824,28.527982065904975],[-82.234756187348538,28.528027019731706],[-82.234781070897114,28.528050653431226],[-82.234851782101018,28.528090805689239],[-82.234989874104684,28.528047781150093],[-82.235014493306466,28.527984458710531],[-82.234941560432091,28.527900798263506],[-82.234694292594696,28.527885781110474],[-82.234450312856779,28.527961770442388],[-82.234363244406168,28.528002652669961],[-82.234283447348048,28.528079016153733]]],[[[-82.234468177388706,28.527706243417104],[-82.234607459508766,28.527692815124688],[-82.234634303617113,28.527674451098346],[-82.234526109366428,28.527648034012131],[-82.234435598496319,28.527600031938221],[-82.234331291076728,28.527613829243901],[-82.234293239140968,28.527593643485122],[-82.234180827469643,28.527576983266091],[-82.234166703180961,28.527593203857293],[-82.234050605820968,28.52763374610905],[-82.233994115581083,28.527641215610448],[-82.233922383072453,28.527631979099255],[-82.233779134810746,28.527658937003384],[-82.233786337764087,28.527701428803532],[-82.233781728040626,28.527729358088408],[-82.233780807498974,28.527734931671016],[-82.233807341434613,28.527732899033889],[-82.233940799744119,28.527722677564562],[-82.234017396607584,28.52770685921497],[-82.234072131953198,28.527713909700836],[-82.234149965018091,28.527703609710912],[-82.234251207436571,28.527716650046781],[-82.234329496055366,28.527706295027606],[-82.234420380918408,28.527737670766065],[-82.234468177388706,28.527706243417104]]],[[[-82.228706289606592,28.528383781468364],[-82.228724656043397,28.528421031052073],[-82.228686709178845,28.528484669869144],[-82.228763465575341,28.528514192684472],[-82.228867218854873,28.52844366094175],[-82.228864357253258,28.528382776222802],[-82.228693062967423,28.528212308887184],[-82.228660112218151,28.528167429230081],[-82.228662349104937,28.528115023407189],[-82.22869337936234,28.52811605940164],[-82.228708417630386,28.528111978028782],[-82.228677105928256,28.52803356255728],[-82.228642792169524,28.52793845869131],[-82.228602667698212,28.527718725057397],[-82.228575462257297,28.527696545101684],[-82.228562851795729,28.527772201137459],[-82.228584489039264,28.527898671223273],[-82.228583417918969,28.527923611219286],[-82.22859977524287,28.527991993407092],[-82.228599173979489,28.528005975399729],[-82.228619963458641,28.528313408286934],[-82.228706289606592,28.528383781468364]]],[[[-82.238757040960365,28.524180938703932],[-82.238740818936037,28.524197015475604],[-82.238728131904182,28.524220770430752],[-82.238703977276501,28.524261275972648],[-82.238681784671982,28.52431283814477],[-82.238672346164279,28.52436860179829],[-82.238649714282445,28.524511389429481],[-82.238630769737483,28.524592510420888],[-82.238620380579249,28.52465081043454],[-82.238621399654619,28.524678682178806],[-82.238639618083312,28.524699766928258],[-82.238728683680421,28.524753669218153],[-82.238777484250107,28.524764564127121],[-82.238803283786126,28.524754382701634],[-82.238822119709027,28.524734364383477],[-82.23877173860626,28.524669978363768],[-82.23878536874966,28.524350170339236],[-82.23880666473687,28.524259376529731],[-82.238826993284775,28.524241631308161],[-82.238828844093334,28.524213754518598],[-82.238814066925187,28.524195452901804],[-82.238779992383371,28.524180053767541],[-82.238757040960365,28.524180938703932]]],[[[-82.236241015088737,28.521441261244508],[-82.236265401571004,28.521277768302209],[-82.236184888230895,28.521254944420928],[-82.236092823024919,28.52136745497042],[-82.236152618120428,28.521364195534851],[-82.236201286787264,28.521379527557649],[-82.236197916010099,28.521431197390783],[-82.235896162427281,28.521448427746289],[-82.235864281703925,28.521446804728772],[-82.235779151550531,28.521406140165936],[-82.235692114580459,28.52137675911818],[-82.235622953943334,28.521380531788196],[-82.23556321733119,28.521377479862579],[-82.235494326159539,28.521335161833143],[-82.235502038544595,28.521216915518121],[-82.235493435384242,28.521210153791689],[-82.235490222761001,28.521207629174405],[-82.235484582527008,28.521221599187584],[-82.235463411556296,28.521274030758981],[-82.235456591428203,28.521301859282527],[-82.235448865897808,28.52135535036707],[-82.235448921706222,28.521380470755755],[-82.235451974196337,28.521396450572855],[-82.235465815370404,28.521419263225578],[-82.235485244810945,28.521435976239569],[-82.235496462773341,28.521442427537639],[-82.235557273529651,28.521464016383749],[-82.235601253194972,28.521474978555442],[-82.235683109848296,28.521482539930638],[-82.235833113876041,28.52148180770125],[-82.235846033566446,28.521477979167358],[-82.235855077552714,28.521475298831611],[-82.235868431772445,28.52147299180346],[-82.235881790053128,28.521472968611423],[-82.235891710726662,28.521476757493431],[-82.235905504386892,28.521478636596473],[-82.235950329429926,28.521481984071375],[-82.236063236620339,28.521482168728728],[-82.236104606764258,28.521482477631306],[-82.236132617778239,28.521482428949646],[-82.236172724525744,28.521495299818252],[-82.236241015088737,28.521441261244508]]],[[[-82.228595797306554,28.522864683248475],[-82.228588695805797,28.522866680364693],[-82.228596731680625,28.52288672786062],[-82.228614880458579,28.522932002446787],[-82.228631088840942,28.522972433780666],[-82.228642450973766,28.522971477118634],[-82.228867158211074,28.522952550075971],[-82.228989051178345,28.522933590261282],[-82.229008643558714,28.522930542489373],[-82.229047669819622,28.522928638614079],[-82.229495930276656,28.522906768972298],[-82.229549564972558,28.522884304622984],[-82.229260786604556,28.522855261083613],[-82.229047535279705,28.522863082304106],[-82.229043935153399,28.522863214702518],[-82.228728790681217,28.522848503172398],[-82.228658413348768,28.522842013742022],[-82.228650939853409,28.522849171117691],[-82.228595797306554,28.522864683248475]]],[[[-82.244731357362625,28.520670459814792],[-82.244729687028482,28.520671380511953],[-82.244727953126514,28.52067220386996],[-82.244726161774196,28.520672924463689],[-82.244724321138463,28.520673539571423],[-82.244722438368939,28.5206740482779],[-82.244721617379298,28.52067423293342],[-82.244662499262162,28.520686771061001],[-82.244641469712349,28.520696654453442],[-82.244619594794855,28.520778493532422],[-82.244619391101423,28.520779213070881],[-82.244618822813194,28.520780878024592],[-82.24461872734588,28.52078112453761],[-82.244601769976839,28.520824145654849],[-82.244605376267458,28.520900648383552],[-82.244634615647513,28.520912763906637],[-82.244635088118812,28.520912964279606],[-82.244635857208849,28.520913310298923],[-82.244684494679603,28.520935936627318],[-82.2448450241735,28.520910946537338],[-82.244909693448207,28.520849045279174],[-82.244931092005032,28.52078530722126],[-82.244897316998532,28.520729217669885],[-82.244845205360733,28.520714748591288],[-82.244844615470157,28.520714579110507],[-82.244842772005612,28.520713969738093],[-82.244840977338853,28.520713255605283],[-82.244840210297099,28.520712911388138],[-82.244756651775631,28.520674048006622],[-82.244732142888651,28.520669960303465],[-82.244731357362625,28.520670459814792]]],[[[-82.232920316527995,28.522799172475779],[-82.233344010888473,28.522826781861944],[-82.233461402864748,28.522811753692086],[-82.233446497349362,28.522716591455762],[-82.233336601619754,28.522703807182332],[-82.23330871465032,28.522676351490542],[-82.233305387353468,28.522689490888361],[-82.233306505692525,28.522705550772883],[-82.233259185269659,28.522703134326875],[-82.233243616729908,28.522703993021757],[-82.233212472353941,28.522702395189942],[-82.233107034143771,28.52270813551436],[-82.233075566657817,28.522677154125549],[-82.232955487352982,28.522669691921376],[-82.232964446635151,28.522691607239171],[-82.232901585777711,28.522741417280727],[-82.232920316527995,28.522799172475779]]],[[[-82.238515966008535,28.526682959717228],[-82.238499267131246,28.526695719360003],[-82.238473094060296,28.526823883367214],[-82.238549777537017,28.526853937678652],[-82.238871487248815,28.526827762823661],[-82.238888552837565,28.526699870122442],[-82.238774740385921,28.526681739021708],[-82.238523156563929,28.526675560472103],[-82.238515966008535,28.526682959717228]]],[[[-82.230109743513125,28.532052257430667],[-82.230197861963191,28.532028659717451],[-82.230242478336322,28.53195846899013],[-82.230209198708806,28.531906029528866],[-82.230141687357417,28.531888202558502],[-82.230134494838524,28.531895600459155],[-82.23008665169661,28.531908412731962],[-82.22998768321419,28.531980991924257],[-82.229844756232197,28.532009919482448],[-82.229705599674872,28.532000284108431],[-82.229645022718188,28.532038365442709],[-82.229671030860814,28.532079348501217],[-82.229838424916281,28.532067180534096],[-82.230024485933484,28.532080066009303],[-82.230109743513125,28.532052257430667]]],[[[-82.25289416703788,28.522970824829809],[-82.252933094673395,28.522971450778158],[-82.252992097165446,28.522970279754993],[-82.253112873970323,28.522942699212734],[-82.253111531414049,28.522890057838548],[-82.253085741454399,28.522886793366013],[-82.252480944877163,28.522897831885345],[-82.252389703518062,28.522918004669144],[-82.252389422407319,28.522918371544613],[-82.252364878007924,28.522950334989051],[-82.252382099342256,28.522953270819905],[-82.25241996808704,28.522959726244949],[-82.252499782740486,28.522973331512247],[-82.252598329672097,28.522971375205188],[-82.25274625469828,28.522973759305337],[-82.25289416703788,28.522970824829809]]],[[[-82.229432312859743,28.531029027762813],[-82.229448220991799,28.531110786972842],[-82.229525951016953,28.531125132912916],[-82.229620334201854,28.53116136687613],[-82.229695594817358,28.531074928275171],[-82.229717859494116,28.531026611416269],[-82.229694830865895,28.530975175037856],[-82.229614295770048,28.53093282055336],[-82.229423301230156,28.530926790754869],[-82.229412337075203,28.530968951614884],[-82.229432312859743,28.531029027762813]]],[[[-82.235889530002609,28.536409168875771],[-82.235874956527056,28.536464979965839],[-82.235843982440755,28.536541689911019],[-82.235864597485943,28.536607270053612],[-82.236015626628927,28.536723132476865],[-82.236076990769902,28.536674518376884],[-82.236062191280396,28.536628897091191],[-82.236025675851181,28.536569830680598],[-82.236038108793494,28.536379325495517],[-82.235983094868871,28.536382308604519],[-82.235944394954814,28.536375083075423],[-82.235937062285927,28.536382361509425],[-82.235889530002609,28.536409168875771]]],[[[-82.234507142407494,28.52217286835948],[-82.234482656013299,28.522190473034804],[-82.234483111962305,28.522396541599814],[-82.234504357932167,28.522412312271467],[-82.23451964223112,28.522429848298987],[-82.234532293426184,28.522455584902513],[-82.234532680810247,28.522630626321998],[-82.234551927261805,28.522641716345845],[-82.234591698089744,28.522641647677261],[-82.234613548869419,28.522631072318127],[-82.234612605354883,28.522204884783381],[-82.234595972909716,28.522177398188319],[-82.234560165375981,28.522171020855097],[-82.234507142407494,28.52217286835948]]],[[[-82.230468792481233,28.521058362407686],[-82.230311959500042,28.521073361010814],[-82.230313426037583,28.521104595137135],[-82.230558978686659,28.521304761788667],[-82.230605499399076,28.521318877684362],[-82.230624188451856,28.521190554508649],[-82.23058810213287,28.521069870649121],[-82.230476264707988,28.521051205835658],[-82.230468792481233,28.521058362407686]]],[[[-82.24853853533584,28.523432417342857],[-82.248823531488355,28.52341689502698],[-82.248862462458078,28.52341887836393],[-82.248878030962246,28.52341801787939],[-82.248893603374228,28.523418821315524],[-82.249029935274748,28.523411386984904],[-82.249064398247995,28.523399827895137],[-82.248726707746471,28.523377106436438],[-82.248013757816892,28.523371883171524],[-82.247994270734168,28.52342015736561],[-82.24853853533584,28.523432417342857]]],[[[-82.22884936678534,28.523342948724082],[-82.228825083137593,28.523347130506046],[-82.228800399657914,28.523362980325299],[-82.228804288699664,28.523387816336566],[-82.228824357843862,28.523405850262233],[-82.228851236173639,28.523418978375648],[-82.228903667153673,28.523424159760175],[-82.228967168763219,28.523424429029927],[-82.229022165373749,28.523432994363777],[-82.229088657424001,28.52343702223164],[-82.229274891762088,28.523439314044211],[-82.229336779368879,28.52339768530592],[-82.229376717739967,28.52338048137694],[-82.229383203649519,28.52337114826215],[-82.22939358436129,28.523356210399683],[-82.229398954992632,28.523348481738502],[-82.228971683234434,28.523343872366027],[-82.228868113902266,28.523340658564326],[-82.22884936678534,28.523342948724082]]],[[[-82.239769653404267,28.523339061872363],[-82.239721815308968,28.523351877525066],[-82.239684526645846,28.523370342198877],[-82.239667246609599,28.523412705451555],[-82.239660861721688,28.523428358922608],[-82.239669325166659,28.523448589077852],[-82.239685606958247,28.523487507509103],[-82.239685833981326,28.523488051224586],[-82.239692172068303,28.523503200395439],[-82.239698017861414,28.523520226416572],[-82.239704007635368,28.523537669068258],[-82.239741559232129,28.523551854494656],[-82.239803438462133,28.523538121628597],[-82.239889139817365,28.523495694407657],[-82.239911136610786,28.523473053545203],[-82.239908830858539,28.523448320641798],[-82.239911874453796,28.523414016107125],[-82.239987764371165,28.523393683904981],[-82.240017716225637,28.523378818042509],[-82.239776843648528,28.523331663461473],[-82.239769653404267,28.523339061872363]]],[[[-82.251072005337136,28.522921090537707],[-82.250995235553731,28.522894991212159],[-82.250900957499454,28.522891875398205],[-82.250885388392263,28.522892441047553],[-82.25082310172948,28.522890380497042],[-82.250753040843776,28.5228929678239],[-82.250558394978583,28.522886504294124],[-82.250371363634045,28.522893402858685],[-82.250332622049456,28.522886316826622],[-82.25032515002205,28.522893474483322],[-82.250091627673427,28.522908032626802],[-82.25012455868044,28.522922368060872],[-82.250179461204752,28.52292034677237],[-82.250408125894495,28.52293493966074],[-82.250442438197439,28.522933681703758],[-82.251028245989005,28.522957041535577],[-82.251072005337136,28.522921090537707]]],[[[-82.238060051079202,28.524744753398153],[-82.23804133869281,28.524884412833245],[-82.237997134636231,28.524977624339897],[-82.237982923965546,28.52506824408416],[-82.238054423513375,28.525101290030605],[-82.238075174537414,28.525059998310518],[-82.238123405384655,28.524983284571036],[-82.238121009976027,28.524957585383444],[-82.23816926209814,28.524840824476872],[-82.238183467172448,28.524747344277021],[-82.238121147298799,28.524730894535583],[-82.238091066522827,28.524688671344634],[-82.238067117956462,28.52468234815063],[-82.238060051079202,28.524744753398153]]],[[[-82.236460947632622,28.527235845839954],[-82.23644602297351,28.527362068778189],[-82.236410315430106,28.52742194576085],[-82.236225858536642,28.527453382312366],[-82.236228919395657,28.527518349644794],[-82.236440997414121,28.527510553451418],[-82.236522559140525,28.52746077601606],[-82.236506676891054,28.527123656725212],[-82.236484309494898,28.527105431241743],[-82.236460947632622,28.527235845839954]]],[[[-82.235040423332336,28.520781869617043],[-82.235040481580924,28.520781875832711],[-82.235155730725197,28.520795884788612],[-82.235156153834325,28.520795948123048],[-82.23515654939068,28.520796025942751],[-82.235276519758401,28.520822959989292],[-82.235405791545091,28.520801196999642],[-82.235376423062206,28.520767728332412],[-82.234920888037934,28.52075435710589],[-82.234866564537441,28.520755440902583],[-82.234866411290596,28.520755442069838],[-82.234866259061391,28.520755441430659],[-82.23480412846385,28.520754423592706],[-82.234773141766638,28.520755037500319],[-82.234772989543444,28.52075503956808],[-82.23477283833391,28.520755038024657],[-82.234749635536915,28.520754662134625],[-82.234371257518589,28.520748631687582],[-82.234365893487734,28.520753577691114],[-82.234365791525363,28.520753669906576],[-82.234365436638527,28.520753964684484],[-82.234365060248976,28.520754237843107],[-82.234364665421651,28.520754489377165],[-82.234364252152602,28.520754717481957],[-82.23436382350279,28.520754920347503],[-82.234363380495864,28.520755098874407],[-82.234362925171169,28.52075525125445],[-82.234362458548347,28.520755376583512],[-82.23436198471407,28.520755474854532],[-82.234361728369436,28.52075551680478],[-82.234277776733492,28.520767736826247],[-82.234316276883618,28.520782433761294],[-82.234586217200246,28.520786840623124],[-82.234889670566162,28.520780839974464],[-82.23488982278937,28.520780837906571],[-82.234889973998946,28.520780839449866],[-82.234998818762563,28.520782609324012],[-82.235039301428444,28.520781816514631],[-82.235039938971809,28.520781828044587],[-82.235040423332336,28.520781869617043]]],[[[-82.232240641689017,28.533762139472998],[-82.23217934474296,28.53381068497221],[-82.232163286775091,28.533993178745533],[-82.232244565834861,28.534008886810053],[-82.232343358329629,28.53394769391543],[-82.232332751526016,28.533795542943324],[-82.232247974435353,28.533754862137663],[-82.232240641689017,28.533762139472998]]],[[[-82.253368184603346,28.522965845868423],[-82.253463150247853,28.522984711874976],[-82.253624221246895,28.522972982135776],[-82.253743869102578,28.522953582021437],[-82.253765414515428,28.522919941052887],[-82.253564618692678,28.522893308700205],[-82.253501760250771,28.522873053698849],[-82.253337677853622,28.52286699460857],[-82.253345033928895,28.522929373732282],[-82.253368184603346,28.522965845868423]]],[[[-82.231744914028852,28.534877003188683],[-82.23170387529774,28.534893255897348],[-82.231667274014114,28.534978084813055],[-82.231703844601824,28.535035702255861],[-82.231828897201908,28.535026611572079],[-82.231876479490651,28.534977647501055],[-82.231867190605143,28.534877895360317],[-82.231752106633564,28.534869604303143],[-82.231744914028852,28.534877003188683]]],[[[-82.229332884090439,28.533600285869625],[-82.229559434087378,28.533615562494528],[-82.229579338200566,28.533614481227353],[-82.229576348305585,28.533571511991784],[-82.229482977729916,28.533519294835731],[-82.229426903097902,28.533464086504456],[-82.22935089181091,28.533443493373937],[-82.229327217858113,28.533518912734216],[-82.229332884090439,28.533600285869625]]],[[[-82.247887085388854,28.522903434806473],[-82.247886959986204,28.522903547828768],[-82.24788652253666,28.522903912273218],[-82.247886058460139,28.522904249695809],[-82.24788557082168,28.522904560090932],[-82.247885060638751,28.522904841652071],[-82.247884530972158,28.522905092568909],[-82.247883983865265,28.522905312837747],[-82.247883422378877,28.522905500648278],[-82.247882847534683,28.522905655998645],[-82.247882262393489,28.522905777078588],[-82.247881669000762,28.522905864786704],[-82.247881070419439,28.522905918215038],[-82.247880759860777,28.522905932316895],[-82.247365078632214,28.522921267399358],[-82.247351922429033,28.52293965684337],[-82.247351911568543,28.522942445118638],[-82.24735193136263,28.522945235142796],[-82.247395045375598,28.522963612363405],[-82.247879879192325,28.52295398846854],[-82.247951194690444,28.52291728435863],[-82.247890724946728,28.522900078649648],[-82.247887085388854,28.522903434806473]]],[[[-82.224227669705684,28.523378334062052],[-82.224227761714815,28.523377878224036],[-82.224237518901163,28.523330588967038],[-82.224244557671767,28.523296479391419],[-82.224244564682252,28.523296412606022],[-82.224237366265683,28.523296116786703],[-82.224081637253974,28.523289698161125],[-82.224074444890846,28.523297096651692],[-82.223839788280841,28.523323966519062],[-82.223836745932914,28.523324563472542],[-82.223795489889099,28.523332656028554],[-82.22379649536785,28.523339494176426],[-82.22386060769702,28.523352244311766],[-82.223864414061993,28.523353000524374],[-82.223887196271846,28.523351351386488],[-82.224057864276233,28.523365882979107],[-82.224227669705684,28.523378334062052]]],[[[-82.22975691965766,28.523341833794124],[-82.22974670866428,28.52336104311561],[-82.229743924678033,28.523366279640992],[-82.229734862480811,28.523383327698532],[-82.229741426493362,28.523383644150979],[-82.230019358885855,28.523397028521533],[-82.230277948068988,28.523387538090052],[-82.230251611333927,28.523366068933374],[-82.229865705761441,28.52333044982112],[-82.229788624516459,28.523328565275648],[-82.22975691965766,28.523341833794124]]],[[[-82.244785982002895,28.523411727037573],[-82.245080432222608,28.523395698343254],[-82.245109414863933,28.523372910493556],[-82.245028665563993,28.523356470097383],[-82.244603757610264,28.523350562032988],[-82.244587058585296,28.523391927762397],[-82.244785982002895,28.523411727037573]]],[[[-82.235726686940993,28.53327392155883],[-82.235712462714091,28.533360257549678],[-82.235743659334005,28.533383906260283],[-82.235758139122851,28.533412405221526],[-82.235792148123977,28.533454595881004],[-82.235833523722278,28.533451583297023],[-82.235853633259197,28.533233963619349],[-82.235766089082205,28.533226232703392],[-82.235726686940993,28.53327392155883]]],[[[-82.229600417061448,28.532808568218563],[-82.229567514783582,28.532877893431671],[-82.229577760042787,28.532949495426031],[-82.229661536626622,28.532967766195668],[-82.229699896456893,28.532911753988021],[-82.229714482881562,28.532755087228949],[-82.229660811333986,28.532741627438966],[-82.229600417061448,28.532808568218563]]],[[[-82.251664537243514,28.522976009253782],[-82.251689648458864,28.522949454460555],[-82.251694879622505,28.522943923302336],[-82.251689369240012,28.522939434404478],[-82.251663285263049,28.522918183705862],[-82.251173489665035,28.522912268382179],[-82.25120422873556,28.522941447620127],[-82.251664537243514,28.522976009253782]]],[[[-82.227807499106291,28.523323837465551],[-82.227782888058897,28.523335903431025],[-82.227779034409778,28.523353088806847],[-82.227782969294097,28.523373696365486],[-82.227792079173383,28.523389141031224],[-82.227810255858714,28.52339999017083],[-82.227834900158086,28.523403384987251],[-82.227888296002035,28.523399746492021],[-82.22802955844368,28.523386778221688],[-82.228133073484386,28.523374253987942],[-82.22815121321635,28.523367924229586],[-82.228157678335918,28.523359324817271],[-82.228145340159273,28.523350183089093],[-82.227972197374754,28.523331021811771],[-82.227941716801226,28.523329338642231],[-82.227889842588624,28.523325990426944],[-82.22784120648744,28.523320917786986],[-82.227807499106291,28.523323837465551]]],[[[-82.246735545831783,28.522942695165774],[-82.246735124514615,28.522946040935285],[-82.2467351074486,28.522946170904397],[-82.246735020666165,28.522946635771273],[-82.246734901177376,28.522947095283449],[-82.246734821044569,28.522947344477064],[-82.24673409137543,28.522949458199108],[-82.246813652804647,28.522973088747918],[-82.247174704940775,28.522945194957781],[-82.247163824397987,28.522937037675096],[-82.246876709191312,28.522919630065793],[-82.24685308168597,28.522920920946852],[-82.246852061022381,28.522920920094364],[-82.246851810668986,28.5229209025023],[-82.246770379975075,28.52291410957671],[-82.2467658001449,28.522918658511021],[-82.246765484113624,28.522918955055232],[-82.246765151693438,28.522919233582225],[-82.246735545831783,28.522942695165774]]],[[[-82.229981657399094,28.532913124304457],[-82.229981599287143,28.532913183957788],[-82.229981134311089,28.532913624188254],[-82.22998063861904,28.532914035595613],[-82.2299805702756,28.532914088949816],[-82.229931469306635,28.532951592423757],[-82.2298929419416,28.533006159419163],[-82.229897901759898,28.533059402150464],[-82.229963739063393,28.5330546120273],[-82.230042157611052,28.532907753947473],[-82.229992385632571,28.532902088477627],[-82.229981657399094,28.532913124304457]]],[[[-82.223862751831433,28.52286502833563],[-82.223792698310149,28.522871442146286],[-82.223736754774833,28.522866498279811],[-82.223736680218849,28.522866511035478],[-82.223741451789238,28.522916499622831],[-82.22392553967714,28.522938653081056],[-82.223972434985711,28.522923665364591],[-82.223978928511201,28.522921590084959],[-82.223972315559308,28.522903897804348],[-82.223961028547379,28.522873703063603],[-82.223862751831433,28.52286502833563]]]]},"properties":{"OBJECTID_1":9,"OBJECTID":300,"WATERSHED":"EASTERN HERNANDO","COUNTY":"HERNANDO","FEMA_ZONE":"AE","FTYPE":"FLOODPLAIN","Shape_STAr":672196158.97099996,"Shape_STLe":3143356.9386100001,"Shape_Length":87191.903065481121,"Shape_Area":5287951.955486347}},{"type":"Feature","id":10,"geometry":{"type":"MultiPolygon","coordinates":[[[[-82.246428663535085,28.50322798258896],[-82.246316316858127,28.50327954984391],[-82.244545907273405,28.506268044587284],[-82.244481418305824,28.506438094840579],[-82.24444691852392,28.506507742547033],[-82.244427913860719,28.506531141285716],[-82.244448370597567,28.506525236508409],[-82.244495006929043,28.506511776176428],[-82.244523648777232,28.506485335411121],[-82.244588256221107,28.506442849293336],[-82.244595374176029,28.506432207698371],[-82.24461137227172,28.506408293691432],[-82.244593855840805,28.506338162965243],[-82.244591379856232,28.506296612382346],[-82.246243038275736,28.503629468038028],[-82.246271072464566,28.503609764047141],[-82.246324185774384,28.503606927359446],[-82.246329494342405,28.503596306094682],[-82.246342794721571,28.503569688812416],[-82.246372193620473,28.503510859109255],[-82.246379573046752,28.503481896518242],[-82.246384117109756,28.503464061441061],[-82.24638647569212,28.503454805363972],[-82.246393978377967,28.503442847347078],[-82.246394187024819,28.503442520317886],[-82.246395031785198,28.503441194135675],[-82.24640351357975,28.503427700347103],[-82.246410586640565,28.503406253988363],[-82.246413888349949,28.503396243640417],[-82.246416565855867,28.50338312582597],[-82.24642565986305,28.503338565698812],[-82.246431645099477,28.503309239277733],[-82.2464331611028,28.503301811085169],[-82.246434633678746,28.503294596828439],[-82.246440035133716,28.503268131014643],[-82.246449911219827,28.503248470737173],[-82.246457779141636,28.503232807904592],[-82.246466405590184,28.503215636770349],[-82.246474654804061,28.50319921527073],[-82.246428663535085,28.50322798258896]]],[[[-82.227130666116224,28.518006699391439],[-82.22712312961373,28.518034881534277],[-82.227111520802481,28.518078294020768],[-82.227101689689022,28.518115057731229],[-82.227093090486264,28.518131234084574],[-82.227083819708696,28.518148674848913],[-82.227091482930078,28.51814672740386],[-82.22717464086098,28.518125594328694],[-82.227230703973731,28.518079711761427],[-82.227273814782166,28.518037667775094],[-82.227347175095659,28.517999388296658],[-82.227411976252526,28.517999279852475],[-82.227519994560254,28.518006730185121],[-82.227649712632953,28.518059931992237],[-82.227714530219927,28.51806745454499],[-82.227775010928326,28.51806735316832],[-82.227865708404934,28.51805575479024],[-82.227939084925382,28.518025106134857],[-82.22804703761804,28.518002030580391],[-82.22815064616232,28.517967515932693],[-82.228232678914338,28.517944483752331],[-82.228297447159022,28.517929111701097],[-82.228383823975591,28.517917520237319],[-82.228465880289306,28.51790593508127],[-82.228564551044926,28.517915010994763],[-82.228642583780044,28.517932625308077],[-82.228641000325595,28.51792082253559],[-82.228624324743535,28.517796520383403],[-82.228645977852054,28.517771216358952],[-82.228703350176531,28.517704167278552],[-82.228653271226733,28.517734242048686],[-82.228576783039273,28.51775959682611],[-82.228407848287461,28.517796403511753],[-82.228344687879201,28.517799299737401],[-82.228275624915398,28.517826125329016],[-82.228206552678941,28.517849134865443],[-82.228124511783847,28.517868351910415],[-82.228068399908466,28.517891339616053],[-82.227977677976625,28.517891491867708],[-82.227917196347789,28.517891593335733],[-82.227791914651192,28.517891803431041],[-82.227644998789614,28.517876787321011],[-82.227541267299515,28.517854066667383],[-82.22748062293347,28.517777854716066],[-82.227346536732654,28.517701765641931],[-82.22720826929671,28.517690549720381],[-82.227027975142917,28.517676085045174],[-82.226944557718141,28.517669392713081],[-82.227026173944282,28.517703246067057],[-82.227029167066505,28.517716954973228],[-82.227034067889235,28.517739393629853],[-82.227043548682616,28.517782809672369],[-82.227054060208545,28.51783094598618],[-82.227060636625211,28.517861062639948],[-82.2270619283846,28.517866978088954],[-82.22706530738752,28.517882451344612],[-82.227074959491347,28.517900428964339],[-82.227082725287133,28.517914895084811],[-82.227098354165037,28.517934872245831],[-82.227120575336357,28.517963277157527],[-82.227129143772331,28.51797422998947],[-82.227129937049128,28.517991144105935],[-82.227130419923881,28.51800146527393],[-82.227130666116224,28.518006699391439]]],[[[-82.236358477132725,28.515994278857494],[-82.23658652054479,28.515795673724273],[-82.237087807432815,28.515542535568429],[-82.23732013049694,28.515434015909157],[-82.237555279165051,28.515339309492084],[-82.237532970712778,28.515285714646435],[-82.237509992593715,28.51523051298043],[-82.23750917807341,28.515228556305861],[-82.237486635280035,28.515192093867725],[-82.237254630982179,28.515336828148289],[-82.236667631955058,28.515575702108567],[-82.236276361710011,28.515763779361713],[-82.236060333017647,28.515861457883119],[-82.236046494594476,28.515868052832253],[-82.236124155239139,28.515849923246439],[-82.23624927423046,28.515836490854145],[-82.236256745699052,28.515829333963161],[-82.236302273555808,28.515841972506795],[-82.236342333098236,28.515942301837065],[-82.236301035133963,28.51602977251757],[-82.236169920114534,28.516124397046056],[-82.236358477132725,28.515994278857494]]],[[[-82.236169920114534,28.516124397046056],[-82.236028507044168,28.516129598467376],[-82.235950533780979,28.516105600556273],[-82.235883334568655,28.516137169520984],[-82.235829368356107,28.516047513721468],[-82.235851866281777,28.516019903386439],[-82.236037288367257,28.515872439805502],[-82.235840240658192,28.51596634927694],[-82.235505936905824,28.516085854250576],[-82.235403950889193,28.516093238041837],[-82.235278192577113,28.516061844752549],[-82.235344678981519,28.516175290283538],[-82.23540617737558,28.516385529512089],[-82.235438896874768,28.5165529795404],[-82.235440345904067,28.516610180563234],[-82.235486448963329,28.516496719573315],[-82.23564124543357,28.516384734042148],[-82.235865387114629,28.516265420010249],[-82.236169920114534,28.516124397046056]]],[[[-82.237902153026894,28.523393932233049],[-82.237820708102802,28.523455835160778],[-82.237799700082334,28.523472656516212],[-82.237811270950473,28.523475950587503],[-82.237826985373758,28.52348042489459],[-82.23780720139986,28.523549177863988],[-82.237808051991237,28.523582656204869],[-82.237807393419232,28.523614256693424],[-82.237807963488649,28.523629721043296],[-82.23780799990304,28.52362864718507],[-82.23784018730116,28.52347981886561],[-82.23790222235192,28.523424812276552],[-82.238003152083891,28.523390323700244],[-82.23809633599447,28.523366142614311],[-82.238236192261112,28.523365897433219],[-82.238399365963872,28.523369042823187],[-82.238597511466821,28.523375557330088],[-82.238815073514942,28.523378605786863],[-82.239028757849056,28.523385092348452],[-82.23918806936571,28.52339853667312],[-82.239303315390941,28.523410121095964],[-82.239348796686784,28.52341004097465],[-82.239407800384413,28.523411023436484],[-82.239468083253058,28.523433715019912],[-82.239518539794958,28.52345968137838],[-82.239568993907454,28.523484562197208],[-82.23960837439482,28.523505119526064],[-82.239637890283802,28.523511581517376],[-82.239661255827471,28.52351588239998],[-82.239682171999419,28.523524530602106],[-82.23969899248759,28.523534651440933],[-82.239704006613678,28.523537669070063],[-82.239698017861414,28.523520226416572],[-82.23969217206627,28.523503199493089],[-82.239685833981326,28.523488051224586],[-82.239685606958247,28.523487507509103],[-82.239669325164627,28.523448588175501],[-82.239660861721688,28.523428358922608],[-82.239667246609599,28.523412705451555],[-82.239684526643799,28.523370341296523],[-82.239668128171147,28.523373786517446],[-82.239619262593521,28.523384052105776],[-82.239518231564233,28.523373937178786],[-82.239428832664402,28.523353507687425],[-82.239304485242343,28.523340002061119],[-82.239172429900435,28.523353959326229],[-82.238943197056187,28.523344069609873],[-82.238702318656848,28.523337630697021],[-82.238511958568139,28.523337965033576],[-82.238344885035517,28.523327964261508],[-82.238189496726591,28.523331668417676],[-82.238034146938105,28.523352526873012],[-82.237902153026894,28.523393932233049]]],[[[-82.226007448177185,28.52469620407642],[-82.226038921727366,28.524709635506873],[-82.226055662127152,28.524717215352776],[-82.226097041171897,28.524735954143164],[-82.226073743368005,28.524714431296534],[-82.22606904774949,28.52469389534043],[-82.226073203249314,28.5246614435795],[-82.226124416569164,28.524591804412761],[-82.226149753718516,28.524520475795072],[-82.226213343714718,28.524458463394502],[-82.226272565255712,28.524340178756646],[-82.226274493074115,28.524248253290871],[-82.226255167888581,28.524150735272748],[-82.226223071148283,28.524040106638086],[-82.226201601932758,28.52393321226473],[-82.226223815706248,28.523890667434316],[-82.226285608258777,28.523802880593884],[-82.226272989748395,28.523806424380727],[-82.226257848165531,28.523810685223932],[-82.226218837829677,28.523821662290999],[-82.22619230201542,28.523829129195335],[-82.226155413178915,28.523854213640799],[-82.226123890645454,28.523875649069659],[-82.226119169098979,28.523878859363951],[-82.226097093219181,28.523882619196726],[-82.226045201874413,28.523891457428146],[-82.226005602136837,28.523898201594687],[-82.225986175275992,28.523904251675251],[-82.225984247601133,28.523904853139033],[-82.225959065280762,28.52391269943989],[-82.226040718943494,28.523953366909403],[-82.226135948197282,28.524023367841902],[-82.226178593259888,28.524100212147445],[-82.226206374716696,28.524178956268997],[-82.226225659813124,28.524257714532489],[-82.226225828019764,28.524336504627723],[-82.226175045767391,28.524428511436703],[-82.226111451763529,28.524488647843562],[-82.226064913553373,28.524578772465748],[-82.226031737810288,28.524617993206697],[-82.225996816576625,28.524635468437392],[-82.225958444120309,28.524638613787431],[-82.225893228019416,28.524628105210873],[-82.225989129281487,28.524685282746518],[-82.226007448177185,28.52469620407642]]],[[[-82.230501450197636,28.522956158555758],[-82.230708583940284,28.522964382884336],[-82.2306827073173,28.522948230569114],[-82.230670998200125,28.522930580659192],[-82.230669294982974,28.522913650978492],[-82.230683435236301,28.52289963876019],[-82.230700915636916,28.522888565232137],[-82.230729250043922,28.522884836433661],[-82.230798430077471,28.522879112633159],[-82.230727511198907,28.522879233094546],[-82.230660007194288,28.522891275868105],[-82.230616107413908,28.522889362520942],[-82.23051140501785,28.522875623289309],[-82.23040338219046,28.522887735581193],[-82.230232309279756,28.522890013475902],[-82.229615508766017,28.522881117078423],[-82.229508560046895,28.522869368744093],[-82.229260786604556,28.522855261083613],[-82.229549564972558,28.522884304622984],[-82.229495930276656,28.522906768972298],[-82.229047669819622,28.522928638614079],[-82.229008643558714,28.522930542489373],[-82.228989051178345,28.522933590261282],[-82.229075374464159,28.522932724659569],[-82.229449045998138,28.522933088463947],[-82.229802451138781,28.522930503260472],[-82.230225642357908,28.522929786768429],[-82.230396749911634,28.522943413620744],[-82.230501450197636,28.522956158555758]]],[[[-82.224934101772362,28.523186665090336],[-82.225011858992531,28.523208661919529],[-82.225044517016642,28.523227812515234],[-82.225058153334359,28.523249394863541],[-82.225058189020928,28.523266198343908],[-82.225058224709429,28.5232830027266],[-82.225033792094052,28.523297447393517],[-82.224964732645688,28.523303465835944],[-82.225220102806119,28.523305532304665],[-82.225409866819064,28.523306877903899],[-82.225408909564834,28.523306429220103],[-82.225399357814183,28.523294424879662],[-82.225390265224902,28.523269648834276],[-82.225392612710664,28.523248827752926],[-82.225398366701342,28.523223778027411],[-82.225422580275804,28.523205334448587],[-82.225455969367758,28.523187737381829],[-82.225438441720229,28.523187449743869],[-82.225336708828195,28.523185782241399],[-82.225264775489038,28.523184602152298],[-82.225132421584377,28.523182432126859],[-82.225000204503985,28.523185033366413],[-82.224993023367347,28.52318517429531],[-82.224992292892651,28.523185189040294],[-82.22499064792153,28.523185162889369],[-82.224984511460931,28.523185063867643],[-82.224961150822736,28.52318469017878],[-82.224938419223847,28.523185128460671],[-82.224929775393079,28.523185439644905],[-82.224934101772362,28.523186665090336]]],[[[-82.228432228996212,28.526511301751579],[-82.22849584553245,28.526564953963554],[-82.228499795530425,28.526568285105657],[-82.228502783276411,28.526425790266284],[-82.228502808348537,28.52642462439016],[-82.228502750265008,28.526422327109159],[-82.228501660052174,28.526379194890829],[-82.2285015026103,28.526372990608902],[-82.22850722821785,28.526357311700114],[-82.228507933128398,28.52635538219609],[-82.228507238116123,28.526355268766949],[-82.228465462915153,28.526396376928226],[-82.228412718767089,28.526421485936165],[-82.22835221060447,28.526429549080813],[-82.228276232874109,28.526429676775802],[-82.228191238110568,28.526428682616423],[-82.228157482820023,28.526427363232713],[-82.228108826304307,28.526420594316193],[-82.228082987143708,28.526412088854602],[-82.228082773171778,28.526422329964554],[-82.228081857093699,28.526466184726779],[-82.228095957540816,28.526490257360038],[-82.228098186949993,28.526494063331079],[-82.228148874191774,28.526490168498164],[-82.22829695683393,28.526485370076426],[-82.228369092134116,28.526494348109139],[-82.228432228996212,28.526511301751579]]],[[[-82.227453115149416,28.521754755771198],[-82.227459179564718,28.521759882690613],[-82.227457563241202,28.521729875978423],[-82.227484525015285,28.521713140088035],[-82.227522331888835,28.521717845692887],[-82.227576786975376,28.521726383649764],[-82.22759313617577,28.521728946906258],[-82.227584734577263,28.521727340361743],[-82.227556846184243,28.521718394266493],[-82.227464877293102,28.521688891677435],[-82.227402030822518,28.521668731029337],[-82.227366662481344,28.521656779057341],[-82.227339242385483,28.521647512701954],[-82.227315573527264,28.521639514181356],[-82.227278260574593,28.521626904018085],[-82.227238378959257,28.521620399824414],[-82.227188968973906,28.521612341465772],[-82.22717890403419,28.521610699778869],[-82.227117211365396,28.521593985846774],[-82.227083675970789,28.521584900206314],[-82.227083031945156,28.521584726227054],[-82.227122537478351,28.52161121361279],[-82.227152264960623,28.521625470655717],[-82.227200927050703,28.521656387679627],[-82.227236064296775,28.521675403668908],[-82.227236100086415,28.521692095259777],[-82.227206403246228,28.521692144926714],[-82.227145635293667,28.521703150523425],[-82.22717680757529,28.521706027427282],[-82.227278148939391,28.52170967035692],[-82.227367074374271,28.521736380884143],[-82.227453115149416,28.521754755771198]]],[[[-82.235765176687394,28.521549673950677],[-82.235763963563414,28.52157842668889],[-82.235802330486877,28.521523379097516],[-82.235865420894584,28.521531743538144],[-82.235926903704538,28.521528400962534],[-82.236033353377138,28.521533816042709],[-82.236154910198266,28.521572107119528],[-82.23615258618851,28.521547478845751],[-82.236156401671948,28.521519306302832],[-82.236172723504083,28.521495299820028],[-82.236132617778239,28.521482428949646],[-82.236104606764258,28.521482477631306],[-82.236063235598664,28.5214821687305],[-82.235950329429926,28.521481984071375],[-82.235905504386892,28.521478636596473],[-82.235891710726662,28.521476757493431],[-82.235881790053128,28.521472968611423],[-82.235868431772445,28.52147299180346],[-82.235855077552714,28.521475298831611],[-82.235846033566446,28.521477979167358],[-82.235833113874037,28.521481806798914],[-82.235683109848296,28.521482539930638],[-82.235727120531791,28.521489983750183],[-82.235752151998483,28.521506307116805],[-82.235762093661663,28.521519991127331],[-82.235765176687394,28.521549673950677]]],[[[-82.251694879622505,28.522943923302336],[-82.251689648458864,28.522949454460555],[-82.251664536221838,28.522976009255675],[-82.25169017751918,28.52296830984427],[-82.251723078823431,28.522958429536779],[-82.251826391098277,28.522945382323304],[-82.25203452751856,28.522942425567578],[-82.252380601508349,28.522955825442221],[-82.25241996808704,28.522959726244949],[-82.252382099342256,28.522953270819905],[-82.252364878007924,28.522950334989051],[-82.252389421385644,28.522918371546506],[-82.252034490829871,28.52292699909626],[-82.251688794041456,28.522918789750253],[-82.251663285263049,28.522918183705862],[-82.251689369240012,28.522939434404478],[-82.251694879622505,28.522943923302336]]],[[[-82.224237518901163,28.523330588967038],[-82.22422776171291,28.523377877321703],[-82.224239165271555,28.523374247299728],[-82.224272863404536,28.5233635223017],[-82.224346236805204,28.52335619950928],[-82.224410105133515,28.523354526644432],[-82.224385493370534,28.523351966727496],[-82.224370069210053,28.523327483505692],[-82.22444730228338,28.523323909860093],[-82.224478427003064,28.523322469720288],[-82.224451310021294,28.523322782521578],[-82.224340709965261,28.523312997857975],[-82.224305363825835,28.523308254823181],[-82.224244557671767,28.523296479391419],[-82.224237518901163,28.523330588967038]]],[[[-82.229743924678033,28.523366279640992],[-82.22974670764259,28.523361043117337],[-82.22975691965766,28.523341833794124],[-82.229788624516459,28.523328565275648],[-82.229748656913884,28.523335544862537],[-82.229732764124662,28.523341943222132],[-82.22970501455849,28.523353015942199],[-82.229640071342047,28.523359796796843],[-82.229553955103739,28.523355939516083],[-82.229398954992632,28.523348481738502],[-82.22939358436129,28.523356210399683],[-82.229383203649519,28.52337114826215],[-82.229376717739967,28.52338048137694],[-82.229398471404636,28.523374287921627],[-82.229443331301866,28.523370802190289],[-82.229460326003334,28.52337077348713],[-82.229519235665933,28.523368005730404],[-82.22957966795785,28.523370571864938],[-82.229614413406921,28.523370513144553],[-82.229658233786779,28.523375776466896],[-82.22968844704441,28.523375725389016],[-82.229723191473227,28.523375666642529],[-82.229734862480811,28.523383327698532],[-82.229743924678033,28.523366279640992]]],[[[-82.223978928511201,28.522921590084959],[-82.224130248882361,28.522906011424162],[-82.224073179093949,28.522899947934768],[-82.224098812385165,28.52288654367203],[-82.22408885462518,28.52288102599152],[-82.223972135595531,28.522874339858337],[-82.223961028547379,28.522873703063603],[-82.223972314537633,28.522903897806032],[-82.223978928511201,28.522921590084959]]],[[[-82.223836745932914,28.523324563472542],[-82.223794507221029,28.523325975754144],[-82.223795489889099,28.523332656028554],[-82.223836745932914,28.523324563472542]]],[[[-82.223796495365946,28.52333949327409],[-82.223798677339161,28.523354323392205],[-82.223860607695116,28.523352243409413],[-82.223796495365946,28.52333949327409]]]]},"properties":{"OBJECTID_1":10,"OBJECTID":301,"WATERSHED":"EASTERN HERNANDO","COUNTY":"HERNANDO","FEMA_ZONE":"A","FTYPE":"TRANSITION ZONE","Shape_STAr":6865155.1043100003,"Shape_STLe":287413.01767600002,"Shape_Length":13209.31263556416,"Shape_Area":172434.92772990832}},{"type":"Feature","id":11,"geometry":{"type":"MultiPolygon","coordinates":[[[[-82.233373903735398,28.503060130870232],[-82.233373287194141,28.503060795156983],[-82.233372594025354,28.503061452356498],[-82.233371852753265,28.503062067228079],[-82.233371068483351,28.503062638860637],[-82.233370243248643,28.503063162738915],[-82.233369381135134,28.503063638855906],[-82.233368485199293,28.503064063596934],[-82.233367560546625,28.503064436050902],[-82.233366609214116,28.503064753507228],[-82.233365782304688,28.503064980514811],[-82.233321076540463,28.503076058731832],[-82.233325992425065,28.503105057274507],[-82.233326026606662,28.503105271975414],[-82.233326128677831,28.503106165127864],[-82.233326163340664,28.503107062907805],[-82.233326132628193,28.503107960799976],[-82.233326034489494,28.50310885519848],[-82.23332600125282,28.50310907001511],[-82.233322707920195,28.503129018532409],[-82.233322577622985,28.503129689203035],[-82.233322348691942,28.503130564876674],[-82.233322055371318,28.503131424418541],[-82.233321699700156,28.503132266020419],[-82.23332128166652,28.503133084268214],[-82.23332080433093,28.503133877351985],[-82.233320268704929,28.503134640758205],[-82.233319678868511,28.503135371772853],[-82.23331903481575,28.503136067688882],[-82.23331834164415,28.503136723985762],[-82.233317600371237,28.503137338857059],[-82.233316853838019,28.503137884256351],[-82.233276746083462,28.50316535570094],[-82.233262293439836,28.503211549304002],[-82.233273517005443,28.503219167541889],[-82.233274272069849,28.503219713973142],[-82.233275015021292,28.50322032629682],[-82.23327571209893,28.503220981109724],[-82.23327633053573,28.503221642374058],[-82.233295697584452,28.503243715834181],[-82.233328702430867,28.503265706324857],[-82.233426221560876,28.50315112165109],[-82.233446537341138,28.503079333596936],[-82.233406634365707,28.503052226016052],[-82.233385310502953,28.503047024484516],[-82.233373903735398,28.503060130870232]]],[[[-82.228294998543262,28.505344924043179],[-82.228293917695567,28.505345358987224],[-82.228292806064573,28.505345729916073],[-82.228291670800928,28.505346036817659],[-82.228290513941786,28.505346276981562],[-82.228289342635833,28.505346449493363],[-82.228288907571212,28.505346496244037],[-82.228158471868667,28.505359066656482],[-82.228112318455729,28.505412092284832],[-82.228166244049135,28.505476096663479],[-82.228272535772305,28.505490299849733],[-82.228336567406998,28.505416735497551],[-82.228328022159161,28.505366316550351],[-82.228295895536505,28.50534449752908],[-82.228294998543262,28.505344924043179]]],[[[-82.230591981168928,28.510746586786574],[-82.230704125147767,28.51070878017202],[-82.230757815046545,28.510647973472096],[-82.230803243506386,28.510591868491939],[-82.230901008597101,28.510493022286159],[-82.230932587217779,28.510430185799503],[-82.230992022354513,28.510369020032808],[-82.231124098648166,28.510303622313373],[-82.231209376799171,28.510286367784943],[-82.231295485431403,28.51025224505744],[-82.231380896459157,28.510198542461218],[-82.231472400541094,28.510191887002417],[-82.231498387871341,28.510193682627619],[-82.231586918433536,28.510158614438499],[-82.231617346154977,28.510098062699338],[-82.231687432185026,28.510079289842235],[-82.2316723151514,28.509917059488057],[-82.231674792740947,28.509889149177326],[-82.231642328479921,28.509848862238488],[-82.231607888694157,28.509781047948721],[-82.231544054163408,28.509776617001943],[-82.231461983015024,28.509796619348563],[-82.231344051164655,28.509752985784846],[-82.231245683242065,28.509745888383232],[-82.23123147666783,28.509760509879033],[-82.23104202798676,28.509835567464869],[-82.230988508778168,28.509876458216688],[-82.230888023451328,28.509986347565508],[-82.230791411075771,28.510024625151125],[-82.230725419972387,28.510070451179477],[-82.230610396350045,28.510143703411782],[-82.230482744693219,28.510241230337446],[-82.230461173625713,28.510263425938483],[-82.230385827752244,28.510320991001382],[-82.230349351184685,28.510393572928017],[-82.230304688999681,28.510427692499032],[-82.230289788492669,28.510515184372213],[-82.230252750860757,28.510574081275031],[-82.230275819761829,28.510684581000795],[-82.230322010408642,28.510702699517612],[-82.23039146379233,28.510746026342424],[-82.230530430501716,28.510726734836531],[-82.230591981168928,28.510746586786574]]],[[[-82.226512576044655,28.513728250960373],[-82.226574791770716,28.513706525124398],[-82.226633372743535,28.513692017805965],[-82.226696959656493,28.513657988791653],[-82.226661426870308,28.51355110875928],[-82.226535721946846,28.513474206253562],[-82.226491567390596,28.513423864656694],[-82.226412502921889,28.513404564308349],[-82.226255969824152,28.513398526630315],[-82.226249206104981,28.513406299907423],[-82.226218233761216,28.51342750346091],[-82.226192104862093,28.513484179349788],[-82.226219886395938,28.513631790055946],[-82.226265336613906,28.513662656868441],[-82.22631206549795,28.513679459312993],[-82.226362493404864,28.513706221133148],[-82.226431237657749,28.513723001298096],[-82.226451271609207,28.513720349293251],[-82.226512576044655,28.513728250960373]]],[[[-82.229610865236069,28.514106852839021],[-82.229615641191486,28.514072412000079],[-82.229569324924213,28.514077579510658],[-82.229564747209892,28.514045531265179],[-82.229625379826558,28.514012862108107],[-82.229686612586164,28.513945060721568],[-82.229778590169062,28.513955004319069],[-82.229813059505176,28.513902986916317],[-82.229768704166034,28.513880057416785],[-82.229704683050855,28.513867944229229],[-82.229666573172736,28.51384661573525],[-82.229638471361383,28.513908049190089],[-82.22950983440164,28.513924798473067],[-82.229548525033536,28.513982682028335],[-82.229488772704201,28.514025112187973],[-82.229512502309717,28.51408594824187],[-82.229534758965031,28.51408835511344],[-82.229550764571954,28.514086568493507],[-82.229610865236069,28.514106852839021]]],[[[-82.256603674204001,28.513743987932891],[-82.256630752036926,28.513771614544932],[-82.256665648480279,28.51384030762231],[-82.256749757583734,28.513873266735462],[-82.256765958451354,28.513995753446672],[-82.256861721064851,28.51401100262531],[-82.256920343107353,28.514071176824718],[-82.256881788516779,28.514132515594767],[-82.256671422830891,28.514148450665655],[-82.25665702207516,28.514153809846171],[-82.256799824739204,28.514226166494304],[-82.256864712827024,28.514185352427607],[-82.256948439214497,28.514152157334223],[-82.25703163319389,28.51409111039413],[-82.257028199382319,28.514054360610686],[-82.256982441370198,28.513997613614528],[-82.25696787316808,28.513933877583725],[-82.257089622339379,28.513909205366613],[-82.257120964897595,28.513816536192191],[-82.257168848152716,28.513740340570145],[-82.257216365345627,28.513680878781795],[-82.257230609634561,28.513611072274095],[-82.257247203058384,28.513557054227988],[-82.257261483386088,28.513502113846382],[-82.257167835700017,28.513405934681359],[-82.257135735262764,28.513342755204768],[-82.257058305615757,28.513284093815951],[-82.257060414664551,28.513260279543932],[-82.256989998029809,28.51323268084457],[-82.256942178212881,28.513206449754204],[-82.256933242198244,28.513215651661021],[-82.256840483884176,28.513240510773478],[-82.256791544645978,28.51327130298284],[-82.256797924394618,28.513339593329842],[-82.256731305145422,28.513390509727873],[-82.256608990947527,28.513438992972677],[-82.256532605839269,28.513517646070348],[-82.256477285405069,28.513627779318607],[-82.256446009150253,28.513677540629988],[-82.256469082252551,28.513695022504699],[-82.256484617175801,28.513710879938433],[-82.256543668186794,28.513706578859445],[-82.256603674204001,28.513743987932891]]],[[[-82.243333264893934,28.514189737386427],[-82.243298832533171,28.514231860252966],[-82.243361217789484,28.514279141730402],[-82.243470241983374,28.514296511560449],[-82.243515859455357,28.51432495488427],[-82.243594890796686,28.514337543573205],[-82.243638632933127,28.51435899340056],[-82.243659760229548,28.514400586306078],[-82.243719665147907,28.514433583362848],[-82.243753833134505,28.514468465551754],[-82.243868112871283,28.514460149283568],[-82.243829529144179,28.514399355965427],[-82.243812009829838,28.514348327964765],[-82.243788912061973,28.514330830442905],[-82.24381138634152,28.514238919226678],[-82.243749144447165,28.514214521278699],[-82.243734696795883,28.514199774833202],[-82.243686804777099,28.514187129482217],[-82.243654247669625,28.514153896587704],[-82.243531884181053,28.514173709558769],[-82.243464613465719,28.514169062091856],[-82.243407510045543,28.514187697746937],[-82.243383780666917,28.514186060979203],[-82.243333264893934,28.514189737386427]]],[[[-82.239924886081724,28.514179545097836],[-82.239876921953908,28.51424544444297],[-82.239808217503779,28.514374690116753],[-82.239808181898908,28.514374756953462],[-82.239808118804845,28.514374865346731],[-82.239628413690326,28.514676159231708],[-82.239583662584778,28.514760353352763],[-82.239583625956016,28.514760419288862],[-82.239583563883087,28.514760527680238],[-82.239519209627971,28.514868461061091],[-82.239467061678852,28.514966567068306],[-82.239467026071551,28.514966633002572],[-82.23946696297881,28.514966742298032],[-82.239442940988226,28.515007029413994],[-82.239412653194307,28.515076149507614],[-82.239412614566959,28.515076235298867],[-82.239412556604535,28.515076354511109],[-82.23933959513522,28.515220125336477],[-82.239339523926404,28.515220259911978],[-82.23933946185295,28.51522036830324],[-82.23931886757299,28.515254912221266],[-82.239304001951723,28.515282891381386],[-82.239303965322605,28.515282957317385],[-82.239303816724245,28.515283203920472],[-82.239303650736176,28.515283440628334],[-82.239303467360429,28.515283668343319],[-82.239303267612513,28.51528388435662],[-82.239303052511985,28.515284087764034],[-82.239302917918693,28.515284202599457],[-82.239287267248557,28.515297049839013],[-82.239203353626891,28.515417661226781],[-82.239179850097926,28.515461883429563],[-82.239179814492317,28.515461950266101],[-82.239179751396961,28.515462058659082],[-82.239140737555132,28.51552748629496],[-82.239151950393676,28.515547243350881],[-82.239242408549558,28.515422980396391],[-82.239242450309192,28.515422924377209],[-82.239242632667768,28.51542269846879],[-82.239295775057187,28.515361243329806],[-82.239371170206113,28.515242378499796],[-82.239434181058215,28.515086339705455],[-82.239434214591796,28.515086260239613],[-82.239492944378711,28.514949511263254],[-82.239492994184459,28.514949399284131],[-82.239493124374732,28.514949144592133],[-82.239493186449906,28.51494903710315],[-82.239567044471528,28.514825146075335],[-82.239632705792104,28.514701619572907],[-82.239632741399205,28.514701553638602],[-82.239632892033072,28.514701304324518],[-82.239713972136215,28.514577272343505],[-82.239728694889763,28.514535900718023],[-82.239728726369577,28.514535816744001],[-82.239728837134095,28.51453555576958],[-82.239728966301698,28.514535301079153],[-82.239729116935109,28.514535051764959],[-82.239849649331518,28.514350656905169],[-82.239876011920941,28.514301071383208],[-82.239876047527758,28.514301005448857],[-82.239876110621722,28.514300897055538],[-82.239930255249305,28.514210081050098],[-82.239936343465558,28.514170131409152],[-82.239924886081724,28.514179545097836]]],[[[-82.235883335588255,28.516137168616879],[-82.235950533780979,28.516105600556273],[-82.236028507042164,28.516129597565019],[-82.236169921136153,28.51612439704428],[-82.236301035133963,28.51602977251757],[-82.236342334119854,28.515942301835285],[-82.236302274575408,28.515841971602669],[-82.236256746718652,28.515829333059049],[-82.23624927423046,28.515836490854145],[-82.236124155239139,28.515849923246439],[-82.236046495614062,28.515868051928148],[-82.236041272764197,28.515869271051713],[-82.236037289388861,28.515872439803726],[-82.235851867303381,28.516019903384667],[-82.235829368354104,28.516047512819132],[-82.235883335588255,28.516137168616879]]],[[[-82.252355237180666,28.525371651373202],[-82.252353699180361,28.525445730646883],[-82.2523921092031,28.525480885133479],[-82.252480161995578,28.525422988414597],[-82.252478337401911,28.525351452790424],[-82.252516340255369,28.525319070894952],[-82.25248663193409,28.52526840245077],[-82.252527108875825,28.525282133132485],[-82.252571729120234,28.525322983373158],[-82.252637116050053,28.525304462922829],[-82.252689373036404,28.525214401680287],[-82.252588209564507,28.52519282067928],[-82.252605954327947,28.525103159305758],[-82.252665914360264,28.525130282453837],[-82.252695901449613,28.525157730231317],[-82.25272114013022,28.525137391290063],[-82.252681448669506,28.525103850870909],[-82.252680723954299,28.525075435489171],[-82.252736782652889,28.525042818722788],[-82.252711947553038,28.524979182646003],[-82.252712516497368,28.524951704201296],[-82.252696474144429,28.524951452510422],[-82.252666421153918,28.524952045305938],[-82.252603884667323,28.524915996413537],[-82.252602345826418,28.524855498672945],[-82.252603109023298,28.524818633647044],[-82.252563779534583,28.524807439156849],[-82.252556166212003,28.524814463649406],[-82.252540316068689,28.524827975993126],[-82.252509546737201,28.52485636961061],[-82.252436829446992,28.524855202665726],[-82.252332327027332,28.524928694508286],[-82.252383998024641,28.525016817438253],[-82.252260421474048,28.525103721060205],[-82.252326676878923,28.525122573480914],[-82.252297944453701,28.525197213993774],[-82.252369966250399,28.52521770788179],[-82.252339184034199,28.525241186396528],[-82.252316306138795,28.525240812908006],[-82.252246054768435,28.52536187598961],[-82.252264327177272,28.525382134051561],[-82.252354126124331,28.525328127800737],[-82.252355237180666,28.525371651373202]]],[[[-82.250373904062229,28.526116407429036],[-82.250364040549627,28.526135049158277],[-82.250403846338969,28.526182957217362],[-82.250436833948768,28.526134766995931],[-82.250437135383109,28.526134346848629],[-82.250437630483759,28.526133732339574],[-82.250438171635977,28.526133149327809],[-82.250438753731217,28.526132597822702],[-82.250439375754169,28.526132080533191],[-82.250439821460702,28.526131749452304],[-82.250495246285581,28.526092378903137],[-82.250495458453386,28.526092231429278],[-82.250496152176808,28.526091790706836],[-82.250496875625771,28.52609139053521],[-82.250497627784995,28.526091033623313],[-82.250498405593603,28.526090721781507],[-82.250499203940919,28.526090454116847],[-82.250500019770342,28.526090234244368],[-82.250500851036335,28.526090061265482],[-82.250501693656332,28.526089936992438],[-82.250502542521772,28.526089861434606],[-82.250503396610952,28.52608983459394],[-82.250504249797899,28.526089858286358],[-82.2505051000349,28.526089930711013],[-82.250505942213437,28.526090051877258],[-82.250506774290074,28.526090221788905],[-82.250507592173719,28.526090438648787],[-82.250508391779661,28.526090703366794],[-82.250509170034277,28.52609101233919],[-82.250509924896221,28.526091366472112],[-82.250510010826474,28.526091411431029],[-82.250555405841098,28.526114860032852],[-82.250601066440339,28.526109762365866],[-82.250639588559224,28.526071506657356],[-82.250537760562665,28.525999800857107],[-82.250470467576022,28.525992488700716],[-82.250436253113421,28.526033400150578],[-82.250423075326069,28.526061181555825],[-82.2504227549571,28.526061803863847],[-82.250422353975495,28.526062469633153],[-82.250421904915967,28.526063111127712],[-82.250421408791723,28.526063724736243],[-82.250421247794606,28.526063908209562],[-82.250373904062229,28.526116407429036]]],[[[-82.235958218820315,28.528035922276381],[-82.235958137182465,28.52803596753558],[-82.235958160921612,28.528046626928841],[-82.235983687109126,28.528065537304581],[-82.236078926337328,28.528068926168441],[-82.236187568268548,28.528067551629803],[-82.236261328609658,28.528062686035913],[-82.236332381080018,28.528047163874071],[-82.236403418691737,28.528024533907523],[-82.236454327861651,28.527997201616557],[-82.236454367219721,28.52799698227755],[-82.236462278199028,28.52795335803841],[-82.236462005899327,28.527831349359815],[-82.236464497583995,28.527746056009804],[-82.23645498204688,28.527689212930369],[-82.236441518608842,28.527666730907924],[-82.236377105926664,28.527652627419481],[-82.236310041916525,28.52765274410045],[-82.236276529419627,28.527661092264143],[-82.236268502422192,28.52767058358496],[-82.23626069106291,28.527679183010623],[-82.236259506582499,28.52768271595777],[-82.236259434516839,28.527682929939537],[-82.236259186389688,28.527684373225277],[-82.236259148045008,28.527684588953093],[-82.23625914139194,28.52768481274693],[-82.236259445582661,28.527819853983548],[-82.236254397458211,28.527962009612871],[-82.236239809063505,28.528000914443545],[-82.236239729839468,28.528001125730718],[-82.236204899470948,28.528020140114855],[-82.236070780514922,28.528025109683398],[-82.236015783740868,28.52802283658551],[-82.235982251617799,28.528022894841634],[-82.235958218820315,28.528035922276381]]],[[[-82.234003358541543,28.52784633494926],[-82.233937488994002,28.52789142412761],[-82.2339537966851,28.527987591740477],[-82.233923618773218,28.528079675975199],[-82.233947874128617,28.528115034212991],[-82.234020330684828,28.528105454606262],[-82.23415075489217,28.528002306252851],[-82.234172872375339,28.527954244271022],[-82.234066256512463,28.527846884396723],[-82.234010122602854,28.527838561300605],[-82.234003358541543,28.52784633494926]]],[[[-82.254121694058213,28.528043848910066],[-82.254013047784312,28.528060744634683],[-82.253888324803441,28.528126795903351],[-82.253809086866028,28.528156448923934],[-82.253745832469122,28.528197446127859],[-82.253717386525295,28.528271321180974],[-82.253782987300738,28.528317517017165],[-82.253858988057374,28.528331596899722],[-82.254016194564201,28.528299756964586],[-82.254073778933517,28.52826243647711],[-82.254150410274022,28.528242940486624],[-82.254182645111669,28.528207225731947],[-82.254281635622732,28.5281918241865],[-82.254311350521121,28.528129173643269],[-82.254300953937658,28.528056620035617],[-82.25418225288557,28.52804373560695],[-82.254128598955987,28.528036194014849],[-82.254121694058213,28.528043848910066]]],[[[-82.251614801806028,28.528076019056439],[-82.251581962846345,28.528088300367852],[-82.251493303289209,28.528138355317644],[-82.251463558102742,28.52817129913549],[-82.251443959415013,28.528261796624101],[-82.251562063037611,28.528344974690743],[-82.251717369513798,28.528327618189763],[-82.251792958767354,28.52824389277648],[-82.251783379485516,28.528177032167925],[-82.251709756356533,28.528088412837185],[-82.251621706890162,28.52806836518986],[-82.251614801806028,28.528076019056439]]],[[[-82.235818856193418,28.531996240070569],[-82.235681932363292,28.53206221552578],[-82.235663407559869,28.532117295362848],[-82.235741395696451,28.532170246923968],[-82.23581666963976,28.532197296762398],[-82.236035217456489,28.53215911331845],[-82.236146489930874,28.532146914178945],[-82.236139767154398,28.532107255072486],[-82.236080770806041,28.532086058621392],[-82.236014032564611,28.532050667237034],[-82.235941515198022,28.532037282377605],[-82.23587872607672,28.531996338239949],[-82.235825621405255,28.531988466333701],[-82.235818856193418,28.531996240070569]]],[[[-82.239478960476021,28.533628905435862],[-82.239401494706129,28.533658734626588],[-82.239337604207137,28.533726934714061],[-82.239344119522883,28.533782279509314],[-82.239420878990884,28.533929049908426],[-82.239580601630522,28.533982150202863],[-82.239652108579335,28.533899513452443],[-82.239669088959857,28.533886994107132],[-82.239691810783413,28.533862740434536],[-82.239722986232536,28.533798921973659],[-82.2396983920803,28.533721839984921],[-82.239613604160311,28.533632415417067],[-82.239488684844815,28.533618521226007],[-82.239478960476021,28.533628905435862]]],[[[-82.241902330365903,28.536825675754706],[-82.241839195568886,28.536838761225976],[-82.241756131149501,28.536865244993383],[-82.24168356429989,28.536880293542907],[-82.24166893106397,28.536908602728353],[-82.2416370038396,28.536949136089458],[-82.241622444906966,28.537010024354366],[-82.241654609388746,28.537088690533857],[-82.24164967303193,28.537164400764684],[-82.241669588245401,28.537196609773755],[-82.241684350600892,28.537224865746634],[-82.241719730632866,28.537269402153154],[-82.241902788125458,28.537219360547716],[-82.241999073650234,28.53712379927298],[-82.242026536212478,28.537044704793267],[-82.242067504401732,28.536977806713249],[-82.242116057036398,28.536883887872087],[-82.242081243753745,28.536827586666131],[-82.241909662654905,28.536818397903716],[-82.241902330365903,28.536825675754706]]]]},"properties":{"OBJECTID_1":11,"OBJECTID":302,"WATERSHED":"EASTERN HERNANDO","COUNTY":"HERNANDO","FEMA_ZONE":"X (shaded)","FTYPE":"FLOODPLAIN","Shape_STAr":1853643.96006,"Shape_STLe":66348.904873000007,"Shape_Length":9805.2147622293069,"Shape_Area":270100.41389662068}}]}