{"type":"FeatureCollection","features":[{"type":"Feature","id":1,"geometry":{"type":"Polygon","coordinates":[[[-82.353765615960938,28.545540113015161],[-82.353797328650487,28.54564322382419],[-82.353896570557367,28.545766233002482],[-82.354001680059653,28.545875374983229],[-82.354089005772337,28.545964693725267],[-82.354194186682761,28.546036109425579],[-82.354337030356533,28.546085674051046],[-82.354462048316634,28.546091654207423],[-82.354567192048165,28.546069776766377],[-82.35469813517085,28.545954721179154],[-82.35477945814516,28.545849566563561],[-82.354866805567767,28.545722616369776],[-82.35494820418414,28.545607512251262],[-82.355047370332741,28.545415012123193],[-82.355122745438734,28.54520667039581],[-82.355178310517545,28.545057918653953],[-82.355253712524416,28.544903122548842],[-82.355315326403911,28.5447880392834],[-82.355366857616886,28.544728495252048],[-82.355422355908757,28.544546020414849],[-82.355466031414537,28.544446820101367],[-82.355497779781629,28.54438729712486],[-82.355541394306542,28.544282149620269],[-82.355571159086026,28.544226575948944],[-82.355608865576514,28.544210761146545],[-82.35572792750358,28.544200809591938],[-82.3558390578699,28.544145343918565],[-82.355888620019854,28.544089658742855],[-82.355908554678194,28.544024235547898],[-82.355914494842779,28.543986531027464],[-82.355932300980996,28.543903200146634],[-82.355958158194611,28.543732548532677],[-82.35594623974805,28.543599630748016],[-82.355902566275006,28.543484570492282],[-82.355872837399687,28.543391399645841],[-82.355815288669135,28.543302061742491],[-82.355785518524812,28.543230631070127],[-82.35568025865183,28.54317108525326],[-82.355549396303203,28.543147269593543],[-82.355356888493617,28.543141408392696],[-82.355219998184936,28.54312550005903],[-82.355126745087873,28.543129440855317],[-82.35498975886469,28.543141296654909],[-82.354902535425481,28.543151218489506],[-82.354847015314945,28.543163195973662],[-82.354797340077198,28.543194927542032],[-82.354739809326276,28.543315924698181],[-82.354721957773535,28.543377411695349],[-82.35468424572683,28.543448869994808],[-82.35461477813223,28.543553990913221],[-82.354535495610151,28.54360367235795],[-82.354410424898688,28.543619521806946],[-82.354241816630122,28.543601646956958],[-82.354098982398796,28.543579858914693],[-82.353956045694787,28.543573863752219],[-82.353807284672769,28.54358969047756],[-82.353708033245454,28.543623470089091],[-82.35366435151802,28.543694893126055],[-82.353620769573013,28.543782135722171],[-82.353571068178468,28.543887324645116],[-82.353545309067087,28.543958762333524],[-82.353507656748519,28.544036166574482],[-82.353434205546634,28.54405196465277],[-82.353364804231092,28.544046080641621],[-82.353239825462595,28.544006387915605],[-82.35307903556145,28.543919067916331],[-82.352638587182042,28.543669152427558],[-82.352481853428941,28.54364731486028],[-82.352315170319685,28.543663125113703],[-82.352128629666439,28.543702794914012],[-82.351991629526708,28.54372862408405],[-82.351916400940127,28.543746478774132],[-82.351785313376638,28.543794173270232],[-82.351654401040733,28.543877432940391],[-82.351598804509052,28.543942941554739],[-82.351537363542164,28.544048085245922],[-82.351523398419317,28.544141319642762],[-82.351567088113811,28.54425245519829],[-82.351666379988075,28.544466752106224],[-82.351747673695854,28.54459367500634],[-82.351809147185548,28.544724634844837],[-82.351940151574212,28.544869536987598],[-82.352075069663144,28.544974646467235],[-82.352231799688155,28.545111517557981],[-82.352386587312452,28.545216708723956],[-82.352547293977807,28.545288119669028],[-82.35271002138083,28.545321872315636],[-82.352896469024387,28.54533966117846],[-82.353051338192273,28.545305979387205],[-82.353194131728898,28.545290119371685],[-82.353325011278685,28.545284151884776],[-82.353467965294627,28.545290058319068],[-82.353592962061853,28.545313853339628],[-82.353710070854476,28.545345592242192],[-82.353765615960938,28.545540113015161]],[[-82.354465988825154,28.543970654300434],[-82.354602916744028,28.543982546970753],[-82.354763636247682,28.543994475702689],[-82.354894619502446,28.54401629672066],[-82.354981873104776,28.544044114293222],[-82.355049301513262,28.544109500252894],[-82.355081077104799,28.544186945347466],[-82.355069154023226,28.544270206594131],[-82.355037512052562,28.544341712274246],[-82.354981933583019,28.54439132658327],[-82.354906460634126,28.544401201464201],[-82.354844953525699,28.544444846891501],[-82.354831069475097,28.544512324991196],[-82.354862758846295,28.544589666588681],[-82.35486878687729,28.544710681740423],[-82.354862901336062,28.544825783406782],[-82.354842980498333,28.544974536630917],[-82.35481717996403,28.545151134288684],[-82.354773468142554,28.545238543603908],[-82.354686176624455,28.545343663281869],[-82.354612814824037,28.545403149469919],[-82.354531499035915,28.545436853967519],[-82.354438288604456,28.5454468299449],[-82.35436284256383,28.545381329270452],[-82.354307341121242,28.545292071132387],[-82.354251718461896,28.545220614654848],[-82.35419027384215,28.545155173000026],[-82.354140626369954,28.545111528160724],[-82.354097026493903,28.545071855876483],[-82.354059214551,28.545044073964078],[-82.353966031828378,28.545010286941356],[-82.353866823680789,28.544982489951952],[-82.353785389157395,28.544972686170606],[-82.353735724209642,28.544960744051092],[-82.353563202548727,28.544899240488025],[-82.353444116944317,28.544883421175584],[-82.353313152735268,28.544889285225658],[-82.353231795452629,28.54489922772688],[-82.353132677096909,28.544915114969303],[-82.353059192371006,28.544933010875351],[-82.352965894589275,28.544958690399685],[-82.352884604088615,28.54498654939005],[-82.352785422102343,28.544998408497559],[-82.352672287426486,28.545014325502891],[-82.352616831015851,28.544992411814196],[-82.352543296637236,28.544930991850677],[-82.352505581245538,28.544891251436557],[-82.352462000179841,28.544819876647207],[-82.352444105780037,28.544760292829977],[-82.352430179173737,28.544677005056677],[-82.352430260277586,28.544567827969463],[-82.352462018064017,28.544407161424107],[-82.352450114625086,28.544313990475661],[-82.35243220019143,28.544242526489001],[-82.352444061340805,28.544171042969548],[-82.352469905889805,28.544115515333342],[-82.35252545683268,28.544028163528363],[-82.352606774738462,28.543978653923638],[-82.352706031506216,28.543972651848691],[-82.352836958788387,28.544000499025014],[-82.352924330754959,28.544056018566383],[-82.353009565540106,28.544121497324255],[-82.353108800336997,28.544216730392687],[-82.353190213712296,28.544282266795303],[-82.353265547000319,28.544337703729461],[-82.353376671648888,28.544399192421018],[-82.353481887533803,28.544421091779057],[-82.353630632014855,28.544436968275296],[-82.35373185633955,28.54444291362773],[-82.353868691058011,28.544383344625306],[-82.353973963899548,28.544299992665074],[-82.354023490295447,28.544218628552382],[-82.354116865707653,28.54411346725135],[-82.354215975364795,28.544026217724973],[-82.354267585416366,28.543970613515253],[-82.354465988825154,28.543970654300434]]]},"properties":{"OBJECTID":1,"OBJECTID_1":null,"NWICODE":"PAB3H","NWISYSDESC":"PALUSTRINE","NWIDESC":"PALUSTRINE-AQUATIC BED-ROOTED VASCULAR-PERMANENTLY FLOODED","DATESTAMP":1569283200000,"NWISYS":"P","ShapeSTAre":582107.10782307363,"ShapeSTLen":6855.2497740974659,"Feature_ID":32882,"Shape_Length":6855.2497740829267,"Shape_Area":582107.10782280285}},{"type":"Feature","id":2,"geometry":{"type":"Polygon","coordinates":[[[-82.358315539478326,28.567360601688605],[-82.358134862222556,28.567392449229942],[-82.357980070575692,28.567426060000944],[-82.35781151116818,28.567479650349132],[-82.357642857098355,28.567545197607295],[-82.357543648433065,28.567557059449108],[-82.357450279235579,28.567600733976455],[-82.357357071396777,28.567666174191011],[-82.357331313890626,28.56774957735459],[-82.35731940762885,28.567815020923678],[-82.357418664219651,28.567870499633543],[-82.357587297399888,28.567947934335095],[-82.357736144010858,28.567985556632465],[-82.357867036820977,28.568037232184057],[-82.358009981166049,28.568092735113371],[-82.358164669536166,28.568146363423576],[-82.358269860263633,28.568136363097608],[-82.358313489795634,28.568058996137353],[-82.358339219014852,28.568005465639857],[-82.358382934027958,28.567944006632626],[-82.358426526405893,28.567801127356649],[-82.358476184343871,28.567646325705876],[-82.358501985907566,28.567568957945927],[-82.358513830372104,28.567497568037371],[-82.358563432241652,28.567449928050856],[-82.358519828177506,28.567382395934057],[-82.358458232355588,28.567348738136168],[-82.358315539478326,28.567360601688605]]]},"properties":{"OBJECTID":2,"OBJECTID_1":null,"NWICODE":"PAB3H","NWISYSDESC":"PALUSTRINE","NWIDESC":"PALUSTRINE-AQUATIC BED-ROOTED VASCULAR-PERMANENTLY FLOODED","DATESTAMP":1569283200000,"NWISYS":"P","ShapeSTAre":71721.969210578478,"ShapeSTLen":1086.5098152224227,"Feature_ID":32887,"Shape_Length":1086.5098152240942,"Shape_Area":71721.969210331634}},{"type":"Feature","id":3,"geometry":{"type":"Polygon","coordinates":[[[-82.358619007432978,28.557234067124565],[-82.35856139702193,28.557279675505946],[-82.358555448716032,28.557361051464071],[-82.358549575762581,28.557549426510207],[-82.358535672129108,28.557674551696824],[-82.358573314815615,28.557757767880275],[-82.358654651748608,28.557835255169561],[-82.358747951413122,28.557900661870704],[-82.358870897204966,28.557952325123921],[-82.359001942278368,28.557984013438166],[-82.359138869294384,28.557985937774607],[-82.359281777824236,28.557942306932322],[-82.359220151412742,28.557858941467973],[-82.359226123853247,28.557787528143383],[-82.35922023618302,28.557704178489288],[-82.359226107900483,28.557616945633669],[-82.359226137997226,28.557484012164121],[-82.359234105332575,28.557378866854705],[-82.359170594234783,28.557269768045508],[-82.359097187935504,28.557247934360216],[-82.35903568131782,28.55724790845959],[-82.358942351840412,28.557245905737833],[-82.358849058374076,28.557224082090872],[-82.358712310217115,28.557212220432117],[-82.358619007432978,28.557234067124565]]]},"properties":{"OBJECTID":3,"OBJECTID_1":null,"NWICODE":"PAB3Hx","NWISYSDESC":"PALUSTRINE","NWIDESC":"PALUSTRINE-AQUATIC BED-ROOTED VASCULAR-PERMANENTLY FLOODED-EXCAVATED","DATESTAMP":1569283200000,"NWISYS":"P","ShapeSTAre":53710.075601163444,"ShapeSTLen":894.06801883367871,"Feature_ID":32908,"Shape_Length":894.06801883227809,"Shape_Area":53710.075600887554}},{"type":"Feature","id":4,"geometry":{"type":"Polygon","coordinates":[[[-82.364351127309504,28.537665287534583],[-82.364307504812373,28.537758559506226],[-82.364263795840941,28.537835921623795],[-82.364214265942849,28.53793510620504],[-82.364206313005809,28.537996584152449],[-82.364249992420241,28.538024384526249],[-82.364430460673887,28.538024394859438],[-82.36451784133088,28.537947055343761],[-82.364611112003573,28.537897424376059],[-82.364680593181092,28.537831952570244],[-82.364710350342179,28.537776376003208],[-82.364710307348645,28.537695051761801],[-82.364642848438848,28.537621625361847],[-82.364537636874644,28.537583930092275],[-82.364438442777441,28.537583919291016],[-82.364351127309504,28.537665287534583]]]},"properties":{"OBJECTID":4,"OBJECTID_1":null,"NWICODE":"PAB4H","NWISYSDESC":"PALUSTRINE","NWIDESC":"PALUSTRINE-AQUATIC BED-FLOATING VASCULAR-PERMANENTLY FLOODED","DATESTAMP":1569283200000,"NWISYS":"P","ShapeSTAre":17208.170471552021,"ShapeSTLen":507.94443052056806,"Feature_ID":32918,"Shape_Length":507.94443051945876,"Shape_Area":17208.170471336216}},{"type":"Feature","id":5,"geometry":{"type":"Polygon","coordinates":[[[-82.366690560033561,28.53985173528433],[-82.36664683435545,28.539873543799672],[-82.366617092657435,28.539929031397744],[-82.366597248460238,28.540038232951545],[-82.366597278483795,28.540193015808597],[-82.366664725386386,28.540226692232785],[-82.366815526191715,28.540226733451391],[-82.366932504995404,28.540232676061301],[-82.367002083088494,28.540226696826441],[-82.367089408023006,28.540173104524712],[-82.367132966515328,28.540073884550392],[-82.367138970413464,28.539996534150347],[-82.367051685871814,28.539929067503316],[-82.366920671635825,28.539869521493479],[-82.366789692211498,28.539847715644648],[-82.366690560033561,28.53985173528433]]]},"properties":{"OBJECTID":5,"OBJECTID_1":null,"NWICODE":"PAB4H","NWISYSDESC":"PALUSTRINE","NWIDESC":"PALUSTRINE-AQUATIC BED-FLOATING VASCULAR-PERMANENTLY FLOODED","DATESTAMP":1569283200000,"NWISYS":"P","ShapeSTAre":20238.836756306286,"ShapeSTLen":528.53252506526098,"Feature_ID":32919,"Shape_Length":528.53252506599006,"Shape_Area":20238.836756158187}},{"type":"Feature","id":6,"geometry":{"type":"Polygon","coordinates":[[[-82.359503859393811,28.543260349578414],[-82.359440335610131,28.543327769156996],[-82.359434364026825,28.543399185341269],[-82.359460228867917,28.543470570491188],[-82.359533636975797,28.543532152165692],[-82.359597078980329,28.543548051246628],[-82.359646736958979,28.543548019895841],[-82.359714070118699,28.543510326753118],[-82.359763756235751,28.543448808921752],[-82.359789541603462,28.54339930228706],[-82.3597955735857,28.54334964044887],[-82.359783635690107,28.543317958429711],[-82.359714196000439,28.543278174134791],[-82.359571237991148,28.543244500238011],[-82.359503859393811,28.543260349578414]]]},"properties":{"OBJECTID":6,"OBJECTID_1":null,"NWICODE":"PAB4H","NWISYSDESC":"PALUSTRINE","NWIDESC":"PALUSTRINE-AQUATIC BED-FLOATING VASCULAR-PERMANENTLY FLOODED","DATESTAMP":1569283200000,"NWISYS":"P","ShapeSTAre":9605.3097099341685,"ShapeSTLen":354.45111071418091,"Feature_ID":32921,"Shape_Length":354.45111071490129,"Shape_Area":9605.3097099242204}},{"type":"Feature","id":7,"geometry":{"type":"Polygon","coordinates":[[[-82.361561406320675,28.542996509778636],[-82.361450367221849,28.543067891741529],[-82.361374848533259,28.543127378286599],[-82.361307545490021,28.543188923726841],[-82.361263762015994,28.543232560080778],[-82.361176459561634,28.543325805534419],[-82.361107039611525,28.543424997624179],[-82.361057426726845,28.543534128626462],[-82.361031680619476,28.543633344407418],[-82.361039625117471,28.54368891014245],[-82.361101149203293,28.543800042078797],[-82.361180505806914,28.543881389035199],[-82.361299551119103,28.543958777357279],[-82.361436407400149,28.544026113922452],[-82.36152371069133,28.544075769190698],[-82.361634879798729,28.544131315386657],[-82.361733987905524,28.544159092525117],[-82.361803476848564,28.544109431190019],[-82.361853084816374,28.543970604833014],[-82.361821384841264,28.543895183294207],[-82.361660643797464,28.543855577380171],[-82.361498017143916,28.543821851430785],[-82.361374855346654,28.543788067187354],[-82.361337297850611,28.54372267619172],[-82.361430523765435,28.543536171559314],[-82.36153564850548,28.543458732612045],[-82.361636757247268,28.543393297281142],[-82.361724153386035,28.543288094376269],[-82.361724059456378,28.543172957831359],[-82.361718093682782,28.543067941330609],[-82.361704234196694,28.542990511443559],[-82.36166261445635,28.54296270028275],[-82.361561406320675,28.542996509778636]]]},"properties":{"OBJECTID":7,"OBJECTID_1":null,"NWICODE":"PAB4H","NWISYSDESC":"PALUSTRINE","NWIDESC":"PALUSTRINE-AQUATIC BED-FLOATING VASCULAR-PERMANENTLY FLOODED","DATESTAMP":1569283200000,"NWISYS":"P","ShapeSTAre":52871.623651096743,"ShapeSTLen":1256.9390362213721,"Feature_ID":32922,"Shape_Length":1256.9390362203101,"Shape_Area":52871.6236503201}},{"type":"Feature","id":8,"geometry":{"type":"Polygon","coordinates":[[[-82.361654660905927,28.546762241126693],[-82.361616989590203,28.546845492057923],[-82.361617011597659,28.546928822163224],[-82.36167251873853,28.546988381235249],[-82.361710318175824,28.547032056650647],[-82.361815375176377,28.547065712837597],[-82.361908726488693,28.547121258417739],[-82.362021770563061,28.547115370680672],[-82.362083276211038,28.547071721129896],[-82.362095136064369,28.546956564504924],[-82.362059462507204,28.546829650819234],[-82.361946342349711,28.546774038928387],[-82.361809484541354,28.54673639893128],[-82.361710319818386,28.546730451425894],[-82.361654660905927,28.546762241126693]]]},"properties":{"OBJECTID":8,"OBJECTID_1":null,"NWICODE":"PAB4H","NWISYSDESC":"PALUSTRINE","NWIDESC":"PALUSTRINE-AQUATIC BED-FLOATING VASCULAR-PERMANENTLY FLOODED","DATESTAMP":1569283200000,"NWISYS":"P","ShapeSTAre":16215.826324721715,"ShapeSTLen":475.00303831140064,"Feature_ID":32923,"Shape_Length":475.00303830635534,"Shape_Area":16215.826324555903}},{"type":"Feature","id":9,"geometry":{"type":"Polygon","coordinates":[[[-82.354392632455713,28.563706090402786],[-82.354299434093136,28.563842885393527],[-82.35423792288357,28.563926273069644],[-82.354194269398178,28.564007564908856],[-82.354168474636097,28.564094983929653],[-82.354156664231368,28.564162358921084],[-82.354237991474207,28.564200102625801],[-82.354311378497613,28.564211977134324],[-82.354366864690093,28.56421799434461],[-82.354460124608551,28.564162339167758],[-82.354573265983888,28.564019513086066],[-82.354616911765589,28.563926251636584],[-82.354654612806016,28.563827110732927],[-82.354666514918165,28.563749696949557],[-82.354642770499723,28.563684251073131],[-82.354567352731721,28.563640595391895],[-82.354474133085745,28.563622706397574],[-82.354392632455713,28.563706090402786]]]},"properties":{"OBJECTID":9,"OBJECTID_1":null,"NWICODE":"PAB4H","NWISYSDESC":"PALUSTRINE","NWIDESC":"PALUSTRINE-AQUATIC BED-FLOATING VASCULAR-PERMANENTLY FLOODED","DATESTAMP":1569283200000,"NWISYS":"P","ShapeSTAre":21247.344069686929,"ShapeSTLen":583.1831533814202,"Feature_ID":32926,"Shape_Length":583.18315337968249,"Shape_Area":21247.344069640971}},{"type":"Feature","id":10,"geometry":{"type":"Polygon","coordinates":[[[-82.359791778761107,28.566813017375996],[-82.359740065815615,28.566840743412264],[-82.359710429762586,28.566862618816938],[-82.359684573673235,28.566961816291442],[-82.359678592179819,28.567076898168231],[-82.359728202272379,28.567126561254103],[-82.359827397322192,28.567176091965912],[-82.359958299168312,28.567215705748009],[-82.360037786086153,28.567237585021413],[-82.36019454075965,28.567249448094177],[-82.360287784597645,28.567249518219658],[-82.360369054459554,28.567211783279575],[-82.36039279869064,28.567162199975051],[-82.360392840661703,28.567084820853861],[-82.360386996574093,28.567007509697053],[-82.360363160648319,28.566941963158524],[-82.360313615503514,28.566880521926596],[-82.360200451543434,28.566842724734791],[-82.36010122687955,28.566824985511207],[-82.359990034704452,28.566813022236222],[-82.359890842432094,28.566808991077664],[-82.359791778761107,28.566813017375996]]]},"properties":{"OBJECTID":10,"OBJECTID_1":null,"NWICODE":"PAB4H","NWISYSDESC":"PALUSTRINE","NWIDESC":"PALUSTRINE-AQUATIC BED-FLOATING VASCULAR-PERMANENTLY FLOODED","DATESTAMP":1569283200000,"NWISYS":"P","ShapeSTAre":30147.787872515455,"ShapeSTLen":651.75326860258542,"Feature_ID":32927,"Shape_Length":651.75326860086045,"Shape_Area":30147.787872096822}},{"type":"Feature","id":11,"geometry":{"type":"Polygon","coordinates":[[[-82.35958917044465,28.547803804102202],[-82.359682380375574,28.547849466454245],[-82.359793532140387,28.547908940233555],[-82.359904650880267,28.547986317327986],[-82.359948387593676,28.548063738527418],[-82.359924521453692,28.548103348631187],[-82.359880876728312,28.548141063004227],[-82.359829306743137,28.548190735416593],[-82.359724135497913,28.548289912314811],[-82.359855023058429,28.548398969641706],[-82.359972127385333,28.548444678541955],[-82.360085201219619,28.548494256433059],[-82.360184469755964,28.548500218373601],[-82.360277661263723,28.548478356485944],[-82.360359025286968,28.548395041413844],[-82.360382865587113,28.548345468573995],[-82.360388851127553,28.548258157654292],[-82.360370947672493,28.548168880777975],[-82.360321302273718,28.54806575962332],[-82.360253893146719,28.54797050254875],[-82.360140726363042,28.547877239168823],[-82.36005542245033,28.547790013355108],[-82.359962242273639,28.547712559950966],[-82.35985701738305,28.547645166104218],[-82.359743918885229,28.547585625343668],[-82.359632846831175,28.547545897206398],[-82.359489902972399,28.547524103448215],[-82.359390798685041,28.547524100511797],[-82.359309439995968,28.547534047566064],[-82.359247940046018,28.547534021708156],[-82.359198343054231,28.547468549218088],[-82.359154595461334,28.547335575249384],[-82.359142771720926,28.547202672030433],[-82.359105015309197,28.547081612026496],[-82.359073294101492,28.54704995250642],[-82.358999913669777,28.547026110014009],[-82.358886842931341,28.546976531187024],[-82.35879942890007,28.546970534255184],[-82.358738005929666,28.546960559664598],[-82.358676465248379,28.546920966053193],[-82.358670532296784,28.546815771610795],[-82.358714220867768,28.546684867456815],[-82.35869623262225,28.546409004717241],[-82.358696223343543,28.54628200130664],[-82.358658565789455,28.546232403508586],[-82.358591077342666,28.546204656140059],[-82.358521750008535,28.546188825382131],[-82.358478074853267,28.546188799929126],[-82.358448298743681,28.546188820786817],[-82.358434344469629,28.546194797726777],[-82.358410497573985,28.54621659353095],[-82.358329191236862,28.546276159527302],[-82.358466129076746,28.546331631266899],[-82.358484058455929,28.546359421118009],[-82.358515747549092,28.546393177904068],[-82.358527645226943,28.546430793913814],[-82.358521718863855,28.54650824566238],[-82.358489988265134,28.546551872752527],[-82.358434410924204,28.546585681263192],[-82.358372811332217,28.546585642635655],[-82.358309351991764,28.546585639567333],[-82.358210230272263,28.546502305624472],[-82.358210234790647,28.546716565311549],[-82.35821018531729,28.546781978764685],[-82.358216045282532,28.546809866360171],[-82.358210147700817,28.546887138450835],[-82.358222028506574,28.54698048664617],[-82.358233912064762,28.547119337120904],[-82.358222046292767,28.547250299734241],[-82.358190323011698,28.547420929250247],[-82.358134760973869,28.547569681243907],[-82.358039507792142,28.54777803365053],[-82.357990010380519,28.547883249743478],[-82.357984315541458,28.547904495909183],[-82.35797341126225,28.547945173257194],[-82.357966095659862,28.547972465761646],[-82.357958160841548,28.548043903258229],[-82.358033572819764,28.548115335758911],[-82.35815066251574,28.548137106303962],[-82.358269753771424,28.548121307066189],[-82.358368908734221,28.548087510844617],[-82.358444317800874,28.548043909253671],[-82.35851175255857,28.547907004196087],[-82.358563344238007,28.547752261983664],[-82.35860446056526,28.547610927308913],[-82.358613005455069,28.547581556141765],[-82.358615685330136,28.547572326249565],[-82.358644685316818,28.547472503215435],[-82.358674503529755,28.547410905635562],[-82.358743982637293,28.547345528939662],[-82.358799451313047,28.547339573112062],[-82.3588986383524,28.547357403788549],[-82.358904706671908,28.547428900878732],[-82.358870031745781,28.547532795885882],[-82.358861018040713,28.547559805080343],[-82.358859214256015,28.547567612379083],[-82.358843167617195,28.547637098851965],[-82.358866932355895,28.547698620727544],[-82.358960245226527,28.54775818384919],[-82.359059384841004,28.547809814369039],[-82.35915859745279,28.54785341379948],[-82.359216180965333,28.547881261068284],[-82.359271737722239,28.547936716244614],[-82.359321380109293,28.547837549496784],[-82.35935896569697,28.547825646521407],[-82.359402718113358,28.547815722285346],[-82.359464171645854,28.547793904356979],[-82.359531632927457,28.547781993522044],[-82.35958917044465,28.547803804102202]]]},"properties":{"OBJECTID":11,"OBJECTID_1":null,"NWICODE":"PEM1A","NWISYSDESC":"PALUSTRINE","NWIDESC":"PALUSTRINE-EMERGENT-PERSISTENT-TEMPORARY FLOODED","DATESTAMP":1569283200000,"NWISYS":"P","ShapeSTAre":191763.71094863387,"ShapeSTLen":3488.7488914153314,"Feature_ID":32953,"Shape_Length":3488.7488914235932,"Shape_Area":191763.71094793276}},{"type":"Feature","id":12,"geometry":{"type":"Polygon","coordinates":[[[-82.338187754837776,28.552182814763412],[-82.33817581853846,28.552194713878443],[-82.338156051967914,28.552206612644209],[-82.338126255393334,28.552222522926208],[-82.338094511760687,28.552238366765543],[-82.337987444242714,28.552353363196982],[-82.338013218736279,28.552446671383805],[-82.338030981521939,28.552496281132406],[-82.338056809791325,28.552529930956759],[-82.338118251323394,28.552607351231035],[-82.338179834474076,28.552678849967528],[-82.338298943756982,28.552817672409041],[-82.338322715000388,28.552849413442637],[-82.338354416318893,28.55286728017899],[-82.338404121015785,28.55288910210745],[-82.338465624182618,28.552889139184831],[-82.33849133407162,28.552855342907588],[-82.338515167141608,28.55276803802672],[-82.338546896975828,28.552696730888332],[-82.338578597065151,28.552563745260855],[-82.338572730666243,28.552438728937343],[-82.338548842902242,28.552311765183958],[-82.338523129837654,28.552250261729785],[-82.338485441346876,28.552178815463641],[-82.3384437284341,28.552135176709626],[-82.338411970954411,28.55212333325165],[-82.338249277597711,28.552111402792466],[-82.338187754837776,28.552182814763412]]]},"properties":{"OBJECTID":12,"OBJECTID_1":null,"NWICODE":"PEM1A","NWISYSDESC":"PALUSTRINE","NWIDESC":"PALUSTRINE-EMERGENT-PERSISTENT-TEMPORARY FLOODED","DATESTAMP":1569283200000,"NWISYS":"P","ShapeSTAre":35990.088133612044,"ShapeSTLen":739.29041357987171,"Feature_ID":32954,"Shape_Length":739.29041358124903,"Shape_Area":35990.088133637051}},{"type":"Feature","id":13,"geometry":{"type":"Polygon","coordinates":[[[-82.365449127718989,28.534926133163232],[-82.365456375520253,28.534931232641835],[-82.365529678878133,28.534992798816919],[-82.365611029130775,28.535070106284792],[-82.365722223054476,28.535163389599568],[-82.365783722226652,28.535206995642124],[-82.365827454236523,28.535212965048213],[-82.365884914980057,28.535070115868454],[-82.36592268608365,28.535014650979559],[-82.365978172890266,28.53497689821938],[-82.366007874247899,28.534943150937881],[-82.366045493282542,28.53492472752194],[-82.365754887562815,28.5349254165817],[-82.365568328089424,28.534925853883987],[-82.365568272916249,28.534925854934841],[-82.365449127718989,28.534926133163232]]]},"properties":{"OBJECTID":13,"OBJECTID_1":null,"NWICODE":"PEM1C","NWISYSDESC":"PALUSTRINE","NWIDESC":"PALUSTRINE-EMERGENT-PERSISTENT-SEASONALLY FLOODED","DATESTAMP":1569283200000,"NWISYS":"P","ShapeSTAre":56767.686917822677,"ShapeSTLen":1127.8388747191343,"Feature_ID":32965,"Shape_Length":484.58685749964872,"Shape_Area":9702.3956576440869}},{"type":"Feature","id":14,"geometry":{"type":"Polygon","coordinates":[[[-82.349045142143751,28.54013351168533],[-82.348969763534029,28.540155456340319],[-82.348900285079537,28.540205020897165],[-82.34884474450854,28.540264505146535],[-82.348813058741612,28.540341943345137],[-82.348870532759506,28.540413367607059],[-82.349049106583223,28.540462957092295],[-82.349261422271098,28.540518519689599],[-82.34941022189382,28.540568126616471],[-82.349535209207559,28.540607734469894],[-82.349564985545143,28.540635493244963],[-82.349578926411482,28.540673190557538],[-82.349584859093454,28.540750520355843],[-82.349602810672039,28.540816051782052],[-82.349608701850727,28.540855732404971],[-82.349614674426903,28.54088354432557],[-82.349751600726435,28.540893525353219],[-82.349789264291758,28.540899453277419],[-82.349838819870669,28.540899414054458],[-82.349876524125975,28.540899408054749],[-82.34993210706017,28.540921158340456],[-82.349969832507043,28.540718859122176],[-82.349975849144229,28.540613731707488],[-82.349975674826794,28.540526358467496],[-82.349946035361143,28.540464901500734],[-82.349846771158283,28.540403375764967],[-82.349689956768387,28.540337848292243],[-82.349553094772105,28.54028831110211],[-82.349441957770651,28.540244632352831],[-82.349366628405235,28.540204998631765],[-82.349243599606297,28.540167286813713],[-82.349100706801934,28.540127574024361],[-82.349045142143751,28.54013351168533]]]},"properties":{"OBJECTID":14,"OBJECTID_1":null,"NWICODE":"PEM1C","NWISYSDESC":"PALUSTRINE","NWIDESC":"PALUSTRINE-EMERGENT-PERSISTENT-SEASONALLY FLOODED","DATESTAMP":1569283200000,"NWISYS":"P","ShapeSTAre":50346.689625622457,"ShapeSTLen":1064.776950754539,"Feature_ID":32966,"Shape_Length":1064.7769507464363,"Shape_Area":50346.689625019273}},{"type":"Feature","id":15,"geometry":{"type":"Polygon","coordinates":[[[-82.368638484976643,28.534990345592835],[-82.368638912697463,28.53499874161572],[-82.368676705704715,28.535103815878884],[-82.368706486465172,28.535131569543019],[-82.36876200767378,28.535131555963257],[-82.368799623348124,28.535097908404904],[-82.368843297114168,28.535054255471383],[-82.36886778855974,28.535012905060292],[-82.368638484976643,28.534990345592835]]]},"properties":{"OBJECTID":15,"OBJECTID_1":null,"NWICODE":"PEM1F","NWISYSDESC":"PALUSTRINE","NWIDESC":"PALUSTRINE-EMERGENT-PERSISTENT-SEMIPERMANENTLY FLOODED","DATESTAMP":1569283200000,"NWISYS":"P","ShapeSTAre":18020.336842837558,"ShapeSTLen":534.45862192822835,"Feature_ID":33013,"Shape_Length":204.29002362453346,"Shape_Area":2432.1952955134716}},{"type":"Feature","id":16,"geometry":{"type":"Polygon","coordinates":[[[-82.371561274814923,28.535462339688515],[-82.371565667686866,28.535494717186708],[-82.371597432283039,28.535578002041301],[-82.371658904949584,28.535639509717754],[-82.371714411697653,28.53569906478646],[-82.371764037219194,28.53589345914347],[-82.371851384618878,28.536008623961177],[-82.37188307716842,28.536058184863194],[-82.371938680044636,28.536163345664612],[-82.372012092598666,28.536240726931524],[-82.372087586579354,28.536272416054423],[-82.372192709449834,28.536278387546517],[-82.372285896139147,28.536240617335896],[-82.372361351479128,28.536159278342993],[-82.372404987548322,28.536060157511692],[-82.372466449674974,28.535889494439619],[-82.372486329641703,28.535728763752818],[-82.372486328089167,28.535719605903111],[-82.371582187542913,28.535466884411903],[-82.371561274814923,28.535462339688515]]]},"properties":{"OBJECTID":16,"OBJECTID_1":null,"NWICODE":"PEM1F","NWISYSDESC":"PALUSTRINE","NWIDESC":"PALUSTRINE-EMERGENT-PERSISTENT-SEMIPERMANENTLY FLOODED","DATESTAMP":1569283200000,"NWISYS":"P","ShapeSTAre":86227.151722761322,"ShapeSTLen":1122.2127696398386,"Feature_ID":33015,"Shape_Length":933.26379345008263,"Shape_Area":48359.26441267952}},{"type":"Feature","id":17,"geometry":{"type":"Polygon","coordinates":[[[-82.369756157976155,28.5360264158851],[-82.369738210594548,28.536058197358727],[-82.369724402814498,28.536147432221245],[-82.369730277349902,28.536218905066701],[-82.369761994562126,28.536278429143739],[-82.369893018884326,28.53643911939983],[-82.369980271104183,28.536482732782115],[-82.370016047962366,28.536478726375631],[-82.370065602793602,28.536460953306509],[-82.370117269605529,28.536439064302623],[-82.370166758135923,28.536401454322501],[-82.370210384197222,28.536351764429504],[-82.370277929478235,28.53626840795393],[-82.370315610365026,28.536197032944393],[-82.370303722672148,28.536159327669242],[-82.370234229188412,28.536109766579404],[-82.370154921423477,28.536066074857228],[-82.370017946398562,28.53602038722569],[-82.369930651162448,28.536010575659446],[-82.369837380432415,28.536004566530213],[-82.369756157976155,28.5360264158851]]]},"properties":{"OBJECTID":17,"OBJECTID_1":null,"NWICODE":"PEM1F","NWISYSDESC":"PALUSTRINE","NWIDESC":"PALUSTRINE-EMERGENT-PERSISTENT-SEMIPERMANENTLY FLOODED","DATESTAMP":1569283200000,"NWISYS":"P","ShapeSTAre":22999.105330752885,"ShapeSTLen":562.18376404026696,"Feature_ID":33016,"Shape_Length":562.18376404278263,"Shape_Area":22999.105330979179}},{"type":"Feature","id":18,"geometry":{"type":"Polygon","coordinates":[[[-82.366045493282542,28.53492472752194],[-82.366007874247899,28.534943150937881],[-82.365978172890266,28.53497689821938],[-82.36592268608365,28.535014650979559],[-82.365884914980057,28.535070115868454],[-82.365827454236523,28.535212965048213],[-82.365809498176361,28.535306145826763],[-82.365815421905893,28.535339981192323],[-82.365827390941774,28.53539551420667],[-82.365839293096911,28.535488775176052],[-82.36585315602602,28.535582012814373],[-82.365845230884375,28.535669260750645],[-82.365833241757656,28.535746667874399],[-82.365795676337797,28.535873610210928],[-82.365751980434936,28.535961025761257],[-82.365702391316759,28.536127634868091],[-82.365676578779542,28.536252609998314],[-82.36569648062536,28.536379605999414],[-82.365732146398784,28.53646293678166],[-82.365795562402894,28.536540321282938],[-82.365874992041427,28.536611717090686],[-82.365968312490466,28.536655379875441],[-82.366081324478316,28.536651494813022],[-82.366136945394388,28.536595850920133],[-82.366212297896553,28.536502532507296],[-82.366273848936189,28.536419323201592],[-82.366349294191252,28.536298240338116],[-82.366474210493408,28.536083994418718],[-82.36659729002281,28.535897471444439],[-82.366698350124466,28.535720919121648],[-82.36677184545691,28.535568154680441],[-82.366796326214001,28.535550889951221],[-82.366859121769409,28.535506606706207],[-82.366861173361116,28.535505374883328],[-82.366958331285687,28.535447044971164],[-82.367045755054164,28.535391545772047],[-82.367115044043729,28.535310150529288],[-82.36718264419153,28.535204965087537],[-82.367176617548893,28.5351395030136],[-82.367121050751464,28.535115753823231],[-82.36705962198161,28.535105873190108],[-82.366916636731034,28.535093948907843],[-82.36676790664103,28.53507808953993],[-82.366660793452567,28.535032477569104],[-82.366567505651503,28.534955103696298],[-82.366500768802169,28.53492366396771],[-82.366129187649307,28.534924529903261],[-82.366128373284909,28.534924531196229],[-82.366045493282542,28.53492472752194]]]},"properties":{"OBJECTID":18,"OBJECTID_1":null,"NWICODE":"PEM1F","NWISYSDESC":"PALUSTRINE","NWIDESC":"PALUSTRINE-EMERGENT-PERSISTENT-SEMIPERMANENTLY FLOODED","DATESTAMP":1569283200000,"NWISYS":"P","ShapeSTAre":170108.58269522179,"ShapeSTLen":1795.6542404765626,"Feature_ID":33017,"Shape_Length":1789.1322801778963,"Shape_Area":168319.41950035858}},{"type":"Feature","id":19,"geometry":{"type":"Polygon","coordinates":[[[-82.351759466017626,28.537451096081963],[-82.351721856253647,28.537522566890381],[-82.351697975360466,28.537621657095482],[-82.351709977482301,28.537655451183735],[-82.35180917450765,28.537699057972727],[-82.351951983281268,28.537720939697159],[-82.352094823773896,28.537726834406719],[-82.35220801827866,28.537726916270636],[-82.352295210987563,28.537722840729881],[-82.352350755637758,28.537689213453241],[-82.352388461688705,28.537589978083208],[-82.35240042846047,28.537530476419331],[-82.352368685907933,28.537474962821221],[-82.352263519755368,28.537447128607869],[-82.352164240077542,28.537431197174097],[-82.352088855549198,28.537413395429464],[-82.352045285192503,28.537413380245802],[-82.351916213898562,28.537385586070211],[-82.351759466017626,28.537451096081963]]]},"properties":{"OBJECTID":19,"OBJECTID_1":null,"NWICODE":"PEM1F","NWISYSDESC":"PALUSTRINE","NWIDESC":"PALUSTRINE-EMERGENT-PERSISTENT-SEMIPERMANENTLY FLOODED","DATESTAMP":1569283200000,"NWISYS":"P","ShapeSTAre":21966.315862973104,"ShapeSTLen":580.07257221771658,"Feature_ID":33018,"Shape_Length":580.07257221523071,"Shape_Area":21966.31586291462}},{"type":"Feature","id":20,"geometry":{"type":"Polygon","coordinates":[[[-82.37077991529307,28.53779616440524],[-82.370803707683834,28.537929047564312],[-82.370829603112341,28.537978779728128],[-82.370871234712197,28.538109652471647],[-82.370952649394027,28.538220768982566],[-82.371021919786557,28.538242615808578],[-82.371089393584541,28.538226771341105],[-82.371170811615997,28.538192976373978],[-82.371194564587256,28.538155268524793],[-82.371182682097142,28.538071971681585],[-82.371170874091405,28.537978725428502],[-82.371164842316759,28.537796220124715],[-82.37112710531396,28.537714820265926],[-82.371027989129516,28.537702947387896],[-82.370902982378254,28.537696985997215],[-82.37077991529307,28.53779616440524]]]},"properties":{"OBJECTID":20,"OBJECTID_1":null,"NWICODE":"PEM1F","NWISYSDESC":"PALUSTRINE","NWIDESC":"PALUSTRINE-EMERGENT-PERSISTENT-SEMIPERMANENTLY FLOODED","DATESTAMP":1569283200000,"NWISYS":"P","ShapeSTAre":19815.964417736683,"ShapeSTLen":545.78663121445982,"Feature_ID":33019,"Shape_Length":545.78663121008481,"Shape_Area":19815.964417522071}},{"type":"Feature","id":21,"geometry":{"type":"Polygon","coordinates":[[[-82.373643045576685,28.539740506713791],[-82.373585555431745,28.539786138297611],[-82.373506290433497,28.539851640620235],[-82.373412960715953,28.539954812754342],[-82.373381273830887,28.540038101934872],[-82.373361357398423,28.540264245170079],[-82.373436821914169,28.540341703870798],[-82.373486404078832,28.540351616876382],[-82.373579641502943,28.54036355644519],[-82.373684730180258,28.540375460632305],[-82.373784041390408,28.540359579549754],[-82.373833612390044,28.540341714829534],[-82.373891174258503,28.540270326557245],[-82.373909007634268,28.540210754609184],[-82.373952665618091,28.539978605822554],[-82.373990412843639,28.53978023704758],[-82.373928882319362,28.539742481136745],[-82.373847482576707,28.539730595841061],[-82.373742316852969,28.53973055956137],[-82.373643045576685,28.539740506713791]]]},"properties":{"OBJECTID":21,"OBJECTID_1":null,"NWICODE":"PEM1F","NWISYSDESC":"PALUSTRINE","NWIDESC":"PALUSTRINE-EMERGENT-PERSISTENT-SEMIPERMANENTLY FLOODED","DATESTAMP":1569283200000,"NWISYS":"P","ShapeSTAre":36469.982165174493,"ShapeSTLen":718.80025559496812,"Feature_ID":33020,"Shape_Length":718.80025559481794,"Shape_Area":36469.982165113259}},{"type":"Feature","id":22,"geometry":{"type":"Polygon","coordinates":[[[-82.355136599661364,28.540542283486417],[-82.35504331471364,28.540579934847283],[-82.354920290736729,28.540613590704819],[-82.354775534108981,28.540657343575294],[-82.354583026645031,28.540685012231595],[-82.354583004397284,28.540772359785333],[-82.354583048098874,28.540795176261515],[-82.35458306929462,28.54080608370213],[-82.354608834158782,28.540905235115904],[-82.354688182797133,28.540970780565612],[-82.354781473224321,28.540976713396557],[-82.354874718046901,28.540960802416606],[-82.355011640795496,28.540927192378735],[-82.355136622178421,28.54089543255105],[-82.355214610613828,28.540876163019608],[-82.35529730278823,28.540855731554927],[-82.355360825011189,28.540790233165701],[-82.355366810016264,28.540675142884513],[-82.355329062360639,28.540554079845144],[-82.355261579422603,28.540526329853616],[-82.355136599661364,28.540542283486417]]]},"properties":{"OBJECTID":22,"OBJECTID_1":null,"NWICODE":"PEM1F","NWISYSDESC":"PALUSTRINE","NWIDESC":"PALUSTRINE-EMERGENT-PERSISTENT-SEMIPERMANENTLY FLOODED","DATESTAMP":1569283200000,"NWISYS":"P","ShapeSTAre":28577.716898134171,"ShapeSTLen":686.74577180533367,"Feature_ID":33021,"Shape_Length":686.74577180635879,"Shape_Area":28577.716898608716}},{"type":"Feature","id":23,"geometry":{"type":"Polygon","coordinates":[[[-82.348172131752392,28.541000644959077],[-82.348140456869615,28.541050216869898],[-82.348146328099006,28.541121599560274],[-82.348166221797413,28.541189116763455],[-82.348215743096176,28.541220871306631],[-82.34828916987351,28.541238698246563],[-82.348370642949448,28.541226764245039],[-82.348432050722778,28.541183109346896],[-82.348483685311635,28.54112358115291],[-82.34850150141429,28.541068028821545],[-82.348469758696126,28.541028321547049],[-82.348434058162326,28.54100656386375],[-82.348402277213623,28.541000568135697],[-82.3483645957633,28.540996646679186],[-82.348277232174624,28.54096890089448],[-82.348172131752392,28.541000644959077]]]},"properties":{"OBJECTID":23,"OBJECTID_1":null,"NWICODE":"PEM1F","NWISYSDESC":"PALUSTRINE","NWIDESC":"PALUSTRINE-EMERGENT-PERSISTENT-SEMIPERMANENTLY FLOODED","DATESTAMP":1569283200000,"NWISYS":"P","ShapeSTAre":8390.761834612902,"ShapeSTLen":335.95460885929776,"Feature_ID":33022,"Shape_Length":335.95460885705353,"Shape_Area":8390.7618344372731}},{"type":"Feature","id":24,"geometry":{"type":"Polygon","coordinates":[[[-82.352934189072698,28.541974775874465],[-82.35289642696732,28.542012420411417],[-82.352870723845726,28.542062027516167],[-82.352858718841304,28.542111654967982],[-82.352908445248048,28.542173128550473],[-82.3529818009671,28.542228678187335],[-82.35308297091099,28.54228423216578],[-82.353200030921911,28.542294127807285],[-82.353255633132264,28.542284172026317],[-82.35330520866377,28.542206926309159],[-82.353362783342845,28.542123578884663],[-82.353336954409826,28.542036206569403],[-82.353307230168468,28.542002424473409],[-82.353237782186355,28.541946919888552],[-82.353138518855374,28.541897367043209],[-82.352983834244725,28.541891417633206],[-82.352934189072698,28.541974775874465]]]},"properties":{"OBJECTID":24,"OBJECTID_1":null,"NWICODE":"PEM1F","NWISYSDESC":"PALUSTRINE","NWIDESC":"PALUSTRINE-EMERGENT-PERSISTENT-SEMIPERMANENTLY FLOODED","DATESTAMP":1569283200000,"NWISYS":"P","ShapeSTAre":16825.239949763556,"ShapeSTLen":476.09342535720992,"Feature_ID":33023,"Shape_Length":476.09342535921081,"Shape_Area":16825.239949615436}},{"type":"Feature","id":25,"geometry":{"type":"Polygon","coordinates":[[[-82.374522072420348,28.542172979604224],[-82.374458642206093,28.54220067407995],[-82.374353547049736,28.542260310712503],[-82.374359478494696,28.542369431426636],[-82.374359409494758,28.542393269622732],[-82.374365332249795,28.54244674759158],[-82.374377243994559,28.542480524512019],[-82.37443289297012,28.542536075205899],[-82.374508239706245,28.542573772004197],[-82.374595524552277,28.542629261545578],[-82.374676914391046,28.542657042914524],[-82.374732553948803,28.542641141757066],[-82.374764034945301,28.542603418300214],[-82.374782008578478,28.542563873296448],[-82.374788029639504,28.542498402776598],[-82.374794028828461,28.542436859297805],[-82.374776084880963,28.542293947563003],[-82.374752307329629,28.542216621326485],[-82.374720534011487,28.542178929854753],[-82.374671028447082,28.542157150430128],[-82.374595571294165,28.542151143285725],[-82.374522072420348,28.542172979604224]]]},"properties":{"OBJECTID":25,"OBJECTID_1":null,"NWICODE":"PEM1F","NWISYSDESC":"PALUSTRINE","NWIDESC":"PALUSTRINE-EMERGENT-PERSISTENT-SEMIPERMANENTLY FLOODED","DATESTAMP":1569283200000,"NWISYS":"P","ShapeSTAre":19862.98647897362,"ShapeSTLen":524.06207409736771,"Feature_ID":33025,"Shape_Length":524.06207410098671,"Shape_Area":19862.986479075091}},{"type":"Feature","id":26,"geometry":{"type":"Polygon","coordinates":[[[-82.369478382583878,28.542992406152841],[-82.36952207944536,28.543004307319425],[-82.369694578691949,28.542982455060308],[-82.369769974551787,28.542982518673586],[-82.369875175008886,28.542964653689356],[-82.370000162266393,28.542944847017125],[-82.370154920097832,28.542926934304603],[-82.370297861357258,28.542905040032299],[-82.370391089260721,28.542873398792462],[-82.37043876648508,28.54282721241967],[-82.3704545651876,28.542811907147161],[-82.370492262224204,28.542740442766995],[-82.370527949483858,28.542647158969153],[-82.370547785411958,28.54256582388631],[-82.370522042853977,28.54247654986197],[-82.370466484661122,28.54237742692618],[-82.370399013227185,28.54230592369461],[-82.370387111936836,28.542284115924438],[-82.370343404984638,28.542244437433475],[-82.370268048080817,28.542222633956509],[-82.370200583481648,28.542222581478907],[-82.370145017993579,28.542228529578246],[-82.370051789499215,28.54224436436434],[-82.369964514781003,28.542260321826451],[-82.369883107234841,28.542294025810616],[-82.3698076474262,28.542331688355809],[-82.369740185953702,28.542371473041204],[-82.369664888886362,28.542415095920934],[-82.3696093224289,28.542480524238883],[-82.369539838405032,28.542589670872729],[-82.369488247856722,28.542705465047842],[-82.369458504299018,28.542772221664656],[-82.369446632374405,28.542909032428408],[-82.369478382583878,28.542992406152841]]]},"properties":{"OBJECTID":26,"OBJECTID_1":null,"NWICODE":"PEM1F","NWISYSDESC":"PALUSTRINE","NWIDESC":"PALUSTRINE-EMERGENT-PERSISTENT-SEMIPERMANENTLY FLOODED","DATESTAMP":1569283200000,"NWISYS":"P","ShapeSTAre":73287.519436876275,"ShapeSTLen":1024.5098673211048,"Feature_ID":33026,"Shape_Length":1024.5098673246259,"Shape_Area":73287.519437261348}},{"type":"Feature","id":27,"geometry":{"type":"Polygon","coordinates":[[[-82.341501366042507,28.543206926696257],[-82.341421911396992,28.543238667826952],[-82.341358478186166,28.543304171240848],[-82.34132073277722,28.543393439086014],[-82.341320770990279,28.543458865944025],[-82.341358421285491,28.543520440907802],[-82.341463584700179,28.543552122088528],[-82.341588658119974,28.543564064020856],[-82.341687817164384,28.543542253106168],[-82.341737430471554,28.543508417694731],[-82.341769173060626,28.543476765792789],[-82.341781167290833,28.543443035869718],[-82.34176918847777,28.543321984468211],[-82.341751367230984,28.543294203825575],[-82.341725475981036,28.543256524954735],[-82.341681842386052,28.543222782520424],[-82.341600522631936,28.543200923065271],[-82.341501366042507,28.543206926696257]]]},"properties":{"OBJECTID":27,"OBJECTID_1":null,"NWICODE":"PEM1F","NWISYSDESC":"PALUSTRINE","NWIDESC":"PALUSTRINE-EMERGENT-PERSISTENT-SEMIPERMANENTLY FLOODED","DATESTAMP":1569283200000,"NWISYS":"P","ShapeSTAre":15587.194583692573,"ShapeSTLen":450.07830992551095,"Feature_ID":33028,"Shape_Length":450.07830992580404,"Shape_Area":15587.194583764389}},{"type":"Feature","id":28,"geometry":{"type":"Polygon","coordinates":[[[-82.359341119595371,28.544131341899327],[-82.359239956853514,28.544147155986177],[-82.359196288409066,28.5441591011854],[-82.359184366470927,28.544196861366888],[-82.359216120987853,28.544280149083917],[-82.359245825793124,28.544333661381945],[-82.359309330210905,28.54445665195523],[-82.359426455728169,28.544456681261288],[-82.359495843611526,28.544462651537273],[-82.359507762734864,28.544395195325578],[-82.359489896618044,28.544286095567333],[-82.359489917471862,28.544196830614293],[-82.359489981196489,28.544131327771492],[-82.359470050878741,28.544109494273535],[-82.359341119595371,28.544131341899327]]]},"properties":{"OBJECTID":28,"OBJECTID_1":null,"NWICODE":"PEM1F","NWISYSDESC":"PALUSTRINE","NWIDESC":"PALUSTRINE-EMERGENT-PERSISTENT-SEMIPERMANENTLY FLOODED","DATESTAMP":1569283200000,"NWISYS":"P","ShapeSTAre":9967.7299459116912,"ShapeSTLen":398.19300153628274,"Feature_ID":33029,"Shape_Length":398.19300152727692,"Shape_Area":9967.7299459479909}},{"type":"Feature","id":29,"geometry":{"type":"Polygon","coordinates":[[[-82.350055218395042,28.544518309658393],[-82.350092763212174,28.544512344042207],[-82.350112748260401,28.544512349362609],[-82.350255524302824,28.544512389018422],[-82.350267440501298,28.544391298464895],[-82.350261507090281,28.5443139696463],[-82.350249560083796,28.544214762847663],[-82.350243704145129,28.544127483716316],[-82.350267467885601,28.543935000085565],[-82.350313083163357,28.543798038846095],[-82.350412287988803,28.543671059062127],[-82.350523350102335,28.543556016342318],[-82.350630568607713,28.543444957364276],[-82.350785336104465,28.543313956468022],[-82.350910291166812,28.543186989202283],[-82.351047276078688,28.543050052341915],[-82.351152363749989,28.542907197264295],[-82.351215868276441,28.542786235775075],[-82.35124756720883,28.542649317420064],[-82.351227818793404,28.542460845148565],[-82.351198068266626,28.542329933791322],[-82.351172188558806,28.542262471337658],[-82.351116682648509,28.542163159762293],[-82.351086963593602,28.54209776365192],[-82.351017384281548,28.541976727564684],[-82.350924280906654,28.541859708995762],[-82.350832998088251,28.541778284809627],[-82.350690134937921,28.541677086327923],[-82.350533304940825,28.541595842019706],[-82.350471821414914,28.541567945127372],[-82.350372577464086,28.541472798517681],[-82.350267419458064,28.541341898290696],[-82.350168227724808,28.541242645739771],[-82.350063095984567,28.541165292000557],[-82.350037240070179,28.54113748804205],[-82.350019413105343,28.541081931737331],[-82.34993210706017,28.540921158340456],[-82.349876524125975,28.540899408054749],[-82.349838819870669,28.540899414054458],[-82.349789264291758,28.540899453277419],[-82.349751600726435,28.540893525353219],[-82.349614674426903,28.54088354432557],[-82.349620573143667,28.540992666390064],[-82.349608623410347,28.541020463993718],[-82.349602741660362,28.541064115447227],[-82.34958298030665,28.541119600739865],[-82.349539222282402,28.541185165587617],[-82.349465842268188,28.541290239859197],[-82.349358708855334,28.541417207804841],[-82.349265349931812,28.541504551831331],[-82.34916027544881,28.541603732146434],[-82.349096713497318,28.541730715979231],[-82.349066986312906,28.541823938349626],[-82.349041208155796,28.541954854879997],[-82.349027326240389,28.542048191713651],[-82.349021354635354,28.542202938683179],[-82.349047203083273,28.542373554543452],[-82.349108679965155,28.542587846848232],[-82.349132537067916,28.542649384715546],[-82.349257447786982,28.542853723438451],[-82.349336830173158,28.542974648577527],[-82.3494121766972,28.543079887833471],[-82.349479690033263,28.543173156900512],[-82.349505445899112,28.543244531639047],[-82.34949765214769,28.543365603419495],[-82.349473807589902,28.543458757478533],[-82.349418192016685,28.543526272968208],[-82.349354761902759,28.543564004225097],[-82.349299249163394,28.543563918740055],[-82.349168256244269,28.543569957522113],[-82.349080925930437,28.543567891007044],[-82.348969794040968,28.543563960009898],[-82.348815028562186,28.543567953478526],[-82.348658243498605,28.543579911504306],[-82.34855904303565,28.543623469507885],[-82.348515437287261,28.543683022226837],[-82.348509459419915,28.543738630783764],[-82.348545252551389,28.543859628533259],[-82.348565099077675,28.543893332352749],[-82.348632487706865,28.543946931643738],[-82.348719816710243,28.544008388710107],[-82.348807065621955,28.54405201747721],[-82.349005438560383,28.544141333078183],[-82.349116717532851,28.544181008987426],[-82.349297185278687,28.544224718069813],[-82.349440039249671,28.544258393132669],[-82.349596793135035,28.544292115274661],[-82.349690113813494,28.544335791902899],[-82.34976941654817,28.544395304558716],[-82.349850800397022,28.544423104459039],[-82.349981765318333,28.544490521925617],[-82.350055218395042,28.544518309658393]]]},"properties":{"OBJECTID":29,"OBJECTID_1":null,"NWICODE":"PEM1F","NWISYSDESC":"PALUSTRINE","NWIDESC":"PALUSTRINE-EMERGENT-PERSISTENT-SEMIPERMANENTLY FLOODED","DATESTAMP":1569283200000,"NWISYS":"P","ShapeSTAre":612047.11705425836,"ShapeSTLen":3725.6381881953621,"Feature_ID":33030,"Shape_Length":3725.6381881885036,"Shape_Area":612047.11705450737}},{"type":"Feature","id":30,"geometry":{"type":"Polygon","coordinates":[[[-82.358686352830688,28.54500431578958],[-82.358642741151471,28.545109464267881],[-82.358616897400537,28.545236443040697],[-82.358599118109609,28.545345542298246],[-82.358611029341958,28.545407099156272],[-82.358622893568665,28.545462618579844],[-82.35870422049895,28.54548446507474],[-82.358821286127295,28.545478547730987],[-82.358952263022232,28.545474504668586],[-82.358995931578121,28.545446753256886],[-82.359027641232487,28.545407052181467],[-82.359051416744393,28.545353450777235],[-82.359051444833952,28.545276157161513],[-82.359077195089014,28.545105491765316],[-82.359077317495178,28.545016240087406],[-82.35897804329143,28.544984418969733],[-82.358866850722237,28.544988438642729],[-82.358747864894468,28.544988445354512],[-82.358686352830688,28.54500431578958]]]},"properties":{"OBJECTID":30,"OBJECTID_1":null,"NWICODE":"PEM1F","NWISYSDESC":"PALUSTRINE","NWIDESC":"PALUSTRINE-EMERGENT-PERSISTENT-SEMIPERMANENTLY FLOODED","DATESTAMP":1569283200000,"NWISYS":"P","ShapeSTAre":23989.682516368855,"ShapeSTLen":585.39900866480889,"Feature_ID":33031,"Shape_Length":585.39900866484629,"Shape_Area":23989.682516210378}},{"type":"Feature","id":31,"geometry":{"type":"Polygon","coordinates":[[[-82.356737863087133,28.545732537232524],[-82.356700177746148,28.545744426210117],[-82.35667637113427,28.545875320835801],[-82.356650654869185,28.545925017988903],[-82.356632712136459,28.545958625848947],[-82.356626827348407,28.545974499931106],[-82.356676388357897,28.546057878616942],[-82.356811352649984,28.546057820897861],[-82.356898564282432,28.546047987190089],[-82.356991893956774,28.546036014135506],[-82.357041453780951,28.54602016506556],[-82.357073155115955,28.546008330530263],[-82.357098981456119,28.545914973287747],[-82.357087118821966,28.545843647435529],[-82.357067265478406,28.545811864185627],[-82.357049336560323,28.5457840732387],[-82.356974019037025,28.545756326697397],[-82.356892670732918,28.545738405303862],[-82.356813290019744,28.545732431087401],[-82.356757783684145,28.545728512794412],[-82.356737863087133,28.545732537232524]]]},"properties":{"OBJECTID":31,"OBJECTID_1":null,"NWICODE":"PEM1F","NWISYSDESC":"PALUSTRINE","NWIDESC":"PALUSTRINE-EMERGENT-PERSISTENT-SEMIPERMANENTLY FLOODED","DATESTAMP":1569283200000,"NWISYS":"P","ShapeSTAre":14457.494054320374,"ShapeSTLen":453.66166906190239,"Feature_ID":33032,"Shape_Length":453.66166906492839,"Shape_Area":14457.494054700264}},{"type":"Feature","id":32,"geometry":{"type":"Polygon","coordinates":[[[-82.358247905940701,28.546363411914651],[-82.358216080837948,28.546418996097398],[-82.358210177854346,28.5464526851902],[-82.358210230272263,28.546502305624472],[-82.358309351991764,28.546585639567333],[-82.358372811332217,28.546585642635655],[-82.358434410924204,28.546585681263192],[-82.358489988265134,28.546551872752527],[-82.358521718863855,28.54650824566238],[-82.358527645226943,28.546430793913814],[-82.358515747549092,28.546393177904068],[-82.358484058455929,28.546359421118009],[-82.358466129076746,28.546331631266899],[-82.358329191236862,28.546276159527302],[-82.358247905940701,28.546363411914651]]]},"properties":{"OBJECTID":32,"OBJECTID_1":null,"NWICODE":"PEM1F","NWISYSDESC":"PALUSTRINE","NWIDESC":"PALUSTRINE-EMERGENT-PERSISTENT-SEMIPERMANENTLY FLOODED","DATESTAMP":1569283200000,"NWISYS":"P","ShapeSTAre":8491.7468900816239,"ShapeSTLen":337.13877565954732,"Feature_ID":33034,"Shape_Length":337.13877566581016,"Shape_Area":8491.746890372553}},{"type":"Feature","id":33,"geometry":{"type":"Polygon","coordinates":[[[-82.349680203503183,28.545976531448833],[-82.349618587224342,28.545992383616703],[-82.349555157684861,28.546014307761496],[-82.349505575812429,28.546047968166935],[-82.349424168078926,28.54611948423171],[-82.349336847679638,28.546228525749545],[-82.349287280767626,28.546327790694313],[-82.349255587790623,28.546393257605299],[-82.349281242378652,28.546421036034534],[-82.349299145705459,28.546438865342534],[-82.349404367380444,28.5465321285157],[-82.349491619682695,28.546575756803502],[-82.349535293056519,28.54659159234868],[-82.34960472536369,28.546619412314794],[-82.349666260618278,28.546615427038645],[-82.349709988858848,28.546581656226923],[-82.34975946295863,28.546522124124113],[-82.349809041076867,28.546460687797016],[-82.34985268982733,28.546379393585394],[-82.349890455077855,28.546246360788988],[-82.349890430339443,28.546163119954205],[-82.349860641672478,28.546081726202871],[-82.349811147539597,28.546004292149334],[-82.349723819104284,28.545970613462512],[-82.349680203503183,28.545976531448833]]]},"properties":{"OBJECTID":33,"OBJECTID_1":null,"NWICODE":"PEM1F","NWISYSDESC":"PALUSTRINE","NWIDESC":"PALUSTRINE-EMERGENT-PERSISTENT-SEMIPERMANENTLY FLOODED","DATESTAMP":1569283200000,"NWISYS":"P","ShapeSTAre":32629.309453118614,"ShapeSTLen":668.47280054315047,"Feature_ID":33035,"Shape_Length":668.47280054245323,"Shape_Area":32629.309452998743}},{"type":"Feature","id":34,"geometry":{"type":"Polygon","coordinates":[[[-82.372016070625804,28.546028010005312],[-82.371952623801505,28.546071598966822],[-82.37189704186224,28.54613711756318],[-82.371879178551239,28.546186726564418],[-82.371859354273653,28.546236358077856],[-82.371827636098658,28.546395111353135],[-82.371859406649477,28.546494201346373],[-82.371914991407863,28.546571671929733],[-82.372002216462178,28.54662121593957],[-82.372101380167919,28.546611346946911],[-82.372127248855676,28.54655179927359],[-82.372151036212372,28.546452514675309],[-82.37217094468771,28.546242271938265],[-82.372164980297043,28.546137166676683],[-82.372159023227553,28.546061757375337],[-82.372127258774057,28.546010088061362],[-82.372016070625804,28.546028010005312]]]},"properties":{"OBJECTID":34,"OBJECTID_1":null,"NWICODE":"PEM1F","NWISYSDESC":"PALUSTRINE","NWIDESC":"PALUSTRINE-EMERGENT-PERSISTENT-SEMIPERMANENTLY FLOODED","DATESTAMP":1569283200000,"NWISYS":"P","ShapeSTAre":18647.980875682399,"ShapeSTLen":548.58391923450085,"Feature_ID":33036,"Shape_Length":548.58391923550744,"Shape_Area":18647.980875686197}},{"type":"Feature","id":35,"geometry":{"type":"Polygon","coordinates":[[[-82.359464171645854,28.547793904356979],[-82.359402718113358,28.547815722285346],[-82.35935896569697,28.547825646521407],[-82.359321380109293,28.547837549496784],[-82.359271737722239,28.547936716244614],[-82.359432448078991,28.548051790379514],[-82.359493945162185,28.548107458028792],[-82.359563326954671,28.548172907786785],[-82.359599015019143,28.548212475610342],[-82.359636829539326,28.548240255943973],[-82.359680451966696,28.548262110557406],[-82.359724135497913,28.548289912314811],[-82.359829306743137,28.548190735416593],[-82.359880876728312,28.548141063004227],[-82.359924521453692,28.548103348631187],[-82.359948387593676,28.548063738527418],[-82.359904650880267,28.547986317327986],[-82.359793532140387,28.547908940233555],[-82.359682380375574,28.547849466454245],[-82.35958917044465,28.547803804102202],[-82.359531632927457,28.547781993522044],[-82.359464171645854,28.547793904356979]]]},"properties":{"OBJECTID":35,"OBJECTID_1":null,"NWICODE":"PEM1F","NWISYSDESC":"PALUSTRINE","NWIDESC":"PALUSTRINE-EMERGENT-PERSISTENT-SEMIPERMANENTLY FLOODED","DATESTAMP":1569283200000,"NWISYS":"P","ShapeSTAre":21666.814174963791,"ShapeSTLen":587.72983857410873,"Feature_ID":33037,"Shape_Length":587.72983857700194,"Shape_Area":21666.814175133648}},{"type":"Feature","id":36,"geometry":{"type":"Polygon","coordinates":[[[-82.338459546845712,28.549899093754462],[-82.338409943416579,28.54996061444842],[-82.338398152773962,28.550020228083138],[-82.338398090288337,28.550153163740099],[-82.338384145067337,28.550339596762367],[-82.338396114079345,28.550504228714544],[-82.338451689089752,28.550593596939589],[-82.338538916567941,28.550655048117129],[-82.338663958290809,28.550686814472332],[-82.338781028962728,28.550682838146955],[-82.338856445526375,28.550655057277723],[-82.338906031913893,28.550567767433261],[-82.338911981424616,28.550391181717099],[-82.338914004298715,28.550258224030443],[-82.338876319810723,28.550143193895146],[-82.338814820289755,28.550032050906594],[-82.338701633759882,28.54994469891043],[-82.33857861899827,28.549889160781266],[-82.338459546845712,28.549899093754462]]]},"properties":{"OBJECTID":36,"OBJECTID_1":null,"NWICODE":"PEM1F","NWISYSDESC":"PALUSTRINE","NWIDESC":"PALUSTRINE-EMERGENT-PERSISTENT-SEMIPERMANENTLY FLOODED","DATESTAMP":1569283200000,"NWISYS":"P","ShapeSTAre":40819.544428852008,"ShapeSTLen":771.84055984247277,"Feature_ID":33038,"Shape_Length":771.84055984200916,"Shape_Area":40819.544428351721}},{"type":"Feature","id":37,"geometry":{"type":"Polygon","coordinates":[[[-82.366182711494773,28.54985722455358],[-82.366119151394727,28.549912855521637],[-82.366138992684853,28.549978257687496],[-82.366230207814183,28.550160798481482],[-82.366317585462653,28.550303651159656],[-82.366393009763229,28.550446526109326],[-82.366416776938834,28.550567524267837],[-82.36644261828242,28.550656810437999],[-82.36645443863793,28.55078980133106],[-82.366446599745302,28.550892954406031],[-82.366434618750446,28.55099813538575],[-82.366402903030334,28.5511567962022],[-82.366414839634999,28.551289710076404],[-82.366452529496911,28.551422633844201],[-82.366496120065221,28.551521868191934],[-82.366583442845155,28.551615101201477],[-82.36669457184712,28.55167666453988],[-82.366849290443355,28.551682504290394],[-82.367006120728618,28.551676645651085],[-82.367142953266935,28.551660733814398],[-82.367242207114671,28.551611136322602],[-82.367198550682915,28.551434507000902],[-82.367131106323583,28.551254007789534],[-82.367087408525052,28.551109259064251],[-82.36707555575461,28.550879051244372],[-82.367063543891973,28.550640965524977],[-82.367075593865181,28.550438579847345],[-82.367057654357311,28.550250168554651],[-82.367002128542183,28.550091386996804],[-82.366928668272351,28.549946571556887],[-82.366815640820178,28.549875171701572],[-82.366648952293644,28.549847330905777],[-82.366462351616221,28.549835487078269],[-82.366319565535377,28.549835469049242],[-82.366182711494773,28.54985722455358]]]},"properties":{"OBJECTID":37,"OBJECTID_1":null,"NWICODE":"PEM1F","NWISYSDESC":"PALUSTRINE","NWIDESC":"PALUSTRINE-EMERGENT-PERSISTENT-SEMIPERMANENTLY FLOODED","DATESTAMP":1569283200000,"NWISYS":"P","ShapeSTAre":148977.98163019595,"ShapeSTLen":1777.5670874050159,"Feature_ID":33040,"Shape_Length":1777.5670874051114,"Shape_Area":148977.98163021935}},{"type":"Feature","id":38,"geometry":{"type":"Polygon","coordinates":[[[-82.363910709432687,28.55413683611955],[-82.363760039938953,28.554186421876373],[-82.363680644061617,28.554208318687838],[-82.363611133611556,28.554234040157766],[-82.36354968360412,28.554267830374982],[-82.363523796059539,28.554301516319818],[-82.363523905958289,28.554400753414896],[-82.363498038298431,28.554575328635185],[-82.363523803024279,28.554674563805182],[-82.363567575096639,28.554735996902288],[-82.363640857992948,28.554801576591007],[-82.36371640200737,28.554813447506593],[-82.363809630607491,28.554757873523538],[-82.363896903212719,28.554670562150307],[-82.363996160760237,28.5545337135901],[-82.364095310396436,28.554384881287795],[-82.364158772566384,28.554297626381757],[-82.364196482201137,28.554241973655671],[-82.364196519211234,28.554148784544022],[-82.364085374217566,28.554103115731671],[-82.363910709432687,28.55413683611955]]]},"properties":{"OBJECTID":38,"OBJECTID_1":null,"NWICODE":"PEM1F","NWISYSDESC":"PALUSTRINE","NWIDESC":"PALUSTRINE-EMERGENT-PERSISTENT-SEMIPERMANENTLY FLOODED","DATESTAMP":1569283200000,"NWISYS":"P","ShapeSTAre":36337.267363200117,"ShapeSTLen":754.43169360946263,"Feature_ID":33044,"Shape_Length":754.43169360719071,"Shape_Area":36337.267363130792}},{"type":"Feature","id":39,"geometry":{"type":"Polygon","coordinates":[[[-82.358079295451503,28.559138759809276],[-82.358023729796017,28.559216059900457],[-82.358003811776456,28.559247860299926],[-82.357997904497466,28.55935299557223],[-82.358097209601965,28.559470062866662],[-82.358202304447914,28.55951368343052],[-82.358351082729882,28.559541522203698],[-82.358519717377376,28.559547420354658],[-82.358607159460959,28.559537521727286],[-82.358656729898996,28.559466031156198],[-82.35867658374795,28.559382784023104],[-82.358613071397883,28.559289491250102],[-82.358476127583884,28.559233932359724],[-82.358359049671492,28.559166483111447],[-82.358259845487353,28.559134764298996],[-82.358166528002187,28.559116865433236],[-82.358079295451503,28.559138759809276]]]},"properties":{"OBJECTID":39,"OBJECTID_1":null,"NWICODE":"PEM1F","NWISYSDESC":"PALUSTRINE","NWIDESC":"PALUSTRINE-EMERGENT-PERSISTENT-SEMIPERMANENTLY FLOODED","DATESTAMP":1569283200000,"NWISYS":"P","ShapeSTAre":24381.674431548388,"ShapeSTLen":594.40922495182986,"Feature_ID":33045,"Shape_Length":594.40922495052064,"Shape_Area":24381.674431557389}},{"type":"Feature","id":40,"geometry":{"type":"Polygon","coordinates":[[[-82.358624981981563,28.559966116823418],[-82.358569355264294,28.560037469979925],[-82.358549540992655,28.560098977857578],[-82.358543552348564,28.560186286761777],[-82.358599090198382,28.560372754387917],[-82.358642731565197,28.560434354498039],[-82.358704299910741,28.560471938416708],[-82.358815483238644,28.560483903725032],[-82.358878908040126,28.56044625744487],[-82.35890275408002,28.560341046754381],[-82.358910697323338,28.560225938854213],[-82.358884869716022,28.560077175506304],[-82.358843191715081,28.559983940624502],[-82.358785640385349,28.559934354074247],[-82.358706245857888,28.55992838198382],[-82.358624981981563,28.559966116823418]]]},"properties":{"OBJECTID":40,"OBJECTID_1":null,"NWICODE":"PEM1F","NWISYSDESC":"PALUSTRINE","NWIDESC":"PALUSTRINE-EMERGENT-PERSISTENT-SEMIPERMANENTLY FLOODED","DATESTAMP":1569283200000,"NWISYS":"P","ShapeSTAre":18663.33149935956,"ShapeSTLen":520.56283062161719,"Feature_ID":33046,"Shape_Length":520.56283062026137,"Shape_Area":18663.331499379005}},{"type":"Feature","id":41,"geometry":{"type":"Polygon","coordinates":[[[-82.368476461288509,28.567717632747023],[-82.368613316242573,28.567745389651286],[-82.368942827807984,28.567850531459822],[-82.36925427283343,28.567928052373752],[-82.369440709608611,28.56798353587471],[-82.36964507446767,28.568039030745922],[-82.369913102224359,28.568094636037664],[-82.370135244351303,28.568128285776734],[-82.370359436233514,28.568162015279448],[-82.370385601377436,28.568169038042917],[-82.370885475946338,28.567976863970134],[-82.370987705859946,28.567930337115836],[-82.370988405931882,28.567927984615999],[-82.370950764212523,28.567816820410059],[-82.370883306948571,28.567767253552784],[-82.370839687351378,28.567727591443365],[-82.370746395279724,28.567646211951697],[-82.370647096069192,28.567568814568119],[-82.370530110172922,28.567485498247329],[-82.370299979926756,28.567358550400741],[-82.37016894370403,28.567352644742407],[-82.370063821408195,28.567340738145585],[-82.369976540689379,28.567328740421679],[-82.36986541465204,28.567318897438614],[-82.36970278080527,28.56729505867894],[-82.369565818626583,28.567312878373762],[-82.369254328377025,28.567354580395939],[-82.36896859652208,28.56735453816956],[-82.368770189944058,28.567332694957347],[-82.368583596612993,28.567326890889291],[-82.368297905323232,28.567336719604612],[-82.368053837487025,28.567330772089292],[-82.367899149794241,28.567291045636832],[-82.367817692569616,28.567297060324204],[-82.367774046735562,28.567422027699131],[-82.367799885049052,28.567467728702781],[-82.367823640498401,28.567533171251537],[-82.367861322788144,28.56761053832351],[-82.367893061972666,28.567638357049621],[-82.367948675635091,28.567672064660222],[-82.368085594500897,28.567703850857463],[-82.368246260369958,28.567715745444524],[-82.368365353524737,28.567705779887248],[-82.368476461288509,28.567717632747023]]]},"properties":{"OBJECTID":41,"OBJECTID_1":null,"NWICODE":"PEM1F","NWISYSDESC":"PALUSTRINE","NWIDESC":"PALUSTRINE-EMERGENT-PERSISTENT-SEMIPERMANENTLY FLOODED","DATESTAMP":1569283200000,"NWISYS":"P","ShapeSTAre":209930.76220559582,"ShapeSTLen":2353.5141460227005,"Feature_ID":33049,"Shape_Length":2290.9333095719408,"Shape_Area":199777.34046125822}},{"type":"Feature","id":42,"geometry":{"type":"Polygon","coordinates":[[[-82.359200335958775,28.569257304013572],[-82.359124979281773,28.569332706899871],[-82.359075364448955,28.569410129645217],[-82.359043645153506,28.569465634189392],[-82.35895638486015,28.569574868204583],[-82.358964779714597,28.569618872816356],[-82.359518483178206,28.569673369143629],[-82.359523809864811,28.569598606358884],[-82.359480160015195,28.569406175954093],[-82.359448430456709,28.56933468483788],[-82.3594246196851,28.569263294556809],[-82.35939282158634,28.569213721368236],[-82.359299641277275,28.569201872268216],[-82.359200335958775,28.569257304013572]]]},"properties":{"OBJECTID":42,"OBJECTID_1":null,"NWICODE":"PEM1F","NWISYSDESC":"PALUSTRINE","NWIDESC":"PALUSTRINE-EMERGENT-PERSISTENT-SEMIPERMANENTLY FLOODED","DATESTAMP":1569283200000,"NWISYS":"P","ShapeSTAre":32954.648679473583,"ShapeSTLen":681.20527953734734,"Feature_ID":33053,"Shape_Length":577.37692713467652,"Shape_Area":20501.395452879711}},{"type":"Feature","id":43,"geometry":{"type":"Polygon","coordinates":[[[-82.367502038783059,28.538405260286105],[-82.36744027932555,28.538420495579121],[-82.367388924381828,28.538433164414403],[-82.367380478241373,28.538442965023854],[-82.367327450437656,28.538504505510456],[-82.367327417058462,28.538597697516305],[-82.367345329247641,28.538685056978867],[-82.367357222117988,28.538752457610563],[-82.367383014934489,28.53880217717731],[-82.367420614067413,28.53886163353452],[-82.367488200253277,28.538889388025684],[-82.367587409854465,28.53887350001898],[-82.367656870793141,28.538867597469505],[-82.367718416566674,28.538845787301767],[-82.367750066377326,28.538770350765297],[-82.367750136872502,28.538746512546101],[-82.367744190925919,28.538609702260985],[-82.367712421707637,28.538472690289801],[-82.367691793856125,28.53844643028393],[-82.367676673462853,28.538427177377621],[-82.367658589622337,28.538421418872357],[-82.367589320065477,28.538399356470613],[-82.367502038783059,28.538405260286105]]]},"properties":{"OBJECTID":43,"OBJECTID_1":null,"NWICODE":"PEM1Fd","NWISYSDESC":"PALUSTRINE","NWIDESC":"PALUSTRINE-EMERGENT-PERSISTENT-SEMIPERMANENTLY FLOODED-PARTIALLY DRAINED/DITCHED","DATESTAMP":1569283200000,"NWISYS":"P","ShapeSTAre":20082.506848794852,"ShapeSTLen":522.52591597975584,"Feature_ID":33126,"Shape_Length":522.52591597408104,"Shape_Area":20082.506848431662}},{"type":"Feature","id":44,"geometry":{"type":"Polygon","coordinates":[[[-82.368099326519655,28.539081892236467],[-82.36806558042889,28.539089812405201],[-82.368060474817383,28.539095244796176],[-82.368004031036506,28.539155296913663],[-82.367916766408214,28.539216755340245],[-82.367892940856464,28.539220738749115],[-82.36774215894448,28.539260445855362],[-82.367648910846967,28.539264397922011],[-82.367569491039418,28.539308038932958],[-82.367494110682998,28.539375589106264],[-82.367494109336107,28.539450876776247],[-82.367611210443741,28.539583836407736],[-82.367785788719104,28.539688981751802],[-82.367940576996233,28.539766373970391],[-82.368053605500577,28.539821878334358],[-82.368139061700219,28.539871474833898],[-82.368252074594594,28.539911262111048],[-82.36832550806443,28.539942963397593],[-82.368476304901336,28.539944921160533],[-82.368537790408439,28.539932970656668],[-82.368605337545233,28.539818002441873],[-82.368569618904388,28.539712829671185],[-82.368476225847317,28.539575964387911],[-82.368420766248462,28.539480688764204],[-82.368414808887948,28.53944895157208],[-82.368394970924527,28.539415162213867],[-82.368390739023027,28.53937713193034],[-82.368385656943815,28.539331460228222],[-82.368371135379377,28.53920095534291],[-82.368277823155125,28.539068029306861],[-82.368158758914532,28.539067943372736],[-82.368099326519655,28.539081892236467]]]},"properties":{"OBJECTID":44,"OBJECTID_1":null,"NWICODE":"PEM1Fd","NWISYSDESC":"PALUSTRINE","NWIDESC":"PALUSTRINE-EMERGENT-PERSISTENT-SEMIPERMANENTLY FLOODED-PARTIALLY DRAINED/DITCHED","DATESTAMP":1569283200000,"NWISYS":"P","ShapeSTAre":66860.641948346194,"ShapeSTLen":1055.3601495250525,"Feature_ID":33127,"Shape_Length":1055.3601495258933,"Shape_Area":66860.641948211269}},{"type":"Feature","id":45,"geometry":{"type":"Polygon","coordinates":[[[-82.369293743248136,28.541262367650852],[-82.369262019689316,28.541305998136405],[-82.369250139713529,28.541355550856807],[-82.369238160471838,28.541504408161494],[-82.36920053454547,28.541625402356814],[-82.369168719615828,28.541696797164605],[-82.369113202894013,28.541724588552956],[-82.369063647956551,28.541740442903539],[-82.369019956540939,28.541784185262085],[-82.369000176715176,28.541857578491829],[-82.369014592386321,28.541894610149736],[-82.369031843591273,28.54193893222531],[-82.369060069876625,28.541953723371083],[-82.369148945551814,28.542000438666538],[-82.369317695326956,28.542028176149714],[-82.369504146112007,28.542000344287711],[-82.36964694594316,28.541950841294831],[-82.369766032259449,28.541907162359927],[-82.369859273441861,28.541875431215146],[-82.369902902898232,28.541825742338236],[-82.369908926942131,28.54176027199998],[-82.36985331821873,28.541682978340791],[-82.369772063061035,28.541637303003682],[-82.369748163527362,28.541549999920651],[-82.369728302427077,28.541444850186114],[-82.369692590177223,28.541351648170952],[-82.369660898058072,28.541302087701034],[-82.369611245072917,28.541274255729018],[-82.369541811158811,28.541246448693766],[-82.369442713864572,28.541246455744169],[-82.369398924563924,28.541246510800185],[-82.369355290061748,28.541240556739222],[-82.369293743248136,28.541262367650852]]]},"properties":{"OBJECTID":45,"OBJECTID_1":null,"NWICODE":"PEM1Fd","NWISYSDESC":"PALUSTRINE","NWIDESC":"PALUSTRINE-EMERGENT-PERSISTENT-SEMIPERMANENTLY FLOODED-PARTIALLY DRAINED/DITCHED","DATESTAMP":1569283200000,"NWISYS":"P","ShapeSTAre":53162.809458972224,"ShapeSTLen":928.23871481971196,"Feature_ID":33128,"Shape_Length":928.23871481228116,"Shape_Area":53162.809458507698}},{"type":"Feature","id":46,"geometry":{"type":"Polygon","coordinates":[[[-82.367320137070266,28.541523442631732],[-82.367242143690703,28.541544013071775],[-82.367160821995455,28.541577817161745],[-82.36709137862907,28.541637355413918],[-82.367079492018817,28.541714774934015],[-82.36709132706747,28.541847678380741],[-82.367129115182166,28.541923056064611],[-82.367178658152639,28.541996467336617],[-82.367246194271189,28.542046053271736],[-82.367339345075024,28.542099650266657],[-82.367426624806299,28.542155145363388],[-82.367539808073758,28.542173026638086],[-82.367627037392083,28.542133308635094],[-82.367700475451912,28.542089723495028],[-82.367750084439152,28.542067846374824],[-82.367813658339855,28.54199247950082],[-82.367813590996263,28.541900430179279],[-82.367813582190806,28.541887304765968],[-82.367806554418223,28.541864819442033],[-82.367787803446291,28.541803964084036],[-82.367744070498375,28.541738515790961],[-82.367708450319213,28.541692836538843],[-82.367670750544121,28.541649175125563],[-82.367650866553973,28.541633379357489],[-82.367627128520212,28.541611516759964],[-82.367539739394743,28.541528231813345],[-82.367360915055187,28.541517194608453],[-82.367347302794386,28.541516278560522],[-82.367320137070266,28.541523442631732]]]},"properties":{"OBJECTID":46,"OBJECTID_1":null,"NWICODE":"PEM1Fd","NWISYSDESC":"PALUSTRINE","NWIDESC":"PALUSTRINE-EMERGENT-PERSISTENT-SEMIPERMANENTLY FLOODED-PARTIALLY DRAINED/DITCHED","DATESTAMP":1569283200000,"NWISYS":"P","ShapeSTAre":41409.265558341416,"ShapeSTLen":740.56178675606986,"Feature_ID":33129,"Shape_Length":740.56178675365891,"Shape_Area":41409.265558202918}},{"type":"Feature","id":47,"geometry":{"type":"Polygon","coordinates":[[[-82.362557524928931,28.549154915672279],[-82.362694454111107,28.549123215329548],[-82.362845184519784,28.549123160904418],[-82.362938462225586,28.549117205203544],[-82.363011869203277,28.549095364548354],[-82.363125030691663,28.549017948937642],[-82.363198444002748,28.54893662866645],[-82.363230104569368,28.548843470380106],[-82.363224152019001,28.548754172759971],[-82.363093180564618,28.548744242715582],[-82.362912694283793,28.548813762331864],[-82.362726153972446,28.548897032389345],[-82.36257736144546,28.548974357844873],[-82.362495962419771,28.549061689734362],[-82.362501939850148,28.549105307295054],[-82.362557524928931,28.549154915672279]]]},"properties":{"OBJECTID":47,"OBJECTID_1":null,"NWICODE":"PEM1Fx","NWISYSDESC":"PALUSTRINE","NWIDESC":"PALUSTRINE-EMERGENT-PERSISTENT-SEMIPERMANENTLY FLOODED-EXCAVATED","DATESTAMP":1569283200000,"NWISYS":"P","ShapeSTAre":20383.768580134765,"ShapeSTLen":610.81587293965265,"Feature_ID":33131,"Shape_Length":610.81587294551173,"Shape_Area":20383.768580584507}},{"type":"Feature","id":48,"geometry":{"type":"Polygon","coordinates":[[[-82.36694061074617,28.552734129913251],[-82.366853387991341,28.552771837043629],[-82.366754162987249,28.552861091051074],[-82.366698501389664,28.55289288280926],[-82.366649009661899,28.552942459217491],[-82.366611169559206,28.552976168102607],[-82.366541851892549,28.553146822361636],[-82.366535837594185,28.553196395032153],[-82.366641078870373,28.553261863364284],[-82.366777969368258,28.553279763255635],[-82.366928740792162,28.553301634582905],[-82.367028007399909,28.55329562016427],[-82.367127137270472,28.553236047741244],[-82.367176659125491,28.553152761517932],[-82.367264033588384,28.552888943075395],[-82.367264096927741,28.55279557522756],[-82.36717676669042,28.552746014986674],[-82.3670537637405,28.552728249390469],[-82.36694061074617,28.552734129913251]]]},"properties":{"OBJECTID":48,"OBJECTID_1":null,"NWICODE":"PFO1C","NWISYSDESC":"PALUSTRINE","NWIDESC":"PALUSTRINE-FORESTED-BROAD-LEAVED DECIDUOUS-SEASONALLY FLOODED","DATESTAMP":1569283200000,"NWISYS":"P","ShapeSTAre":35267.425185512016,"ShapeSTLen":706.32815486336676,"Feature_ID":33141,"Shape_Length":706.3281548645981,"Shape_Area":35267.425185775202}},{"type":"Feature","id":49,"geometry":{"type":"Polygon","coordinates":[[[-82.355902589432176,28.550549750467596],[-82.355789514654319,28.550599393969932],[-82.355696289187392,28.550653043198505],[-82.355634696010554,28.550724363038675],[-82.355626684147708,28.550835443964456],[-82.355646555395055,28.550934750313765],[-82.355720035919845,28.550990220424744],[-82.355839129740872,28.551006036757816],[-82.355920361205904,28.551012065314982],[-82.355993878756706,28.551018018402001],[-82.356136777201286,28.55097439090348],[-82.356267631043224,28.550887099075794],[-82.356232012895646,28.550742192005071],[-82.356194219141486,28.550611258843666],[-82.356132702693813,28.550512096104999],[-82.356025636130511,28.550488227591597],[-82.355902589432176,28.550549750467596]]]},"properties":{"OBJECTID":49,"OBJECTID_1":null,"NWICODE":"PFO2F","NWISYSDESC":"PALUSTRINE","NWIDESC":"PALUSTRINE-FORESTED-NEEDLE-LEAVED DECIDUOUS-SEMIPERMANENTLY FLOODED","DATESTAMP":1569283200000,"NWISYS":"P","ShapeSTAre":29105.888107919844,"ShapeSTLen":631.77617932693033,"Feature_ID":33156,"Shape_Length":631.77617932540818,"Shape_Area":29105.888107870003}},{"type":"Feature","id":50,"geometry":{"type":"Polygon","coordinates":[[[-82.359029608010445,28.55023226952385],[-82.358999959391213,28.550357297557152],[-82.359011789670191,28.550517976517188],[-82.359073252283906,28.550678803040949],[-82.35908521273042,28.550722365223695],[-82.359202209919331,28.550843347280086],[-82.359295545986271,28.550986240189594],[-82.359382774790276,28.551047763613777],[-82.359519742109896,28.55098235677081],[-82.359688388226971,28.550871124488875],[-82.359807472660052,28.550728321467208],[-82.359857038368162,28.550553767024905],[-82.359795587109929,28.550432687070504],[-82.359714221606197,28.550327601475981],[-82.359571329175537,28.550244141831829],[-82.359460300431437,28.550210450121558],[-82.359291659078522,28.550194591228607],[-82.359142726874182,28.55018865896356],[-82.359029608010445,28.55023226952385]]]},"properties":{"OBJECTID":50,"OBJECTID_1":null,"NWICODE":"PFO2F","NWISYSDESC":"PALUSTRINE","NWIDESC":"PALUSTRINE-FORESTED-NEEDLE-LEAVED DECIDUOUS-SEMIPERMANENTLY FLOODED","DATESTAMP":1569283200000,"NWISYS":"P","ShapeSTAre":60206.777460589634,"ShapeSTLen":913.29984428648015,"Feature_ID":33157,"Shape_Length":913.29984428868443,"Shape_Area":60206.77746063123}},{"type":"Feature","id":51,"geometry":{"type":"Polygon","coordinates":[[[-82.352968056215545,28.564307188043031],[-82.352898678040575,28.564467866367188],[-82.352898611803866,28.564517560988023],[-82.352924433313476,28.564567101672413],[-82.353003777434836,28.564638488618758],[-82.353091136488487,28.564682215159525],[-82.353227965189703,28.564725886900387],[-82.353303374516514,28.564743686852005],[-82.353352991045668,28.564749681855563],[-82.353390712460325,28.564678228583706],[-82.35339664584933,28.564584974576665],[-82.353378807143301,28.564501646818986],[-82.353352996968681,28.56440843484911],[-82.353297483157405,28.564319180246052],[-82.353224027793971,28.564275501569284],[-82.353160490211096,28.564241773293638],[-82.353110895576393,28.564231852088977],[-82.353067210908407,28.564231824064333],[-82.352968056215545,28.564307188043031]]]},"properties":{"OBJECTID":51,"OBJECTID_1":null,"NWICODE":"PFO2F","NWISYSDESC":"PALUSTRINE","NWIDESC":"PALUSTRINE-FORESTED-NEEDLE-LEAVED DECIDUOUS-SEMIPERMANENTLY FLOODED","DATESTAMP":1569283200000,"NWISYS":"P","ShapeSTAre":21424.914775848625,"ShapeSTLen":546.79639242732787,"Feature_ID":33158,"Shape_Length":546.79639243173426,"Shape_Area":21424.914776170663}},{"type":"Feature","id":52,"geometry":{"type":"Polygon","coordinates":[[[-82.356031550461807,28.53756615631211],[-82.355987843307545,28.537570146440185],[-82.355819131926154,28.537582045589648],[-82.355676295810454,28.537619740572676],[-82.355577125849749,28.537629683278048],[-82.355527491021675,28.537657399597521],[-82.355440136859102,28.537800249589175],[-82.355458119475529,28.53788963265556],[-82.355495724605404,28.537949003019708],[-82.355551344291996,28.53800465278054],[-82.355620689665358,28.538060144761179],[-82.355714061661146,28.538081985932642],[-82.355813216973928,28.538087938804978],[-82.355938171173605,28.538060103503991],[-82.356067235306014,28.538016531311872],[-82.356154488173246,28.53797289630521],[-82.356255734611196,28.537917350628554],[-82.356341056470143,28.537841945527379],[-82.356372826732994,28.537792384995122],[-82.356378677371552,28.5377248808419],[-82.356342995238322,28.537647391178638],[-82.35629339629368,28.537609782694542],[-82.356206073822037,28.537576108991381],[-82.356106894667519,28.537560193716121],[-82.356031550461807,28.53756615631211]]]},"properties":{"OBJECTID":52,"OBJECTID_1":null,"NWICODE":"PFO6C","NWISYSDESC":"PALUSTRINE","NWIDESC":"PALUSTRINE-FORESTED-DECIDUOUS-SEASONALLY FLOODED","DATESTAMP":1569283200000,"NWISYS":"P","ShapeSTAre":42936.410498621815,"ShapeSTLen":782.88828615879731,"Feature_ID":33165,"Shape_Length":782.888286157577,"Shape_Area":42936.410498623482}},{"type":"Feature","id":53,"geometry":{"type":"Polygon","coordinates":[[[-82.341124361441757,28.545385439855011],[-82.341048945985392,28.545429029184966],[-82.340963624052435,28.545500494101496],[-82.340844578494412,28.54560564138179],[-82.34072551058793,28.545714713796521],[-82.340588582038222,28.545841687331318],[-82.340477511396784,28.545966771358728],[-82.340390141921006,28.546065932987521],[-82.340314785408253,28.546171021706574],[-82.340233466812236,28.546313904529228],[-82.340227479106574,28.546468649330397],[-82.340271174002766,28.546577781730118],[-82.340344506840168,28.546649235677709],[-82.340443772101267,28.546682992444673],[-82.340586630567984,28.546673095540619],[-82.340679861080019,28.54663334634915],[-82.340767250593231,28.546546065611945],[-82.340848572434837,28.546415152922734],[-82.340918032549951,28.546315885280926],[-82.341023104696461,28.5462048338306],[-82.341110451966884,28.546151262625624],[-82.341241351656691,28.546129414699219],[-82.341416065649867,28.546117483298563],[-82.341564833258914,28.546101674616708],[-82.341689863931478,28.546079803123671],[-82.341745355059047,28.546069929923576],[-82.341820801022166,28.545871470476335],[-82.341788964124277,28.545716804577768],[-82.34170173513273,28.545629497052239],[-82.341652129789395,28.545567942363387],[-82.341578676710398,28.545484595658678],[-82.341509229491038,28.545431001650027],[-82.341386218555058,28.545375465995576],[-82.341267116247508,28.545347752208688],[-82.341124361441757,28.545385439855011]]]},"properties":{"OBJECTID":53,"OBJECTID_1":null,"NWICODE":"PFO6C","NWISYSDESC":"PALUSTRINE","NWIDESC":"PALUSTRINE-FORESTED-DECIDUOUS-SEASONALLY FLOODED","DATESTAMP":1569283200000,"NWISYS":"P","ShapeSTAre":126082.9115762662,"ShapeSTLen":1528.151051200744,"Feature_ID":33168,"Shape_Length":1528.1510511951271,"Shape_Area":126082.91157603185}},{"type":"Feature","id":54,"geometry":{"type":"Polygon","coordinates":[[[-82.337863991960219,28.552030585764218],[-82.337866966172328,28.552301528564833],[-82.337888178109807,28.552303797496307],[-82.33793774460193,28.552315734806871],[-82.337987444242714,28.552353363196982],[-82.338094511760687,28.552238366765543],[-82.338126255393334,28.552222522926208],[-82.338156051967914,28.552206612644209],[-82.33817581853846,28.552194713878443],[-82.338187754837776,28.552182814763412],[-82.338249277597711,28.552111402792466],[-82.338088546137385,28.552057785451872],[-82.337951607373284,28.552045870806193],[-82.337863991960219,28.552030585764218]]]},"properties":{"OBJECTID":54,"OBJECTID_1":null,"NWICODE":"PFO6C","NWISYSDESC":"PALUSTRINE","NWIDESC":"PALUSTRINE-FORESTED-DECIDUOUS-SEASONALLY FLOODED","DATESTAMP":1569283200000,"NWISYS":"P","ShapeSTAre":31709.278283264495,"ShapeSTLen":844.41806941668483,"Feature_ID":33169,"Shape_Length":393.99018519346646,"Shape_Area":8813.6824746063066}},{"type":"Feature","id":55,"geometry":{"type":"Polygon","coordinates":[[[-82.349973819161164,28.544704770690235],[-82.349955908871422,28.544815864292268],[-82.349949997105597,28.544919084726985],[-82.349924258048745,28.54503017864619],[-82.349930122522849,28.545157204053528],[-82.349948090122368,28.545222645110417],[-82.349979756302247,28.545288107705343],[-82.35004724972282,28.545355607460476],[-82.350128611601448,28.545387333325323],[-82.35023366423728,28.545405193131003],[-82.350384467769729,28.545393288411653],[-82.350513439316359,28.545367435559204],[-82.350682162713667,28.545327767962171],[-82.350787365742647,28.545268256672728],[-82.350830990500711,28.545190888285315],[-82.350850865790392,28.545091742806154],[-82.350838897462495,28.545010351037703],[-82.350795217272193,28.544938961526615],[-82.350733770026466,28.544861547848399],[-82.350670259442168,28.544740560032022],[-82.350584960123129,28.544657162196454],[-82.350509446510031,28.544613578283563],[-82.35045401148723,28.544573848741489],[-82.350422231199019,28.544552046293138],[-82.350255524302824,28.544512389018422],[-82.350112748260401,28.544512349362609],[-82.350092763212174,28.544512344042207],[-82.350055218395042,28.544518309658393],[-82.349981765318333,28.544490521925617],[-82.349973819161164,28.544704770690235]]]},"properties":{"OBJECTID":55,"OBJECTID_1":null,"NWICODE":"PFO6F","NWISYSDESC":"PALUSTRINE","NWIDESC":"PALUSTRINE-FORESTED-DECIDUOUS-SEMIPERMANENTLY FLOODED","DATESTAMP":1569283200000,"NWISYS":"P","ShapeSTAre":75582.962516595508,"ShapeSTLen":1038.5126259873473,"Feature_ID":33178,"Shape_Length":1038.5126259894259,"Shape_Area":75582.962517001739}},{"type":"Feature","id":56,"geometry":{"type":"Polygon","coordinates":[[[-82.356434282547355,28.54561741444342],[-82.356341058076509,28.545688790592781],[-82.356277473641015,28.545732535956592],[-82.356172405199843,28.545875306436052],[-82.356091053596501,28.54601225409947],[-82.356085125469534,28.546089705762146],[-82.356108976386025,28.546127301472175],[-82.356146612934168,28.546194714037927],[-82.356190278684636,28.54623841352285],[-82.356257665324449,28.546266148820401],[-82.356327246219692,28.546300014238049],[-82.356400636752781,28.546309880008931],[-82.356444242691481,28.54627810063112],[-82.356507746821237,28.546200720678037],[-82.356676388357897,28.546057878616942],[-82.356626827348407,28.545974499931106],[-82.356632712136459,28.545958625848947],[-82.356650654869185,28.545925017988903],[-82.35667637113427,28.545875320835801],[-82.356700177746148,28.545744426210117],[-82.356650562562734,28.545667071692957],[-82.356614827844467,28.545623384909621],[-82.356545434703463,28.545589635542644],[-82.356489845004091,28.545583696116566],[-82.356434282547355,28.54561741444342]]]},"properties":{"OBJECTID":56,"OBJECTID_1":null,"NWICODE":"PFO6F","NWISYSDESC":"PALUSTRINE","NWIDESC":"PALUSTRINE-FORESTED-DECIDUOUS-SEMIPERMANENTLY FLOODED","DATESTAMP":1569283200000,"NWISYS":"P","ShapeSTAre":34230.46084908893,"ShapeSTLen":716.03755478079756,"Feature_ID":33179,"Shape_Length":716.03755478766357,"Shape_Area":34230.460849409486}},{"type":"Feature","id":57,"geometry":{"type":"Polygon","coordinates":[[[-82.337866966172328,28.552301528564833],[-82.337872805174896,28.552833446254393],[-82.337876191363705,28.552833574982909],[-82.338068760354219,28.552861310871855],[-82.338136188098588,28.552855347221385],[-82.338298943756982,28.552817672409041],[-82.338179834474076,28.552678849967528],[-82.338118251323394,28.552607351231035],[-82.338056809791325,28.552529930956759],[-82.338030981521939,28.552496281132406],[-82.338013218736279,28.552446671383805],[-82.337987444242714,28.552353363196982],[-82.33793774460193,28.552315734806871],[-82.337888178109807,28.552303797496307],[-82.337866966172328,28.552301528564833]]]},"properties":{"OBJECTID":57,"OBJECTID_1":null,"NWICODE":"PSS1C","NWISYSDESC":"PALUSTRINE","NWIDESC":"PALUSTRINE-SCRUB-SHRUB-BROAD-LEAVED DECIDUOUS-SEASONALLY FLOODED","DATESTAMP":1569283200000,"NWISYS":"P","ShapeSTAre":48341.442012106614,"ShapeSTLen":898.46156488663678,"Feature_ID":33187,"Shape_Length":576.25256005120661,"Shape_Area":15097.6390629209}},{"type":"Feature","id":58,"geometry":{"type":"Polygon","coordinates":[[[-82.342598652975695,28.559972166142796],[-82.343201834218561,28.559974092079678],[-82.343201952749055,28.559859075152744],[-82.343178054047073,28.55980347299425],[-82.343126441898676,28.559759846346672],[-82.343047071260557,28.559736048348007],[-82.342933993339543,28.559742006171998],[-82.342878436945469,28.55973012645854],[-82.342797100098537,28.559680492999274],[-82.342755498526842,28.559565422604109],[-82.34274351955564,28.559428569833074],[-82.342787156890594,28.559295656099366],[-82.342848712562386,28.559180482196695],[-82.342886409266612,28.559152792551984],[-82.342973680855962,28.559043567721158],[-82.34299160683544,28.55894444921222],[-82.342930015384425,28.558773820915988],[-82.342806978904719,28.558650767494075],[-82.342687892175562,28.558563488949872],[-82.342533238670697,28.55846433683806],[-82.342352562850635,28.55837500265876],[-82.342049081616338,28.558198459853529],[-82.341900154974439,28.558176607707434],[-82.341793105563426,28.558176575903385],[-82.341713699956571,28.558198456316031],[-82.341620471274851,28.55827977967812],[-82.341507379527798,28.558412735167753],[-82.341414106877579,28.558543573457992],[-82.34135661004062,28.558626923652117],[-82.34126933710958,28.558736147461321],[-82.341219643380157,28.558769789771489],[-82.341152192155334,28.558763874831623],[-82.341128413386912,28.558609060704708],[-82.341084710666451,28.558416604120065],[-82.341090603853644,28.558230239120114],[-82.341090717432195,28.558063506394976],[-82.341098588049448,28.557932580653013],[-82.34109269458213,28.55778371669966],[-82.341092610792074,28.557684480341813],[-82.341092755574138,28.557579425124278],[-82.341179949704227,28.557535702423895],[-82.341247486692438,28.557513944198124],[-82.341310971601786,28.557442508812422],[-82.34131089146868,28.557355241972999],[-82.341285134745434,28.557271898090491],[-82.341261338565928,28.557160755416348],[-82.341249404306311,28.557073520176996],[-82.341293081045833,28.556992142984715],[-82.341386326578288,28.556936587900868],[-82.34162252258092,28.556849216636603],[-82.341791074506446,28.55679373161805],[-82.341945844979989,28.556750091825794],[-82.342114513578238,28.556750081937675],[-82.342251460896108,28.556761990510299],[-82.342338680874064,28.556740199262677],[-82.342455872428843,28.556652813493429],[-82.34254304618679,28.556597208868467],[-82.342685901808423,28.556547653687101],[-82.342816840108114,28.556521878023347],[-82.342886335148663,28.556472320183055],[-82.342898203909726,28.556345287741848],[-82.342793115351185,28.55626190628174],[-82.342612554357501,28.5562243005201],[-82.342445788647581,28.556218341758285],[-82.342314868706396,28.556228221405878],[-82.342215674849598,28.55623815179327],[-82.34205293335522,28.556287713275712],[-82.341904161352574,28.556325544159726],[-82.34176138311112,28.556337373318268],[-82.341642220240956,28.556303624383823],[-82.341499464226501,28.556297639225324],[-82.341374357648519,28.556285787641059],[-82.341201740719598,28.556263909456661],[-82.34106485358997,28.556230169369037],[-82.340939908391221,28.556224276028107],[-82.340852549940678,28.556263957410785],[-82.340741539761183,28.556339343222593],[-82.340610464513915,28.556438559544308],[-82.340491503539198,28.556543716135657],[-82.340360482857818,28.556692460590337],[-82.340249416400027,28.556829420883254],[-82.340074780747997,28.557049682806671],[-82.339923976471468,28.5572520798688],[-82.339848571681316,28.557388956842754],[-82.339810819349751,28.557505997242774],[-82.339787109862698,28.557658828964001],[-82.339787026897909,28.557726248359685],[-82.339822836465913,28.557829430558225],[-82.339892188827463,28.557884929461657],[-82.340035126201286,28.557853204374879],[-82.340152124279072,28.55781942905438],[-82.340195846544944,28.557813528276583],[-82.340320739373396,28.557825445536203],[-82.340451818846759,28.557865110340959],[-82.340562827125311,28.55793052309475],[-82.340594610869147,28.558091207728395],[-82.340574810738829,28.558244083899673],[-82.340537077930051,28.558414668342841],[-82.340481624064992,28.558486127434335],[-82.340350581224541,28.558525775486242],[-82.340158076730717,28.558529759082699],[-82.340015239039062,28.558464281360919],[-82.339928020623091,28.558386937419602],[-82.339878330566407,28.558265893015722],[-82.339816809408191,28.558182617647045],[-82.339703674497102,28.558127073077259],[-82.339592661273372,28.558105241720138],[-82.339437887638013,28.558121102134923],[-82.339300896990039,28.558198451151878],[-82.339193768505879,28.558319469924875],[-82.339100577384528,28.558505960923249],[-82.339042975324247,28.558714288912903],[-82.339022869563678,28.558844279590907],[-82.339052360266976,28.558916096205081],[-82.339484187561268,28.559785048749607],[-82.339590555520203,28.559965840635261],[-82.340197815246654,28.559978108719267],[-82.341809045951436,28.559948325471936],[-82.342598652975695,28.559972166142796]]]},"properties":{"OBJECTID":58,"OBJECTID_1":null,"NWICODE":"PSS1C","NWISYSDESC":"PALUSTRINE","NWIDESC":"PALUSTRINE-SCRUB-SHRUB-BROAD-LEAVED DECIDUOUS-SEASONALLY FLOODED","DATESTAMP":1569283200000,"NWISYS":"P","ShapeSTAre":1051644.1630466941,"ShapeSTLen":6939.749389186285,"Feature_ID":33188,"Shape_Length":6765.4768225010275,"Shape_Area":1006592.0154541403}},{"type":"Feature","id":59,"geometry":{"type":"Polygon","coordinates":[[[-82.353563202548727,28.544899240488025],[-82.353735724209642,28.544960744051092],[-82.353785389157395,28.544972686170606],[-82.353866823680789,28.544982489951952],[-82.353966031828378,28.545010286941356],[-82.354059214551,28.545044073964078],[-82.354097026493903,28.545071855876483],[-82.354140626369954,28.545111528160724],[-82.35419027384215,28.545155173000026],[-82.354251718461896,28.545220614654848],[-82.354307341121242,28.545292071132387],[-82.35436284256383,28.545381329270452],[-82.354438288604456,28.5454468299449],[-82.354531499035915,28.545436853967519],[-82.354612814824037,28.545403149469919],[-82.354686176624455,28.545343663281869],[-82.354773468142554,28.545238543603908],[-82.35481717996403,28.545151134288684],[-82.354842980498333,28.544974536630917],[-82.354862901336062,28.544825783406782],[-82.35486878687729,28.544710681740423],[-82.354862758846295,28.544589666588681],[-82.354831069475097,28.544512324991196],[-82.354844953525699,28.544444846891501],[-82.354906460634126,28.544401201464201],[-82.354981933583019,28.54439132658327],[-82.355037512052562,28.544341712274246],[-82.355069154023226,28.544270206594131],[-82.355081077104799,28.544186945347466],[-82.355049301513262,28.544109500252894],[-82.354981873104776,28.544044114293222],[-82.354894619502446,28.54401629672066],[-82.354763636247682,28.543994475702689],[-82.354602916744028,28.543982546970753],[-82.354465988825154,28.543970654300434],[-82.354267585416366,28.543970613515253],[-82.354215975364795,28.544026217724973],[-82.354116865707653,28.54411346725135],[-82.354023490295447,28.544218628552382],[-82.353973963899548,28.544299992665074],[-82.353868691058011,28.544383344625306],[-82.35373185633955,28.54444291362773],[-82.353630632014855,28.544436968275296],[-82.353481887533803,28.544421091779057],[-82.353376671648888,28.544399192421018],[-82.353265547000319,28.544337703729461],[-82.353190213712296,28.544282266795303],[-82.353108800336997,28.544216730392687],[-82.353009565540106,28.544121497324255],[-82.352924330754959,28.544056018566383],[-82.352836958788387,28.544000499025014],[-82.352706031506216,28.543972651848691],[-82.352606774738462,28.543978653923638],[-82.35252545683268,28.544028163528363],[-82.352469905889805,28.544115515333342],[-82.352444061340805,28.544171042969548],[-82.35243220019143,28.544242526489001],[-82.352450114625086,28.544313990475661],[-82.352462018064017,28.544407161424107],[-82.352430260277586,28.544567827969463],[-82.352430179173737,28.544677005056677],[-82.352444105780037,28.544760292829977],[-82.352462000179841,28.544819876647207],[-82.352505581245538,28.544891251436557],[-82.352543296637236,28.544930991850677],[-82.352616831015851,28.544992411814196],[-82.352672287426486,28.545014325502891],[-82.352785422102343,28.544998408497559],[-82.352884604088615,28.54498654939005],[-82.352965894589275,28.544958690399685],[-82.353059192371006,28.544933010875351],[-82.353132677096909,28.544915114969303],[-82.353231795452629,28.54489922772688],[-82.353313152735268,28.544889285225658],[-82.353444116944317,28.544883421175584],[-82.353563202548727,28.544899240488025]]]},"properties":{"OBJECTID":59,"OBJECTID_1":null,"NWICODE":"PUBH","NWISYSDESC":"PALUSTRINE","NWIDESC":"PALUSTRINE-UNCONSOLIDATED BOTTOM-PERMANENTLY FLOODED","DATESTAMP":1569283200000,"NWISYS":"P","ShapeSTAre":261336.63078908704,"ShapeSTLen":2607.823746538133,"Feature_ID":33206,"Shape_Length":2607.8237465339539,"Shape_Area":261336.63078879163}},{"type":"Feature","id":60,"geometry":{"type":"Polygon","coordinates":[[[-82.355505769001113,28.54677022299424],[-82.355392574636369,28.54680989111386],[-82.355305271781432,28.546859457735959],[-82.355255676244482,28.546909016787364],[-82.355194151678731,28.546968558031814],[-82.355129300730567,28.547022617209542],[-82.355066251414783,28.54707517376071],[-82.355063246206328,28.547077680198626],[-82.354987802424247,28.547139182438087],[-82.354964035394701,28.547149109855674],[-82.354920389418055,28.547171015459806],[-82.354870829143351,28.547216557963051],[-82.354839064402967,28.547291976439269],[-82.354825122195464,28.547397090361333],[-82.354844985612488,28.547484427368143],[-82.354918468693512,28.54755186839337],[-82.354993827504742,28.547557875879523],[-82.355110909562995,28.547567680439091],[-82.355267612409392,28.547579639792421],[-82.35541050979073,28.547579596985436],[-82.355590999631076,28.547563815326011],[-82.355702196081083,28.54755979830923],[-82.355789438457109,28.547504284270882],[-82.355845034221446,28.547438773981405],[-82.355882780708669,28.54733360659575],[-82.35588700397139,28.547314668947109],[-82.355894978339151,28.547278912678653],[-82.355908434367436,28.54721857313017],[-82.355940281998883,28.547075643824609],[-82.35596410408499,28.546914965768497],[-82.355958159821412,28.546809860551811],[-82.355858869809751,28.546778125637374],[-82.355741861724184,28.546760290696987],[-82.355622813016751,28.546754346622322],[-82.355505769001113,28.54677022299424]]]},"properties":{"OBJECTID":60,"OBJECTID_1":null,"NWICODE":"PUBH","NWISYSDESC":"PALUSTRINE","NWIDESC":"PALUSTRINE-UNCONSOLIDATED BOTTOM-PERMANENTLY FLOODED","DATESTAMP":1569283200000,"NWISYS":"P","ShapeSTAre":81755.505092287756,"ShapeSTLen":1096.0948220898649,"Feature_ID":33207,"Shape_Length":1096.0948220894318,"Shape_Area":81755.505092720952}},{"type":"Feature","id":61,"geometry":{"type":"Polygon","coordinates":[[[-82.359226123853247,28.557787528143383],[-82.359220151412742,28.557858941467973],[-82.359281777824236,28.557942306932322],[-82.359374891419961,28.557874843473527],[-82.35948214435092,28.557803436286104],[-82.359555528976458,28.5577438599509],[-82.359630951910802,28.557728034365908],[-82.359761926016759,28.557712111157283],[-82.359898740133815,28.557712193356178],[-82.360035662864348,28.557684422652827],[-82.360146768625725,28.557650694492271],[-82.360251946677167,28.557640691813265],[-82.360359096595488,28.557640717820149],[-82.360402792850905,28.557624846990691],[-82.360426512895231,28.557563382600119],[-82.360420605582704,28.557482040756149],[-82.36028967261656,28.557436390727201],[-82.360128934041072,28.557436440066461],[-82.359997958467659,28.55739864111364],[-82.359916631582337,28.557331206651025],[-82.359787635925585,28.557259764874249],[-82.359595190420535,28.55724195461227],[-82.359464145149772,28.557241879386357],[-82.359339217842802,28.557247888549369],[-82.359257886082986,28.557253819226464],[-82.359170594234783,28.557269768045508],[-82.359234105332575,28.557378866854705],[-82.359226137997226,28.557484012164121],[-82.359226107900483,28.557616945633669],[-82.35922023618302,28.557704178489288],[-82.359226123853247,28.557787528143383]]]},"properties":{"OBJECTID":61,"OBJECTID_1":null,"NWICODE":"PUBHx","NWISYSDESC":"PALUSTRINE","NWIDESC":"PALUSTRINE-UNCONSOLIDATED BOTTOM-PERMANENTLY FLOODED-EXCAVATED","DATESTAMP":1569283200000,"NWISYS":"P","ShapeSTAre":56642.876401517125,"ShapeSTLen":1125.133668650232,"Feature_ID":33243,"Shape_Length":1125.1336686511568,"Shape_Area":56642.876401875066}},{"type":"Feature","id":62,"geometry":{"type":"Polygon","coordinates":[[[-82.355331255607268,28.566676162821004],[-82.355220196032704,28.566686139228704],[-82.355144763989117,28.56670196060541],[-82.355089232826188,28.566741712197501],[-82.355077267635679,28.566844790428192],[-82.355101056109234,28.566918190180512],[-82.355112980228157,28.566965766299653],[-82.355206258396379,28.567061047244003],[-82.355349033628173,28.567067013320877],[-82.355485973782521,28.567039249822948],[-82.355567365283505,28.566983717020666],[-82.355561451179952,28.566862632530214],[-82.355561396498857,28.566769434762165],[-82.355555451954345,28.566709833809632],[-82.355537638870416,28.566664243860352],[-82.355424569448374,28.566654319235628],[-82.355331255607268,28.566676162821004]]]},"properties":{"OBJECTID":62,"OBJECTID_1":null,"NWICODE":"PUBHx","NWISYSDESC":"PALUSTRINE","NWIDESC":"PALUSTRINE-UNCONSOLIDATED BOTTOM-PERMANENTLY FLOODED-EXCAVATED","DATESTAMP":1569283200000,"NWISYS":"P","ShapeSTAre":19706.719982481198,"ShapeSTLen":521.31164865411915,"Feature_ID":33244,"Shape_Length":521.31164865277162,"Shape_Area":19706.719982295566}},{"type":"Feature","id":63,"geometry":{"type":"Polygon","coordinates":[[[-82.366861293269722,28.567348624144408],[-82.367034001886523,28.567376407543758],[-82.367208530292771,28.567394281752165],[-82.367351417310516,28.567428020543481],[-82.367494373897642,28.567437922871605],[-82.367575657761435,28.567439927010124],[-82.36761928316956,28.56743400231403],[-82.367774046735562,28.567422027699131],[-82.367817692569616,28.567297060324204],[-82.367899149794241,28.567291045636832],[-82.368053837487025,28.567330772089292],[-82.368297905323232,28.567336719604612],[-82.368583596612993,28.567326890889291],[-82.368770189944058,28.567332694957347],[-82.36896859652208,28.56735453816956],[-82.369254328377025,28.567354580395939],[-82.369565818626583,28.567312878373762],[-82.36970278080527,28.56729505867894],[-82.36986541465204,28.567318897438614],[-82.369976540689379,28.567328740421679],[-82.370063821408195,28.567340738145585],[-82.37016894370403,28.567352644742407],[-82.370299979926756,28.567358550400741],[-82.37033164420825,28.567237529261451],[-82.370325816190274,28.567187904927501],[-82.370268181491383,28.567104603271268],[-82.370163021288732,28.567039154009358],[-82.370045997833159,28.566961770223543],[-82.369897214040421,28.566860494207724],[-82.369742401546958,28.566733595458196],[-82.369605501634453,28.566624521231066],[-82.369518138558618,28.566535220254373],[-82.369418992683876,28.566320888335994],[-82.369363411622075,28.566209801351075],[-82.369319756546389,28.566116595076977],[-82.369270070749494,28.566033214497416],[-82.369152971909202,28.565967696753766],[-82.36905980545589,28.565939960541581],[-82.368978443575742,28.565934018796554],[-82.36889718388494,28.565943895590006],[-82.368786071302836,28.565977632733638],[-82.368698737882454,28.566070968597796],[-82.368660994914165,28.566120495714284],[-82.368611390628814,28.56619792280171],[-82.368542000384835,28.566306986285568],[-82.368442787705774,28.566406200479619],[-82.368343512229089,28.566499468372633],[-82.368274085347892,28.566554988061451],[-82.368174816483688,28.566602666154996],[-82.368012199034681,28.566636294233728],[-82.367857454195658,28.566646261364088],[-82.367720500644637,28.566618490414704],[-82.367472516503042,28.566568917254219],[-82.367379188198143,28.566535220395494],[-82.367222477342381,28.566473764049206],[-82.36707957282043,28.566402198296885],[-82.36698635935231,28.566352618825334],[-82.366869234841843,28.566318889404105],[-82.366726436705108,28.566285251812857],[-82.366627183241988,28.566275281146435],[-82.366571619428228,28.566279220141588],[-82.366520071272873,28.566312909142301],[-82.3664843199589,28.566368538198109],[-82.366420802482011,28.566433950451355],[-82.366389101862097,28.566515314018822],[-82.366365326058954,28.566642278333489],[-82.366389096468922,28.566747466334917],[-82.366432702785914,28.566874471614586],[-82.366488336849244,28.566961812868065],[-82.366593445370867,28.567078788558632],[-82.366698681093254,28.567189932921011],[-82.366754126445187,28.567261352838425],[-82.366861293269722,28.567348624144408]]]},"properties":{"OBJECTID":63,"OBJECTID_1":null,"NWICODE":"PUBHx","NWISYSDESC":"PALUSTRINE","NWIDESC":"PALUSTRINE-UNCONSOLIDATED BOTTOM-PERMANENTLY FLOODED-EXCAVATED","DATESTAMP":1569283200000,"NWISYS":"P","ShapeSTAre":396518.94078867452,"ShapeSTLen":3238.3754454455193,"Feature_ID":33245,"Shape_Length":3238.3754454451655,"Shape_Area":396518.9407883393}},{"type":"Feature","id":64,"geometry":{"type":"Polygon","coordinates":[[[-82.339860418964136,28.543258526537208],[-82.339755211675751,28.543318026707112],[-82.339673854641589,28.543383512824953],[-82.339560734139667,28.54348265805265],[-82.339531086674072,28.543560172916681],[-82.339580598165796,28.543637432993268],[-82.33967195146154,28.543708917178545],[-82.339765141818432,28.543770404177799],[-82.339828595373291,28.543814001725167],[-82.339902086621876,28.543835862885636],[-82.339945674985202,28.543863570243705],[-82.339989334494746,28.543891468705741],[-82.340032964137905,28.543913242136359],[-82.34013814972441,28.543857667894699],[-82.340245360128563,28.543764433800643],[-82.340318771856943,28.543671247335514],[-82.340364344031499,28.543528343936888],[-82.340350447902992,28.54345693499863],[-82.340314745104237,28.543395427057753],[-82.340239352448023,28.543323981816691],[-82.340146120989914,28.543268429939559],[-82.340046883213091,28.543230746762585],[-82.339971486994287,28.543230662135752],[-82.339860418964136,28.543258526537208]]]},"properties":{"OBJECTID":64,"OBJECTID_1":null,"NWICODE":"PUSCx","NWISYSDESC":"PALUSTRINE","NWIDESC":"PALUSTRINE-UNCONSOLIDATED SHORE-SEASONALLY FLOODED-EXCAVATED","DATESTAMP":1569283200000,"NWISYS":"P","ShapeSTAre":43935.267929027963,"ShapeSTLen":768.50861560206738,"Feature_ID":33262,"Shape_Length":768.50861560107001,"Shape_Area":43935.267928997528}},{"type":"Feature","id":65,"geometry":{"type":"Polygon","coordinates":[[[-82.342402133109374,28.544270336755947],[-82.342370379397622,28.544314047715716],[-82.342332630650091,28.544363568615761],[-82.342239436580073,28.544456776235361],[-82.342177955744461,28.544589871268712],[-82.342152040444603,28.544655256131666],[-82.342140305466572,28.544738542896496],[-82.342158131940025,28.544792180949319],[-82.342213564005448,28.544831914805147],[-82.342275172725437,28.544819903667388],[-82.342318764375648,28.544776249514133],[-82.342420048004499,28.544633460366821],[-82.342481561510013,28.544562045563403],[-82.342525249172624,28.544506433278649],[-82.342568803539265,28.544452906625967],[-82.342588602273281,28.544381436387816],[-82.34257475963777,28.544304004434736],[-82.342545028185981,28.54425450301953],[-82.342457660345303,28.5442425589269],[-82.342402133109374,28.544270336755947]]]},"properties":{"OBJECTID":65,"OBJECTID_1":null,"NWICODE":"PUSCx","NWISYSDESC":"PALUSTRINE","NWIDESC":"PALUSTRINE-UNCONSOLIDATED SHORE-SEASONALLY FLOODED-EXCAVATED","DATESTAMP":1569283200000,"NWISYS":"P","ShapeSTAre":16249.508669650293,"ShapeSTLen":545.38376035207898,"Feature_ID":33263,"Shape_Length":545.38376035321562,"Shape_Area":16249.50866955405}},{"type":"Feature","id":66,"geometry":{"type":"Polygon","coordinates":[[[-82.342916063541779,28.545069913474826],[-82.342854492859672,28.545091799123551],[-82.34279103032236,28.545107593305431],[-82.342642238257028,28.545179137372063],[-82.342586646341019,28.545315911899202],[-82.342610555401862,28.545371426748556],[-82.342715614828052,28.545427123903824],[-82.342816838561575,28.545433079196577],[-82.342921980128423,28.545399243019364],[-82.342989422684099,28.545333796441749],[-82.343064851938607,28.545190979190206],[-82.343108502445489,28.545125494305772],[-82.343128403265339,28.545081814935813],[-82.34312041207707,28.545048078557063],[-82.343003386948382,28.545048043959291],[-82.342916063541779,28.545069913474826]]]},"properties":{"OBJECTID":66,"OBJECTID_1":null,"NWICODE":"PUSCx","NWISYSDESC":"PALUSTRINE","NWIDESC":"PALUSTRINE-UNCONSOLIDATED SHORE-SEASONALLY FLOODED-EXCAVATED","DATESTAMP":1569283200000,"NWISYS":"P","ShapeSTAre":15554.329312579497,"ShapeSTLen":492.60496503245906,"Feature_ID":33264,"Shape_Length":492.60496502635488,"Shape_Area":15554.329312237667}},{"type":"Feature","id":67,"geometry":{"type":"Polygon","coordinates":[[[-82.345626565108034,28.557545616463294],[-82.345594808842719,28.557660685990964],[-82.345626465742384,28.557781789529916],[-82.345694019707835,28.557886848294846],[-82.345743559244838,28.557986124698992],[-82.345793272572877,28.558063494556304],[-82.345848767448288,28.558113008897049],[-82.345942000278214,28.558113091663312],[-82.346041234485654,28.558069447961923],[-82.346122615814679,28.558003870536368],[-82.346154281702169,28.557926615445162],[-82.346136484344981,28.557855075565918],[-82.34609882948341,28.557805475252774],[-82.345973733952007,28.55767859861729],[-82.345787263155529,28.557551522692414],[-82.345682056699388,28.557495996305672],[-82.345626565108034,28.557545616463294]]]},"properties":{"OBJECTID":67,"OBJECTID_1":null,"NWICODE":"PUSCx","NWISYSDESC":"PALUSTRINE","NWIDESC":"PALUSTRINE-UNCONSOLIDATED SHORE-SEASONALLY FLOODED-EXCAVATED","DATESTAMP":1569283200000,"NWISYS":"P","ShapeSTAre":24059.233589389696,"ShapeSTLen":609.87647005839949,"Feature_ID":33265,"Shape_Length":609.87647005366125,"Shape_Area":24059.233589054722}},{"type":"Feature","id":68,"geometry":{"type":"Polygon","coordinates":[[[-82.359420587274343,28.565699969964143],[-82.359420600219224,28.565755520519133],[-82.359420652840541,28.565820943440521],[-82.359432600179375,28.565864593045465],[-82.359470206592476,28.565892436126184],[-82.359587382931693,28.565904345180378],[-82.359730171217265,28.565894410147965],[-82.359805579549175,28.565882511458518],[-82.359880964190907,28.565860650084776],[-82.359936547336744,28.565767455480746],[-82.359954476022523,28.565696022229606],[-82.35993659043946,28.565634435516898],[-82.359819390084539,28.565596758780558],[-82.35970632412257,28.565584920240997],[-82.359607173145207,28.565574955889993],[-82.359557505460941,28.565573068046049],[-82.359452407999441,28.565573031509953],[-82.359420587274343,28.565699969964143]]]},"properties":{"OBJECTID":68,"OBJECTID_1":null,"NWICODE":"PUSCx","NWISYSDESC":"PALUSTRINE","NWIDESC":"PALUSTRINE-UNCONSOLIDATED SHORE-SEASONALLY FLOODED-EXCAVATED","DATESTAMP":1569283200000,"NWISYS":"P","ShapeSTAre":17573.823141352856,"ShapeSTLen":503.56072219535724,"Feature_ID":33266,"Shape_Length":503.56072220029318,"Shape_Area":17573.823141684003}},{"type":"Feature","id":69,"geometry":{"type":"Polygon","coordinates":[[[-82.378427026371924,28.547633074602377],[-82.378353686848058,28.547660873402155],[-82.37827822631354,28.547698542437278],[-82.378208822043703,28.54775407079136],[-82.378103684041136,28.547881042023977],[-82.378085736532341,28.547958415199961],[-82.378060011194634,28.548012043333781],[-82.378053939755276,28.548101260918855],[-82.378060003392349,28.548176683148782],[-82.378085730063589,28.548210400482542],[-82.378159145543592,28.548216325616195],[-82.378284197124444,28.548204374101818],[-82.378490588565199,28.548166743492839],[-82.378645299546136,28.548111169326603],[-82.378738496233026,28.548055670035865],[-82.378770279074033,28.547974311354341],[-82.378758414929749,28.547918705352906],[-82.378720677923326,28.547803688457492],[-82.378683020494506,28.547692610937418],[-82.378615550572178,28.547648890393191],[-82.378508362486969,28.547627039534873],[-82.378427026371924,28.547633074602377]]]},"properties":{"OBJECTID":69,"OBJECTID_1":null,"NWICODE":"PAB4H","NWISYSDESC":"PALUSTRINE","NWIDESC":"PALUSTRINE-AQUATIC BED-FLOATING VASCULAR-PERMANENTLY FLOODED","DATESTAMP":1569283200000,"NWISYS":"P","ShapeSTAre":36422.272951777137,"ShapeSTLen":712.75076560083392,"Feature_ID":43562,"Shape_Length":712.75076560205275,"Shape_Area":36422.272952066705}},{"type":"Feature","id":70,"geometry":{"type":"Polygon","coordinates":[[[-82.376169176368265,28.556785499364725],[-82.376131314022501,28.556851002993255],[-82.376119498523607,28.556950173748444],[-82.376163106106546,28.556960141053143],[-82.376337793865929,28.557027542441212],[-82.376375442745598,28.557065252319987],[-82.376468740558622,28.557087062082761],[-82.376518243588677,28.557081064108214],[-82.37655013307625,28.55704339239783],[-82.376605593677738,28.556965980413498],[-82.376649188104849,28.556860827382145],[-82.376605657861177,28.556838993378562],[-82.376512420208385,28.556807324601408],[-82.376425045252773,28.556779512335797],[-82.376305992199391,28.556757695433234],[-82.37621862921813,28.556757659656903],[-82.376169176368265,28.556785499364725]]]},"properties":{"OBJECTID":70,"OBJECTID_1":null,"NWICODE":"PEM1F","NWISYSDESC":"PALUSTRINE","NWIDESC":"PALUSTRINE-EMERGENT-PERSISTENT-SEMIPERMANENTLY FLOODED","DATESTAMP":1569283200000,"NWISYS":"P","ShapeSTAre":13725.71400098931,"ShapeSTLen":458.93937451232381,"Feature_ID":43696,"Shape_Length":458.93937451023453,"Shape_Area":13725.714000974753}},{"type":"Feature","id":71,"geometry":{"type":"Polygon","coordinates":[[[-82.375913412730483,28.537174090624291],[-82.375913049480332,28.537175099543649],[-82.375875246538342,28.537306123800661],[-82.375851454188634,28.537439033061226],[-82.375881176205695,28.537504512127974],[-82.375924897656844,28.537526373922848],[-82.375974514532857,28.537532269619451],[-82.376043947892839,28.537516399224888],[-82.376169031418854,28.537423137964016],[-82.376239170786832,28.537357516798256],[-82.375913412730483,28.537174090624291]]]},"properties":{"OBJECTID":71,"OBJECTID_1":null,"NWICODE":"PFO2F","NWISYSDESC":"PALUSTRINE","NWIDESC":"PALUSTRINE-FORESTED-NEEDLE-LEAVED DECIDUOUS-SEMIPERMANENTLY FLOODED","DATESTAMP":1569283200000,"NWISYS":"P","ShapeSTAre":29475.647370507479,"ShapeSTLen":665.25124456341428,"Feature_ID":43812,"Shape_Length":388.77544754488315,"Shape_Area":9427.4011216445524}},{"type":"Feature","id":72,"geometry":{"type":"Polygon","coordinates":[[[-82.375968617095012,28.541708660188366],[-82.375875277757231,28.541740384057189],[-82.375782109285154,28.541790036875842],[-82.375718565101693,28.541861482185517],[-82.375724581067146,28.541928949708957],[-82.375774113584498,28.542004365540063],[-82.375855539478351,28.542115477158646],[-82.375942839312515,28.542109476772545],[-82.376006357073393,28.542071742836924],[-82.376093541868542,28.542022146140599],[-82.376216573467431,28.541988376373748],[-82.376292079717572,28.541972552182585],[-82.376292032183898,28.541905116875149],[-82.376248343252229,28.541774167703061],[-82.376161112486699,28.54171265685445],[-82.376073824996865,28.541702759926967],[-82.375968617095012,28.541708660188366]]]},"properties":{"OBJECTID":72,"OBJECTID_1":null,"NWICODE":"PUBH","NWISYSDESC":"PALUSTRINE","NWIDESC":"PALUSTRINE-UNCONSOLIDATED BOTTOM-PERMANENTLY FLOODED","DATESTAMP":1569283200000,"NWISYS":"P","ShapeSTAre":19374.140088605858,"ShapeSTLen":528.87707360409581,"Feature_ID":43891,"Shape_Length":528.87707359516207,"Shape_Area":19374.140088318978}},{"type":"Feature","id":73,"geometry":{"type":"Polygon","coordinates":[[[-82.377145281455498,28.542686811495379],[-82.377040059873721,28.542736476088198],[-82.376976568112781,28.54280189781187],[-82.376940923456303,28.542934841862461],[-82.376976632617016,28.543000263397186],[-82.377040110650469,28.543040002139971],[-82.377139290006028,28.543043928017148],[-82.377270214067153,28.543016101642458],[-82.377369437959246,28.542966582574358],[-82.377432941373257,28.542885264125776],[-82.377438846420546,28.542792003578764],[-82.377363488405734,28.542680940139167],[-82.377232540373981,28.542670937896943],[-82.377145281455498,28.542686811495379]]]},"properties":{"OBJECTID":73,"OBJECTID_1":null,"NWICODE":"PUBH","NWISYSDESC":"PALUSTRINE","NWIDESC":"PALUSTRINE-UNCONSOLIDATED BOTTOM-PERMANENTLY FLOODED","DATESTAMP":1569283200000,"NWISYS":"P","ShapeSTAre":16541.375320606796,"ShapeSTLen":470.15448174596361,"Feature_ID":43892,"Shape_Length":470.15448174568576,"Shape_Area":16541.375320545394}}]}